batter_id,batter,country,innings_count,total_runs,total_balls,career_sr,career_avg,total_fours,total_sixes,modal_position,position_group,score_acceleration,score_power,score_control,overall_score,overall_grade,grade_acceleration,grade_power,grade_control,archetype,avg_balls_to_par,anchor_cost_ratio,selfless_fifty,selfless_century,selfless_index,chase_master_index,bat_first_index,peak_composite_batting,peak_window_composite,flat_track_index,venue_adjusted_composite,war_batting,war_batting_rate,clutch_index,pressure_innings,clutch_sr_delta,avg_dominance,pct_dominant,matchup_consistency,condition_dependence_index,condition_dependence_tag,condition_spread,is_provisional_bat
99b75528,JC Buttler,England,139,3999,2699,148.17,34.18,367,175,2,top_order,97.5,97.5,97.5,100.0,S,S,S,S,Explosive Opener,5.74,0.3,1.15,1.18,1.16,-0.03,0.03,0.96,1.66,-0.03,-0.12,5.21,0.04,-1.09,39,-0.11,-0.24,0.44,0.81,-0.03,Conditions-Proof,-0.16,False
740742ef,RG Sharma,India,144,4042,2874,140.64,30.85,364,196,1,top_order,97.1,97.1,97.1,100.0,S,S,S,S,Explosive Opener,6.63,0.33,1.2,1.25,1.22,-0.09,0.09,0.93,1.56,-0.03,-0.08,5.19,0.04,-1.56,20,-0.43,-0.44,0.36,0.85,-0.08,Conditions-Proof,-0.06,False
2be41edb,MJ Guptill,New Zealand,117,3517,2587,135.95,31.68,307,173,1,top_order,97.0,95.8,97.1,100.0,S,S,S,S,Explosive Opener,8.16,0.37,1.35,0.91,1.22,-0.16,0.16,0.76,2.22,0.02,-0.1,4.98,0.04,-0.64,17,-0.02,-0.57,0.29,0.8,-0.05,Conditions-Proof,-0.1,False
dcce6f09,DA Warner,Australia,108,3254,2279,142.78,33.2,333,122,1,top_order,96.7,95.5,96.6,100.0,S,S,S,S,Explosive Opener,4.69,0.22,1.11,1.0,1.07,0.02,-0.02,1.13,2.11,0.24,-0.02,4.98,0.05,-2.09,18,-0.37,-0.51,0.28,0.85,-0.21,Tough-Track Star,-0.41,False
d67d5f00,DA Miller,South Africa,121,2778,1965,141.37,33.88,182,140,5,upper_middle,96.6,95.8,97.5,100.0,S,S,S,S,Explosive Finisher,7.19,0.44,1.71,1.89,1.76,-0.05,0.05,1.02,1.96,0.1,-0.13,4.75,0.04,-1.45,33,-0.32,-0.27,0.39,0.79,-0.14,Conditions-Proof,-0.13,False
271f83cd,SA Yadav,India,104,3220,1979,162.71,37.01,293,175,4,upper_middle,96.5,96.5,95.3,100.0,S,S,S,S,Explosive Finisher,4.7,0.25,1.33,1.15,1.27,0.03,-0.03,1.48,2.52,0.09,-0.05,5.82,0.06,-0.81,15,-0.11,-0.09,0.53,0.84,-0.16,Tough-Track Star,-0.23,False
dbe50b21,HH Pandya,India,106,2203,1518,145.13,27.89,160,121,5,upper_middle,96.3,96.5,95.2,100.0,S,S,S,S,Explosive Finisher,6.9,0.48,1.58,,1.58,-0.17,0.17,1.01,1.52,-0.02,-0.09,5.11,0.05,-1.32,18,-0.24,-0.4,0.4,0.79,0.16,Flat-Track Bully,0.45,False
b681e71e,GJ Maxwell,Australia,114,2785,1804,154.38,28.13,231,145,4,upper_middle,96.3,97.2,88.5,97.8,S,S,S,A+,Explosive Finisher,5.07,0.32,1.19,1.73,1.35,0.03,-0.03,1.09,3.26,0.01,-0.16,4.35,0.04,0.08,31,0.01,-0.28,0.39,0.8,-0.09,Conditions-Proof,-0.2,False
650d5e49,R Powell,West Indies,101,2233,1575,141.78,25.97,135,148,5,upper_middle,95.9,96.2,88.7,96.8,S,S,S,A+,Explosive Finisher,6.96,0.45,1.15,0.82,1.05,-0.01,0.01,0.8,1.28,-0.19,-0.14,4.3,0.04,0.36,33,0.01,-0.51,0.35,0.81,-0.0,Conditions-Proof,0.14,False
d2a6c0e6,EJG Morgan,England,104,2443,1787,136.71,29.08,185,120,4,upper_middle,95.4,95.5,95.0,100.0,S,S,S,S,Explosive Finisher,7.27,0.42,1.3,,1.3,-0.02,0.02,0.84,1.4,0.03,-0.09,4.35,0.04,0.32,30,-0.08,-0.41,0.38,0.83,-0.07,Conditions-Proof,-0.15,False
3241e3fd,N Pooran,West Indies,96,2177,1615,134.8,25.31,146,141,3,top_order,94.9,95.8,83.7,93.9,A+,A+,S,A,Explosive Opener,5.61,0.33,1.09,,1.09,0.05,-0.05,0.82,1.37,0.06,-0.13,4.02,0.04,-0.48,34,-0.04,-0.75,0.28,0.85,-0.07,Conditions-Proof,-0.08,False
4663bd23,TL Seifert,New Zealand,81,2176,1497,145.36,29.81,206,102,1,top_order,94.2,93.6,92.4,98.0,S,A+,A+,A+,Explosive Opener,4.69,0.25,0.86,,0.86,-0.13,0.13,0.88,1.71,0.02,-0.08,5.15,0.06,-1.21,15,-0.2,-0.37,0.38,0.82,-0.03,Conditions-Proof,-0.09,False
64c34cd0,Shoaib Malik,Pakistan,108,2392,1895,126.23,31.89,194,68,5,upper_middle,93.5,88.6,96.1,99.1,S,A+,A+,S,Explosive Finisher,8.05,0.46,1.34,,1.34,-0.19,0.19,0.93,3.04,-0.02,-0.07,4.01,0.04,-1.25,24,-0.29,-0.47,0.27,0.86,0.11,Conditions-Proof,0.19,False
9a46c4e5,GD Phillips,New Zealand,82,2221,1554,142.92,32.19,161,107,4,upper_middle,92.7,91.3,92.2,97.5,S,A+,A+,A+,Explosive Finisher,7.83,0.41,1.26,1.3,1.27,-0.07,0.07,0.97,1.97,-0.08,-0.14,4.26,0.05,-0.33,19,-0.04,-0.41,0.37,0.8,0.15,Conditions-Proof,0.41,False
3d8feaf8,MR Marsh,Australia,78,2163,1528,141.56,33.8,189,111,3,top_order,92.7,92.5,92.1,98.0,S,A+,A+,A+,Explosive Opener,4.96,0.25,1.25,1.55,1.34,0.08,-0.08,0.92,1.27,0.05,-0.07,5.05,0.06,-2.14,25,-0.34,-0.37,0.35,0.79,-0.07,Conditions-Proof,-0.09,False
eade4650,DJ Mitchell,New Zealand,86,1816,1296,140.12,27.1,124,70,5,upper_middle,92.2,86.0,91.4,94.4,A+,A+,A+,A+,Explosive Finisher,5.99,0.4,1.08,,1.08,-0.06,0.06,0.71,1.09,-0.04,-0.12,3.52,0.04,-0.52,20,-0.02,-0.28,0.4,0.81,-0.02,Conditions-Proof,-0.11,False
a757b0d8,KA Pollard,West Indies,79,1519,1120,135.62,25.75,91,98,5,upper_middle,92.2,92.5,87.7,93.7,A+,A+,A+,A+,Explosive Finisher,5.22,0.37,1.08,,1.08,-0.05,0.05,0.96,2.35,0.11,-0.11,3.97,0.05,-0.09,27,-0.16,-0.52,0.33,0.82,0.04,Conditions-Proof,-0.07,False
372455c4,Q de Kock,South Africa,104,2986,2096,142.46,31.1,301,128,2,top_order,92.1,95.2,92.3,98.3,S,A+,S,A+,Explosive Opener,5.12,0.25,1.09,1.23,1.13,0.07,-0.07,0.93,2.24,0.09,-0.17,3.91,0.04,1.04,15,0.21,-0.53,0.31,0.83,-0.06,Conditions-Proof,-0.06,False
26d041c4,Sikandar Raza,Zimbabwe,109,2630,1917,137.19,26.84,199,132,4,upper_middle,92.0,91.2,87.2,93.9,A+,A+,A+,A+,Explosive Finisher,5.96,0.34,1.22,,1.22,0.01,-0.01,0.89,2.15,0.17,-0.09,4.07,0.04,-0.24,42,-0.12,-0.53,0.32,0.83,-0.01,Conditions-Proof,-0.07,False
48a1d7b7,SO Hetmyer,West Indies,66,1488,1067,139.46,25.22,100,90,3,top_order,92.0,91.3,86.2,92.5,A+,A+,A+,A+,Explosive Opener,6.53,0.4,1.27,,1.27,0.04,-0.04,0.63,1.32,-0.06,-0.07,4.69,0.07,0.12,19,-0.02,-0.55,0.33,0.83,0.12,Conditions-Proof,-0.1,False
d9273ee7,MP Stoinis,Australia,68,1388,932,148.93,31.55,117,64,5,upper_middle,91.6,90.7,90.3,95.4,S,A+,A+,A+,Explosive Finisher,5.36,0.39,1.66,,1.66,0.1,-0.1,1.1,2.02,0.15,-0.02,4.91,0.07,-1.3,24,-0.29,-0.08,0.53,0.79,-0.19,Tough-Track Star,-0.14,False
1777c020,Fakhar Zaman,Pakistan,105,2387,1787,133.58,24.11,224,95,3,top_order,91.3,90.7,88.3,93.4,A+,A+,A+,A+,Explosive Opener,5.17,0.3,1.34,,1.34,0.02,-0.02,0.91,1.33,0.04,-0.07,3.67,0.03,0.13,17,-0.03,-0.65,0.29,0.79,0.1,Conditions-Proof,-0.04,False
6a26221c,AK Markram,South Africa,71,1938,1303,148.73,31.77,178,83,4,upper_middle,91.1,91.0,89.0,95.0,S,A+,A+,A+,Explosive Finisher,6.68,0.36,1.3,,1.3,-0.01,0.01,0.93,1.7,-0.1,-0.1,4.51,0.06,-1.14,17,-0.04,-0.24,0.49,0.82,-0.02,Conditions-Proof,0.19,False
8ee36b18,P Nissanka,Sri Lanka,83,2506,1966,127.47,31.32,250,73,1,top_order,90.8,87.4,92.5,96.1,S,A+,A+,A+,Explosive Opener,6.61,0.28,0.95,1.55,1.13,0.1,-0.1,0.71,1.22,0.05,-0.14,3.72,0.04,0.29,13,-0.01,-0.6,0.29,0.79,-0.17,Tough-Track Star,-0.18,False
b8a55852,BB McCullum,New Zealand,70,2144,1576,136.04,35.73,199,91,3,top_order,90.7,89.7,91.8,97.2,S,A+,A+,A+,Explosive Opener,6.52,0.29,1.36,2.02,1.56,-0.01,0.01,1.06,2.6,-0.15,-0.08,4.7,0.07,-0.72,10,-0.02,-0.49,0.35,0.79,0.1,Conditions-Proof,0.02,False
b8d490fd,AJ Finch,Australia,103,3120,2189,142.53,34.29,309,125,2,top_order,90.7,92.3,96.9,100.0,S,A+,A+,S,Explosive Opener,6.04,0.28,0.97,0.88,0.95,-0.1,0.1,1.07,3.7,-0.04,-0.18,3.76,0.04,-0.9,16,-0.03,-0.35,0.36,0.81,0.05,Conditions-Proof,0.07,False
4a8a2e3b,MS Dhoni,India,82,1584,1267,125.02,36.84,114,49,6,lower_middle,90.5,85.9,94.7,97.8,S,A+,A+,A+,Explosive Finisher,8.2,0.53,1.31,,1.31,-0.06,0.06,0.77,1.53,0.11,-0.02,4.44,0.05,-0.63,18,-0.24,-0.47,0.31,0.8,-0.1,Conditions-Proof,0.09,False
af2c687b,C Munro,New Zealand,61,1729,1104,156.61,31.44,133,107,2,top_order,90.5,90.4,88.5,94.3,A+,A+,A+,A+,Explosive Opener,5.73,0.32,0.94,0.72,0.88,-0.17,0.17,1.27,2.58,-0.09,-0.05,4.69,0.08,-0.06,11,-0.19,-0.22,0.42,0.76,-0.0,Conditions-Proof,-0.23,False
896d78ad,AD Mathews,Sri Lanka,69,1343,1132,118.64,27.41,87,45,5,upper_middle,90.1,87.6,91.0,93.6,A+,A+,A+,A+,Explosive Finisher,9.0,0.55,1.7,,1.7,-0.32,0.32,0.63,1.31,-0.02,-0.01,3.98,0.06,-0.65,16,-0.16,-0.62,0.27,0.81,0.18,Flat-Track Bully,0.28,False
db584dad,CH Gayle,West Indies,75,1932,1390,138.99,28.41,159,128,2,top_order,89.9,92.2,83.6,91.7,A+,A+,A+,A,Explosive Opener,6.87,0.37,1.13,1.25,1.17,-0.03,0.03,1.04,3.39,-0.06,-0.16,3.74,0.05,-0.43,14,-0.14,-0.38,0.37,0.78,-0.05,Conditions-Proof,-0.01,False
bf74b130,FH Allen,New Zealand,58,1653,964,171.47,30.05,145,115,1,top_order,89.4,89.4,84.4,91.4,A+,A+,A+,A,Explosive Opener,2.84,0.17,0.9,1.11,0.96,0.0,-0.0,1.67,2.57,0.2,0.11,6.75,0.12,-3.02,5,-0.43,0.01,0.5,0.78,0.01,Conditions-Proof,-0.08,False
0f12f9df,NLTC Perera,Sri Lanka,72,1199,791,151.58,23.51,88,63,7,lower_middle,89.1,89.0,88.0,91.3,A+,A+,A+,A+,Explosive Finisher,4.19,0.38,1.18,,1.18,-0.08,0.08,1.28,2.84,-0.09,-0.01,4.16,0.06,-0.83,24,-0.41,-0.2,0.5,0.79,-0.01,Conditions-Proof,0.13,False
4ae1755b,HC Brook,England,54,1296,841,154.1,30.86,107,60,5,upper_middle,88.8,88.2,85.6,91.4,A+,A+,A+,A+,Explosive Finisher,5.31,0.34,1.22,,1.22,-0.12,0.12,1.11,1.57,-0.1,-0.05,4.57,0.08,-0.81,16,-0.07,-0.22,0.41,0.82,-0.1,Conditions-Proof,-0.64,False
f1f99156,TH David,Australia,59,1600,948,168.78,35.56,127,102,6,lower_middle,88.7,88.7,87.6,93.8,A+,A+,A+,A+,Explosive Finisher,4.15,0.26,1.39,0.89,1.24,-0.11,0.11,1.31,2.15,-0.04,-0.06,5.81,0.1,1.52,23,0.21,0.19,0.52,0.79,-0.07,Conditions-Proof,-0.38,False
abb83e27,JM Bairstow,England,71,1667,1213,137.43,30.31,147,76,4,upper_middle,88.6,90.4,87.7,92.9,A+,A+,A+,A+,Explosive Finisher,7.86,0.46,1.04,,1.04,0.08,-0.08,0.61,1.13,0.06,-0.1,3.62,0.05,-0.57,22,-0.49,-0.59,0.3,0.79,-0.09,Conditions-Proof,-0.4,False
0ebfb1ad,E Lewis,West Indies,57,1606,996,161.24,29.74,123,125,2,top_order,88.5,89.3,79.0,88.5,A+,A+,A+,A,Explosive Opener,5.09,0.29,1.28,1.11,1.23,0.07,-0.07,1.19,2.5,-0.04,-0.2,4.46,0.08,0.53,11,0.29,0.03,0.53,0.79,0.21,Flat-Track Bully,0.21,False
cf494ffe,PR Stirling,Ireland,130,3160,2360,133.9,26.33,365,114,1,top_order,88.2,90.4,83.8,90.9,A+,A+,A+,A,Explosive Opener,3.7,0.2,1.13,0.37,0.9,0.05,-0.05,0.81,1.61,-0.14,-0.13,3.36,0.03,-0.01,47,0.0,-0.59,0.31,0.86,-0.03,Conditions-Proof,-0.04,False
bbd41817,AD Russell,West Indies,71,1112,673,165.23,22.69,65,95,6,lower_middle,88.2,88.9,81.0,87.6,A+,A+,A+,A,Explosive Finisher,3.24,0.34,1.38,,1.38,0.02,-0.02,1.17,3.59,-0.17,0.02,5.34,0.08,-1.48,18,-0.25,-0.78,0.2,0.75,0.11,Conditions-Proof,0.16,False
12b610c2,TM Head,Australia,50,1335,849,157.24,29.02,149,60,2,top_order,88.0,88.1,80.9,88.6,A+,A+,A+,A,Explosive Opener,3.78,0.22,0.78,,0.78,0.01,-0.01,1.34,2.34,0.02,0.0,5.16,0.1,-1.48,10,-0.29,-0.15,0.48,0.84,-0.06,Conditions-Proof,-0.61,False
d027ba9f,KS Williamson,New Zealand,88,2537,2041,124.3,32.95,242,59,3,top_order,88.0,82.8,95.2,96.0,S,A+,A,S,Aggressive Opener,9.31,0.4,1.37,1.34,1.36,0.02,-0.02,0.6,1.28,-0.07,-0.16,3.44,0.04,0.14,19,-0.02,-0.51,0.29,0.86,0.02,Conditions-Proof,-0.04,False
c5aef772,R Shepherd,West Indies,55,909,626,145.21,29.32,51,67,7,lower_middle,87.9,88.9,88.7,92.0,A+,A+,A+,A+,Explosive Finisher,6.13,0.54,0.64,,0.64,-0.15,0.15,0.54,0.96,-0.24,-0.11,4.59,0.08,0.23,18,0.05,-0.28,0.38,0.77,0.04,Conditions-Proof,0.17,False
c4487b84,AB de Villiers,South Africa,72,1591,1187,134.04,25.66,135,54,4,upper_middle,87.8,87.7,84.2,89.4,A+,A+,A+,A,Explosive Finisher,5.71,0.35,1.27,,1.27,-0.11,0.11,0.86,1.54,-0.07,-0.12,3.04,0.04,-0.12,11,0.06,-0.37,0.42,0.81,0.13,Conditions-Proof,0.09,False
4329fbb5,SR Watson,Australia,56,1465,1008,145.34,29.3,116,83,2,top_order,87.7,88.6,86.6,91.3,A+,A+,A+,A+,Explosive Opener,7.04,0.39,1.43,2.75,1.83,-0.07,0.07,1.21,2.19,0.13,-0.1,4.02,0.07,-1.73,10,-0.14,-0.36,0.33,0.81,-0.21,Tough-Track Star,-0.2,False
1fc6ef83,SD Hope,West Indies,63,1595,1154,138.21,29.54,127,87,2,top_order,87.5,87.3,87.6,91.5,A+,A+,A+,A+,Explosive Opener,6.68,0.36,1.21,0.72,1.06,-0.07,0.07,0.67,1.71,0.07,-0.18,3.47,0.06,-0.52,16,-0.22,-0.53,0.37,0.84,-0.08,Conditions-Proof,0.0,False
9ab63e7b,Mohammad Hafeez,Pakistan,105,2437,1992,122.34,26.2,246,74,3,top_order,87.4,86.7,93.6,94.1,A+,A+,A+,A+,Explosive Opener,6.13,0.32,1.29,,1.29,-0.01,0.01,0.64,1.47,-0.01,-0.13,2.99,0.03,-0.19,12,-0.09,-0.75,0.23,0.83,0.04,Conditions-Proof,0.02,False
2e8994e7,JP Duminy,South Africa,72,1880,1491,126.09,38.37,136,68,4,upper_middle,87.2,85.1,93.1,96.2,S,A+,A+,A+,Explosive Finisher,9.4,0.45,1.42,,1.42,0.04,-0.04,0.8,1.26,0.11,-0.13,3.75,0.05,0.49,12,0.22,-0.44,0.36,0.78,0.15,Flat-Track Bully,0.22,False
752f7486,Ishan Kishan,India,44,1274,872,146.1,29.63,130,66,2,top_order,87.0,86.8,81.8,88.4,A+,A+,A+,A,Explosive Opener,7.07,0.36,1.67,2.22,1.84,-0.1,0.1,0.98,3.52,0.17,-0.03,5.53,0.13,-1.3,7,-0.3,-0.41,0.34,0.78,-0.0,Conditions-Proof,0.22,False
ff014c34,HG Munsey,Scotland,78,2346,1630,143.93,32.14,254,104,1,top_order,86.9,87.5,85.5,91.4,A+,A+,A+,A+,Explosive Opener,7.1,0.34,1.15,1.48,1.25,-0.07,0.07,1.13,2.56,0.14,-0.03,4.8,0.06,-0.73,30,-0.18,-0.38,0.41,0.85,-0.18,Tough-Track Star,-0.41,False
f29185a1,Abhishek Sharma,India,44,1386,734,188.83,33.0,133,93,2,top_order,86.9,86.9,80.7,88.8,A+,A+,A+,A,Explosive Opener,2.64,0.16,1.31,0.62,1.1,0.21,-0.21,2.19,2.9,0.25,0.01,6.09,0.14,-3.43,7,-0.43,0.31,0.66,0.81,-0.13,Conditions-Proof,-0.07,False
b08252b8,RP Burl,Zimbabwe,94,1726,1348,128.04,26.97,134,66,5,upper_middle,86.8,84.9,87.6,90.3,A+,A+,A,A+,Power Middle-Order,6.64,0.46,1.37,,1.37,-0.12,0.12,0.74,1.18,0.28,-0.11,3.37,0.04,0.19,39,-0.06,-0.64,0.25,0.86,-0.05,Conditions-Proof,0.05,False
afa7e784,MS Wade,Australia,66,1191,881,135.19,27.07,94,46,7,lower_middle,86.4,84.8,90.6,91.3,A+,A+,A,A+,Power Middle-Order,6.27,0.47,0.93,,0.93,-0.19,0.19,0.69,1.02,-0.05,-0.12,3.41,0.05,-0.11,28,-0.08,-0.5,0.38,0.79,0.03,Conditions-Proof,0.04,False
ba607b88,V Kohli,India,112,3969,2917,136.06,48.4,349,115,3,top_order,86.1,85.7,97.4,98.7,S,A+,A+,S,Explosive Opener,8.21,0.32,1.14,,1.14,0.11,-0.11,0.8,1.4,-0.06,-0.23,4.09,0.04,0.67,16,0.25,-0.27,0.42,0.85,-0.02,Conditions-Proof,0.06,False
b699df47,MP O'Dowd,Netherlands,85,2256,1837,122.81,28.92,237,56,2,top_order,86.0,84.5,87.1,90.4,A+,A+,A,A+,Aggressive Opener,5.51,0.26,1.31,1.22,1.28,-0.0,0.0,0.67,1.19,0.06,-0.07,3.73,0.04,-0.14,32,-0.07,-0.57,0.28,0.82,-0.04,Conditions-Proof,0.03,False
a4e37e47,S Dube,India,42,831,550,151.09,27.7,51,54,6,lower_middle,86.0,85.9,84.4,88.3,A+,A+,A+,A,Explosive Finisher,6.4,0.49,1.32,,1.32,0.18,-0.18,1.01,1.2,-0.31,0.08,5.54,0.13,1.51,7,-0.18,-0.18,0.51,0.76,0.21,Flat-Track Bully,0.16,False
c03f1114,KD Karthik,India,47,686,481,142.62,26.38,71,28,6,lower_middle,85.5,86.9,85.4,88.5,A+,A+,A+,A+,Explosive Finisher,4.89,0.48,1.3,,1.3,0.22,-0.22,0.99,1.78,-0.07,-0.1,4.19,0.09,-0.13,10,-0.14,-0.27,0.48,0.77,0.19,Flat-Track Bully,0.41,False
92aeac25,AD Hales,England,72,2024,1452,139.39,31.14,220,69,2,top_order,85.5,87.7,90.2,92.8,A+,A+,A+,A+,Explosive Opener,4.24,0.21,1.22,0.81,1.1,0.16,-0.16,0.71,1.4,-0.23,-0.17,3.21,0.04,-0.2,11,0.09,-0.35,0.37,0.8,0.01,Conditions-Proof,-0.15,False
50c6bc2b,LS Livingstone,England,46,926,620,149.35,24.37,51,59,5,upper_middle,85.3,84.4,78.4,84.5,A,A+,A,A,Power Middle-Order,6.93,0.51,2.03,2.9,2.29,0.09,-0.09,0.8,2.15,0.07,-0.11,3.48,0.08,-0.23,19,-0.09,-0.43,0.4,0.76,0.06,Conditions-Proof,0.04,False
1c914163,Yuvraj Singh,India,49,1136,821,138.37,27.71,77,72,4,upper_middle,85.3,86.7,82.0,87.4,A+,A+,A+,A,Explosive Finisher,6.63,0.4,1.58,,1.58,0.06,-0.06,1.34,3.63,0.09,-0.11,3.6,0.07,-1.22,15,-0.14,-0.54,0.31,0.85,0.16,Conditions-Proof,0.03,False
3d284ca3,PD Salt,England,56,1717,1035,165.89,34.34,170,83,1,top_order,84.8,86.6,86.3,91.1,A+,A,A+,A+,Aggressive Opener,3.11,0.17,1.19,0.96,1.12,0.04,-0.04,0.96,1.39,0.09,-0.17,3.6,0.06,0.47,12,0.28,-0.03,0.53,0.78,-0.14,Conditions-Proof,-1.41,False
85b3fab2,T Stubbs,South Africa,42,966,725,133.24,31.16,75,37,6,lower_middle,84.8,81.2,86.3,88.7,A+,A,A,A+,Power Middle-Order,9.1,0.53,1.58,,1.58,-0.11,0.11,0.74,1.73,0.08,-0.12,3.76,0.09,-0.72,13,-0.23,-0.49,0.33,0.81,0.09,Conditions-Proof,0.14,False
3355b542,F du Plessis,South Africa,49,1487,1110,133.96,35.4,133,49,3,top_order,84.7,82.4,88.3,91.4,A+,A,A,A+,Aggressive Opener,8.27,0.36,1.64,,1.64,-0.03,0.03,0.73,1.46,0.28,-0.09,3.6,0.07,-0.78,8,-0.23,-0.35,0.35,0.81,-0.21,Tough-Track Star,-0.19,False
f846de6a,MN Samuels,West Indies,61,1469,1256,116.96,28.25,132,63,3,top_order,84.7,86.3,86.6,89.5,A+,A,A+,A+,Aggressive Opener,9.44,0.46,1.16,,1.16,-0.15,0.15,0.68,1.58,-0.01,-0.17,3.25,0.05,-0.97,12,-0.25,-0.84,0.22,0.79,-0.01,Conditions-Proof,0.02,False
6f02fe2a,Waseem Muhammad,United Arab Emirates,83,2649,1774,149.32,33.96,222,150,2,top_order,84.7,84.8,85.4,90.6,A+,A,A,A+,Aggressive Opener,5.46,0.26,1.15,1.14,1.15,-0.08,0.08,1.38,2.27,-0.1,-0.05,4.41,0.05,-0.15,32,-0.04,-0.21,0.46,0.85,0.01,Conditions-Proof,-0.01,False
989889ff,JP Inglis,Australia,42,1000,627,159.49,27.78,104,39,3,top_order,84.6,83.3,75.6,83.4,A,A,A,A,Aggressive Opener,4.69,0.31,0.89,1.25,1.0,0.18,-0.18,0.95,1.51,0.17,-0.15,3.25,0.08,-0.9,10,0.01,-0.09,0.53,0.77,-0.12,Conditions-Proof,-0.25,False
39f01cdb,KP Pietersen,England,36,1176,831,141.52,37.94,119,32,3,top_order,84.6,81.9,85.5,90.4,A+,A,A,A+,Aggressive Opener,5.11,0.22,0.88,,0.88,0.01,-0.01,1.41,1.75,-0.25,0.04,4.24,0.12,-1.66,6,-0.07,-0.2,0.4,0.8,-0.03,Conditions-Proof,0.08,False
a4cc73aa,SV Samson,India,52,1310,845,155.03,27.87,110,76,1,top_order,84.3,86.3,78.6,85.5,A+,A,A+,A,Aggressive Opener,4.48,0.28,1.29,1.1,1.23,-0.12,0.12,0.64,1.21,-0.17,-0.23,3.32,0.06,0.46,6,0.15,-0.2,0.5,0.83,0.2,Flat-Track Bully,0.74,False
b0482a1d,Tilak Varma,India,44,1356,927,146.28,45.2,108,71,3,top_order,84.1,84.2,86.8,91.5,A+,A,A,A+,Aggressive Opener,5.95,0.28,1.17,1.29,1.21,0.07,-0.07,0.96,1.53,-0.1,-0.13,4.39,0.1,-0.53,6,-0.21,-0.35,0.45,0.82,0.24,Conditions-Proof,-0.28,False
0404d43c,Liton Das,Bangladesh,107,2420,1881,128.65,23.5,237,76,3,top_order,84.0,82.7,86.2,88.0,A+,A,A,A+,Aggressive Opener,5.01,0.28,1.28,,1.28,0.04,-0.04,0.59,1.09,0.04,-0.19,2.61,0.02,-0.53,19,-0.11,-0.67,0.28,0.81,0.02,Conditions-Proof,0.03,False
3ff033bb,MD Shanaka,Sri Lanka,112,1884,1474,127.82,21.17,126,105,6,lower_middle,84.0,87.3,87.3,88.8,A+,A,A+,A+,Power Middle-Order,6.5,0.49,2.49,,2.49,0.11,-0.11,0.71,1.12,0.01,-0.21,3.31,0.03,0.78,33,0.29,-0.77,0.28,0.79,0.12,Conditions-Proof,0.09,False
1747ea18,DS Airee,Nepal,79,2088,1482,140.89,34.23,152,89,4,upper_middle,83.8,82.7,84.8,89.4,A+,A,A,A,Power Middle-Order,6.08,0.32,1.48,2.84,1.89,-0.15,0.15,1.3,2.92,-0.07,-0.04,4.57,0.06,0.14,29,-0.06,-0.41,0.38,0.83,0.24,Flat-Track Bully,0.27,False
d18f9182,DPMD Jayawardene,Sri Lanka,52,1462,1103,132.55,32.49,168,33,1,top_order,83.8,80.7,87.9,89.7,A+,A,A,A+,Aggressive Opener,5.4,0.25,1.13,0.85,1.04,0.02,-0.02,0.88,2.15,0.01,-0.11,3.19,0.06,,3,,-0.48,0.31,0.79,-0.01,Conditions-Proof,0.02,False
b17e2f24,KL Rahul,India,66,2149,1544,139.18,36.42,181,96,1,top_order,83.6,85.2,90.5,93.3,A+,A,A+,A+,Aggressive Opener,6.28,0.27,1.14,0.86,1.05,-0.06,0.06,0.84,1.64,0.08,-0.21,3.38,0.05,-0.35,8,-0.24,-0.39,0.37,0.82,0.02,Conditions-Proof,-0.11,False
e4a0deae,MJ Santner,New Zealand,85,1009,764,132.07,20.18,81,39,7,lower_middle,83.5,80.6,87.8,86.9,A+,A,A,A+,Power Middle-Order,4.06,0.45,0.95,,0.95,0.02,-0.02,0.6,1.35,-0.04,-0.1,3.42,0.04,0.51,27,-0.12,-0.43,0.32,0.82,-0.04,Conditions-Proof,0.01,False
1dc12ab9,SK Raina,India,63,1549,1144,135.4,29.23,138,57,3,top_order,83.4,84.0,89.2,90.1,A+,A,A,A+,Aggressive Opener,4.7,0.26,1.18,1.97,1.42,-0.1,0.1,0.67,1.63,-0.14,-0.12,3.16,0.05,-0.29,7,0.01,-0.33,0.35,0.83,0.16,Flat-Track Bully,0.08,False
5d1e7582,BKG Mendis,Sri Lanka,99,2438,1887,129.2,25.94,215,92,2,top_order,83.2,82.2,91.9,90.9,A+,A,A,A+,Aggressive Opener,5.54,0.29,1.24,,1.24,-0.08,0.08,0.47,1.0,-0.06,-0.2,2.59,0.03,-0.42,20,-0.19,-0.59,0.34,0.78,0.06,Conditions-Proof,0.02,False
d1c36f5c,JJ Roy,England,63,1517,1099,138.03,24.08,152,70,1,top_order,83.1,85.9,75.9,83.2,A,A,A+,A,Aggressive Opener,6.08,0.35,1.18,,1.18,-0.01,0.01,0.79,1.65,-0.05,-0.19,2.77,0.04,-0.81,14,-0.27,-0.47,0.31,0.8,-0.15,Tough-Track Star,-0.35,False
e21bc7f3,RD Berrington,Scotland,79,1987,1501,132.38,31.54,151,76,4,upper_middle,83.1,83.5,86.1,89.2,A+,A,A,A+,Power Middle-Order,8.59,0.45,1.32,,1.32,-0.05,0.05,0.67,1.61,-0.08,-0.14,3.47,0.04,0.47,40,0.04,-0.58,0.33,0.81,0.04,Conditions-Proof,-0.0,False
844e79d1,D Brevis,South Africa,27,674,408,165.2,26.96,38,54,4,upper_middle,83.0,83.0,67.9,78.9,A,A,A,B+,Power Middle-Order,4.11,0.27,1.09,1.82,1.31,0.12,-0.12,1.43,2.78,0.75,-0.0,4.58,0.17,-0.86,10,-0.0,-0.13,0.44,0.78,-0.28,Conditions-Proof,0.64,False
7fa12533,MS Chapman,New Zealand,85,1935,1397,138.51,26.51,166,80,4,upper_middle,83.0,88.8,84.8,88.6,A+,A,A+,A,Power Middle-Order,7.26,0.44,1.53,1.44,1.51,-0.03,0.03,0.63,0.98,0.05,-0.26,2.8,0.03,0.03,24,0.1,-0.61,0.29,0.82,0.02,Conditions-Proof,-0.01,False
eaa36b2a,BJ Bennett,Zimbabwe,55,1786,1226,145.68,36.45,205,56,1,top_order,82.9,83.2,85.2,89.8,A+,A,A,A+,Aggressive Opener,6.22,0.28,1.04,0.88,0.99,-0.13,0.13,1.06,1.41,0.08,-0.05,4.09,0.07,0.68,19,-0.04,-0.23,0.44,0.82,-0.08,Conditions-Proof,-0.33,False
d0513f63,CL White,Australia,43,988,743,132.97,32.93,71,44,5,upper_middle,82.8,82.1,85.8,88.4,A+,A,A,A+,Power Middle-Order,5.91,0.34,1.52,,1.52,0.09,-0.09,0.81,1.46,-0.4,-0.14,3.35,0.08,-0.16,9,0.03,-0.57,0.32,0.76,0.23,Flat-Track Bully,0.37,False
235c2bb6,H Klaasen,South Africa,53,1000,705,141.84,23.26,72,52,5,upper_middle,82.6,82.8,75.0,81.5,A,A,A,A,Power Middle-Order,6.28,0.47,1.6,,1.6,0.19,-0.19,0.87,1.66,0.14,-0.11,2.99,0.06,-0.18,22,-0.12,-0.73,0.32,0.79,-0.06,Conditions-Proof,-0.0,False
0dc00542,Shahid Afridi,Pakistan,87,1396,918,152.07,18.37,102,72,6,lower_middle,82.5,81.5,73.1,80.0,A,A,A,B+,Power Middle-Order,2.67,0.25,1.49,,1.49,-0.03,0.03,1.39,4.07,0.05,0.1,3.76,0.04,-0.65,26,-0.14,-0.42,0.34,0.8,0.1,Conditions-Proof,0.3,False
7fca84b7,BA King,West Indies,75,1848,1371,134.79,26.03,203,81,1,top_order,82.5,88.8,78.5,85.4,A+,A,A+,A,Aggressive Opener,5.84,0.32,1.0,,1.0,-0.04,0.04,0.53,0.99,-0.09,-0.24,2.7,0.04,-0.58,13,-0.45,-0.59,0.35,0.81,-0.21,Tough-Track Star,-0.64,False
8a75e999,Babar Azam,Pakistan,134,4545,3542,128.32,39.18,473,80,2,top_order,82.4,68.3,96.7,93.6,A+,A,B+,S,Aggressive Opener,7.88,0.3,1.01,1.63,1.2,-0.08,0.08,0.55,1.08,0.14,-0.22,3.27,0.02,-0.56,23,-0.27,-0.52,0.29,0.83,-0.02,Conditions-Proof,-0.04,False
cad00a4d,RR Rossouw,South Africa,27,767,480,159.79,34.86,69,39,3,top_order,82.3,82.8,75.9,84.2,A,A,A,A,Aggressive Opener,4.22,0.24,1.14,0.75,1.02,-0.04,0.04,1.31,2.07,-0.03,-0.18,3.93,0.15,-0.96,5,0.03,-0.04,0.56,0.75,0.09,Conditions-Proof,0.21,False
25f7b7d6,T Banton,England,32,696,463,150.32,25.78,64,32,4,upper_middle,82.1,80.5,71.2,79.4,A,A,A,B+,Power Middle-Order,3.34,0.23,1.05,,1.05,0.15,-0.15,0.72,1.2,-0.06,-0.08,3.22,0.1,0.38,10,-0.02,-0.5,0.41,0.79,0.2,Conditions-Proof,0.04,False
0a509d6b,RK Singh,India,30,571,370,154.32,33.59,50,32,5,upper_middle,81.5,82.4,76.6,83.7,A,A,A,A,Power Middle-Order,4.73,0.38,0.84,,0.84,0.02,-0.02,1.02,2.79,0.36,-0.01,3.99,0.13,-1.52,5,-0.59,-0.15,0.42,0.73,0.08,Conditions-Proof,0.58,False
48fd7349,MEK Hussey,Australia,30,721,529,136.29,37.95,58,25,3,top_order,81.4,79.0,83.7,87.6,A+,A,A,A,Aggressive Opener,9.17,0.52,1.01,,1.01,0.04,-0.04,0.94,2.04,-0.25,-0.08,3.83,0.13,0.72,9,0.02,-0.35,0.4,0.78,0.25,Conditions-Proof,-0.0,False
30a45b23,SPD Smith,Australia,54,1090,868,125.58,25.35,96,26,3,top_order,81.3,74.8,85.6,84.7,A,A,B+,A+,Aggressive Opener,6.54,0.41,1.19,,1.19,0.07,-0.07,0.5,1.61,-0.24,-0.18,2.51,0.05,-0.18,9,-0.1,-0.44,0.31,0.77,-0.2,Tough-Track Star,-0.22,False
6667067e,Syed Aziz,Malaysia,101,2403,1771,135.69,27.62,207,125,1,top_order,81.0,81.3,77.2,83.3,A,A,A,A,Aggressive Opener,5.1,0.29,1.15,,1.15,0.16,-0.16,1.2,2.37,0.28,-0.02,4.35,0.04,-0.05,29,-0.14,-0.59,0.27,0.83,-0.2,Tough-Track Star,-0.28,False
ad9c32a2,DJ Malan,England,59,1874,1398,134.05,36.75,194,62,3,top_order,80.5,81.2,90.2,91.2,A+,A,A,A+,Aggressive Opener,9.29,0.39,1.3,1.49,1.36,-0.07,0.07,0.64,1.0,0.04,-0.22,3.05,0.05,-0.26,18,-0.17,-0.48,0.3,0.78,-0.12,Conditions-Proof,0.1,False
aa8d28ae,D Wiese,Namibia,37,601,453,132.67,25.04,33,31,7,lower_middle,80.5,79.5,79.1,82.0,A,A,A,A,Power Middle-Order,5.21,0.43,1.39,,1.39,0.12,-0.12,0.83,1.63,-0.17,0.01,3.57,0.1,-0.88,8,-0.17,-0.71,0.24,0.76,0.05,Conditions-Proof,0.05,False
33609a8c,Saim Ayub,Pakistan,58,1201,862,139.33,21.84,126,56,2,top_order,80.4,81.4,66.7,76.6,A,A,A,B+,Aggressive Opener,4.62,0.31,1.33,0.72,1.15,0.25,-0.25,0.83,1.43,-0.17,-0.11,2.99,0.05,0.08,13,0.33,-0.77,0.31,0.81,-0.05,Conditions-Proof,-0.03,False
3c87f0c3,JN Frylinck,Namibia,57,1113,884,125.9,25.3,97,32,2,top_order,80.3,78.2,78.7,81.9,A,A,A,A,Aggressive Opener,5.49,0.35,0.88,1.79,1.15,-0.21,0.21,0.76,1.11,0.22,-0.12,3.21,0.06,-0.44,26,-0.09,-0.56,0.31,0.81,0.09,Conditions-Proof,0.22,False
eaa76d3c,C Green,Australia,25,635,418,151.91,30.24,49,36,4,upper_middle,80.1,79.2,73.2,80.2,A,A,A,B+,Power Middle-Order,6.92,0.41,1.26,,1.26,-0.12,0.12,1.1,1.66,-0.25,-0.11,3.15,0.13,1.09,9,0.17,-0.29,0.33,0.71,-0.1,Conditions-Proof,,False
3c55c703,JG Bethell,England,29,697,465,149.89,29.04,56,40,3,top_order,80.1,81.2,76.6,81.9,A,A,A,A,Aggressive Opener,7.17,0.45,1.11,2.0,1.38,0.05,-0.05,0.5,0.68,-0.06,-0.14,3.39,0.12,0.76,7,0.06,-0.51,0.45,0.75,0.34,Flat-Track Bully,0.32,False
95a5e066,MG Erasmus,Namibia,75,1851,1483,124.81,31.37,148,67,4,upper_middle,80.0,79.8,83.6,86.0,A+,A,A,A,Power Middle-Order,7.74,0.39,1.56,1.03,1.4,0.02,-0.02,0.83,1.94,-0.21,-0.14,3.19,0.04,-0.05,30,0.05,-0.59,0.29,0.85,-0.07,Conditions-Proof,-0.07,False
b4b99816,Shubman Gill,India,35,846,615,137.56,28.2,93,26,2,top_order,79.8,77.1,79.1,82.0,A,A,A,A,Power Anchor,4.91,0.28,0.98,2.0,1.28,0.09,-0.09,0.72,1.53,-0.09,-0.09,2.77,0.08,,4,,-0.45,0.4,0.78,-0.35,Tough-Track Star,-0.6,False
99cddc5e,GH Dockrell,Ireland,87,1123,832,134.98,18.41,81,46,6,lower_middle,79.7,77.6,77.1,79.8,A,A,A,A,Power Anchor,4.09,0.43,0.42,,0.42,-0.2,0.2,0.71,1.34,-0.03,0.05,3.9,0.04,-1.07,41,-0.22,-0.69,0.3,0.82,0.04,Conditions-Proof,-0.0,False
afe57f7a,SC Williams,Zimbabwe,75,1618,1247,129.75,23.79,159,39,4,upper_middle,79.7,79.2,71.9,78.9,A,A,A,B+,Power Anchor,5.77,0.35,1.45,,1.45,-0.16,0.16,0.69,1.41,0.11,-0.22,2.42,0.03,0.96,31,0.09,-0.64,0.3,0.81,0.14,Conditions-Proof,0.01,False
3feda4fa,RL Chase,West Indies,42,813,670,121.34,23.91,74,20,4,upper_middle,79.6,76.3,73.6,78.5,A,A,A,B+,Power Anchor,6.4,0.4,2.03,,2.03,0.04,-0.04,0.49,0.98,-0.08,-0.13,2.4,0.06,-0.71,14,-0.29,-0.65,0.27,0.78,0.19,Conditions-Proof,0.03,False
bb351c23,MM Ali,England,72,1180,820,143.9,20.34,84,67,6,lower_middle,79.6,82.0,79.6,82.1,A,A,A,A,Power Anchor,5.47,0.48,1.66,,1.66,-0.05,0.05,0.8,2.59,-0.15,-0.13,3.19,0.04,-0.64,22,-0.0,-0.48,0.31,0.8,0.16,Flat-Track Bully,0.46,False
fbb657bb,Babar Hayat,Hong Kong,90,2112,1652,127.85,26.73,129,126,3,top_order,79.5,80.2,80.0,83.5,A,A,A,A,Power Anchor,6.1,0.33,1.22,2.54,1.62,-0.12,0.12,1.03,1.59,0.03,-0.19,3.07,0.03,-0.97,29,-0.1,-0.64,0.33,0.83,0.05,Conditions-Proof,0.12,False
6b71e6cf,KC Sangakkara,Sri Lanka,53,1382,1156,119.55,31.41,139,20,4,upper_middle,79.5,72.6,87.3,85.9,A+,A,B+,A+,All-Round Elite,5.89,0.27,1.23,,1.23,0.12,-0.12,0.64,1.07,0.0,-0.14,2.62,0.05,-0.36,7,0.05,-0.67,0.25,0.81,0.1,Conditions-Proof,-0.03,False
919a3be2,RR Pant,India,63,1142,910,125.49,22.39,103,41,4,upper_middle,79.5,80.6,79.6,82.0,A,A,A,A,Power Anchor,7.21,0.5,1.21,,1.21,0.07,-0.07,0.51,0.89,0.13,-0.16,2.64,0.04,-0.39,7,-0.15,-0.68,0.27,0.83,0.05,Conditions-Proof,0.1,False
074acfb4,Asif Khan,United Arab Emirates,50,1197,871,137.43,29.2,76,76,4,upper_middle,79.5,80.0,73.9,80.6,A,A,A,B+,Power Anchor,6.16,0.35,1.02,,1.02,0.45,-0.45,1.14,1.3,0.46,0.0,4.49,0.09,-0.56,22,-0.25,-0.49,0.39,0.82,-0.22,Tough-Track Star,-0.74,False
1aba45cd,Sahibzada Farhan,Pakistan,41,1266,929,136.28,32.46,107,65,1,top_order,79.3,81.9,82.4,85.6,A+,A,A,A,Power Anchor,5.63,0.25,1.15,1.38,1.22,0.01,-0.01,0.85,1.02,-0.03,-0.13,3.14,0.08,,3,,-0.65,0.33,0.82,-0.08,Conditions-Proof,0.07,False
ec4dada1,MN Waller,Zimbabwe,23,507,361,140.44,25.35,36,24,6,lower_middle,79.2,78.1,77.5,80.5,A,A,A,A,Power Anchor,5.22,0.33,1.09,,1.09,-0.2,0.2,1.36,3.24,0.04,0.03,3.42,0.15,-1.47,9,-0.2,-0.63,0.38,0.76,0.24,Flat-Track Bully,0.16,False
6c19c6e5,YBK Jaiswal,India,20,651,400,162.75,36.17,77,32,1,top_order,79.1,79.6,75.3,82.5,A,A,A,A,Power Anchor,3.9,0.2,0.88,0.98,0.91,-0.1,0.1,1.07,1.29,-0.03,-0.02,4.21,0.21,,1,,0.17,0.53,0.78,0.07,Conditions-Proof,0.97,False
89f64c19,LMP Simmons,West Indies,62,1482,1226,120.88,27.44,137,66,1,top_order,79.1,85.7,84.3,86.1,A+,A,A+,A,Power Anchor,9.05,0.46,1.16,,1.16,0.12,-0.12,0.45,1.66,0.13,-0.21,2.7,0.04,-0.23,13,0.02,-0.72,0.3,0.78,-0.01,Conditions-Proof,0.11,False
53597be1,BRM Taylor,Zimbabwe,49,1151,921,124.97,26.77,119,28,3,top_order,78.9,67.3,81.2,80.6,A,A,B+,A,Float,4.32,0.23,0.97,1.12,1.01,0.0,-0.0,0.58,2.69,-0.33,-0.16,2.31,0.05,1.47,18,-0.1,-0.5,0.33,0.8,-0.1,Conditions-Proof,-0.2,False
987187b9,Zeeshan Ali,Hong Kong,58,1379,997,138.31,29.98,148,49,1,top_order,78.8,78.3,78.1,82.2,A,A,A,A,Power Anchor,5.98,0.35,1.42,1.08,1.32,0.42,-0.42,1.24,2.31,0.38,0.06,4.83,0.08,1.48,19,0.35,-0.41,0.36,0.82,-0.5,Tough-Track Star,-0.83,False
c3d35165,JA Morkel,South Africa,36,549,385,142.6,21.12,27,38,7,lower_middle,78.7,78.7,78.7,80.4,A,A,A,A,Power Anchor,5.53,0.52,,,,-0.11,0.11,1.19,2.04,-0.03,0.07,3.88,0.11,-0.78,10,-0.26,-0.91,0.17,0.74,0.28,Flat-Track Bully,0.25,False
b3a28446,Mohammad Saifuddin,Bangladesh,22,266,227,117.18,26.6,21,10,8,lower_order,78.7,75.2,78.6,80.3,A,A,A,A,Power Anchor,5.14,0.5,,,,-0.36,0.36,0.7,1.21,0.22,0.1,3.63,0.17,-2.18,11,-0.93,-0.9,0.12,0.72,-0.33,Conditions-Proof,-0.01,False
0f721006,JO Holder,West Indies,65,869,620,140.16,18.89,51,59,8,lower_order,78.6,79.4,77.5,79.9,A,A,A,A,Power Anchor,5.0,0.52,1.14,,1.14,-0.14,0.14,0.66,1.12,0.06,-0.11,3.56,0.05,0.02,28,-0.07,-0.65,0.38,0.79,-0.04,Conditions-Proof,-0.06,False
b59db04f,SA Edwards,Netherlands,75,1283,1014,126.53,22.91,100,32,4,upper_middle,78.4,64.6,83.0,80.1,A,A,B+,A,Float,5.49,0.41,1.08,1.05,1.08,-0.02,0.02,0.62,1.3,0.06,-0.09,2.57,0.03,-0.58,31,-0.0,-0.66,0.32,0.85,0.13,Conditions-Proof,0.23,False
06cad4f0,A Sharafu,United Arab Emirates,60,1692,1280,132.19,31.92,163,71,1,top_order,78.3,79.2,80.9,84.1,A,A,A,A,Power Anchor,5.85,0.27,1.17,,1.17,0.05,-0.05,0.78,1.16,0.14,-0.08,3.74,0.06,-0.02,25,-0.1,-0.46,0.36,0.81,-0.33,Tough-Track Star,-0.38,False
85ec8e33,SS Iyer,India,46,1104,811,136.13,30.67,90,44,3,top_order,78.2,77.7,85.5,85.2,A+,A,A,A+,Power Anchor,5.0,0.28,1.65,,1.65,-0.11,0.11,0.74,1.36,-0.06,-0.18,2.67,0.06,-0.54,8,-0.19,-0.45,0.41,0.74,-0.27,Tough-Track Star,,False
bb134e5c,JJ Smit,Namibia,59,1237,845,146.39,33.43,73,75,5,upper_middle,78.1,80.0,82.5,85.1,A+,A,A,A,Power Anchor,5.93,0.41,1.45,1.82,1.56,-0.26,0.26,1.31,2.88,0.14,-0.22,3.33,0.06,0.98,32,-0.16,-0.07,0.42,0.78,-0.13,Conditions-Proof,-0.08,False
0a4736eb,Asif Ali,Bahrain,98,1760,1317,133.64,21.46,129,108,1,top_order,78.0,80.6,72.1,78.4,A,A,A,B+,Power Anchor,3.96,0.29,0.97,,0.97,0.11,-0.11,0.87,2.02,-0.04,-0.11,3.2,0.03,-1.67,19,-0.22,-0.68,0.27,0.83,-0.01,Conditions-Proof,0.03,False
e66732f8,RD Rickelton,South Africa,28,680,465,146.24,27.2,52,38,3,top_order,78.0,79.4,73.1,78.9,A,A,A,B+,Power Anchor,5.89,0.35,1.04,,1.04,0.35,-0.35,0.44,0.53,-0.13,-0.16,2.74,0.1,0.03,9,0.01,-0.3,0.33,0.75,-0.4,Tough-Track Star,-0.31,False
9948e262,HE van der Dussen,South Africa,53,1407,1093,128.73,33.5,89,62,3,top_order,78.0,77.8,87.7,87.2,A+,A,A,A+,Power Anchor,8.98,0.44,1.25,,1.25,0.04,-0.04,0.42,0.84,0.08,-0.22,2.77,0.05,-0.13,16,-0.07,-0.68,0.29,0.81,0.07,Conditions-Proof,-0.01,False
cd56a813,Jaker Ali,Bangladesh,38,692,555,124.68,25.63,36,39,5,upper_middle,78.0,77.3,79.1,80.8,A,A,A,A,Power Anchor,6.32,0.43,1.21,,1.21,-0.37,0.37,0.63,0.85,0.19,-0.11,2.73,0.07,-0.72,12,-0.47,-0.91,0.32,0.79,0.11,Conditions-Proof,0.06,False
9caf69a1,WG Jacks,England,34,630,428,147.2,22.5,59,29,7,lower_middle,77.9,77.2,76.6,79.1,A,A,A,A,Power Anchor,4.32,0.34,2.94,,2.94,-0.42,0.42,0.68,0.85,0.16,-0.09,3.26,0.1,-0.61,10,-0.23,-0.48,0.37,0.78,-0.18,Tough-Track Star,-0.06,False
9de62878,Shadab Khan,Pakistan,60,904,616,146.75,18.83,64,47,6,lower_middle,77.8,76.2,75.2,77.9,A,A,A,A,Power Anchor,4.72,0.46,0.74,,0.74,-0.16,0.16,1.01,1.56,-0.05,-0.06,3.26,0.05,-1.53,13,-0.4,-0.6,0.47,0.76,-0.04,Conditions-Proof,0.04,False
f8c72766,D Heyliger,Canada,36,379,231,164.07,25.27,24,26,8,lower_order,77.7,77.6,75.9,79.1,A,A,A,A,Power Anchor,2.3,0.36,,,,-0.48,0.48,1.35,3.59,-0.25,0.32,5.62,0.16,0.29,21,-0.23,-0.58,0.33,0.7,-0.03,Conditions-Proof,0.27,False
2f26ac1a,Mohammad Rizwan,Pakistan,91,3386,2687,126.01,47.69,284,94,1,top_order,77.6,51.2,95.7,88.0,A+,A,B,S,Utility Player,8.76,0.3,1.09,1.33,1.16,-0.08,0.08,0.48,0.73,0.13,-0.22,3.64,0.04,-0.41,24,-0.05,-0.41,0.34,0.84,-0.19,Tough-Track Star,-0.14,False
a82eb3fb,TP Ura,Papua New Guinea,50,1445,914,158.1,32.84,109,87,1,top_order,77.5,77.8,74.5,80.8,A,A,A,B+,Power Anchor,2.84,0.16,1.34,0.84,1.19,0.15,-0.15,1.49,3.81,-0.03,-0.15,3.88,0.08,2.39,32,0.46,-0.14,0.45,0.82,0.35,Flat-Track Bully,0.38,False
415d30b6,Virandeep Singh,Malaysia,95,2844,2270,125.29,36.0,248,110,2,top_order,77.4,77.3,81.6,85.6,A+,A,A,A,Power Anchor,7.65,0.32,1.14,0.68,1.0,0.35,-0.35,0.96,1.49,0.12,-0.14,4.07,0.04,-0.6,30,0.05,-0.52,0.25,0.82,-0.19,Conditions-Proof,-0.04,False
d2babdd5,E Chigumbura,Zimbabwe,46,769,535,143.74,20.78,54,46,6,lower_middle,77.3,79.3,75.4,78.6,A,A,A,A,Power Anchor,5.09,0.44,2.09,,2.09,-0.07,0.07,1.16,2.75,-0.12,-0.09,3.45,0.08,-0.92,17,0.02,-0.22,0.44,0.79,-0.01,Conditions-Proof,0.13,False
552b228c,Anshuman Rath,Hong Kong,71,1923,1573,122.25,29.58,198,36,2,top_order,77.2,72.1,82.0,82.4,A,A,B+,A,All-Round Elite,6.72,0.3,1.07,1.22,1.11,-0.1,0.1,0.53,1.1,-0.0,-0.13,3.28,0.05,0.26,15,0.03,-0.67,0.3,0.78,-0.03,Conditions-Proof,0.02,False
fd2bf2a0,Umar Akmal,Pakistan,78,1669,1361,122.63,25.68,123,53,4,upper_middle,76.8,73.9,87.3,84.2,A,A,B+,A+,All-Round Elite,5.96,0.34,1.5,0.82,1.3,-0.23,0.23,0.7,1.02,-0.1,-0.19,2.18,0.03,-0.95,18,-0.26,-0.68,0.21,0.82,-0.04,Conditions-Proof,-0.05,False
5056011d,GJ Bailey,Australia,26,475,347,136.89,25.0,37,20,5,upper_middle,76.8,79.0,74.7,78.5,A,A,A,B+,Power Anchor,5.04,0.38,1.85,,1.85,0.24,-0.24,1.06,1.37,0.13,-0.11,2.68,0.1,0.43,7,0.1,-0.56,0.36,0.74,-0.34,Conditions-Proof,-0.02,False
243431b5,KJ O'Brien,Ireland,76,1571,1193,131.68,23.45,133,66,2,top_order,76.8,79.2,76.7,79.9,A,A,A,A,Power Anchor,4.93,0.31,0.68,1.65,0.97,-0.21,0.21,0.79,1.78,0.3,-0.15,2.57,0.03,-0.06,31,-0.04,-0.55,0.3,0.82,-0.06,Conditions-Proof,-0.03,False
3d5d51a5,T Marumani,Zimbabwe,65,1335,1037,128.74,21.89,145,46,2,top_order,76.7,75.9,70.0,75.8,A,A,A,B+,Power Anchor,5.51,0.35,1.2,,1.2,0.12,-0.12,0.7,1.53,0.19,-0.04,2.74,0.04,-0.01,22,0.06,-0.63,0.35,0.8,-0.06,Conditions-Proof,-0.38,False
732c038e,KIC Asalanka,Sri Lanka,68,1415,1098,128.87,23.98,98,69,5,upper_middle,76.6,82.3,77.7,80.9,A,A,A,A,Power Anchor,5.99,0.37,1.17,,1.17,-0.21,0.21,0.61,1.06,-0.22,-0.22,2.28,0.03,-0.76,19,-0.35,-0.49,0.36,0.8,0.13,Conditions-Proof,0.12,False
6a71ba3a,M Levitt,Netherlands,29,957,673,142.2,34.18,83,52,1,top_order,76.5,77.4,75.4,80.8,A,A,A,A,Power Anchor,4.32,0.19,1.14,1.17,1.15,-0.12,0.12,0.86,1.73,-0.14,0.01,3.77,0.13,-1.3,7,-0.41,-0.41,0.31,0.81,0.37,Flat-Track Bully,0.69,False
7fa6bd8e,RR Patel,Kenya,68,1693,1231,137.53,32.56,136,92,4,upper_middle,76.4,78.2,77.0,81.7,A,A,A,A,Power Anchor,6.16,0.34,1.5,0.83,1.3,0.02,-0.02,1.42,3.8,0.09,-0.1,3.91,0.06,0.55,40,-0.05,-0.4,0.33,0.8,-0.1,Conditions-Proof,-0.09,False
b25a3800,Meet Bhavsar,Kuwait,64,1644,1258,130.68,28.34,141,59,3,top_order,76.4,74.4,76.1,79.5,A,A,B+,A,All-Round Elite,4.91,0.25,1.33,,1.33,0.11,-0.11,0.83,1.36,0.21,-0.06,3.56,0.06,0.24,31,-0.01,-0.54,0.31,0.78,-0.18,Tough-Track Star,-0.11,False
e9630504,Shaiman Anwar,United Arab Emirates,26,723,563,128.42,31.43,58,33,3,top_order,76.3,75.5,75.3,79.4,A,A,A,A,Power Anchor,6.46,0.3,0.8,1.71,1.08,-0.34,0.34,0.98,2.57,0.01,-0.03,3.43,0.13,,3,,-0.66,0.33,0.76,0.24,Flat-Track Bully,0.32,False
e94915e6,SM Curran,England,49,696,544,127.94,20.47,40,32,6,lower_middle,76.2,74.1,82.6,80.3,A,A,B+,A,All-Round Elite,4.71,0.42,1.56,,1.56,0.06,-0.06,0.59,1.35,-0.18,-0.11,3.03,0.06,-0.09,20,0.02,-0.75,0.31,0.79,0.02,Conditions-Proof,-0.33,False
b3b39bed,Aqib Ilyas,Oman,46,1181,975,121.13,29.52,108,41,3,top_order,76.1,75.8,78.5,80.7,A,A,A,A,Power Anchor,3.69,0.17,1.01,,1.01,0.09,-0.09,0.96,2.21,0.12,-0.02,3.23,0.07,-0.75,18,-0.26,-0.53,0.31,0.81,0.0,Conditions-Proof,-0.02,False
45a43fe2,RD Gaikwad,India,19,633,441,143.54,42.2,65,24,2,top_order,75.9,76.8,79.3,83.2,A,A,A,A,Power Anchor,8.95,0.39,1.26,2.09,1.51,,,0.95,1.09,0.74,-0.08,3.55,0.19,,0,,-0.21,0.43,0.77,-0.3,Tough-Track Star,-0.4,False
b80dd12c,Jatinder Singh,Oman,66,1482,1202,123.29,24.7,168,34,2,top_order,75.9,73.8,74.0,77.5,A,A,B+,B+,All-Round Elite,5.0,0.27,1.68,,1.68,0.12,-0.12,0.82,2.47,0.12,-0.13,2.41,0.04,0.48,25,-0.05,-0.75,0.29,0.82,-0.18,Tough-Track Star,-0.16,False
73c18486,KR Mayers,West Indies,39,773,575,134.43,20.89,69,51,2,top_order,75.6,79.0,49.9,66.5,B+,A,A,B,Utility Player,5.44,0.37,1.43,,1.43,0.08,-0.08,0.59,0.86,0.11,-0.11,2.79,0.07,-0.1,11,-0.16,-0.68,0.28,0.8,0.12,Conditions-Proof,,False
c03c6200,DJG Sammy,West Indies,49,581,388,149.74,17.61,46,31,7,lower_middle,75.6,74.4,72.0,75.0,A,A,B+,B+,All-Round Elite,4.2,0.53,,,,-0.19,0.19,1.43,3.07,0.02,0.09,3.6,0.07,-0.73,15,-0.34,-0.48,0.41,0.67,-0.01,Conditions-Proof,-0.0,False
25d7f1ac,MD Patel,United States of America,40,1011,733,137.93,27.32,106,33,2,top_order,75.5,69.3,72.9,76.1,A,A,B+,B+,All-Round Elite,7.18,0.39,1.54,1.81,1.62,-0.34,0.34,0.93,2.14,0.17,-0.22,2.67,0.07,-0.87,18,-0.18,-0.56,0.32,0.78,-0.16,Tough-Track Star,-0.35,False
fe93fd9d,RA Jadeja,India,38,508,400,127.0,22.09,38,14,7,lower_middle,75.5,70.9,82.1,79.3,A,A,B+,A,All-Round Elite,4.26,0.4,1.05,,1.05,-0.06,0.06,0.65,2.08,-0.49,-0.09,2.65,0.07,-0.79,9,-0.04,-0.39,0.32,0.78,0.27,Flat-Track Bully,0.26,False
afbc53ba,Ahmer Bin Nisar,Bahrain,68,1372,1073,127.87,27.44,110,48,5,upper_middle,75.5,74.1,75.1,78.3,A,A,B+,A,All-Round Elite,4.53,0.29,1.44,,1.44,-0.03,0.03,1.0,1.31,0.35,0.08,3.96,0.06,-0.14,22,-0.06,-0.65,0.23,0.85,-0.22,Tough-Track Star,-0.24,False
cfad138c,CK Kapugedera,Sri Lanka,36,675,571,118.21,22.5,56,24,7,lower_middle,75.5,75.3,79.9,79.4,A,A,A,A,Power Anchor,6.17,0.39,1.6,,1.6,0.01,-0.01,0.69,1.31,0.13,-0.12,2.65,0.07,0.53,13,0.11,-1.1,0.19,0.76,0.17,Flat-Track Bully,0.17,False
269cc4ff,Riazat Ali Shah,Uganda,62,1568,1233,127.17,36.47,116,69,4,upper_middle,75.4,74.0,75.6,80.9,A,A,B+,A,All-Round Elite,7.27,0.37,1.29,,1.29,-0.03,0.03,1.36,3.47,0.24,0.01,4.11,0.07,0.78,32,-0.0,-0.4,0.33,0.83,-0.01,Conditions-Proof,-0.17,False
5fa06777,IK Pathan,India,13,172,144,119.44,24.57,9,7,7,lower_middle,75.4,66.8,68.0,72.2,B+,A,B+,B+,Float,6.69,0.6,,,,,,0.59,0.86,0.35,-0.15,2.34,0.18,,2,,-0.87,0.18,0.72,0.03,Conditions-Proof,0.57,False
72861603,GC Smith,South Africa,31,884,716,123.46,29.47,110,21,1,top_order,75.3,78.2,78.9,80.9,A,A,A,A,Power Anchor,8.0,0.35,1.32,,1.32,-0.15,0.15,0.56,0.82,0.04,-0.16,2.5,0.08,,4,,-0.67,0.26,0.81,0.21,Flat-Track Bully,0.15,False
5680f1ad,CO Obuya,Kenya,54,1439,1201,119.82,31.98,107,71,4,upper_middle,75.2,75.9,77.6,80.8,A,A,A,A,Power Anchor,9.06,0.41,1.32,1.25,1.3,0.28,-0.28,1.04,2.51,0.04,-0.13,3.34,0.06,-1.02,37,-0.15,-0.61,0.29,0.79,0.04,Conditions-Proof,0.21,False
46a7ac78,DM Nakrani,Uganda,64,1088,849,128.15,26.54,66,67,5,upper_middle,75.1,76.2,70.9,76.4,A,A,A,B+,Power Anchor,5.7,0.43,1.91,,1.91,-0.07,0.07,1.25,2.21,0.01,0.04,3.54,0.06,-0.66,32,-0.42,-0.87,0.16,0.77,-0.12,Conditions-Proof,-0.34,False
d1305df0,AGS Gous,United States of America,26,771,540,142.78,30.84,67,42,3,top_order,75.1,76.5,74.3,78.7,A,A,A,B+,Power Anchor,4.81,0.23,1.36,,1.36,0.16,-0.16,0.94,1.22,-0.19,-0.12,3.1,0.12,-0.69,6,-0.15,-0.52,0.3,0.78,-0.15,Tough-Track Star,-0.26,False
478a63e7,C Campher,Ireland,55,1018,804,126.62,22.13,80,30,5,upper_middle,74.9,74.0,66.6,73.1,B+,B+,B+,B+,Float,5.35,0.37,1.49,,1.49,0.01,-0.01,0.57,1.19,0.14,-0.12,2.18,0.04,0.32,21,0.12,-0.51,0.29,0.81,-0.17,Tough-Track Star,-0.28,False
a1d3540a,PJ Moor,Zimbabwe,15,313,239,130.96,26.08,19,21,6,lower_middle,74.9,75.8,68.8,74.6,B+,B+,A,B+,All-Round Elite,7.8,0.49,0.45,0.31,0.4,-0.52,0.52,1.06,1.31,-0.14,0.05,3.24,0.22,0.68,6,-0.36,-0.82,0.22,0.74,0.1,Conditions-Proof,0.33,False
bd77eb62,A Symonds,Australia,11,337,199,169.35,48.14,33,10,4,upper_middle,74.9,72.6,76.0,80.3,A,B+,B+,A,All-Round Elite,2.45,0.14,0.39,,0.39,,,1.66,1.96,-0.7,-0.06,3.02,0.27,,2,,0.25,0.58,0.69,0.69,Flat-Track Bully,1.22,False
a15618fe,JM Vince,England,16,441,343,128.57,27.56,43,14,3,top_order,74.8,74.8,67.2,74.1,B+,B+,B+,B+,Float,5.25,0.24,1.14,,1.14,-0.11,0.11,0.51,0.63,0.12,-0.1,2.44,0.15,0.28,7,0.18,-0.82,0.27,0.76,-0.52,Tough-Track Star,-0.46,False
a7553f15,Faisal Khan,Saudi Arabia,47,1413,822,171.9,32.86,144,86,2,top_order,74.7,74.8,71.5,77.9,A,B+,B+,B+,All-Round Elite,2.73,0.16,1.03,1.55,1.18,-0.11,0.11,2.43,3.36,0.03,0.12,5.73,0.12,0.43,13,0.01,0.1,0.52,0.83,-0.03,Conditions-Proof,-0.17,False
390ff45b,Abdul Razzaq,Pakistan,28,388,324,119.75,21.56,21,21,7,lower_middle,74.6,67.2,79.0,76.7,A,B+,B+,A,Float,6.59,0.57,,,,0.01,-0.01,1.13,1.89,0.12,-0.04,2.6,0.09,1.37,5,0.03,-1.14,0.16,0.77,0.1,Conditions-Proof,0.08,False
d014d5ac,SE Rutherford,West Indies,43,818,542,150.92,24.06,61,52,6,lower_middle,74.5,81.6,70.3,76.3,A,B+,A,B+,Power Anchor,4.47,0.35,1.51,,1.51,-0.05,0.05,0.62,1.08,-0.1,-0.29,2.48,0.06,-0.57,15,-0.1,-0.37,0.41,0.79,0.06,Conditions-Proof,-0.26,False
d8699ab7,ML Hayden,Australia,9,308,214,143.93,51.33,37,13,2,top_order,74.5,74.5,75.2,80.1,A,B+,B+,A,All-Round Elite,3.22,0.14,0.95,,0.95,,,,,0.13,0.07,3.63,,,2,,0.0,0.59,0.69,,,,True
3eb7c45d,Imran Nazir,Pakistan,23,495,363,136.36,22.5,58,22,2,top_order,74.4,76.0,55.7,68.1,B+,B+,A,B,Utility Player,3.26,0.21,1.04,,1.04,-0.04,0.04,1.04,1.45,-0.46,-0.07,2.56,0.11,,0,,-0.6,0.34,0.77,0.35,Flat-Track Bully,0.49,False
bf1d7d3e,Mahmudullah,Bangladesh,118,2223,1887,117.81,24.16,166,71,6,lower_middle,74.3,75.1,94.7,87.3,A+,B+,A,A+,Power Anchor,6.81,0.43,1.26,,1.26,-0.11,0.11,0.56,1.2,0.1,-0.19,2.62,0.02,-0.43,45,-0.2,-0.78,0.23,0.8,-0.02,Conditions-Proof,-0.07,False
8ba8195d,V Sehwag,India,17,386,261,147.89,22.71,42,16,2,top_order,74.3,74.4,66.9,72.8,B+,B+,B+,B+,Float,5.06,0.33,1.24,,1.24,0.06,-0.06,1.08,1.73,-0.41,0.03,2.89,0.17,,3,,-0.17,0.47,0.74,0.12,Conditions-Proof,0.21,False
14fd10b5,Haider Butt,Bahrain,54,1324,1071,123.62,30.79,89,60,5,upper_middle,74.3,74.3,76.9,79.5,A,B+,B+,A,All-Round Elite,7.98,0.4,1.59,,1.59,0.0,-0.0,0.79,1.03,0.2,-0.08,3.48,0.06,0.32,26,0.01,-0.67,0.33,0.82,-0.09,Conditions-Proof,-0.09,False
495d42a5,R Ashwin,India,18,184,160,115.0,26.29,17,4,8,lower_order,74.3,66.2,78.2,76.6,A,B+,B+,A,Float,4.0,0.45,,,,,,0.67,0.97,0.13,-0.05,2.5,0.14,,3,,-1.32,0.22,0.63,-0.14,Conditions-Proof,0.06,False
a22fb7b5,PM Nevill,Australia,5,25,11,227.27,25.0,1,2,8,lower_order,74.2,72.7,62.2,70.3,B+,B+,B+,B+,Float,1.2,0.55,,,,,,,,,1.15,4.1,,,1,,,,,,,,True
3b041a12,Tamim Iqbal,Bangladesh,71,1624,1353,120.03,24.61,172,45,1,top_order,74.1,78.1,84.2,82.4,A,B+,A,A,Power Anchor,6.66,0.35,1.11,0.97,1.07,-0.01,0.01,0.42,0.82,-0.19,-0.2,2.24,0.03,-0.3,17,-0.04,-0.81,0.24,0.81,-0.04,Conditions-Proof,-0.13,False
e3386c8a,K Bhurtel,Nepal,71,1869,1473,126.88,27.9,173,81,1,top_order,74.1,76.6,80.2,81.0,A,B+,A,A,Power Anchor,3.78,0.18,1.14,1.18,1.15,-0.01,0.01,0.71,1.5,0.02,-0.16,2.68,0.04,0.22,24,0.03,-0.56,0.28,0.82,-0.17,Tough-Track Star,-0.09,False
f5390243,CD McMillan,New Zealand,7,187,117,159.83,31.17,8,14,6,lower_middle,73.9,73.6,67.4,74.2,B+,B+,B+,B+,Float,5.14,0.31,1.67,,1.67,,,,,0.69,0.06,3.19,,,1,,0.1,0.56,0.67,,,,True
9219eff0,JDS Neesham,New Zealand,71,1033,691,149.49,20.66,80,54,6,lower_middle,73.9,78.1,76.3,77.8,A,B+,A,A,Power Anchor,4.06,0.42,0.6,,0.6,0.07,-0.07,0.88,1.86,0.07,-0.2,2.49,0.04,-0.32,17,-0.0,-0.3,0.47,0.8,-0.01,Conditions-Proof,0.18,False
dce2019b,F Behardien,South Africa,30,518,404,128.22,32.38,37,16,6,lower_middle,73.8,61.8,84.2,79.9,A,B+,B+,A,Float,7.03,0.52,0.95,,0.95,-0.01,0.01,0.54,0.79,0.01,-0.11,2.53,0.08,0.02,7,-0.07,-0.33,0.38,0.76,-0.07,Conditions-Proof,0.12,False
32a8161e,JW Jenner,Jersey,44,1233,881,139.95,34.25,100,49,4,upper_middle,73.6,72.7,72.0,77.5,A,B+,B+,B+,All-Round Elite,3.84,0.19,1.31,,1.31,0.12,-0.12,1.44,2.5,-0.04,0.01,4.16,0.09,-0.11,33,0.04,-0.12,0.4,0.82,0.28,Flat-Track Bully,0.41,False
5d664346,TB Robinson,New Zealand,21,561,404,138.86,31.17,48,24,1,top_order,73.5,73.9,75.4,78.0,A,B+,B+,A,All-Round Elite,6.48,0.34,1.0,1.03,1.01,0.3,-0.3,0.35,0.37,-0.05,-0.18,2.38,0.11,,4,,-0.37,0.41,0.74,0.31,Flat-Track Bully,0.35,False
e798611a,HM Amla,South Africa,43,1272,962,132.22,34.38,145,26,2,top_order,73.5,73.0,87.1,84.5,A,B+,B+,A+,All-Round Elite,4.58,0.2,0.98,,0.98,-0.07,0.07,0.5,0.86,0.18,-0.16,2.67,0.06,-0.15,6,0.11,-0.52,0.32,0.82,-0.08,Conditions-Proof,-0.01,False
0a476045,S Dhawan,India,66,1759,1392,126.36,27.92,191,50,2,top_order,73.4,77.0,87.1,84.0,A,B+,A,A+,Power Anchor,6.71,0.32,1.25,0.26,0.95,-0.02,0.02,0.56,0.92,-0.39,-0.25,2.31,0.04,0.05,11,0.16,-0.59,0.31,0.82,0.38,Flat-Track Bully,0.35,False
ba5e1069,R Ravindra,New Zealand,44,758,558,135.84,21.66,60,32,3,top_order,73.3,66.2,75.9,74.9,B+,B+,B+,A,Float,4.82,0.38,1.25,,1.25,0.17,-0.17,0.48,0.76,-0.04,-0.2,2.12,0.05,-0.26,8,0.0,-0.57,0.35,0.82,0.04,Conditions-Proof,0.12,False
72e361fe,N Davin,Namibia,39,1007,732,137.57,28.77,109,34,2,top_order,73.2,71.6,74.1,76.6,A,B+,B+,B+,All-Round Elite,3.13,0.17,0.99,,0.99,0.19,-0.19,1.52,3.02,0.15,0.01,3.06,0.08,1.86,19,0.11,-0.46,0.37,0.77,-0.16,Tough-Track Star,-0.13,False
aef39fe4,Muhammad Tanveer,Qatar,42,1305,990,131.82,37.29,88,78,4,upper_middle,73.1,73.5,73.9,79.3,A,B+,B+,B+,All-Round Elite,6.57,0.28,0.93,,0.93,0.08,-0.08,1.15,2.73,0.07,-0.09,4.12,0.1,1.73,29,0.33,-0.5,0.31,0.8,0.3,Flat-Track Bully,0.54,False
f28a60e0,Saad Bin Zafar,Canada,33,471,376,125.27,27.71,38,16,8,lower_order,73.1,67.2,76.7,76.3,A,B+,B+,A,Float,3.36,0.3,,,,-0.06,0.06,0.92,2.3,-0.0,-0.03,3.18,0.1,0.61,14,-0.13,-0.52,0.23,0.78,0.08,Conditions-Proof,0.1,False
adbf0400,Basil Hameed,United Arab Emirates,46,715,553,129.29,23.83,36,38,6,lower_middle,73.1,72.0,75.7,76.2,A,B+,B+,A,All-Round Elite,6.3,0.52,1.05,,1.05,-0.19,0.19,0.77,1.28,-0.03,-0.17,2.69,0.06,-0.47,19,-0.13,-0.53,0.37,0.75,0.14,Conditions-Proof,0.13,False
c01ca5af,CV Anto,Kuwait,42,886,588,150.68,23.95,56,66,2,top_order,72.9,72.8,60.0,69.4,B+,B+,B+,B+,Float,3.86,0.28,1.34,,1.34,-0.05,0.05,1.76,2.3,0.11,0.13,4.42,0.11,-0.83,20,-0.34,-0.41,0.39,0.76,-0.2,Tough-Track Star,-0.24,False
5bdcdb72,TM Dilshan,Sri Lanka,75,1747,1455,120.07,27.3,210,29,2,top_order,72.9,74.1,87.1,83.1,A,B+,B+,A+,All-Round Elite,5.04,0.26,1.08,1.39,1.18,0.04,-0.04,0.57,1.53,0.16,-0.24,2.14,0.03,-0.13,6,-0.08,-0.62,0.3,0.84,-0.02,Conditions-Proof,-0.02,False
86dc8f2e,JH Kallis,South Africa,22,632,525,120.38,35.11,56,18,2,top_order,72.7,69.2,81.2,80.5,A,B+,B+,A,All-Round Elite,6.27,0.26,1.11,,1.11,-0.09,0.09,0.49,0.84,-0.36,-0.11,2.48,0.11,-0.5,5,-0.16,-0.52,0.28,0.8,-0.11,Conditions-Proof,-0.06,False
93b4fc78,MK Pandey,India,32,709,562,126.16,44.31,49,19,5,upper_middle,72.4,65.5,83.9,81.8,A,B+,B+,A,Float,8.06,0.46,1.44,,1.44,-0.09,0.09,0.58,0.99,-0.45,-0.12,2.87,0.09,-0.51,5,-0.03,-0.42,0.44,0.79,-0.06,Conditions-Proof,-0.16,False
65cebd5d,K Mishara,Sri Lanka,21,473,361,131.02,24.89,45,20,2,top_order,72.3,74.9,64.3,71.4,B+,B+,B+,B+,Float,4.67,0.27,1.11,,1.11,-0.2,0.2,0.54,0.95,-0.01,-0.18,2.14,0.1,,2,,-0.57,0.35,0.72,0.12,Conditions-Proof,0.08,False
a77472dc,G Stewart,Italy,21,532,332,160.24,28.0,35,44,7,lower_middle,72.3,73.1,65.6,72.3,B+,B+,B+,B+,Float,4.9,0.31,0.8,,0.8,-0.09,0.09,1.61,3.2,0.15,-0.04,4.68,0.22,-0.15,16,0.55,-0.08,0.48,0.73,0.13,Conditions-Proof,0.12,False
33b3d2df,GJ Delany,Ireland,67,1069,796,134.3,20.56,82,49,7,lower_middle,72.2,75.9,70.8,74.3,B+,B+,A,B+,Power Anchor,5.24,0.44,1.28,,1.28,-0.17,0.17,0.81,1.55,0.12,-0.18,2.59,0.04,-1.13,28,-0.37,-0.52,0.28,0.78,-0.17,Tough-Track Star,-0.19,False
9811e35e,Gulsan Jha,Nepal,42,634,451,140.58,20.45,33,46,7,lower_middle,72.1,72.8,68.1,72.1,B+,B+,B+,B+,All-Round Elite,5.12,0.48,2.13,,2.13,-0.14,0.14,1.05,1.35,0.22,0.07,3.65,0.09,0.84,19,0.11,-0.61,0.29,0.76,-0.23,Tough-Track Star,-0.69,False
7bf96684,OA Shah,England,15,347,284,122.18,24.79,26,13,5,upper_middle,72.0,71.3,70.1,73.1,B+,B+,B+,B+,All-Round Elite,10.6,0.56,1.61,,1.61,0.09,-0.09,0.41,0.49,-0.5,-0.11,2.16,0.14,0.08,5,0.08,-0.69,0.22,0.74,-0.05,Conditions-Proof,0.06,False
7eae4418,Misbah-ul-Haq,Pakistan,32,771,698,110.46,40.58,45,26,6,lower_middle,71.9,64.9,83.8,81.5,A,B+,B+,A,Float,10.91,0.5,1.93,,1.93,-0.2,0.2,0.61,1.51,-0.08,-0.16,3.04,0.1,0.0,8,-0.05,-0.71,0.28,0.8,0.13,Conditions-Proof,0.3,False
2b6e6dec,AC Gilchrist,Australia,13,272,192,141.67,22.67,27,13,1,top_order,71.8,70.0,60.8,68.2,B+,B+,B+,B+,Float,3.69,0.25,1.09,,1.09,0.18,-0.18,1.04,1.32,0.52,-0.02,2.28,0.18,,3,,-0.2,0.41,0.72,-0.35,Tough-Track Star,-0.36,False
b61a3e1a,LRPL Taylor,New Zealand,96,1974,1617,122.08,24.99,126,74,4,upper_middle,71.8,60.7,91.2,81.8,A,B+,B+,A+,Float,7.69,0.46,1.02,,1.02,-0.06,0.06,0.6,1.35,-0.24,-0.2,2.1,0.02,-0.32,26,-0.19,-0.65,0.29,0.81,0.06,Conditions-Proof,0.16,False
dcbea954,Aasif Sheikh,Nepal,69,1699,1414,120.16,25.74,155,66,2,top_order,71.7,74.9,78.8,78.7,A,B+,B+,A,Float,5.45,0.27,0.82,,0.82,0.2,-0.2,0.63,0.82,0.12,-0.13,2.48,0.04,-0.07,24,-0.02,-0.81,0.23,0.82,-0.2,Tough-Track Star,-0.1,False
4ec96094,GR Adair,Ireland,21,503,361,139.34,23.95,48,28,2,top_order,71.7,73.5,58.3,68.1,B+,B+,B+,B,Utility Player,6.52,0.38,0.82,1.44,1.01,-0.04,0.04,0.64,1.29,0.43,-0.05,2.47,0.12,,4,,-0.62,0.42,0.73,-0.14,Conditions-Proof,0.01,False
df5a6881,DP Conway,New Zealand,58,1695,1308,129.59,35.31,164,48,2,top_order,71.7,77.9,89.5,86.6,A+,B+,A,A+,Power Anchor,7.98,0.35,1.18,,1.18,0.06,-0.06,0.58,1.12,0.16,-0.26,2.72,0.05,-0.93,8,-0.5,-0.48,0.34,0.83,-0.44,Tough-Track Star,-0.51,False
e087956b,BA Stokes,England,34,576,445,129.44,23.04,41,22,6,lower_middle,71.6,69.8,81.8,77.8,A,B+,B+,A,Float,7.71,0.59,1.06,,1.06,-0.13,0.13,0.64,1.32,-0.11,-0.15,2.33,0.07,0.39,11,0.05,-0.61,0.27,0.78,-0.14,Conditions-Proof,-0.5,False
3cf06094,Bilal Tahir,Kuwait,49,732,517,141.59,21.53,45,50,6,lower_middle,71.6,71.9,70.8,73.2,B+,B+,B+,B+,Float,4.22,0.4,1.84,,1.84,0.16,-0.16,0.89,1.38,0.08,0.04,4.07,0.08,-0.59,28,-0.18,-0.69,0.28,0.77,-0.07,Conditions-Proof,-0.13,False
11614d87,D Pretorius,South Africa,17,261,159,164.15,21.75,22,15,7,lower_middle,71.6,72.6,53.2,65.0,B+,B+,B+,B,Utility Player,4.29,0.46,1.68,,1.68,-0.22,0.22,0.82,1.03,-0.27,-0.09,2.45,0.14,-0.63,7,-0.26,-0.17,0.45,0.64,0.39,Flat-Track Bully,0.66,False
bb345e0b,G Gambhir,India,34,918,769,119.38,28.69,108,10,1,top_order,71.5,66.0,81.4,78.1,A,B+,B+,A,Float,5.38,0.24,1.21,,1.21,0.04,-0.04,0.44,0.84,0.33,-0.17,2.09,0.06,0.43,5,0.04,-0.66,0.23,0.79,-0.04,Conditions-Proof,-0.25,False
2318ba22,TLW Cooper,Netherlands,29,592,466,127.04,23.68,58,18,4,upper_middle,71.4,69.9,67.0,71.2,B+,B+,B+,B+,Float,5.38,0.33,1.32,,1.32,-0.21,0.21,0.9,2.27,-0.01,-0.15,2.09,0.07,0.6,11,0.01,-0.37,0.32,0.76,0.25,Flat-Track Bully,0.22,False
3979b5e0,L Tucker,Ireland,69,1511,1200,125.92,25.18,139,40,3,top_order,71.4,69.9,79.5,77.7,A,B+,B+,A,Float,5.88,0.34,1.47,1.06,1.34,-0.06,0.06,0.38,0.88,0.09,-0.29,1.99,0.03,-0.13,32,-0.14,-0.6,0.31,0.82,-0.27,Tough-Track Star,-0.31,False
8361e524,SSB Magala,South Africa,3,34,18,188.89,34.0,1,4,8,lower_order,71.3,69.8,61.5,70.4,B+,B+,B+,B+,Float,3.0,0.5,,,,,,,,,0.31,3.7,,,0,,-0.38,0.0,1.0,,,,True
caf69bf7,DR Sams,Australia,7,106,62,170.97,26.5,8,6,8,lower_order,71.3,71.8,67.6,71.9,B+,B+,B+,B+,Float,6.0,0.68,,,,,,,,,0.02,2.51,,,3,,2.28,1.0,0.29,,,,True
86b4bf88,MJ Swepson,Australia,5,32,23,139.13,32.0,1,2,10,tail,71.3,58.0,71.5,72.0,B+,B+,B,B+,Float,1.8,0.39,,,,,,,,,0.17,2.61,,,5,0.16,0.37,1.0,1.0,,,,True
fd835ab3,DJ Hussey,Australia,36,756,623,121.35,22.91,41,34,4,upper_middle,71.2,69.1,71.1,72.8,B+,B+,B+,B+,Float,8.69,0.5,2.06,,2.06,0.05,-0.05,0.59,1.51,-0.17,-0.23,1.85,0.05,-0.7,10,-0.13,-0.59,0.3,0.78,-0.0,Conditions-Proof,-0.03,False
f8fd6e3f,Ahmed Shehzad,Pakistan,58,1436,1245,115.34,25.64,151,33,2,top_order,71.2,71.4,80.6,78.4,A,B+,B+,A,Float,7.79,0.36,1.28,1.04,1.21,-0.22,0.22,0.52,1.11,0.01,-0.22,1.99,0.03,-0.64,9,-0.21,-0.97,0.15,0.82,0.04,Conditions-Proof,0.07,False
b57f8a9a,BJ Hodge,Australia,11,183,144,127.08,26.14,10,7,6,lower_middle,70.9,58.9,70.0,70.3,B+,B+,B,B+,Float,8.27,0.63,,,,0.19,-0.19,0.64,0.87,-0.72,-0.11,1.82,0.17,,2,,-1.21,0.22,0.68,-0.15,Conditions-Proof,-0.15,False
a24be938,VR Iyer,India,7,133,82,162.2,33.25,15,5,6,lower_middle,70.9,72.4,68.6,73.9,B+,B+,B+,B+,Float,2.86,0.24,,,,,,,,,0.13,2.88,,,0,,0.57,0.8,0.58,,,,True
4a745f65,AR Nurse,West Indies,8,85,71,119.72,42.5,7,3,8,lower_order,70.8,67.8,75.7,77.5,A,B+,B+,A,Float,5.88,0.66,,,,,,,,,-0.02,3.02,,,4,,-0.82,0.2,0.61,,,,True
cf6acc0d,R Sandaruwan,Kuwait,67,1517,1089,139.3,22.98,134,85,2,top_order,70.7,72.8,54.2,66.3,B+,B+,B+,B,Utility Player,5.9,0.36,1.34,2.63,1.73,0.12,-0.12,1.0,1.66,0.3,-0.14,2.63,0.04,0.81,30,0.17,-0.52,0.34,0.81,-0.18,Tough-Track Star,-0.14,False
331ea488,UT Khawaja,Australia,9,241,182,132.42,26.78,31,5,1,top_order,70.7,67.8,67.3,70.9,B+,B+,B+,B+,Float,5.11,0.25,1.19,,1.19,,,,,-0.66,-0.04,2.06,,,1,,-0.46,0.31,0.74,,,,True
29e253dd,Iftikhar Ahmed,Pakistan,51,941,718,131.06,23.52,66,42,5,upper_middle,70.7,78.2,81.5,79.4,A,B+,A,A,Power Anchor,5.15,0.37,1.67,,1.67,0.14,-0.14,0.8,1.83,0.05,-0.18,2.25,0.04,0.51,13,-0.02,-0.6,0.28,0.8,-0.19,Tough-Track Star,-0.14,False
c834c290,JL Smith,England,5,130,67,194.03,26.0,9,10,1,top_order,70.6,73.2,50.9,64.4,B+,B+,B+,B,Utility Player,5.0,0.37,1.55,,1.55,,,,,,0.07,2.75,,,1,,-0.13,0.6,0.62,,,,True
57efa3be,SB Styris,New Zealand,29,578,483,119.67,21.41,40,25,5,upper_middle,70.6,70.0,65.6,70.0,B+,B+,B+,B+,Float,7.69,0.46,0.99,,0.99,-0.15,0.15,0.6,0.83,-0.18,-0.14,2.03,0.07,-0.54,10,-0.09,-0.8,0.23,0.79,-0.05,Conditions-Proof,-0.04,False
3eac9d95,JDP Oram,New Zealand,30,482,343,140.52,20.08,38,23,7,lower_middle,70.6,72.8,71.3,72.8,B+,B+,B+,B+,Float,5.55,0.49,1.14,,1.14,0.16,-0.16,1.03,1.99,0.02,-0.09,2.69,0.09,1.54,8,0.16,-0.35,0.32,0.76,-0.04,Conditions-Proof,0.23,False
87e562a9,DJ Bravo,West Indies,72,1227,1062,115.54,21.91,72,54,5,upper_middle,70.6,74.0,78.3,77.0,A,B+,B+,A,Float,7.43,0.5,1.69,,1.69,-0.12,0.12,0.64,2.25,0.03,-0.22,1.97,0.03,-0.36,24,-0.1,-0.85,0.22,0.79,-0.1,Conditions-Proof,-0.19,False
f1eb3c73,DMW Rawlins,Bermuda,34,1045,712,146.77,38.7,72,68,4,upper_middle,70.6,71.2,69.4,76.0,A,B+,B+,B+,Float,5.56,0.27,1.2,,1.2,0.11,-0.11,1.97,5.8,0.08,-0.08,4.15,0.12,1.52,26,0.22,-0.23,0.38,0.81,0.22,Flat-Track Bully,0.45,False
38214163,M Faraz Akram,Zimbabwe,7,91,61,149.18,30.33,4,6,8,lower_order,70.5,65.5,70.5,72.5,B+,B+,B+,B+,Float,2.29,0.26,,,,,,,,-0.36,0.1,2.63,,,3,,-0.7,0.0,0.29,,,,True
156d0ea2,SR Mukkamalla,United States of America,21,737,494,149.19,40.94,72,31,2,top_order,70.5,70.6,73.3,77.4,A,B+,B+,B+,Float,3.05,0.13,1.34,1.12,1.27,-0.13,0.13,1.54,1.96,0.43,-0.04,3.28,0.16,,1,,-0.22,0.39,0.8,-0.21,Tough-Track Star,-0.57,False
b8cc58c9,RR Hendricks,South Africa,88,2475,1913,129.38,28.45,265,69,2,top_order,70.3,81.4,89.0,85.3,A+,B+,A,A+,Power Anchor,7.99,0.37,1.11,1.67,1.28,0.12,-0.12,0.46,0.87,0.12,-0.26,2.26,0.03,0.27,21,0.06,-0.68,0.28,0.85,-0.04,Conditions-Proof,-0.06,False
1a156c88,DJM Short,Australia,23,642,540,118.89,30.57,71,15,1,top_order,70.3,68.5,79.3,77.5,A,B+,B+,A,Float,8.43,0.36,0.96,,0.96,0.0,-0.0,0.46,0.88,0.24,-0.14,2.13,0.09,-0.51,6,-0.18,-0.54,0.31,0.78,-0.24,Tough-Track Star,-0.44,False
9e0bd203,B Ward,Jersey,30,561,439,127.79,25.5,32,30,6,lower_middle,70.2,69.3,69.6,72.1,B+,B+,B+,B+,Float,5.57,0.38,2.22,,2.22,-0.27,0.27,1.27,1.88,-0.21,0.01,3.29,0.11,0.23,27,-0.04,-0.58,0.36,0.76,0.15,Conditions-Proof,0.06,False
6b75c2b1,NR Kirton,Canada,36,737,602,122.43,23.77,48,28,4,upper_middle,70.0,67.5,65.4,69.6,B+,B+,B+,B+,Float,6.83,0.41,0.8,,0.8,0.04,-0.04,0.82,2.79,0.06,-0.09,2.26,0.06,0.0,18,0.11,-0.52,0.29,0.78,-0.05,Conditions-Proof,-0.1,False
d02c40ab,YS Samra,Canada,17,524,330,158.79,37.43,48,30,1,top_order,70.0,68.6,68.2,74.2,B+,B+,B+,B+,Float,4.76,0.25,1.09,1.89,1.33,0.67,-0.67,1.66,2.94,0.21,0.09,4.03,0.24,3.59,6,0.48,0.07,0.44,0.76,-0.22,Tough-Track Star,-0.45,False
b43f7a6a,AR Patwa,Tanzania,49,1151,950,121.16,25.02,144,32,1,top_order,70.0,69.2,62.0,68.9,B+,B+,B+,B+,Float,6.37,0.33,1.16,,1.16,0.2,-0.2,0.91,1.66,0.43,0.08,3.12,0.06,0.86,35,0.26,-0.84,0.23,0.79,-0.11,Conditions-Proof,-0.18,False
d0b643e1,Manan Ali,Saudi Arabia,35,704,480,146.67,25.14,33,52,4,upper_middle,69.9,69.9,62.8,69.1,B+,B+,B+,B+,Float,4.97,0.36,0.81,,0.81,-0.07,0.07,1.44,3.29,0.18,-0.01,3.45,0.1,-1.09,12,-0.18,-0.3,0.42,0.74,-0.32,Tough-Track Star,-0.46,False
6c7a68d0,Shubham Ranjane,United States of America,4,141,78,180.77,70.5,9,8,5,upper_middle,69.9,68.1,70.8,75.1,A,B+,B+,B+,Float,0.5,0.03,0.89,,0.89,,,,,,0.33,3.88,,,2,,0.24,0.57,0.67,,,,True
1274d7ab,Nazmul Hossain Shanto,Bangladesh,44,959,874,109.73,24.59,88,19,3,top_order,69.9,11.5,79.9,65.2,B+,B+,D,A,Strike Rotator,5.82,0.29,0.79,,0.79,-0.05,0.05,0.37,0.57,-0.05,-0.21,1.7,0.04,-0.23,9,-0.1,-0.96,0.27,0.83,-0.15,Conditions-Proof,-0.07,False
193ef196,Sharjeel Khan,Pakistan,17,388,289,134.26,22.82,51,14,1,top_order,69.7,74.1,56.6,66.5,B+,B+,B+,B,Utility Player,4.94,0.29,1.43,,1.43,0.17,-0.17,0.87,1.17,0.25,-0.04,2.34,0.14,,2,,-0.48,0.29,0.77,-0.11,Conditions-Proof,-0.12,False
a8e54ef4,Aamer Jamal,Pakistan,4,74,38,194.74,24.67,4,6,9,lower_order,69.6,68.3,56.2,65.1,B+,B+,B+,B,Utility Player,4.25,0.45,,,,,,,,,0.16,2.99,,,2,,1.78,1.0,0.29,,,,True
e9d6a2ce,Manpreet Singh,Singapore,64,1275,1049,121.54,22.77,68,49,5,upper_middle,69.5,55.1,69.9,69.2,B+,B+,B,B+,Float,8.3,0.51,1.42,,1.42,-0.25,0.25,0.58,1.02,0.03,-0.17,2.22,0.03,-0.81,47,-0.11,-0.75,0.19,0.83,0.06,Conditions-Proof,-0.06,False
c63671e9,Naseem Khushi,Oman,34,612,372,164.52,19.12,39,47,2,top_order,69.5,69.5,61.5,67.4,B+,B+,B+,B+,Float,2.94,0.27,0.71,,0.71,-0.07,0.07,1.6,2.57,-0.06,0.09,3.94,0.12,-0.96,13,-0.15,-0.4,0.38,0.77,0.09,Conditions-Proof,-0.04,False
e1592949,KS Leverock,Bermuda,25,701,461,152.06,33.38,61,41,1,top_order,69.5,68.8,67.4,72.7,B+,B+,B+,B+,Float,3.84,0.21,1.06,0.67,0.94,0.31,-0.31,1.83,3.41,0.32,0.13,4.71,0.19,0.07,23,-0.38,-0.07,0.45,0.82,-0.08,Conditions-Proof,-0.19,False
c01d7726,H Thaker,Canada,39,732,600,122.0,23.61,39,33,5,upper_middle,69.2,57.4,73.0,70.7,B+,B+,B,B+,Float,7.44,0.48,1.61,,1.61,-0.0,0.0,0.86,1.9,0.04,-0.1,2.26,0.06,0.2,18,0.09,-0.65,0.31,0.84,0.03,Conditions-Proof,0.11,False
09a9d073,J Charles,West Indies,63,1416,1106,128.03,22.48,149,68,2,top_order,69.2,81.1,43.1,62.3,B+,B+,A,C+,Utility Player,6.68,0.38,0.99,,0.99,0.03,-0.03,0.58,0.92,0.16,-0.26,1.88,0.03,-0.6,12,0.09,-0.72,0.31,0.78,-0.06,Conditions-Proof,-0.02,False
23fa9ea9,Abdul Waheed,Saudi Arabia,45,1180,912,129.39,30.26,118,37,1,top_order,69.1,65.6,73.0,73.9,B+,B+,B+,B+,Float,5.02,0.25,1.06,1.74,1.27,0.05,-0.05,0.81,1.22,0.47,-0.13,2.82,0.06,0.27,14,0.12,-0.49,0.29,0.81,-0.04,Conditions-Proof,-0.18,False
571e1d2a,Shayan Jahangir,United States of America,21,463,344,134.59,28.94,41,18,6,lower_middle,69.1,68.5,71.9,73.2,B+,B+,B+,B+,Float,4.82,0.29,1.44,,1.44,0.03,-0.03,0.76,1.2,-0.24,-0.15,2.43,0.12,1.29,7,0.25,-0.48,0.34,0.74,0.11,Conditions-Proof,0.24,False
f468293b,JN Loftie-Eaton,Namibia,42,735,534,137.64,20.42,73,30,3,top_order,68.9,69.7,61.1,67.3,B+,B+,B+,B+,Float,5.52,0.43,0.74,2.42,1.25,-0.13,0.13,0.75,2.05,-0.17,-0.15,2.36,0.06,-1.16,19,0.03,-0.63,0.39,0.81,0.06,Conditions-Proof,-0.03,False
b3bad3f2,NR Kumar,United States of America,31,673,533,126.27,24.93,48,25,3,top_order,68.9,69.2,69.3,71.5,B+,B+,B+,B+,Float,5.03,0.29,1.53,,1.53,-0.19,0.19,0.81,2.88,0.2,-0.14,2.07,0.07,0.01,19,-0.06,-0.44,0.34,0.78,-0.02,Conditions-Proof,0.08,False
c156cc1f,I Danladi,Nigeria,55,1239,1071,115.69,25.29,110,35,4,upper_middle,68.8,66.9,64.6,69.3,B+,B+,B+,B+,Float,5.25,0.27,1.15,,1.15,-0.2,0.2,1.01,1.55,-0.31,-0.03,2.7,0.05,-0.15,21,-0.05,-0.88,0.25,0.84,0.03,Conditions-Proof,-0.01,False
f6b4f746,Ahmed Faiz,Malaysia,79,1754,1421,123.43,25.06,139,65,3,top_order,68.6,69.1,75.2,74.7,B+,B+,B+,A,Float,6.33,0.35,1.03,2.7,1.53,-0.05,0.05,0.66,1.67,0.07,-0.17,2.43,0.03,0.56,29,0.09,-0.6,0.25,0.83,-0.05,Conditions-Proof,-0.01,False
8b261d84,MH Cross,Scotland,66,1223,1069,114.41,21.84,110,27,3,top_order,68.5,19.9,79.8,66.1,B+,B+,C,A,Strike Rotator,6.17,0.38,1.22,,1.22,0.1,-0.1,0.46,2.13,-0.05,-0.16,1.91,0.03,0.28,28,0.08,-1.04,0.22,0.78,-0.01,Conditions-Proof,-0.06,False
7147f314,Sabbir Rahman,Bangladesh,43,939,780,120.38,24.71,88,29,3,top_order,68.4,68.6,72.0,72.6,B+,B+,B+,B+,Float,7.14,0.39,1.09,,1.09,-0.01,0.01,0.57,0.89,-0.17,-0.29,1.73,0.04,-0.16,12,-0.0,-0.75,0.31,0.81,-0.21,Conditions-Proof,-0.04,False
ff3f6fc1,Mohammad Haris,Pakistan,28,515,364,141.48,19.81,45,26,3,top_order,68.3,70.6,47.7,61.0,B+,B+,B+,B,Utility Player,3.0,0.23,1.7,1.65,1.68,0.04,-0.04,1.0,1.61,-0.24,-0.14,2.09,0.07,,3,,-0.8,0.2,0.74,0.03,Conditions-Proof,0.16,False
80fe764d,Tanzid Hasan,Bangladesh,40,982,764,128.53,28.06,90,45,1,top_order,68.3,74.4,75.2,75.8,A,B+,B+,A,Float,5.08,0.27,1.26,,1.26,0.18,-0.18,0.74,1.2,-0.26,-0.27,2.02,0.05,0.08,7,-0.02,-0.72,0.24,0.82,0.07,Conditions-Proof,0.09,False
8836fcac,M Mosehle,South Africa,6,105,65,161.54,21.0,6,9,6,lower_middle,68.2,68.4,56.9,64.4,B+,B+,B+,B,Utility Player,5.67,0.52,,,,,,,,,0.35,3.63,,,1,,0.07,0.5,0.64,,,,True
436c763a,BJ McMullen,Scotland,26,709,482,147.1,30.83,58,36,3,top_order,68.2,73.3,68.4,72.9,B+,B+,B+,B+,Float,7.23,0.39,1.05,0.85,0.99,0.04,-0.04,0.71,0.96,-0.2,-0.19,2.43,0.09,-0.34,13,0.03,-0.09,0.47,0.78,0.11,Conditions-Proof,0.12,False
b424d3d3,Muhammad Asim,Qatar,21,586,413,141.89,41.86,57,21,4,upper_middle,68.2,69.1,69.1,74.3,B+,B+,B+,B+,Float,7.1,0.36,1.52,,1.52,0.14,-0.14,0.95,1.53,-0.06,-0.11,3.45,0.16,0.54,10,-0.24,-0.23,0.39,0.75,0.16,Flat-Track Bully,0.37,False
11df3dc8,MJ Lumb,England,27,552,413,133.66,21.23,64,21,1,top_order,68.2,71.6,65.4,69.3,B+,B+,B+,B+,Float,4.3,0.28,1.65,,1.65,0.03,-0.03,0.52,1.15,0.02,-0.15,2.07,0.08,-0.18,5,0.04,-0.87,0.31,0.75,-0.08,Conditions-Proof,-0.21,False
7d608e12,DM de Silva,Sri Lanka,44,786,695,113.09,19.17,68,15,4,upper_middle,68.1,43.3,64.6,63.2,B+,B+,C+,B+,Utility Player,5.5,0.35,1.14,,1.14,-0.01,0.01,0.4,0.75,0.1,-0.22,1.59,0.04,-0.13,10,0.02,-0.87,0.18,0.76,-0.1,Conditions-Proof,-0.18,False
12c3ba4d,P Khadka,Nepal,28,690,526,131.18,26.54,74,25,1,top_order,68.0,68.1,63.5,68.7,B+,B+,B+,B+,Float,3.54,0.19,1.3,1.52,1.37,-0.04,0.04,1.13,2.54,-0.26,-0.11,2.31,0.08,0.06,8,0.12,-0.6,0.41,0.78,0.36,Flat-Track Bully,0.39,False
2bb09eb2,Mohammad Ashraful,Bangladesh,20,382,278,137.41,19.1,41,11,4,upper_middle,67.9,66.3,47.8,59.8,B,B+,B+,B,Utility Player,2.7,0.19,2.0,,2.0,-0.06,0.06,0.92,2.95,-0.09,-0.03,2.14,0.11,-1.41,7,-0.16,-0.79,0.29,0.74,0.32,Flat-Track Bully,0.63,False
7c503806,J Botha,South Africa,20,201,165,121.82,18.27,15,9,8,lower_order,67.9,66.9,70.1,69.7,B+,B+,B+,B+,Float,3.7,0.45,,,,0.17,-0.17,0.81,1.16,0.23,0.09,2.74,0.14,0.26,9,0.12,-0.63,0.2,0.69,-0.41,Tough-Track Star,-0.72,False
53bc7b84,Aftab Ahmed,Bangladesh,10,200,159,125.79,22.22,22,5,3,top_order,67.8,61.9,59.1,64.2,B+,B+,B+,B,Utility Player,6.4,0.4,0.93,,0.93,,,1.2,2.48,-0.32,-0.06,1.88,0.19,,3,,-0.39,0.31,0.73,-0.18,Tough-Track Star,-0.27,False
8c7d6cbe,MW Machan,Scotland,8,193,141,136.88,32.17,24,2,4,upper_middle,67.8,65.7,64.7,69.5,B+,B+,B+,B+,Float,5.12,0.29,0.74,,0.74,,,,,-0.42,0.28,3.21,,,3,,-0.37,0.38,0.7,,,,True
62e203d4,Junaid Siddique,Bangladesh,7,159,108,147.22,22.71,16,7,2,top_order,67.7,67.2,49.2,60.8,B+,B+,B+,B,Utility Player,3.0,0.19,1.19,,1.19,,,,,,0.17,2.3,,,1,,-0.65,0.43,0.61,,,,True
7ca68967,NA Greenwood,Jersey,32,896,634,141.32,30.9,94,24,2,top_order,67.5,62.7,69.5,71.2,B+,B+,B+,B+,Float,3.69,0.19,1.03,,1.03,0.15,-0.15,1.2,2.45,-0.27,-0.14,2.58,0.08,0.44,23,-0.02,-0.21,0.52,0.78,0.19,Flat-Track Bully,0.06,False
3086f7a4,Mohammad Nawaz,Pakistan,55,774,557,138.96,18.43,62,41,7,lower_middle,67.5,75.0,66.3,70.0,B+,B+,A,B+,Float,4.91,0.48,0.24,,0.24,0.24,-0.24,0.84,1.41,0.2,-0.19,2.47,0.04,0.34,15,0.16,-0.36,0.43,0.75,-0.05,Conditions-Proof,-0.21,False
69762509,DR Martyn,Australia,4,120,74,162.16,30.0,11,5,7,lower_middle,67.4,66.0,50.6,62.5,B+,B+,B+,B,Utility Player,2.25,0.12,1.06,,1.06,,,,,,-0.11,1.72,,,3,,0.04,0.6,0.6,,,,True
8bd614b2,Rony Talukdar,Bangladesh,9,220,160,137.5,24.44,23,7,2,top_order,67.3,66.4,58.9,65.2,B+,B+,B+,B,Utility Player,2.78,0.16,1.09,,1.09,,,,,-0.9,0.01,1.7,,,1,,-0.53,0.27,0.75,,,,True
85ad2217,DS Smith,West Indies,6,203,161,126.09,33.83,22,5,2,top_order,67.2,62.7,69.0,71.1,B+,B+,B+,B+,Float,16.17,0.6,0.74,,0.74,,,,,,0.06,1.97,,,0,,-0.56,0.29,0.73,,,,True
710dd98c,MN van Wyk,South Africa,7,225,157,143.31,37.5,19,14,1,top_order,67.2,67.4,65.0,71.3,B+,B+,B+,B+,Float,9.14,0.41,1.08,1.26,1.13,,,,,,-0.21,1.89,,,1,,-0.05,0.43,0.75,,,,True
3560a786,C Madande,Zimbabwe,36,599,506,118.38,23.04,48,19,7,lower_middle,67.2,64.3,75.0,72.1,B+,B+,B+,A,Float,7.36,0.52,2.17,,2.17,0.02,-0.02,0.59,1.1,0.26,-0.24,2.02,0.06,0.22,14,-0.12,-0.79,0.28,0.8,-0.04,Conditions-Proof,-0.08,False
f0af99a7,D Ferreira,South Africa,15,240,154,155.84,18.46,13,17,6,lower_middle,67.2,67.9,47.7,59.7,B,B+,B+,B,Utility Player,5.47,0.53,1.28,,1.28,-0.53,0.53,0.87,0.84,-0.12,-0.06,2.5,0.17,-1.31,5,-0.47,-0.29,0.44,0.66,-0.28,Tough-Track Star,-0.67,False
ab21795b,BAD Manenti,Italy,11,231,160,144.38,23.1,20,12,2,top_order,67.1,67.0,60.4,65.8,B+,B+,B+,B+,Float,6.64,0.46,2.31,,2.31,,,1.11,1.51,-0.53,-0.03,3.12,0.28,,11,-0.01,-0.16,0.5,0.69,-0.04,Conditions-Proof,,False
fc55ec67,MR Adair,Ireland,63,814,628,129.62,16.28,55,39,8,lower_order,67.0,66.5,72.5,70.7,B+,B+,B+,B+,Float,4.03,0.4,0.86,,0.86,0.05,-0.05,0.67,1.24,0.29,-0.07,2.63,0.04,0.02,34,0.18,-0.72,0.34,0.76,-0.09,Conditions-Proof,-0.29,False
30d8136b,AR Ramjani,Uganda,40,745,564,132.09,24.03,61,26,5,upper_middle,66.9,66.9,66.5,69.0,B+,B+,B+,B+,Float,5.88,0.42,1.24,,1.24,-0.12,0.12,1.04,1.53,0.15,-0.07,2.68,0.07,-1.46,10,-0.37,-0.36,0.38,0.76,0.16,Flat-Track Bully,0.06,False
33155d1b,IR Bell,England,8,188,163,115.34,26.86,23,2,1,top_order,66.9,31.1,62.1,59.9,B,B+,C+,B+,Utility Player,4.12,0.2,0.74,,0.74,,,,,0.03,-0.2,1.27,,,2,,-1.01,0.14,0.68,,,,True
4b167ede,AWJ Auguste,West Indies,8,164,118,138.98,23.43,11,11,4,upper_middle,66.8,67.9,48.1,60.3,B+,B+,B+,B,Utility Player,4.0,0.27,1.62,,1.62,,,,,0.72,-0.0,1.97,,,3,,-0.73,0.22,0.73,,,,True
91052c96,PW Borren,Netherlands,28,485,375,129.33,19.4,51,13,5,upper_middle,66.8,67.1,56.1,63.4,B+,B+,B+,B,Utility Player,3.68,0.27,0.72,,0.72,-0.06,0.06,0.88,2.46,0.07,-0.06,2.28,0.08,-0.16,19,-0.14,-0.64,0.32,0.75,0.04,Conditions-Proof,0.06,False
b2e1d224,G Malla,Nepal,34,780,640,121.88,23.64,63,34,3,top_order,66.7,65.8,68.6,69.6,B+,B+,B+,B+,Float,6.91,0.37,1.09,1.05,1.08,-0.02,0.02,0.82,1.81,-0.43,-0.09,2.28,0.07,0.02,11,-0.02,-0.77,0.26,0.81,0.36,Flat-Track Bully,0.38,False
7a6decc8,Luqman Butt,Cambodia,34,1048,719,145.76,37.43,90,60,4,upper_middle,66.7,66.8,66.2,72.2,B+,B+,B+,B+,Float,4.59,0.22,1.01,,1.01,0.22,-0.22,1.57,1.86,0.08,0.13,5.42,0.16,1.32,14,0.11,-0.68,0.33,0.77,0.13,Conditions-Proof,0.28,False
5b8c830e,KH Pandya,India,10,124,95,130.53,24.8,8,6,7,lower_middle,66.7,64.6,70.7,70.0,B+,B+,B+,B+,Float,4.7,0.49,,,,0.3,-0.3,0.91,1.32,0.62,-0.07,1.87,0.19,,2,,-0.25,0.5,0.56,-0.28,Tough-Track Star,-0.46,False
7955eb15,RK Kleinveldt,South Africa,2,25,10,250.0,25.0,1,3,9,lower_order,66.6,66.1,48.2,60.0,B+,B+,B+,B,Utility Player,2.0,0.4,,,,,,,,,0.39,2.39,,,1,,,,,,,,True
5661ef90,A Sharma,United Arab Emirates,18,439,372,118.01,25.82,50,12,1,top_order,66.6,68.9,63.2,67.9,B+,B+,B+,B+,Float,5.06,0.24,1.06,,1.06,-0.13,0.13,0.55,0.91,0.31,-0.12,2.03,0.11,0.22,6,0.22,-0.63,0.3,0.76,-0.21,Tough-Track Star,-0.31,False
df1f2f29,Fiaz Ahmed,Bahrain,58,1507,1235,122.02,33.49,95,80,3,top_order,66.6,67.0,72.5,74.1,B+,B+,B+,B+,Float,8.03,0.38,1.61,2.25,1.8,-0.05,0.05,0.73,1.23,0.18,-0.14,3.21,0.06,-1.02,14,-0.11,-0.63,0.32,0.81,-0.01,Conditions-Proof,-0.02,False
2e9fdf9b,DAJ Bracewell,New Zealand,11,126,90,140.0,21.0,6,9,8,lower_order,66.6,67.0,68.3,68.7,B+,B+,B+,B+,Float,3.55,0.43,,,,-0.25,0.25,0.89,0.75,0.27,0.14,2.49,0.23,0.14,5,-0.23,0.32,0.5,0.64,0.02,Conditions-Proof,-0.24,False
ee95065d,Irfan Khan,Pakistan,11,189,140,135.0,27.0,20,7,6,lower_middle,66.4,70.5,61.4,67.3,B+,B+,B+,B+,Float,6.27,0.49,,,,-0.19,0.19,0.42,0.67,0.39,-0.2,1.73,0.16,,4,,-0.59,0.25,0.64,-0.24,Conditions-Proof,0.11,False
80ad39ac,Hasan Mahmud,Bangladesh,9,50,51,98.04,25.0,0,4,10,tail,66.4,64.5,74.8,71.6,B+,B+,B+,B+,Float,4.89,0.86,,,,,,,,0.33,-0.27,2.89,,-0.65,5,-0.15,-1.43,0.0,0.29,,,,True
35205dfc,DR Smith,West Indies,32,582,474,122.78,18.19,62,31,1,top_order,66.3,70.4,51.7,61.9,B+,B+,B+,B,Utility Player,4.97,0.34,3.26,,3.26,-0.25,0.25,0.98,2.46,-0.2,-0.11,2.12,0.07,,4,,-1.07,0.28,0.77,-0.23,Tough-Track Star,-0.22,False
4175d211,SK Springer,West Indies,3,55,36,152.78,27.5,4,3,10,tail,66.2,65.6,62.4,66.7,B+,B+,B+,B+,Float,4.67,0.39,,,,,,,,,0.01,2.25,,,2,,0.38,0.5,0.29,,,,True
05f96194,MA Jones,Scotland,15,366,264,138.64,26.14,34,17,2,top_order,66.1,69.3,62.5,67.5,B+,B+,B+,B+,Float,9.2,0.52,0.88,,0.88,-0.58,0.58,0.44,0.55,0.05,-0.23,1.8,0.12,,3,,-0.12,0.44,0.76,-0.29,Tough-Track Star,,False
19c56e6e,AJ Mosca,Italy,20,539,414,130.19,35.93,40,21,2,top_order,66.1,69.4,68.5,72.7,B+,B+,B+,B+,Float,9.1,0.44,1.19,,1.19,-0.05,0.05,1.06,1.61,0.08,-0.1,2.88,0.14,-3.34,16,-0.63,-0.48,0.31,0.77,-0.35,Tough-Track Star,-0.31,False
33290a80,K Kadowaki-Fleming,Japan,45,1668,1175,141.96,39.71,127,85,2,top_order,66.1,66.1,68.3,73.3,B+,B+,B+,B+,Float,5.0,0.19,1.14,1.27,1.18,0.04,-0.04,1.69,5.46,0.36,-0.02,3.74,0.08,0.58,23,0.11,-0.31,0.38,0.84,-0.14,Conditions-Proof,-0.04,False
6581d753,JM Kemp,South Africa,7,203,160,126.88,50.75,17,10,4,upper_middle,66.1,70.3,73.9,75.7,A,B+,B+,B+,Float,15.14,0.66,1.18,,1.18,,,,,-0.04,-0.15,2.51,,,3,,-0.98,0.18,0.71,,,,True
30c917bf,AV Lazarus,Thailand,36,799,694,115.13,26.63,64,29,4,upper_middle,66.0,64.6,63.1,67.2,B+,B+,B+,B+,Float,6.75,0.35,1.51,0.58,1.23,0.15,-0.15,1.04,1.53,0.01,0.08,3.34,0.09,-0.97,12,-0.39,-0.92,0.21,0.79,-0.22,Conditions-Proof,0.13,False
26a8b2fe,Hassan Nawaz,Pakistan,21,424,263,161.22,22.32,22,33,6,lower_middle,66.0,73.4,48.9,61.5,B+,B+,B+,B,Utility Player,4.19,0.33,1.24,1.45,1.3,-0.19,0.19,1.01,1.5,-0.42,-0.3,2.09,0.1,-0.61,6,-0.31,-0.32,0.47,0.75,0.37,Flat-Track Bully,0.38,False
711249d1,Shamim Hossain,Bangladesh,32,495,398,124.37,19.04,43,18,7,lower_middle,66.0,65.2,62.7,65.7,B+,B+,B+,B+,Float,4.66,0.37,1.29,,1.29,-0.18,0.18,0.81,2.3,-0.02,-0.16,1.96,0.06,-1.34,10,-0.38,-0.62,0.3,0.73,0.05,Conditions-Proof,-0.05,False
881a9bdd,S Chanderpaul,West Indies,22,343,347,98.85,20.18,34,5,4,upper_middle,65.9,19.4,61.6,56.0,B,B+,C,B+,Utility Player,4.86,0.31,0.34,,0.34,-0.12,0.12,0.38,0.44,0.06,-0.2,1.38,0.06,0.18,6,0.0,-1.2,0.12,0.78,-0.26,Tough-Track Star,-0.18,False
a9231c3f,SR Taylor,United States of America,29,834,619,134.73,30.89,90,37,1,top_order,65.9,73.1,67.1,71.6,B+,B+,B+,B+,Float,6.23,0.29,1.25,2.72,1.69,-0.04,0.04,1.09,4.8,0.23,-0.26,2.36,0.08,1.52,18,0.29,-0.48,0.42,0.79,-0.29,Tough-Track Star,-0.61,False
1e960f2a,C Kieswetter,England,24,526,464,113.36,22.87,47,23,2,top_order,65.7,69.0,66.6,68.7,B+,B+,B+,B+,Float,7.46,0.39,1.26,,1.26,-0.09,0.09,0.46,0.68,0.28,-0.13,1.71,0.07,,2,,-1.04,0.16,0.77,-0.41,Tough-Track Star,-0.47,False
4ec07775,RN ten Doeschate,Netherlands,19,428,314,136.31,38.91,21,17,5,upper_middle,65.6,65.8,73.7,74.7,B+,B+,B+,B+,Float,3.32,0.2,1.63,,1.63,0.32,-0.32,1.21,1.55,0.33,-0.14,2.5,0.13,2.4,13,0.68,-0.33,0.33,0.74,-0.1,Conditions-Proof,-0.17,False
c2c975f9,S Sesazi,Uganda,75,1970,1601,123.05,29.4,204,71,2,top_order,65.6,70.8,72.9,74.0,B+,B+,B+,B+,Float,4.96,0.23,1.38,1.63,1.45,0.11,-0.11,0.91,1.67,0.05,-0.17,2.7,0.04,-0.59,28,0.02,-0.71,0.23,0.81,-0.12,Conditions-Proof,-0.23,False
f21043a5,MDKJ Perera,Sri Lanka,91,2307,1737,132.82,25.92,224,72,3,top_order,65.6,75.6,84.0,79.4,A,B+,A,A,Power Anchor,4.55,0.24,1.16,,1.16,-0.01,0.01,0.63,1.25,0.06,-0.29,1.91,0.02,-0.05,10,0.03,-0.69,0.32,0.79,-0.19,Tough-Track Star,-0.24,False
db95ddeb,Sarfaraz Ali,Bahrain,42,771,550,140.18,19.27,66,57,2,top_order,65.5,67.0,26.9,50.0,B,B+,B+,C,Utility Player,3.33,0.25,1.21,,1.21,0.09,-0.09,1.21,3.46,-0.12,0.01,2.81,0.07,0.21,17,0.05,-0.69,0.27,0.76,-0.25,Tough-Track Star,-0.33,False
737e595d,NK Yadav,Nepal,7,68,29,234.48,22.67,4,6,10,tail,65.5,65.1,60.8,64.8,B+,B+,B+,B+,Float,0.71,0.17,,,,,,,,0.55,0.77,4.34,,0.37,5,-0.15,-0.11,0.0,1.0,,,,True
f427e63e,NRJ Croes,Netherlands,15,228,173,131.79,22.8,22,1,6,lower_middle,65.5,58.4,70.2,67.8,B+,B+,B,B+,Float,5.47,0.47,1.52,,1.52,,,0.74,0.85,0.08,-0.1,2.15,0.14,,4,,-0.23,0.6,0.65,0.01,Conditions-Proof,0.03,False
1a3cc554,RK Paudel,Nepal,74,1658,1396,118.77,26.74,130,50,3,top_order,65.3,61.9,82.0,75.5,A,B+,B+,A,Float,7.06,0.37,1.38,,1.38,-0.01,0.01,0.47,1.21,-0.05,-0.22,2.31,0.03,-0.05,31,0.06,-0.67,0.27,0.78,-0.0,Conditions-Proof,-0.01,False
97290faf,S Joseph,West Indies,3,28,18,155.56,28.0,2,2,11,tail,65.3,68.5,66.6,68.9,B+,B+,B+,B+,Float,4.67,0.78,,,,,,,,,0.06,2.84,,,3,,,,,,,,True
cbabd6ad,NS Dhaliwal,Canada,43,1265,955,132.46,33.29,104,55,2,top_order,65.3,71.8,76.2,76.1,A,B+,B+,A,Float,5.61,0.25,1.29,,1.29,0.15,-0.15,0.95,3.69,0.03,-0.17,2.77,0.06,0.32,27,0.14,-0.46,0.41,0.81,-0.13,Conditions-Proof,-0.12,False
a12672e0,J Baker,Cayman Islands,21,753,588,128.06,41.83,67,41,1,top_order,65.3,65.1,66.3,71.4,B+,B+,B+,B+,Float,7.71,0.28,1.13,0.62,0.98,-0.29,0.29,1.2,1.33,-0.23,0.03,3.82,0.18,-1.13,16,-0.06,-0.6,0.25,0.78,-0.07,Conditions-Proof,-0.18,False
a90e53ec,MW Short,Australia,22,416,277,150.18,20.8,40,20,1,top_order,65.3,68.1,60.0,65.0,B+,B+,B+,B+,Float,3.09,0.25,0.67,,0.67,-0.33,0.33,0.72,1.22,-0.13,-0.18,1.73,0.08,-0.63,6,-0.15,-0.71,0.35,0.74,0.07,Conditions-Proof,,False
a386e91b,PD Collingwood,England,33,583,459,127.02,18.81,38,24,4,upper_middle,65.3,60.9,61.4,64.1,B+,B+,B+,B+,Float,5.82,0.42,2.36,,2.36,-0.33,0.33,0.67,0.93,0.0,-0.16,1.67,0.05,-0.36,6,-0.21,-0.7,0.34,0.78,0.11,Conditions-Proof,0.17,False
9e52a414,Towhid Hridoy,Bangladesh,47,1071,875,122.4,26.78,69,39,4,upper_middle,65.2,23.8,80.7,66.9,B+,B+,C,A,Strike Rotator,6.85,0.37,1.09,,1.09,0.07,-0.07,0.62,1.04,0.12,-0.23,1.73,0.04,-0.07,12,-0.09,-0.74,0.3,0.81,-0.23,Tough-Track Star,-0.27,False
f76d7466,JN Malan,South Africa,11,241,186,129.57,21.91,25,11,1,top_order,65.2,63.2,54.4,61.5,B+,B+,B+,B,Utility Player,11.18,0.66,0.82,,0.82,,,0.39,0.73,-0.16,-0.1,1.63,0.15,,0,,-0.88,0.17,0.66,0.26,Flat-Track Bully,,False
a81d6706,C Jonker,South Africa,2,57,29,196.55,28.5,5,3,6,lower_middle,65.2,64.7,54.4,62.8,B+,B+,B+,B,Utility Player,2.5,0.17,0.68,,0.68,,,,,,0.36,2.06,,,1,,1.56,1.0,0.29,,,,True
424a7994,Nilansh Keswani,United Arab Emirates,6,55,49,112.24,55.0,5,0,9,lower_order,65.2,56.3,67.6,69.6,B+,B+,B,B+,Float,6.83,0.84,,,,,,,,0.87,0.25,3.15,,,2,,0.16,0.5,0.29,,,,True
91ffa6c6,JD Ryder,New Zealand,21,457,358,127.65,22.85,47,18,2,top_order,65.1,69.6,62.0,66.5,B+,B+,B+,B+,Float,5.81,0.34,1.31,,1.31,0.08,-0.08,0.67,0.99,0.16,-0.18,1.69,0.08,,4,,-0.61,0.26,0.76,0.17,Flat-Track Bully,0.29,False
d1523761,D Ramdin,West Indies,46,574,481,119.33,17.94,49,18,8,lower_order,65.1,65.4,74.7,70.8,B+,B+,B+,B+,Float,6.54,0.63,1.4,,1.4,-0.11,0.11,0.58,1.38,-0.17,-0.16,2.24,0.05,-0.13,13,-0.07,-0.74,0.3,0.79,-0.05,Conditions-Proof,-0.06,False
e734d090,CN Ackermann,Netherlands,29,590,507,116.37,23.6,43,14,4,upper_middle,65.1,34.9,65.1,61.1,B+,B+,C+,B+,Utility Player,4.38,0.25,2.58,,2.58,-0.33,0.33,0.69,1.58,-0.0,-0.19,1.47,0.05,-0.12,12,-0.07,-0.63,0.19,0.8,-0.17,Tough-Track Star,-0.19,False
557550a4,Hamza Dar,Spain,26,640,429,149.18,37.65,40,38,5,upper_middle,65.0,64.7,63.6,69.8,B+,B+,B+,B+,Float,3.73,0.23,0.75,,0.75,0.04,-0.04,2.11,4.46,-0.16,0.31,6.18,0.24,-6.13,11,-0.3,-0.28,0.33,0.79,-0.29,Tough-Track Star,-0.33,False
e3eb9e46,Nizakat Khan,Hong Kong,110,2246,1851,121.34,22.02,183,76,1,top_order,65.0,56.3,80.6,73.1,B+,B+,B,A,Float,5.76,0.34,1.13,,1.13,0.04,-0.04,0.68,1.58,0.33,-0.19,2.14,0.02,0.56,42,0.2,-0.81,0.23,0.85,-0.28,Tough-Track Star,-0.2,False
28131839,MA Leask,Scotland,59,879,675,130.22,17.24,58,46,6,lower_middle,65.0,65.6,57.7,63.3,B+,B+,B+,B,Utility Player,4.36,0.38,1.02,,1.02,-0.04,0.04,0.84,2.08,0.02,-0.16,2.07,0.04,-0.25,29,-0.18,-0.93,0.27,0.78,-0.1,Conditions-Proof,-0.21,False
88626ed2,AA Jangoo,West Indies,6,160,126,126.98,40.0,16,8,1,top_order,64.9,67.5,65.4,70.8,B+,B+,B+,B+,Float,5.5,0.26,3.41,,3.41,,,,,,-0.08,2.27,,,1,,-0.07,0.3,0.74,,,,True
74be2916,D Doyle-Calle,Spain,29,647,488,132.58,28.13,45,34,1,top_order,64.9,64.6,62.3,66.6,B+,B+,B+,B+,Float,5.24,0.31,1.37,,1.37,0.1,-0.1,1.39,2.18,-0.33,0.28,5.34,0.18,-1.17,9,-0.17,-0.64,0.33,0.76,-0.31,Tough-Track Star,-0.36,False
58c2fac4,A Athanaze,West Indies,14,326,252,129.37,25.08,31,17,2,top_order,64.8,69.6,64.2,67.6,B+,B+,B+,B+,Float,6.93,0.38,1.2,,1.2,-0.39,0.39,0.49,0.57,-0.17,-0.2,1.63,0.12,,3,,-0.82,0.17,0.79,-0.34,Tough-Track Star,-0.21,False
53ace082,Arun Yadav,Tanzania,10,335,210,159.52,37.22,36,17,1,top_order,64.7,65.9,61.3,68.5,B+,B+,B+,B+,Float,5.8,0.28,1.09,,1.09,,,1.96,4.0,0.41,-0.01,3.31,0.33,-1.16,6,-0.53,-0.44,0.44,0.68,0.24,Flat-Track Bully,0.08,False
5f26f677,BM Duckett,England,21,527,344,153.2,27.74,69,8,4,upper_middle,64.6,76.4,64.3,69.6,B+,B+,A,B+,Float,4.0,0.24,1.12,,1.12,0.11,-0.11,0.74,1.08,0.01,-0.22,1.86,0.09,,4,,-0.2,0.35,0.8,-0.03,Conditions-Proof,0.36,False
eb40ed89,VP Thamotharam,Malta,52,1179,827,142.56,26.2,77,75,5,upper_middle,64.6,65.5,58.2,64.8,B+,B+,B+,B,Utility Player,5.31,0.33,1.01,2.34,1.41,-0.1,0.1,0.85,1.28,0.04,-0.08,3.6,0.07,0.13,17,-0.26,-0.53,0.31,0.79,0.13,Conditions-Proof,0.09,False
fbb6d1a7,Shahzaib Jamil,Qatar,19,375,276,135.87,23.44,19,26,7,lower_middle,64.6,65.9,63.5,66.2,B+,B+,B+,B+,Float,7.63,0.53,,,,-0.34,0.34,0.95,1.42,-0.17,-0.09,2.7,0.14,-0.08,10,-0.12,-0.8,0.29,0.7,0.19,Flat-Track Bully,0.35,False
34464143,Zeeshan Maqsood,Oman,55,1192,1004,118.73,25.91,119,42,4,upper_middle,64.6,72.7,69.2,71.2,B+,B+,B+,B+,Float,7.21,0.4,1.17,2.53,1.58,-0.03,0.03,0.47,1.37,-0.02,-0.25,1.96,0.04,-0.2,24,0.02,-0.72,0.26,0.77,0.06,Conditions-Proof,0.07,False
7dc35884,Shakib Al Hasan,Bangladesh,110,2295,1874,122.47,23.66,234,49,4,upper_middle,64.5,78.4,85.5,79.9,A,B+,A,A+,Power Anchor,6.88,0.4,1.07,,1.07,-0.17,0.17,0.54,1.68,0.03,-0.2,2.07,0.02,-0.21,26,0.04,-0.71,0.26,0.84,0.03,Conditions-Proof,0.09,False
ac64c2ef,Raghav Dhawan,Uganda,20,539,499,108.02,29.94,41,15,3,top_order,64.5,54.3,65.4,66.1,B+,B+,B,B+,Utility Player,8.8,0.35,1.28,,1.28,0.19,-0.19,0.75,0.98,0.05,-0.03,2.68,0.13,0.69,5,0.13,-0.8,0.17,0.79,0.22,Flat-Track Bully,0.2,False
e258a603,N Dutta,Canada,7,80,50,160.0,26.67,5,5,8,lower_order,64.4,62.3,54.5,61.7,B+,B+,B+,B,Utility Player,4.0,0.56,,,,,,,,0.06,0.5,3.58,,,7,0.47,0.28,1.0,1.0,,,,True
fef92afc,SC Kuggeleijn,New Zealand,7,79,37,213.51,19.75,5,7,8,lower_order,64.4,63.9,50.5,59.1,B,B+,B+,B,Utility Player,1.86,0.35,,,,,,,,0.57,0.02,2.13,,,1,,3.41,1.0,1.0,,,,True
101b1180,V Shukla,Oman,21,396,277,142.96,23.29,35,15,6,lower_middle,64.3,65.4,68.8,68.4,B+,B+,B+,B+,Float,4.05,0.31,,,,-0.45,0.45,1.15,1.95,0.13,-0.14,2.18,0.1,0.07,11,-0.27,-0.2,0.5,0.76,-0.31,Tough-Track Star,-0.52,False
ac5ae4af,I Udana,Sri Lanka,24,256,186,137.63,18.29,16,14,8,lower_order,64.3,68.1,65.6,66.7,B+,B+,B+,B+,Float,4.17,0.54,,,,-0.38,0.38,0.75,1.62,-0.15,-0.18,2.27,0.09,-0.78,6,-0.56,-0.46,0.45,0.7,0.15,Conditions-Proof,0.3,False
60cc80ac,Razmal Shigiwal,Austria,32,875,619,141.36,31.25,74,36,3,top_order,64.3,64.2,63.1,67.6,B+,B+,B+,B+,Float,5.88,0.3,1.05,,1.05,-0.17,0.17,1.08,1.59,0.12,-0.09,3.65,0.11,-1.08,9,-0.05,-0.41,0.36,0.76,0.2,Flat-Track Bully,0.13,False
33b67317,Bilal Zalmai,Austria,39,1205,763,157.93,34.43,126,67,2,top_order,64.2,64.4,62.6,68.4,B+,B+,B+,B+,Float,4.77,0.24,1.53,,1.53,0.07,-0.07,1.74,3.22,0.34,-0.04,5.19,0.13,0.61,7,0.18,0.03,0.54,0.76,-0.24,Tough-Track Star,-0.34,False
1abb78f8,SN Thakur,India,6,69,38,181.58,23.0,5,4,8,lower_order,64.2,66.1,54.0,61.5,B+,B+,B+,B,Utility Player,3.17,0.5,,,,,,,,,-0.16,1.74,,,1,,,,,,,,True
b2dadc51,II Selemani,Tanzania,56,1224,834,146.76,22.67,130,69,2,top_order,64.2,69.3,18.5,47.0,B,B+,B+,C,Utility Player,3.52,0.24,1.05,,1.05,0.04,-0.04,1.31,3.98,0.1,-0.16,2.3,0.04,0.79,28,-0.1,-0.5,0.42,0.82,0.11,Conditions-Proof,0.22,False
b8704508,LM Jongwe,Zimbabwe,43,483,396,121.97,16.66,42,14,8,lower_order,64.2,62.5,67.9,66.6,B+,B+,B+,B+,Float,5.21,0.57,,,,0.14,-0.14,0.67,1.86,0.15,-0.12,2.31,0.05,0.34,18,0.11,-0.98,0.19,0.74,0.03,Conditions-Proof,0.03,False
91cd48e0,JF Smith,South Africa,5,72,54,133.33,36.0,7,1,5,upper_middle,64.1,53.6,66.0,67.3,B+,B+,B,B+,Utility Player,2.4,0.22,,,,,,,,,-0.08,1.75,,,0,,0.24,0.33,0.44,,,,True
489aaf0a,Parvez Hossain Emon,Bangladesh,27,537,408,131.62,21.48,45,35,2,top_order,64.1,72.1,30.7,52.4,B,B+,B+,C+,Utility Player,5.67,0.38,1.68,1.9,1.74,0.03,-0.03,0.61,1.08,-0.09,-0.31,1.75,0.06,-1.16,6,-0.2,-0.76,0.39,0.78,0.03,Conditions-Proof,0.1,False
d99cc23a,T van der Gugten,Netherlands,13,166,120,138.33,18.44,8,9,9,lower_order,64.0,60.3,59.2,62.1,B+,B+,B+,B,Utility Player,3.92,0.43,,,,-0.11,0.11,1.23,,-0.66,0.14,2.89,0.22,4.57,7,0.55,-0.55,0.62,0.62,0.04,Conditions-Proof,-0.39,False
036dcf9b,Saber Zakhil,Belgium,31,687,426,161.27,24.54,38,59,6,lower_middle,63.9,63.7,53.0,61.2,B+,B+,B+,B,Utility Player,5.03,0.37,1.64,,1.64,-0.21,0.21,1.94,3.64,-0.08,0.09,4.74,0.15,-0.79,9,-0.13,0.53,0.54,0.76,0.1,Conditions-Proof,0.13,False
602ebd4c,Sami Sohail,Malawi,36,1111,891,124.69,39.68,90,39,3,top_order,63.9,61.4,68.1,71.2,B+,B+,B+,B+,Float,5.86,0.24,1.2,0.96,1.13,0.4,-0.4,1.24,3.15,0.44,-0.03,3.12,0.09,0.05,21,-0.04,-0.51,0.21,0.85,-0.16,Conditions-Proof,0.02,False
cddafe26,V Aravind,United Arab Emirates,34,821,715,114.83,26.48,80,21,3,top_order,63.8,65.3,72.9,70.9,B+,B+,B+,B+,Float,10.15,0.48,0.94,,0.94,-0.16,0.16,0.6,1.38,-0.07,-0.21,1.97,0.06,0.72,15,-0.16,-0.87,0.17,0.79,-0.09,Conditions-Proof,-0.04,False
81c36ee9,M Jansen,South Africa,19,252,175,144.0,18.0,15,20,7,lower_middle,63.8,67.8,50.8,59.8,B,B+,B+,B,Utility Player,3.89,0.42,2.78,,2.78,0.41,-0.41,0.8,1.04,-0.18,-0.25,2.12,0.11,1.88,8,0.47,-0.41,0.5,0.63,0.22,Flat-Track Bully,0.35,False
6a97c7a4,Karanbir Singh,Austria,33,1668,981,170.03,55.6,140,134,1,top_order,63.8,63.9,63.8,70.1,B+,B+,B+,B+,Float,6.67,0.22,1.35,1.17,1.3,0.04,-0.04,2.22,2.27,-0.44,0.08,7.09,0.21,0.9,9,0.02,0.03,0.5,0.83,0.21,Flat-Track Bully,0.26,False
08548b13,PHKD Mendis,Sri Lanka,36,581,464,125.22,17.09,48,24,4,upper_middle,63.8,59.5,48.3,57.2,B,B+,B,B,Utility Player,4.92,0.38,1.0,,1.0,-0.16,0.16,0.62,0.78,0.09,-0.18,1.6,0.04,0.08,10,-0.15,-0.72,0.24,0.78,-0.07,Conditions-Proof,-0.02,False
1f943bef,H Rathod,Qatar,12,178,147,121.09,35.6,15,5,8,lower_order,63.8,59.7,67.7,69.2,B+,B+,B,B+,Float,9.0,0.73,0.83,,0.83,0.14,-0.14,0.6,0.92,0.47,-0.05,2.78,0.23,-1.16,6,-0.36,-0.49,0.2,0.72,0.2,Conditions-Proof,-0.17,False
0994d0ae,V Shankar,India,4,101,73,138.36,25.25,11,5,3,top_order,63.7,66.9,52.5,61.2,B+,B+,B+,B,Utility Player,10.5,0.58,,,,,,,,,-0.02,1.62,,,3,,-0.87,0.33,0.58,,,,True
49556abb,T Bharaj,Denmark,30,681,563,120.96,25.22,59,17,3,top_order,63.7,59.5,61.5,64.3,B+,B+,B,B+,Float,5.1,0.27,1.27,,1.27,0.11,-0.11,0.67,1.63,-0.39,-0.06,2.32,0.08,-0.53,21,-0.07,-0.8,0.23,0.79,-0.14,Conditions-Proof,-0.24,False
9c821d2e,RA Herman,South Africa,6,153,116,131.9,25.5,13,6,4,upper_middle,63.7,65.4,53.3,61.4,B+,B+,B+,B,Utility Player,6.33,0.33,1.06,,1.06,,,,,,-0.19,1.54,,,1,,-0.87,0.38,0.67,,,,True
c16d4035,SW Billings,England,33,478,368,129.89,17.07,41,16,6,lower_middle,63.6,61.1,62.7,63.8,B+,B+,B+,B+,Float,5.55,0.5,0.77,,0.77,-0.06,0.06,0.82,1.64,0.05,-0.16,1.83,0.06,-0.89,6,-0.13,-0.95,0.22,0.75,-0.27,Conditions-Proof,-0.0,False
f19ccfad,Washington Sundar,India,23,265,200,132.5,16.56,21,14,8,lower_order,63.5,64.0,68.3,66.7,B+,B+,B+,B+,Float,3.26,0.38,1.23,,1.23,0.16,-0.16,0.81,1.44,0.04,-0.08,2.49,0.11,-0.84,5,-0.3,-0.89,0.25,0.69,-0.36,Tough-Track Star,-0.79,False
fbb8cf87,E Beukes,Cambodia,32,517,413,125.18,25.85,32,33,6,lower_middle,63.5,64.5,63.1,65.9,B+,B+,B+,B+,Float,4.66,0.36,,,,-0.11,0.11,0.94,1.97,0.4,-0.02,3.27,0.1,-0.44,10,-0.32,-0.45,0.28,0.73,-0.42,Tough-Track Star,-0.54,False
efcb778e,J Butler,Guernsey,30,701,614,114.17,29.21,65,19,1,top_order,63.4,60.0,64.9,66.6,B+,B+,B+,B+,Float,5.27,0.26,1.06,,1.06,0.18,-0.18,0.61,1.21,0.12,-0.02,2.62,0.09,0.31,17,0.03,-0.97,0.14,0.76,-0.15,Tough-Track Star,-0.12,False
b56f5b6f,AE Paraam,Singapore,10,302,205,147.32,50.33,29,13,6,lower_middle,63.4,63.3,65.5,69.6,B+,B+,B+,B+,Float,6.3,0.31,1.73,,1.73,-0.0,0.0,1.21,1.18,-0.24,-0.03,3.99,0.4,-3.44,9,-0.26,0.45,0.67,0.71,0.2,Flat-Track Bully,0.62,False
d405c0d5,AM Hardie,Australia,11,180,142,126.76,22.5,19,5,7,lower_middle,63.4,57.0,66.3,65.0,B+,B+,B,B+,Float,5.64,0.44,,,,,,0.39,0.54,-0.06,-0.21,1.54,0.14,,2,,-0.53,0.3,0.73,0.02,Conditions-Proof,,False
57fcfd3b,S Muniandy,Malaysia,79,1058,918,115.25,17.93,71,40,3,top_order,63.4,59.6,63.7,64.4,B+,B+,B,B+,Float,4.94,0.42,0.51,,0.51,-0.28,0.28,0.63,1.23,0.11,-0.1,2.25,0.03,-0.42,26,-0.22,-0.77,0.27,0.78,0.02,Conditions-Proof,-0.08,False
3c6ffae8,YK Pathan,India,18,236,161,146.58,18.15,11,17,7,lower_middle,63.4,64.3,53.7,60.3,B+,B+,B+,B,Utility Player,2.83,0.32,,,,-0.25,0.25,1.06,1.64,0.21,-0.07,1.96,0.11,0.12,6,-0.3,-0.69,0.25,0.71,-0.03,Conditions-Proof,0.19,False
18eaf2fa,Amjad Javed,United Arab Emirates,14,240,216,111.11,21.82,12,15,7,lower_middle,63.3,64.4,62.6,64.7,B+,B+,B+,B+,Float,7.93,0.51,2.32,,2.32,0.55,-0.55,1.01,1.88,0.05,-0.1,1.96,0.14,,3,,-0.37,0.25,0.76,0.45,Flat-Track Bully,,False
e770b214,DL Maddy,England,4,113,80,141.25,28.25,12,3,1,top_order,63.3,60.3,61.6,64.5,B+,B+,B+,B+,Float,5.25,0.26,1.18,,1.18,,,,,,-0.04,1.5,,,1,,-0.59,0.25,0.67,,,,True
cf73ad76,JEC Franklin,New Zealand,31,463,391,118.41,20.13,28,23,6,lower_middle,63.2,55.6,74.1,68.1,B+,B+,B,B+,Float,8.0,0.63,0.67,,0.67,0.22,-0.22,0.49,0.92,-0.2,-0.18,1.77,0.06,-0.2,10,0.0,-0.91,0.23,0.75,0.2,Flat-Track Bully,0.25,False
007113d7,HAM Shah,Denmark,30,982,806,121.84,33.86,92,27,2,top_order,63.2,54.9,65.6,67.2,B+,B+,B,B+,Utility Player,4.23,0.16,1.21,1.61,1.33,0.07,-0.07,0.88,1.9,-0.03,-0.19,2.66,0.09,0.98,17,0.01,-0.54,0.36,0.82,-0.36,Tough-Track Star,-0.28,False
7fa2ab1f,RML Taylor,Scotland,5,79,52,151.92,39.5,5,4,5,upper_middle,63.2,59.1,62.9,67.4,B+,B+,B,B+,Float,6.2,0.6,,,,,,,,,0.03,2.58,,,3,,-0.32,0.5,0.54,,,,True
bd4ea627,Faheem Ashraf,Pakistan,55,549,394,139.34,13.72,37,31,8,lower_order,63.1,63.7,61.9,63.6,B+,B+,B+,B+,Float,3.44,0.48,1.97,,1.97,0.07,-0.07,0.87,1.23,-0.07,0.01,2.31,0.04,1.15,13,-0.11,-1.24,0.18,0.8,0.08,Conditions-Proof,0.16,False
7d415ea5,RT Ponting,Australia,16,401,302,132.78,28.64,42,11,3,top_order,63.1,63.1,68.2,68.3,B+,B+,B+,B+,Float,10.69,0.57,1.18,1.26,1.2,-0.24,0.24,0.44,0.93,-0.01,-0.29,1.47,0.09,,3,,-0.47,0.23,0.78,0.16,Conditions-Proof,,False
8abdf100,CJ Anderson,New Zealand,34,697,553,126.04,24.89,40,35,5,upper_middle,63.0,72.6,77.1,73.6,B+,B+,B+,A,Float,5.91,0.36,1.29,,1.29,-0.15,0.15,0.89,2.06,0.22,-0.16,1.92,0.06,-0.34,7,-0.01,-0.72,0.29,0.75,0.05,Conditions-Proof,-0.0,False
32198ae0,MC Henriques,Australia,21,355,285,124.56,20.88,17,15,5,upper_middle,63.0,34.2,69.9,61.8,B+,B+,C+,B+,Utility Player,5.29,0.39,2.19,,2.19,-0.09,0.09,0.58,0.99,-0.3,-0.13,1.47,0.07,0.44,5,0.12,-0.85,0.2,0.73,0.26,Flat-Track Bully,0.16,False
23eeb873,DL Chahar,India,4,53,28,189.29,26.5,4,4,9,lower_order,63.0,66.5,51.9,60.8,B+,B+,B+,B,Utility Player,1.25,0.18,,,,,,,,,-0.33,1.56,,,1,,1.41,0.5,0.29,,,,True
8bd9fd13,L Steenkamp,Namibia,11,253,195,129.74,23.0,25,7,1,top_order,63.0,54.9,56.8,60.3,B+,B+,B,B,Utility Player,4.91,0.28,1.54,,1.54,0.07,-0.07,0.4,0.67,-0.24,-0.17,1.61,0.15,0.5,8,0.26,-0.09,0.46,0.68,0.35,Flat-Track Bully,0.17,False
ea42ddb9,ME Trescothick,England,3,166,131,126.72,55.33,23,1,1,top_order,62.9,59.5,68.3,69.8,B+,B+,B,B+,Float,25.67,0.59,1.16,,1.16,,,,,,-0.01,2.01,,,1,,-0.11,0.62,0.71,,,,True
73e749e1,LE Bosman,South Africa,12,270,186,145.16,22.5,22,18,2,top_order,62.9,68.2,53.5,61.4,B+,B+,B+,B,Utility Player,6.67,0.43,1.54,0.34,1.18,0.11,-0.11,0.81,1.44,-0.41,-0.29,1.61,0.13,,1,,-0.27,0.54,0.72,0.75,Flat-Track Bully,0.66,False
1b6fef02,P Mustard,England,2,60,37,162.16,30.0,5,4,1,top_order,62.8,64.1,48.1,59.3,B,B+,B+,B,Utility Player,3.5,0.19,,,,,,,,,0.13,1.52,,,0,,-0.44,0.5,0.29,,,,True
c13e34f4,Haider Ali,Pakistan,31,503,399,126.07,17.96,43,22,3,top_order,62.8,62.7,36.3,52.1,B,B+,B+,C+,Utility Player,5.52,0.43,1.57,,1.57,0.14,-0.14,0.68,0.92,-0.02,-0.14,1.5,0.05,0.25,5,-0.15,-0.79,0.41,0.74,0.08,Conditions-Proof,0.31,False
c573d173,MWR Stokes,Guernsey,30,715,586,122.01,37.63,66,10,4,upper_middle,62.8,51.5,68.6,68.7,B+,B+,B,B+,Utility Player,4.53,0.23,1.29,,1.29,0.35,-0.35,0.89,1.4,-0.08,-0.11,2.67,0.09,-0.35,17,0.06,-0.63,0.26,0.74,-0.01,Conditions-Proof,-0.06,False
f53b3e1d,Karan KC,Nepal,47,478,310,154.19,15.42,21,40,8,lower_order,62.8,62.4,60.8,62.8,B+,B+,B+,B+,Float,2.77,0.42,,,,-0.3,0.3,1.17,3.56,0.02,0.0,2.7,0.06,-0.4,21,0.01,-0.8,0.33,0.67,-0.04,Conditions-Proof,-0.02,False
37138918,Afif Hossain,Bangladesh,58,1031,852,121.01,21.04,79,36,5,upper_middle,62.8,68.1,68.5,68.4,B+,B+,B+,B+,Float,5.17,0.35,0.9,,0.9,-0.07,0.07,0.53,0.94,0.01,-0.21,1.68,0.03,0.39,16,0.06,-0.83,0.24,0.8,-0.12,Conditions-Proof,-0.23,False
456397e5,T Perera,Botswana,31,555,535,103.74,23.12,54,16,1,top_order,62.8,60.7,60.8,63.4,B+,B+,B+,B+,Float,5.84,0.34,1.1,,1.1,0.23,-0.23,0.72,0.91,-0.15,-0.08,2.36,0.08,0.48,25,-0.0,-1.12,0.15,0.78,-0.13,Conditions-Proof,-0.16,False
9dc3ea7e,H Hiri,Papua New Guinea,16,261,253,103.16,21.75,22,7,6,lower_middle,62.8,58.8,60.0,62.3,B+,B+,B,B+,Float,7.0,0.44,1.94,,1.94,0.07,-0.07,0.79,2.98,0.4,0.01,2.04,0.13,1.92,8,0.62,-1.14,0.12,0.73,0.14,Conditions-Proof,0.55,False
7e9f1cde,Kushal Malla,Nepal,51,965,706,136.69,22.98,54,66,4,upper_middle,62.7,70.7,62.4,66.4,B+,B+,B+,B+,Float,6.9,0.5,1.2,1.95,1.43,-0.03,0.03,0.84,2.63,-0.23,-0.23,1.92,0.04,-0.43,18,0.04,-0.35,0.44,0.78,0.2,Flat-Track Bully,0.24,False
7081491e,AA Obanda,Kenya,37,678,567,119.58,19.94,83,23,2,top_order,62.7,64.3,37.1,53.1,B,B+,B+,C+,Utility Player,4.89,0.32,1.09,2.79,1.6,0.32,-0.32,0.66,2.42,0.4,-0.13,1.86,0.05,0.02,20,-0.17,-0.93,0.25,0.78,0.3,Flat-Track Bully,0.07,False
36d33dd0,RR Sarwan,West Indies,16,298,286,104.2,22.92,19,6,6,lower_middle,62.7,8.2,71.3,57.4,B,B+,D,B+,Utility Player,10.38,0.58,0.88,,0.88,0.3,-0.3,0.6,0.96,0.2,-0.14,1.33,0.08,-0.27,7,-0.03,-0.94,0.21,0.73,0.13,Conditions-Proof,-0.08,False
510e33d3,Mohammad Ihsan,Spain,22,743,425,174.82,41.28,62,51,1,top_order,62.7,62.5,61.7,67.9,B+,B+,B+,B+,Float,3.14,0.16,1.14,1.22,1.17,0.05,-0.05,2.6,3.7,-0.4,0.31,6.16,0.28,-4.04,6,-0.27,0.04,0.54,0.74,-0.18,Tough-Track Star,-0.2,False
ec483176,Taranjeet Singh,Romania,40,1296,822,157.66,36.0,159,58,1,top_order,62.7,62.7,61.7,67.6,B+,B+,B+,B+,Float,4.15,0.2,1.3,0.74,1.13,0.1,-0.1,1.79,3.71,0.07,-0.01,4.76,0.12,-0.54,14,0.02,-0.11,0.54,0.75,-0.18,Tough-Track Star,-0.34,False
156378d8,S Jora,Nepal,31,484,398,121.61,19.36,26,22,6,lower_middle,62.6,60.1,64.8,64.5,B+,B+,B+,B+,Float,3.9,0.3,1.44,,1.44,-0.18,0.18,0.86,0.93,-0.1,-0.12,2.09,0.07,-1.53,18,-0.27,-0.65,0.24,0.77,0.33,Flat-Track Bully,0.46,False
c1fdfb46,P Rathnayake,Sri Lanka,10,266,181,146.96,29.56,27,7,4,upper_middle,62.6,68.2,65.0,67.8,B+,B+,B+,B+,Float,9.6,0.53,2.21,,2.21,-0.3,0.3,0.75,1.43,-0.25,-0.21,1.68,0.17,,3,,0.18,0.5,0.7,0.61,Flat-Track Bully,0.65,False
c2f12310,PS Athavale,Oman,17,364,288,126.39,22.75,39,10,2,top_order,62.4,63.3,62.4,64.3,B+,B+,B+,B+,Float,7.12,0.42,1.28,,1.28,-0.42,0.42,0.65,0.81,0.29,-0.06,1.93,0.11,-0.2,8,-0.01,-0.44,0.32,0.7,-0.24,Tough-Track Star,-0.16,False
b0f2d3bd,ND Laegsgaard,Denmark,25,484,325,148.92,24.2,41,29,1,top_order,62.4,64.9,48.0,58.5,B,B+,B+,B,Utility Player,2.28,0.18,0.83,,0.83,-0.29,0.29,1.31,3.56,-0.02,-0.12,2.48,0.1,-1.67,21,0.37,-0.33,0.52,0.76,0.28,Flat-Track Bully,1.1,False
fd9f43bb,SM Solia,Samoa,6,170,133,127.82,28.33,10,9,1,top_order,62.3,61.3,56.2,62.0,B+,B+,B+,B,Utility Player,4.83,0.22,1.02,,1.02,,,,,0.68,0.04,2.22,,,6,0.04,-0.66,0.25,0.73,,,,True
20481563,MNM Aslam,Kuwait,47,801,700,114.43,20.02,73,18,5,upper_middle,62.3,60.1,63.0,63.9,B+,B+,B+,B+,Float,7.57,0.51,1.57,,1.57,0.42,-0.42,0.61,0.95,0.13,-0.12,2.05,0.04,-0.66,26,-0.11,-0.82,0.21,0.81,-0.23,Tough-Track Star,-0.45,False
e1824e7d,Iqbal Hossain,Austria,14,381,227,167.84,27.21,33,30,2,top_order,62.2,63.7,42.8,56.3,B,B+,B+,C+,Utility Player,2.0,0.12,0.72,,0.72,-0.22,0.22,2.53,4.99,0.39,0.05,2.67,0.19,1.29,9,0.12,-0.49,0.33,0.77,-0.22,Tough-Track Star,-1.01,False
c8a7b014,OJ Hairs,Scotland,28,504,304,165.79,18.67,47,33,2,top_order,62.2,67.0,21.3,46.1,B,B+,B+,C,Utility Player,2.96,0.27,0.99,0.9,0.97,0.09,-0.09,0.93,2.27,-0.34,-0.18,2.39,0.09,1.76,16,0.32,-0.04,0.53,0.71,0.35,Flat-Track Bully,1.16,False
18c78b11,RE Levi,South Africa,13,236,167,141.32,21.45,20,15,1,top_order,62.2,66.7,33.6,51.7,B,B+,B+,C+,Utility Player,3.77,0.29,0.82,1.42,1.0,0.12,-0.12,1.01,2.52,-0.02,-0.29,1.39,0.11,,0,,-0.49,0.27,0.73,0.18,Flat-Track Bully,0.1,False
206efeb1,PR Surve,Indonesia,35,909,784,115.94,39.52,71,28,4,upper_middle,62.0,59.8,63.9,68.2,B+,B+,B,B+,Float,8.71,0.39,1.21,,1.21,-0.23,0.23,1.32,2.29,-0.22,-0.03,3.78,0.11,-1.77,18,-0.31,-0.82,0.17,0.82,-0.19,Tough-Track Star,-0.15,False
9d0344f3,Akif Raja,United Arab Emirates,5,52,44,118.18,26.0,5,1,9,lower_order,61.9,60.7,59.0,62.4,B+,B+,B+,B,Utility Player,2.0,0.23,,,,,,,,,0.06,2.1,,,3,,-0.33,0.25,0.57,,,,True
31080a88,Aslam Khan,Malaysia,22,385,236,163.14,20.26,38,28,2,top_order,61.9,62.7,17.2,43.4,C+,B+,B+,C,Utility Player,2.32,0.22,,,,0.14,-0.14,1.35,2.02,-0.19,0.13,3.56,0.16,-2.39,6,-0.53,-0.6,0.5,0.75,0.11,Conditions-Proof,-0.24,False
6d2b9724,T Manders,Bermuda,25,763,568,134.33,36.33,73,33,2,top_order,61.8,63.0,61.8,67.2,B+,B+,B+,B+,Float,3.64,0.16,1.23,,1.23,-0.0,0.0,1.24,1.81,0.2,0.01,3.56,0.14,1.77,21,0.47,-0.62,0.3,0.76,-0.32,Tough-Track Star,-0.16,False
c9d05f1a,Yasim Murtaza,Hong Kong,59,879,737,119.27,17.24,63,38,6,lower_middle,61.8,60.6,65.0,64.4,B+,B+,B+,B+,Float,3.93,0.31,1.0,,1.0,-0.14,0.14,0.78,1.44,-0.09,-0.07,2.37,0.04,-0.96,19,-0.19,-0.92,0.21,0.8,-0.03,Conditions-Proof,-0.14,False
a56f4b65,PL Mommsen,Scotland,9,242,184,131.52,34.57,21,7,6,lower_middle,61.8,61.7,64.6,67.3,B+,B+,B+,B+,Float,4.89,0.24,1.56,,1.56,,,,,,-0.14,1.95,,-0.18,6,-0.21,-0.56,0.25,0.72,,,,True
3df3f50b,Waheed Ahmed,United Arab Emirates,12,124,106,116.98,20.67,6,9,7,lower_middle,61.7,61.4,57.4,61.0,B+,B+,B+,B,Utility Player,5.75,0.65,,,,-1.14,1.14,1.71,1.73,-0.21,0.19,2.61,0.22,-3.63,8,-0.44,-2.23,0.0,0.49,0.29,Flat-Track Bully,,False
290cba17,SJ Modani,United States of America,4,93,68,136.76,31.0,5,3,7,lower_middle,61.7,54.0,60.4,62.7,B+,B+,B,B+,Utility Player,11.5,0.68,1.83,,1.83,,,,,,-0.04,1.81,,,3,,-0.08,0.25,0.56,,,,True
5ea3a7c6,Esam Rahman,Japan,8,234,177,132.2,33.43,21,10,3,top_order,61.7,61.1,55.6,62.7,B+,B+,B+,B,Utility Player,5.25,0.24,1.51,,1.51,,,,,0.05,-0.03,2.1,,-3.77,6,-0.04,-0.61,0.23,0.72,,,,True
e8511411,SJ Baard,Namibia,27,675,598,112.88,28.12,57,18,1,top_order,61.6,45.2,70.1,65.1,B+,B+,B,B+,Utility Player,7.48,0.34,1.32,0.59,1.1,0.12,-0.12,0.51,2.42,0.45,-0.2,1.73,0.06,0.15,12,0.0,-0.86,0.21,0.77,-0.22,Tough-Track Star,-0.22,False
331e137f,Walid Ghauri,Norway,25,743,611,121.6,32.3,71,23,3,top_order,61.4,60.1,62.8,65.8,B+,B+,B+,B+,Float,6.48,0.27,1.1,1.37,1.18,0.08,-0.08,0.82,1.15,-0.02,-0.11,2.93,0.12,1.22,10,0.03,-0.73,0.27,0.8,0.17,Flat-Track Bully,0.22,False
e3540b8c,DS Bajwa,Canada,19,432,339,127.43,27.0,43,13,2,top_order,61.4,57.5,64.1,64.4,B+,B+,B,B+,Float,5.47,0.31,1.69,,1.69,0.3,-0.3,0.8,1.53,0.16,-0.19,1.57,0.08,2.58,6,0.04,-0.49,0.27,0.76,-0.29,Tough-Track Star,-0.57,False
c995d726,CA Ingram,South Africa,9,210,162,129.63,26.25,23,7,3,top_order,61.3,69.3,56.3,62.9,B+,B+,B+,B,Utility Player,2.78,0.15,0.81,,0.81,,,,,0.72,-0.22,1.47,,,0,,-0.54,0.42,0.68,,,,True
77768f72,Rakibul Hasan,Bangladesh,2,18,7,257.14,18.0,3,1,6,lower_middle,61.2,60.4,39.1,51.9,B,B+,B+,C+,Utility Player,0.0,0.0,,,,,,,,,1.09,2.82,,,1,,,,,,,,True
e5437608,GF Linde,South Africa,23,333,234,142.31,17.53,20,18,7,lower_middle,61.2,62.6,61.7,62.8,B+,B+,B+,B+,Float,2.48,0.24,1.41,,1.41,0.13,-0.13,0.62,1.19,-0.2,-0.18,1.87,0.08,-0.61,5,-0.14,-0.41,0.53,0.73,0.22,Conditions-Proof,,False
46ad7e01,KJ Stagno,Gibraltar,24,656,370,177.3,28.52,41,56,4,upper_middle,61.2,61.4,50.8,59.6,B,B+,B+,B,Utility Player,2.5,0.16,0.62,1.55,0.9,0.29,-0.29,2.24,2.53,-0.06,0.06,4.72,0.2,-1.79,9,-0.37,0.1,0.57,0.76,0.31,Flat-Track Bully,0.37,False
d96165b5,D Myers,Zimbabwe,29,553,434,127.42,21.27,51,17,3,top_order,61.1,63.7,56.6,61.3,B+,B+,B+,B,Utility Player,6.34,0.42,2.01,0.39,1.53,-0.06,0.06,0.53,1.58,0.17,-0.17,1.55,0.05,0.72,15,0.32,-0.6,0.36,0.7,-0.03,Conditions-Proof,0.21,False
45eda7c8,CA Lynn,Australia,16,291,221,131.67,19.4,28,14,3,top_order,61.1,66.9,53.7,60.2,B+,B+,B+,B,Utility Player,4.38,0.32,0.61,,0.61,-0.17,0.17,0.51,1.04,0.06,-0.15,1.72,0.11,,4,,-0.96,0.24,0.74,-0.17,Tough-Track Star,-0.42,False
8fc65c2b,SM Davies,England,5,102,82,124.39,20.4,12,0,2,top_order,61.1,53.3,50.1,55.8,B,B+,B,B,Utility Player,3.0,0.18,,,,,,,,,0.26,1.31,,,0,,-1.18,0.14,0.58,,,,True
575ab3ce,CU Jayasinghe,Sri Lanka,3,49,49,100.0,49.0,3,1,4,upper_middle,61.1,8.7,64.4,57.2,B,B+,D,B+,Utility Player,16.0,0.98,,,,,,,,,-0.02,1.14,,,1,,-1.23,0.0,0.5,,,,True
e61cee7b,H Venkataram,Singapore,12,126,119,105.88,42.0,10,3,8,lower_order,61.0,53.5,65.1,66.5,B+,B+,B,B+,Utility Player,4.92,0.5,,,,-0.22,0.22,0.66,0.88,-0.38,0.01,3.44,0.29,,4,,-0.93,0.38,0.58,-0.41,Tough-Track Star,-0.39,False
01549705,J van Heerden,Germany,9,271,225,120.44,45.17,36,2,2,top_order,60.9,57.8,62.8,66.4,B+,B+,B,B+,Float,10.67,0.43,0.95,,0.95,,,,,-0.26,-0.09,2.61,,1.65,5,0.18,-0.33,0.39,0.76,,,,True
3a0f6df2,Zulfiqar Babar,Pakistan,3,27,27,100.0,27.0,2,1,11,tail,60.9,61.0,68.4,66.5,B+,B+,B+,B+,Float,7.0,0.78,,,,,,,,,-0.01,2.09,,,1,,-1.12,0.0,1.0,,,,True
c1b74851,ED Silva,Kuwait,7,166,89,186.52,23.71,10,15,8,lower_order,60.9,61.8,50.3,58.0,B,B+,B+,B,Utility Player,3.86,0.3,1.81,,1.81,,,,,-0.28,0.13,3.21,,2.63,5,0.15,0.47,0.6,0.58,,,,True
a343262c,JE Root,England,29,881,699,126.04,36.71,91,15,3,top_order,60.9,17.9,83.9,68.0,B+,B+,C,A,Strike Rotator,10.62,0.44,1.19,,1.19,-0.16,0.16,0.36,0.6,0.24,-0.25,2.06,0.07,-0.28,7,0.01,-0.45,0.39,0.81,0.22,Flat-Track Bully,0.23,False
ed90abe4,AP Devcich,New Zealand,4,111,79,140.51,27.75,17,2,1,top_order,60.9,60.8,48.2,57.6,B,B+,B+,B,Utility Player,9.5,0.48,0.85,,0.85,,,,,,-0.21,1.14,,,0,,-0.5,0.33,0.57,,,,True
0fa5042b,L Ronchi,New Zealand,25,359,256,140.23,17.95,30,14,6,lower_middle,60.8,60.0,60.3,61.5,B+,B+,B+,B+,Float,4.16,0.41,1.6,,1.6,-0.39,0.39,0.91,1.86,0.47,-0.11,1.65,0.07,,4,,-0.51,0.47,0.72,-0.5,Tough-Track Star,-0.88,False
25550d06,GI Hume,Ireland,4,37,28,132.14,37.0,2,2,9,lower_order,60.7,56.9,68.2,68.1,B+,B+,B,B+,Float,3.25,0.46,,,,,,,,,-0.01,1.83,,,1,,-1.73,0.0,1.0,,,,True
b6bad765,Shaheryar Butt,Belgium,33,717,566,126.68,26.56,60,37,5,upper_middle,60.7,63.1,56.4,61.9,B+,B+,B+,B,Utility Player,9.09,0.53,0.84,,0.84,-0.05,0.05,0.65,2.05,-0.03,-0.16,2.99,0.09,0.18,13,0.04,-0.51,0.31,0.79,0.22,Flat-Track Bully,0.18,False
30f92334,ZGF Foulkes,New Zealand,10,88,57,154.39,17.6,6,4,9,lower_order,60.6,55.8,58.5,59.5,B,B+,B,B,Utility Player,1.8,0.32,,,,,,0.47,0.55,0.69,-0.11,1.8,0.18,,3,,-0.18,0.6,0.58,-0.08,Conditions-Proof,-0.36,False
3812d56b,MH Yardy,England,7,96,72,133.33,48.0,10,1,8,lower_order,60.5,65.3,74.0,72.7,B+,B+,B+,B+,Float,4.43,0.43,,,,,,,,0.84,-0.19,2.22,,,1,,0.02,0.25,0.53,,,,True
99639abf,NJ Astle,New Zealand,4,74,67,110.45,24.67,7,2,5,upper_middle,60.5,63.5,54.4,60.2,B+,B+,B+,B,Utility Player,11.5,0.69,,,,,,,,,-0.1,1.41,,,0,,-0.69,0.2,0.62,,,,True
3e6e9a5f,S Gill,Kenya,14,226,187,120.86,25.11,12,8,6,lower_middle,60.5,44.1,63.7,60.7,B+,B+,C+,B+,Utility Player,6.21,0.47,1.93,,1.93,0.19,-0.19,1.17,4.47,-0.19,0.03,2.03,0.14,-1.0,9,0.2,-0.55,0.31,0.76,0.01,Conditions-Proof,0.55,False
f8ef3653,Ibrahim Rahimi,Norway,15,321,192,167.19,26.75,13,32,2,top_order,60.4,60.1,51.2,58.6,B,B+,B+,B,Utility Player,4.47,0.35,1.79,,1.79,-0.67,0.67,2.4,2.65,-0.29,0.23,4.55,0.3,,4,,0.02,0.43,0.7,0.02,Conditions-Proof,-0.05,False
84212ffb,J Liyanage,Sri Lanka,13,181,175,103.43,22.62,13,3,7,lower_middle,60.3,7.5,71.3,56.3,B,B+,D,B+,Utility Player,10.54,0.78,,,,0.06,-0.06,0.25,0.44,-0.06,-0.27,1.26,0.1,,3,,-1.12,0.09,0.71,0.46,Flat-Track Bully,0.27,False
26b6a4e9,SL Verma,Uganda,5,206,134,153.73,51.5,7,16,4,upper_middle,60.3,57.4,57.9,63.9,B+,B+,B,B,Utility Player,1.4,0.05,0.36,,0.36,,,,,,0.2,3.04,,,5,0.19,0.03,0.4,0.66,,,,True
a9520ac2,J Mubarak,Sri Lanka,14,221,169,130.77,22.1,19,8,6,lower_middle,60.2,59.2,67.4,64.8,B+,B+,B,B+,Float,5.86,0.49,,,,,,0.93,3.27,-0.27,-0.13,1.55,0.11,,1,,-0.57,0.33,0.74,0.07,Conditions-Proof,-0.0,False
f8fb7e7b,Musaddiq Ahmed,Germany,10,374,211,177.25,37.4,47,22,2,top_order,60.2,60.3,52.9,62.1,B+,B+,B+,B,Utility Player,1.0,0.05,1.01,0.56,0.88,,,2.1,2.14,0.11,0.26,4.48,0.45,-2.27,6,-0.06,-0.09,0.47,0.76,-0.52,Tough-Track Star,,False
2498e163,JR Hopes,Australia,7,105,98,107.14,21.0,7,1,8,lower_order,60.1,33.0,66.4,58.8,B,B+,C+,B+,Utility Player,9.71,0.69,,,,,,,,-0.1,-0.02,1.46,,,1,,-1.19,0.12,0.66,,,,True
b52ffbbd,FA Allen,West Indies,28,293,214,136.92,14.65,20,21,7,lower_middle,60.1,61.0,36.3,50.3,B,B+,B+,C+,Utility Player,3.93,0.51,,,,0.05,-0.05,0.92,2.07,0.19,0.0,1.74,0.06,0.15,12,0.03,-0.9,0.27,0.71,-0.41,Tough-Track Star,-1.31,False
a28a7fba,A Johnson,Canada,31,910,618,147.25,32.5,85,60,1,top_order,60.1,72.7,59.4,66.5,B+,B+,B+,B,Utility Player,6.39,0.32,0.92,2.49,1.39,-0.09,0.09,1.09,3.6,0.27,-0.35,2.21,0.07,1.87,11,0.11,-0.55,0.44,0.74,0.24,Flat-Track Bully,0.36,False
c6d1b1e4,P Baron,Argentina,25,576,498,115.66,27.43,65,13,1,top_order,60.1,59.4,59.4,62.4,B+,B+,B,B,Utility Player,3.84,0.19,1.63,,1.63,0.18,-0.18,1.45,3.08,-0.23,0.12,2.93,0.12,-2.38,16,-0.31,-0.56,0.31,0.8,-0.31,Tough-Track Star,-0.47,False
a8f91f78,Abbas Ghani,Hungary,21,522,340,153.53,24.86,51,26,1,top_order,60.0,59.3,51.3,58.2,B,B+,B,B,Utility Player,3.14,0.19,1.21,,1.21,0.36,-0.36,1.43,1.99,-0.27,0.08,3.4,0.16,-1.55,6,-0.57,-0.36,0.32,0.82,-0.3,Tough-Track Star,-0.97,False
f5b68485,K Pala,Papua New Guinea,2,41,30,136.67,41.0,4,2,4,upper_middle,60.0,61.4,49.8,60.8,B+,B+,B+,B,Utility Player,0.0,0.0,,,,,,,,,0.38,1.81,,,2,,1.2,1.0,1.0,,,,True
73ad96ed,DJ Hooda,India,17,368,250,147.2,30.67,29,18,6,lower_middle,60.0,70.3,74.3,71.8,B+,B+,B+,B+,Float,7.29,0.5,1.81,0.61,1.45,0.02,-0.02,0.51,0.76,-0.36,-0.23,1.94,0.11,,2,,0.1,0.56,0.77,0.29,Flat-Track Bully,0.78,False
aad0c365,Nithish Kumar Reddy,India,3,90,50,180.0,45.0,4,8,4,upper_middle,60.0,65.2,54.7,63.8,B+,B+,B+,B,Utility Player,6.0,0.36,0.78,,0.78,,,,,,-0.27,1.67,,,0,,0.07,0.5,0.53,,,,True
fdedb37c,SM Katich,Australia,2,69,47,146.81,34.5,8,2,6,lower_middle,60.0,59.3,53.3,60.9,B+,B+,B,B,Utility Player,9.0,0.38,,,,,,,,,-0.09,1.24,,,1,,-0.28,0.5,0.51,,,,True
e38bce7a,MG Bracewell,New Zealand,29,434,323,134.37,21.7,36,17,7,lower_middle,60.0,61.1,74.0,68.2,B+,B+,B+,B+,Float,4.31,0.39,2.02,,2.02,-0.17,0.17,0.47,1.28,-0.08,-0.23,1.7,0.06,-0.78,5,-0.51,-0.36,0.35,0.78,0.17,Flat-Track Bully,0.45,False
2513b4fe,Kashif Siddique,Saudi Arabia,11,254,184,138.04,23.09,39,6,2,top_order,59.9,60.1,36.1,50.9,B,B,B+,C+,Utility Player,6.0,0.36,1.9,,1.9,0.28,-0.28,1.25,1.73,0.74,0.07,2.29,0.21,,2,,-0.55,0.33,0.72,0.32,Flat-Track Bully,,False
ea59139a,Wasim Ali,Oman,15,247,197,125.38,19.0,18,12,5,upper_middle,59.8,58.4,49.0,55.8,B,B,B,B,Utility Player,5.47,0.42,,,,-0.01,0.01,0.54,0.93,0.2,-0.13,1.8,0.12,,4,,-0.22,0.57,0.64,0.45,Flat-Track Bully,0.4,False
eddf25bd,CAJ Meschede,Germany,4,174,113,153.98,58.0,9,13,1,top_order,59.8,57.8,56.5,63.1,B+,B,B,B,Utility Player,9.0,0.32,,,,,,,,,0.44,3.97,,,4,,0.05,0.42,0.73,,,,True
48f177f5,AJ Redmond,New Zealand,6,126,84,150.0,21.0,19,2,2,top_order,59.8,63.5,51.3,58.0,B,B,B+,B,Utility Player,2.83,0.2,1.11,,1.11,,,,,0.24,0.03,1.7,,,0,,-0.66,0.2,0.59,,,,True
0348f9a5,TH Tector,Ireland,5,99,67,147.76,19.8,13,3,2,top_order,59.7,56.8,48.3,55.1,B,B,B,B,Utility Player,3.4,0.25,,,,,,,,,0.01,1.62,,,1,,-0.02,0.5,0.55,,,,True
6de0f650,WA Simpson,Singapore,6,117,87,134.48,39.0,7,6,4,upper_middle,59.7,56.6,54.6,61.9,B+,B,B,B,Utility Player,8.5,0.59,0.56,,0.56,,,,,-0.22,1.2,3.56,,,6,1.1,-0.29,0.4,0.58,,,,True
f092b4c7,Janak Prakash,Singapore,36,506,408,124.02,19.46,31,20,6,lower_middle,59.7,14.3,66.4,55.1,B,B,D,B+,Utility Player,3.75,0.33,1.81,,1.81,-0.28,0.28,0.63,1.85,0.13,-0.17,1.76,0.05,0.21,24,-0.1,-1.08,0.11,0.78,-0.24,Tough-Track Star,-0.6,False
62141a22,Gayan Munaweera,Qatar,10,58,43,134.88,19.33,6,2,10,tail,59.6,59.2,59.4,60.4,B+,B,B,B,Utility Player,0.7,0.16,,,,,,0.99,1.16,-0.24,0.46,3.39,0.34,-2.75,5,-1.88,-2.44,0.0,1.0,0.0,Conditions-Proof,0.5,False
5d77a96a,Umar Adam,Maldives,35,632,463,136.5,18.59,51,37,2,top_order,59.6,59.1,39.8,52.0,B,B,B,C+,Utility Player,4.03,0.3,1.06,,1.06,0.14,-0.14,1.14,1.95,0.27,0.05,2.75,0.08,0.71,19,-0.02,-0.55,0.4,0.79,-0.07,Conditions-Proof,-0.13,False
218c7eab,Basir Ahamad,Nepal,3,123,90,136.67,61.5,10,4,6,lower_middle,59.6,52.7,62.3,64.6,B+,B,B,B+,Utility Player,13.33,0.44,1.9,,1.9,,,,,,0.06,2.34,,,1,,-0.34,0.38,0.63,,,,True
a22b4f3f,A Mansale,Vanuatu,26,572,489,116.97,24.87,37,20,3,top_order,59.5,48.5,62.7,61.0,B+,B,B,B+,Utility Player,5.5,0.29,1.63,,1.63,-0.2,0.2,0.63,1.38,0.1,-0.15,2.02,0.08,-3.24,21,-0.24,-0.69,0.29,0.78,-0.09,Conditions-Proof,-0.22,False
c89474d1,TJ Murtagh,Ireland,4,23,20,115.0,23.0,0,1,10,tail,59.5,43.7,63.5,59.6,B,B,C+,B+,Utility Player,4.0,0.8,,,,,,,,,0.22,1.82,,,3,,,,,,,,True
1f13eba1,Muhammad Haziq Aiman,Malaysia,11,252,144,175.0,22.91,22,19,1,top_order,59.5,60.4,25.9,46.2,B,B,B+,C,Utility Player,3.0,0.23,0.93,1.52,1.11,,,2.36,3.46,0.41,0.16,2.69,0.24,,2,,0.3,0.62,0.67,-0.36,Tough-Track Star,-0.63,False
eb3c3cca,SG Mangela,Uganda,16,361,310,116.45,24.07,32,4,1,top_order,59.4,7.3,58.4,50.5,B,B,D,B,Utility Player,5.31,0.27,1.23,,1.23,-0.32,0.32,0.95,1.35,0.38,-0.07,1.6,0.1,,2,,-0.83,0.25,0.72,-0.08,Conditions-Proof,-0.17,False
2e929b99,GO Jones,England,2,33,25,132.0,33.0,5,0,2,top_order,59.4,59.5,54.7,60.9,B+,B,B,B,Utility Player,7.0,0.56,,,,,,,,,0.02,1.26,,,1,,-0.01,0.5,0.29,,,,True
272d796e,BR Dunk,Australia,5,99,69,143.48,19.8,8,6,1,top_order,59.4,57.3,39.1,51.0,B,B,B,C+,Utility Player,4.2,0.3,,,,,,,,,0.07,1.29,,,0,,-0.68,0.33,0.62,,,,True
c39ee9e0,Junaid Aziz,Bahrain,44,649,617,105.19,20.94,40,31,6,lower_middle,59.4,58.0,67.5,64.5,B+,B,B,B+,Utility Player,9.32,0.66,1.52,,1.52,-0.16,0.16,0.64,0.95,-0.07,-0.12,2.28,0.05,-0.54,17,-0.22,-1.06,0.17,0.78,0.14,Conditions-Proof,0.11,False
82342b13,B Bhandari,Nepal,26,363,299,121.4,18.15,29,16,5,upper_middle,59.3,60.6,50.0,56.5,B,B,B+,B,Utility Player,3.81,0.33,0.99,,0.99,0.08,-0.08,0.44,1.04,-0.26,0.0,2.05,0.08,0.59,11,-0.0,-0.71,0.33,0.71,0.02,Conditions-Proof,0.02,False
431f8af4,Tayyab Tahir,Pakistan,4,84,63,133.33,28.0,7,3,5,upper_middle,59.3,58.1,57.2,60.6,B+,B,B,B,Utility Player,6.5,0.41,,,,,,,,,-0.04,1.25,,,2,,-0.13,0.33,0.62,,,,True
51a36d3e,GH Worker,New Zealand,2,90,64,140.62,45.0,6,5,3,top_order,59.3,60.8,52.9,61.8,B+,B,B+,B,Utility Player,11.5,0.36,1.56,,1.56,,,,,,-0.01,1.42,,,0,,-0.76,0.2,0.58,,,,True
4d6d6280,Salman Butt,Pakistan,21,488,447,109.17,24.4,58,6,1,top_order,59.3,38.3,69.1,61.6,B+,B,C+,B+,Utility Player,6.81,0.32,1.2,,1.2,-0.03,0.03,0.47,0.78,0.16,-0.2,1.3,0.06,,2,,-0.92,0.17,0.74,-0.12,Conditions-Proof,-0.34,False
58043739,TT Bresnan,England,21,216,170,127.06,16.62,16,6,7,lower_middle,59.2,57.3,62.2,61.0,B+,B,B,B+,Utility Player,3.14,0.39,0.98,,0.98,0.19,-0.19,0.78,1.25,0.26,-0.13,1.71,0.08,-0.63,8,-0.22,-0.2,0.2,0.7,0.07,Conditions-Proof,0.13,False
7e00711f,Faheem Nazir,Switzerland,22,775,529,146.5,40.79,91,23,1,top_order,59.2,58.4,60.4,65.3,B+,B,B,B+,Utility Player,4.73,0.2,1.07,1.71,1.26,-0.02,0.02,1.13,2.35,0.21,-0.06,3.35,0.15,0.31,11,0.07,-0.22,0.4,0.82,-0.24,Tough-Track Star,-0.37,False
e5ecb1ef,V Ravindran,Hungary,19,575,395,145.57,31.94,66,23,2,top_order,59.0,59.2,54.9,61.0,B+,B,B,B,Utility Player,2.68,0.13,1.0,,1.0,-0.01,0.01,1.39,2.49,0.02,0.04,3.52,0.19,-0.58,5,0.14,-0.13,0.48,0.78,-0.36,Conditions-Proof,0.27,False
7ee2ce62,VS Solanki,England,3,76,61,124.59,25.33,10,1,2,top_order,58.9,52.6,56.5,58.5,B,B,B,B,Utility Player,1.33,0.07,0.6,,0.6,,,,,,-0.02,0.99,,,1,,-0.08,0.67,0.64,,,,True
92f0e10e,Ahmed Aqeel,Malaysia,27,513,423,121.28,32.06,27,19,6,lower_middle,58.9,48.3,69.9,65.5,B+,B,B,B+,Utility Player,8.15,0.52,1.37,,1.37,0.09,-0.09,0.55,1.21,-0.02,-0.19,2.3,0.09,0.66,9,-0.1,-0.76,0.21,0.79,0.23,Flat-Track Bully,0.25,False
e1d1b294,HH Gibbs,South Africa,23,400,318,125.79,18.18,45,12,3,top_order,58.9,64.2,33.9,49.9,B,B,B+,C+,Utility Player,4.74,0.34,2.33,,2.33,-0.34,0.34,0.31,0.55,0.12,-0.25,1.39,0.06,,4,,-0.48,0.36,0.74,0.16,Flat-Track Bully,0.14,False
14157abf,Aqib Iqbal,Austria,44,825,694,118.88,23.57,62,27,4,upper_middle,58.8,51.9,60.7,60.5,B+,B,B,B+,Utility Player,7.77,0.49,1.37,,1.37,-0.02,0.02,0.59,0.83,0.08,-0.23,2.13,0.05,0.56,14,0.17,-0.74,0.21,0.78,-0.03,Conditions-Proof,-0.01,False
bf976fb0,AS Samra,Philippines,23,564,407,138.57,26.86,44,28,1,top_order,58.8,56.1,57.7,60.4,B+,B,B,B,Utility Player,4.83,0.27,1.12,0.81,1.03,0.03,-0.03,1.47,1.69,0.33,0.05,3.1,0.13,-0.58,11,0.21,-0.19,0.33,0.76,0.01,Conditions-Proof,0.15,False
d3868bd0,JH Davey,Scotland,14,104,75,138.67,17.33,7,4,9,lower_order,58.8,50.2,63.1,59.9,B,B,B,B+,Utility Player,2.0,0.37,,,,-0.18,0.18,0.76,1.21,-0.02,0.16,2.13,0.15,-0.12,7,-0.11,1.17,1.0,0.48,-0.34,Tough-Track Star,-0.2,False
4c4a06fb,Nasir Jamshed,Pakistan,18,363,320,113.44,21.35,34,12,3,top_order,58.7,52.7,59.0,59.2,B,B,B,B,Utility Player,8.72,0.49,1.0,,1.0,-0.08,0.08,0.38,0.99,-0.12,-0.24,1.19,0.07,,2,,-0.74,0.28,0.71,0.26,Flat-Track Bully,0.32,False
821a412e,FA Klokker,Denmark,6,48,45,106.67,24.0,4,0,10,tail,58.7,52.8,56.1,58.0,B,B,B,B,Utility Player,1.17,0.16,,,,,,,,-0.9,0.71,2.56,,,4,,-0.98,0.5,0.29,,,,True
aa710a58,EN Gay,Italy,3,64,30,213.33,21.33,9,2,2,top_order,58.7,57.8,40.1,51.4,B,B,B,C+,Utility Player,0.67,0.07,0.94,,0.94,,,,,,0.44,2.46,,,3,,,,,,,,True
45963d9e,N Dickwella,Sri Lanka,26,480,366,131.15,18.46,61,9,1,top_order,58.7,51.0,50.1,54.6,B,B,B,B,Utility Player,5.54,0.39,1.27,,1.27,0.25,-0.25,0.54,0.98,-0.22,-0.16,1.19,0.05,-0.27,7,-0.13,-0.61,0.3,0.71,-0.05,Conditions-Proof,-0.21,False
ff1ec94d,R Klein,Netherlands,7,102,76,134.21,20.4,7,3,8,lower_order,58.6,54.2,59.1,59.1,B,B,B,B,Utility Player,1.29,0.12,,,,,,,,,-0.14,1.79,,,2,,-0.51,0.0,0.59,,,,True
011f6b42,RG Mukasa,Uganda,46,993,804,123.51,23.64,112,31,1,top_order,58.6,67.9,59.9,63.4,B+,B,B+,B,Utility Player,4.35,0.25,1.54,,1.54,0.02,-0.02,0.67,1.32,0.16,-0.18,2.13,0.05,-0.18,16,0.11,-0.67,0.29,0.79,-0.12,Conditions-Proof,0.02,False
1d048deb,BOP Fernando,Sri Lanka,6,128,114,112.28,25.6,11,4,5,upper_middle,58.6,43.6,55.2,56.1,B,B,C+,B,Utility Player,5.5,0.29,0.81,,0.81,,,,,,-0.25,0.86,,,3,,-0.98,0.25,0.69,,,,True
3748955d,Amir Ali,Oman,6,89,59,150.85,22.25,10,2,7,lower_middle,58.6,55.8,52.9,56.9,B,B,B,B,Utility Player,3.67,0.37,,,,,,,,,0.02,1.52,,,2,,-0.29,0.25,0.59,,,,True
bb95564b,Saif Hassan,Bangladesh,16,331,286,115.73,23.64,14,22,1,top_order,58.6,68.6,61.8,63.9,B+,B,B+,B+,Utility Player,5.62,0.31,1.13,,1.13,0.26,-0.26,0.38,0.97,-0.37,-0.17,1.6,0.1,,2,,-0.9,0.26,0.71,-0.05,Conditions-Proof,0.23,False
dec8e038,J Theron,United States of America,6,41,27,151.85,41.0,4,1,9,lower_order,58.6,57.5,72.5,69.7,B+,B,B,B+,Utility Player,1.33,0.3,,,,,,,,,-0.19,2.58,,1.2,5,0.9,-0.01,0.0,1.0,,,,True
a75a78eb,MR Swart,Netherlands,20,539,461,116.92,29.94,45,14,2,top_order,58.5,9.0,72.6,58.2,B,B,D,B+,Utility Player,5.95,0.26,1.47,,1.47,-0.01,0.01,0.71,1.47,-0.04,-0.2,1.48,0.07,-0.89,8,-0.15,-0.5,0.31,0.79,0.14,Conditions-Proof,-0.06,False
7bb926a7,Tamoor Sajjad,Qatar,6,167,140,119.29,33.4,11,7,5,upper_middle,58.5,57.0,57.4,61.5,B+,B,B,B,Utility Player,13.83,0.59,1.68,,1.68,,,,,0.63,-0.0,1.76,,0.75,5,0.08,-0.12,0.44,0.58,,,,True
45642393,Muhammad Usman,United Arab Emirates,32,664,583,113.89,22.9,61,14,4,upper_middle,58.5,45.7,68.9,62.6,B+,B,B,B+,Utility Player,8.03,0.44,1.47,,1.47,-0.01,0.01,0.64,1.61,0.23,-0.18,1.52,0.05,0.21,13,0.06,-0.77,0.24,0.76,0.06,Conditions-Proof,-0.09,False
77255a9e,RA Tripathi,India,5,97,67,144.78,19.4,11,5,3,top_order,58.5,61.0,25.9,45.4,B,B,B+,C,Utility Player,3.8,0.28,,,,,,,,,-0.22,1.41,,,2,,-0.34,0.43,0.59,,,,True
0184dc35,R Dravid,India,1,31,21,147.62,31.0,0,3,3,top_order,58.5,61.4,48.3,57.5,B,B,B+,B,Utility Player,17.0,0.81,,,,,,,,,0.04,1.22,,,0,,1.65,1.0,1.0,,,,True
68ddabdb,Mohammad Sami,Pakistan,4,21,30,70.0,21.0,2,0,10,tail,58.4,47.6,64.5,60.2,B+,B,B,B+,Utility Player,7.0,0.93,,,,,,,,,-0.22,1.5,,,3,,-1.21,0.0,1.0,,,,True
31366b7e,G Mckeon,France,22,750,529,141.78,35.71,63,37,1,top_order,58.4,56.4,58.4,62.9,B+,B,B,B,Utility Player,4.91,0.2,0.95,1.73,1.18,-0.12,0.12,1.84,4.22,0.29,-0.1,2.76,0.13,0.74,8,-0.08,-0.29,0.4,0.79,0.46,Flat-Track Bully,0.3,False
2e171977,AR Patel,India,55,690,518,133.2,18.65,48,28,7,lower_middle,58.3,55.9,77.6,68.0,B+,B,B,A,Utility Player,5.04,0.53,,,,-0.11,0.11,0.58,0.96,0.16,-0.22,1.85,0.03,-0.22,10,-0.12,-0.54,0.37,0.74,-0.34,Tough-Track Star,-0.28,False
f78e7113,S Prasanna,Sri Lanka,20,214,161,132.92,15.29,13,13,8,lower_order,58.3,60.0,54.0,57.5,B,B,B+,B,Utility Player,3.6,0.45,,,,0.11,-0.11,0.79,1.05,-0.34,-0.07,1.81,0.09,0.64,7,0.1,-0.76,0.43,0.59,0.43,Flat-Track Bully,0.23,False
fecd828e,M Simpson-Parker,Austria,19,383,315,121.59,25.53,29,14,2,top_order,58.3,57.7,51.9,57.5,B,B,B,B,Utility Player,6.58,0.4,1.75,,1.75,0.12,-0.12,0.46,1.02,-0.35,-0.17,2.14,0.11,-1.35,5,-0.24,-0.65,0.33,0.74,0.47,Flat-Track Bully,0.39,False
5d6a1f76,Zeeshan Kukikhel,Hungary,22,611,418,146.17,27.77,69,26,3,top_order,58.3,59.9,51.6,58.4,B,B,B,B,Utility Player,3.7,0.19,1.1,,1.1,0.1,-0.1,0.87,2.38,0.0,-0.12,3.1,0.14,0.41,8,0.19,-0.31,0.34,0.75,0.09,Conditions-Proof,-0.06,False
bf7842c9,TAM Siriwardana,Sri Lanka,19,275,208,132.21,17.19,16,12,6,lower_middle,58.3,58.6,51.0,56.1,B,B,B,B,Utility Player,2.53,0.23,0.38,,0.38,-0.06,0.06,0.65,1.13,0.1,-0.1,1.45,0.08,-0.01,10,0.09,-0.6,0.31,0.73,-0.55,Tough-Track Star,-0.54,False
b7824537,B Niaz,Belgium,24,490,397,123.43,23.33,41,26,3,top_order,58.3,57.6,46.5,54.8,B,B,B,B,Utility Player,8.25,0.5,2.04,,2.04,0.17,-0.17,0.99,1.74,0.25,-0.14,2.45,0.1,1.63,6,0.25,-0.76,0.31,0.79,-0.05,Conditions-Proof,0.26,False
04a418e8,R Parag,India,6,106,70,151.43,17.67,3,9,4,upper_middle,58.3,56.0,50.4,55.2,B,B,B,B,Utility Player,3.17,0.27,,,,,,,,,0.1,1.74,,,0,,-1.06,0.0,0.48,,,,True
afa2ebba,Kamran Ahmadzai,France,9,203,114,178.07,29.0,14,14,7,lower_middle,58.3,57.9,51.8,58.1,B,B,B,B,Utility Player,1.7,0.13,1.68,,1.68,,,2.5,3.07,0.27,0.54,4.93,,0.49,6,0.45,0.4,0.57,0.57,0.35,Flat-Track Bully,,True
772f226b,Aphsal Ashraf,Kuwait,2,49,25,196.0,49.0,1,5,5,upper_middle,58.2,56.9,49.8,59.2,B,B,B,B,Utility Player,9.5,0.76,,,,,,,,,-0.06,1.84,,,1,,1.64,1.0,1.0,,,,True
51a125b3,T Nightingale,Guernsey,28,523,410,127.56,20.12,47,19,3,top_order,58.2,58.6,46.6,54.6,B,B,B,B,Utility Player,6.36,0.43,2.12,,2.12,0.23,-0.23,0.97,2.17,0.05,-0.1,2.23,0.08,0.79,14,0.07,-0.75,0.23,0.78,-0.15,Conditions-Proof,-0.18,False
800d2d97,JM Sharma,India,9,131,85,154.12,18.71,11,7,6,lower_middle,58.2,59.6,56.5,58.7,B,B,B,B,Utility Player,1.67,0.18,,,,,,,,,-0.02,1.6,,,1,,-0.03,0.33,0.66,,,,True
f1e0417f,Mehboob Ali,Malta,10,255,130,196.15,25.5,27,20,2,top_order,58.2,58.5,36.6,50.7,B,B,B,C+,Utility Player,1.7,0.13,1.22,,1.22,,,2.31,2.38,-0.45,0.27,4.43,0.44,,2,,0.22,0.55,0.72,-0.48,Tough-Track Star,-0.67,False
4d84ad05,CJA Amini,Papua New Guinea,43,836,713,117.25,22.59,69,22,3,top_order,58.2,44.8,63.3,59.9,B,B,C+,B+,Utility Player,6.37,0.38,1.71,,1.71,-0.08,0.08,0.46,1.46,0.25,-0.27,1.46,0.03,-0.07,31,-0.08,-0.66,0.35,0.8,0.03,Conditions-Proof,0.07,False
fde53ec1,Adil Butt,Eswatini,15,563,315,178.73,40.21,58,37,1,top_order,58.1,58.0,55.8,62.6,B+,B,B,B,Utility Player,3.38,0.16,0.67,,0.67,-0.81,0.81,2.75,4.12,-0.54,0.41,6.75,0.45,-5.16,10,-0.87,-0.02,0.45,0.72,0.57,Flat-Track Bully,0.94,False
72b245dd,Anamul Haque,Bangladesh,18,396,348,113.79,23.29,42,11,2,top_order,58.1,46.6,65.6,61.0,B+,B,B,B+,Utility Player,5.67,0.29,0.85,,0.85,-0.06,0.06,0.5,1.32,0.05,-0.19,1.27,0.07,-0.1,5,-0.2,-0.9,0.25,0.81,-0.46,Tough-Track Star,-0.42,False
4e1b4323,TS Kamunhukamwe,Zimbabwe,12,259,246,105.28,21.58,25,10,1,top_order,58.1,58.0,55.6,58.5,B,B,B,B,Utility Player,7.92,0.39,,,,,,0.29,0.45,0.21,-0.21,1.29,0.11,,2,,-1.08,0.25,0.74,0.23,Flat-Track Bully,0.22,False
81a0e294,SA Engelbrecht,Netherlands,10,280,211,132.7,31.11,21,12,4,upper_middle,58.0,62.2,67.8,66.6,B+,B,B+,B+,Utility Player,10.8,0.51,1.33,,1.33,0.25,-0.25,0.46,0.46,0.33,-0.11,1.68,0.17,,2,,-0.79,0.24,0.75,0.19,Conditions-Proof,-0.02,False
2278c4ca,R Sharma,Singapore,8,157,104,150.96,52.33,11,9,7,lower_middle,57.9,57.5,57.7,62.9,B+,B,B,B,Utility Player,3.25,0.25,,,,,,,,0.98,1.07,5.65,,,3,,-0.09,0.57,0.67,,,,True
298d9b83,Shariq Munir,Qatar,9,169,116,145.69,21.12,15,8,3,top_order,57.9,56.9,41.4,51.6,B,B,B,C+,Utility Player,1.56,0.12,,,,,,,,-0.01,0.07,1.87,,-2.6,5,-0.66,-0.57,0.29,0.67,,,,True
f219df21,Sahil Chauhan,Estonia,20,471,254,185.43,31.4,25,43,4,upper_middle,57.9,59.3,46.5,56.6,B,B,B,B,Utility Player,4.0,0.31,0.9,2.34,1.33,-0.81,0.81,2.35,5.39,0.2,-0.14,3.97,0.2,-1.94,12,-0.74,0.41,0.4,0.72,-0.09,Conditions-Proof,-0.01,False
c28a293e,HS Gericke,Malta,16,387,238,162.61,24.19,32,17,2,top_order,57.9,56.2,46.5,54.4,B,B,B,B,Utility Player,3.25,0.22,0.77,,0.77,-0.02,0.02,2.02,3.04,-0.15,0.13,3.04,0.19,-0.3,7,-0.25,-0.03,0.38,0.72,-0.29,Tough-Track Star,-0.42,False
04029c44,Munir Dar,Hong Kong,1,36,27,133.33,36.0,3,1,7,lower_middle,57.8,55.5,51.1,58.8,B,B,B,B,Utility Player,5.0,0.19,,,,,,,,,0.31,1.24,,,0,,0.62,0.5,0.29,,,,True
72bf5103,I Niyomugabo,Rwanda,24,485,488,99.39,24.25,48,7,3,top_order,57.8,14.4,59.9,52.2,B,B,D,B,Utility Player,5.08,0.25,0.98,,0.98,-0.32,0.32,0.89,1.14,0.24,-0.08,1.72,0.07,-0.9,5,-0.34,-1.33,0.09,0.8,-0.03,Conditions-Proof,-0.92,False
6843a783,Shan Masood,Pakistan,17,395,324,121.91,30.38,30,7,3,top_order,57.8,3.5,77.4,59.0,B,B,D,A,Strike Rotator,8.06,0.42,1.28,,1.28,0.09,-0.09,0.42,0.45,0.14,-0.22,1.45,0.09,,4,,-0.85,0.23,0.72,-0.45,Tough-Track Star,-0.52,False
b93b87ae,Zain Ul Abidin,Saudi Arabia,31,335,284,117.96,17.63,18,17,8,lower_order,57.7,54.1,61.2,59.6,B,B,B,B+,Utility Player,4.81,0.52,2.12,,2.12,0.21,-0.21,0.74,0.82,-0.02,-0.04,2.38,0.08,0.61,14,0.2,-0.55,0.21,0.73,0.03,Conditions-Proof,-0.06,False
55f33b32,JL Ontong,South Africa,10,158,109,144.95,15.8,6,11,5,upper_middle,57.7,57.9,22.1,42.5,C+,B,B,C,Utility Player,6.6,0.61,0.92,,0.92,,,0.95,1.53,0.33,-0.11,1.39,0.14,,1,,-0.43,0.44,0.69,0.12,Conditions-Proof,0.07,False
e342e5fb,CR Brathwaite,West Indies,25,289,261,110.73,14.45,13,19,7,lower_middle,57.6,54.6,46.1,52.6,B,B,B,B,Utility Player,5.56,0.53,,,,0.43,-0.43,0.89,2.42,0.2,-0.16,1.47,0.06,1.53,10,0.53,-1.52,0.2,0.73,0.05,Conditions-Proof,0.07,False
8209da53,H Singh,Germany,33,581,459,126.58,20.75,56,15,4,upper_middle,57.5,56.8,50.1,55.7,B,B,B,B,Utility Player,3.52,0.25,1.34,,1.34,0.23,-0.23,0.8,2.33,0.21,-0.15,1.91,0.06,-0.04,18,0.07,-0.41,0.38,0.77,-0.24,Tough-Track Star,-0.33,False
0d51e658,CD Barnwell,West Indies,6,78,62,125.81,19.5,4,4,7,lower_middle,57.5,41.5,53.2,53.4,B,B,C+,B,Utility Player,1.83,0.18,,,,,,,,,0.04,1.08,,,2,,-0.5,0.4,0.63,,,,True
94a1827c,OGL Bascome,Bermuda,28,485,358,135.47,17.96,35,33,3,top_order,57.5,57.5,38.1,50.0,B,B,B,C+,Utility Player,4.29,0.34,0.66,,0.66,0.24,-0.24,1.04,2.72,0.11,0.02,2.47,0.09,1.24,23,0.2,-0.46,0.33,0.74,0.0,Conditions-Proof,-0.09,False
02802468,Ali Nadeem,Canada,6,188,131,143.51,47.0,15,8,1,top_order,57.5,55.2,61.9,64.2,B+,B,B,B+,Utility Player,2.33,0.11,1.1,,1.1,,,,,0.0,-0.03,2.3,,,0,,0.31,0.62,0.61,,,,True
86f84b37,AM Tribe,Jersey,19,433,355,121.97,25.47,36,15,5,upper_middle,57.4,55.9,58.1,59.7,B,B,B,B,Utility Player,6.53,0.35,1.29,,1.29,0.01,-0.01,0.83,1.33,0.43,-0.16,1.54,0.08,-3.97,16,-0.52,-1.02,0.29,0.74,-0.19,Tough-Track Star,-0.29,False
352e589f,Sahir Naqash,Germany,22,288,211,136.49,24.0,18,11,7,lower_middle,57.4,51.2,61.1,59.7,B,B,B,B+,Utility Player,4.05,0.42,,,,0.35,-0.35,1.05,1.02,0.17,-0.11,1.73,0.08,0.15,11,-0.21,-0.19,0.43,0.65,-0.03,Conditions-Proof,-0.38,False
a6bab2a9,K Gore,United States of America,3,47,28,167.86,23.5,4,2,8,lower_order,57.4,53.7,52.3,55.9,B,B,B,B,Utility Player,1.33,0.14,,,,,,,,,0.28,2.01,,,3,,-0.05,0.5,0.29,,,,True
42bf1b7d,H Carlyon,Jersey,36,671,553,121.34,18.64,67,24,1,top_order,57.4,57.1,50.5,55.7,B,B,B,B,Utility Player,3.08,0.2,1.06,1.03,1.05,0.21,-0.21,0.7,1.41,-0.25,-0.03,1.87,0.05,0.95,27,0.24,-0.59,0.25,0.81,-0.11,Conditions-Proof,-0.21,False
c988daa1,I Takahashi,Japan,42,607,447,135.79,17.85,47,32,7,lower_middle,57.4,57.2,53.3,56.8,B,B,B,B,Utility Player,3.47,0.33,,,,-0.21,0.21,1.13,1.87,0.09,0.07,3.03,0.07,-1.28,23,-0.37,-0.14,0.4,0.76,0.14,Conditions-Proof,0.38,False
cc6b0cda,Kalhan Challu,Hong Kong,8,147,108,136.11,29.4,10,3,5,upper_middle,57.3,5.0,64.6,52.9,B,B,D,B+,Utility Player,3.62,0.27,,,,,,,,0.26,-0.06,1.78,,,1,,0.17,0.43,0.69,,,,True
17bc032c,C Munoz-Mills,Spain,24,280,216,129.63,21.54,23,12,7,lower_middle,57.3,57.4,60.2,60.1,B+,B,B,B+,Utility Player,4.21,0.47,,,,0.29,-0.29,1.07,2.2,-0.3,0.04,2.88,0.12,1.61,8,0.46,-0.37,0.44,0.76,-0.19,Tough-Track Star,-0.36,False
d816fc1c,JJ Huo,Mozambique,21,415,345,120.29,27.67,40,14,1,top_order,57.3,55.9,56.8,59.5,B,B,B,B,Utility Player,5.64,0.34,1.25,2.77,1.7,0.23,-0.23,0.38,0.67,-0.42,-0.14,2.43,0.12,-1.21,19,-0.5,-0.67,0.33,0.76,0.39,Flat-Track Bully,0.18,False
31803fac,Abu Hider,Bangladesh,3,37,29,127.59,37.0,4,2,10,tail,57.3,60.8,63.2,65.4,B+,B,B+,B+,Utility Player,4.33,0.45,,,,,,,,,-0.29,1.66,,,2,,-1.21,0.0,0.48,,,,True
b0e08fde,Usman Limbada,Canada,3,53,41,129.27,53.0,6,0,7,lower_middle,57.3,47.1,55.6,59.6,B,B,B,B,Utility Player,9.33,0.68,,,,,,,,,0.27,1.99,,,2,,0.28,0.75,0.54,,,,True
61c48027,Kuldeep,Portugal,13,377,228,165.35,31.42,35,23,1,top_order,57.2,57.0,52.7,58.6,B,B,B,B,Utility Player,3.46,0.2,1.48,,1.48,0.55,-0.55,2.47,2.71,-0.26,0.3,4.5,0.35,,4,,0.04,0.53,0.73,-0.04,Conditions-Proof,0.12,False
67e36e53,Jassim Khan,Qatar,7,106,68,155.88,21.2,4,10,5,upper_middle,57.2,59.1,18.9,41.6,C+,B,B,C,Utility Player,3.71,0.38,,,,,,,,0.01,-0.09,1.94,,1.39,5,-0.13,-1.19,0.0,0.63,,,,True
ced0ec25,Ghulam Shabber,United Arab Emirates,10,150,131,114.5,21.43,17,3,3,top_order,57.2,58.1,58.5,59.3,B,B,B,B,Utility Player,4.0,0.31,1.4,,1.4,,,0.53,0.64,0.4,0.02,1.56,0.16,,1,,-0.7,0.22,0.72,0.06,Conditions-Proof,-0.07,False
723ca856,Khizer Ahmed,Norway,31,617,525,117.52,22.85,60,17,1,top_order,57.2,53.9,56.1,58.0,B,B,B,B,Utility Player,3.52,0.21,1.11,,1.11,0.12,-0.12,0.69,2.6,-0.37,-0.12,1.94,0.06,0.52,13,0.1,-0.83,0.16,0.8,0.13,Conditions-Proof,0.18,False
ff2b190e,Dylan Steyn,Czech Republic,19,535,399,134.09,28.16,64,8,2,top_order,57.1,53.1,56.4,58.9,B,B,B,B,Utility Player,3.95,0.19,1.0,,1.0,-0.14,0.14,0.57,0.93,0.18,0.01,2.71,0.14,0.6,10,0.3,-0.29,0.32,0.78,-0.2,Tough-Track Star,-0.18,False
45a7e761,Shaheen Shah Afridi,Pakistan,40,343,269,127.51,14.91,19,25,9,lower_order,57.1,62.4,48.7,55.2,B,B,B+,B,Utility Player,3.7,0.55,,,,-0.12,0.12,0.52,0.83,0.09,-0.22,1.75,0.04,-1.21,15,-0.26,-0.56,0.38,0.7,-0.16,Tough-Track Star,-0.34,False
9b6ad88a,R Gunasekera,Canada,7,191,182,104.95,27.29,22,3,1,top_order,57.1,58.6,57.0,59.8,B,B,B,B,Utility Player,8.57,0.33,2.86,,2.86,,,,,,-0.11,1.48,,0.36,5,-0.08,-1.02,0.27,0.68,,,,True
5c037734,Choudry Share Ali,Sweden,6,176,100,176.0,35.2,15,11,4,upper_middle,57.1,57.0,49.4,58.0,B,B,B,B,Utility Player,3.14,0.19,1.26,,1.26,,,,,,0.61,4.21,,,4,,0.53,0.57,0.62,,,,True
b970a03f,M Klinger,Australia,3,143,112,127.68,47.67,12,2,2,top_order,57.0,42.5,65.8,63.2,B+,B,C+,B+,Utility Player,12.67,0.34,1.1,,1.1,,,,,,-0.12,1.36,,,0,,-0.47,0.43,0.64,,,,True
27b8d7b6,K Birkenstock,Namibia,3,80,44,181.82,26.67,9,4,4,upper_middle,57.0,58.5,43.8,53.5,B,B,B,C+,Utility Player,0.67,0.05,0.82,,0.82,,,,,,0.45,2.08,,,1,,-0.23,0.5,0.29,,,,True
4d9f9686,Soumya Sarkar,Bangladesh,81,1434,1164,123.2,18.62,143,54,2,top_order,57.0,72.2,43.6,56.0,B,B,B+,C+,Utility Player,5.06,0.35,1.0,,1.0,0.02,-0.02,0.42,0.93,-0.05,-0.22,1.61,0.02,-0.17,23,0.01,-0.93,0.2,0.8,0.12,Conditions-Proof,0.09,False
b7646e8c,GEF Barnett,Canada,2,66,48,137.5,33.0,9,0,4,upper_middle,57.0,53.5,46.2,55.0,B,B,B,B,Utility Player,7.0,0.29,,,,,,,,,0.21,1.44,,,2,,0.69,0.67,0.47,,,,True
922e3dcc,Kamran Khan,Qatar,18,324,251,129.08,18.0,38,16,1,top_order,56.9,58.3,21.4,42.3,C+,B,B,C,Utility Player,6.78,0.49,0.97,,0.97,0.49,-0.49,0.71,1.06,0.35,-0.02,2.27,0.13,-0.01,7,-0.07,-0.48,0.33,0.73,0.12,Conditions-Proof,0.0,False
f14c62e4,PA Nixon,England,1,31,22,140.91,31.0,2,1,7,lower_middle,56.8,53.9,55.9,58.9,B,B,B,B,Utility Player,22.0,1.0,,,,,,,,,-0.07,1.1,,,1,,0.68,1.0,0.29,,,,True
0b581ed6,J Sumerauer,Jersey,26,299,216,138.43,17.59,20,12,7,lower_middle,56.8,54.5,55.9,57.0,B,B,B,B,Utility Player,3.08,0.37,1.44,,1.44,-0.21,0.21,0.67,1.35,0.3,-0.05,2.11,0.08,0.27,20,-0.06,0.01,0.5,0.7,0.09,Conditions-Proof,0.02,False
8cae5b48,Aminuddin Ramly,Malaysia,19,249,167,149.1,16.6,11,19,6,lower_middle,56.8,54.6,45.1,52.0,B,B,B,B,Utility Player,4.32,0.49,,,,0.85,-0.85,1.31,3.21,0.03,0.02,2.15,0.11,2.31,8,0.43,-0.04,0.5,0.67,-0.21,Tough-Track Star,-0.35,False
8716233e,ZE Green,Namibia,51,663,608,109.05,17.92,56,13,6,lower_middle,56.7,16.1,66.8,54.5,B,B,C,B+,Utility Player,7.12,0.6,0.69,,0.69,-0.15,0.15,0.44,0.93,-0.04,-0.27,1.58,0.03,-0.16,25,0.05,-1.03,0.28,0.78,0.04,Conditions-Proof,-0.06,False
5a22d91c,EMDY Munaweera,Sri Lanka,13,215,164,131.1,17.92,25,7,3,top_order,56.7,60.9,43.3,52.5,B,B,B+,C+,Utility Player,3.0,0.24,0.61,,0.61,0.27,-0.27,0.63,1.07,-0.26,-0.12,1.39,0.11,,3,,-0.28,0.4,0.69,0.21,Flat-Track Bully,0.23,False
f2c936d7,MJ Owen,Australia,11,179,121,147.93,17.9,7,14,6,lower_middle,56.7,61.1,37.4,49.9,B,B,B+,C+,Utility Player,4.36,0.4,0.84,,0.84,,,0.55,1.14,-0.11,-0.27,1.4,0.13,,4,,-0.67,0.44,0.69,-0.05,Conditions-Proof,,False
add288ea,MM Baig,Qatar,25,331,257,128.79,18.39,17,20,6,lower_middle,56.7,56.8,55.0,57.1,B,B,B,B,Utility Player,2.38,0.23,2.59,,2.59,-0.11,0.11,0.7,1.15,-0.22,-0.14,2.03,0.08,-0.87,13,-0.31,-0.48,0.41,0.74,0.16,Flat-Track Bully,0.09,False
aae9ce90,JF Mooney,Ireland,16,176,158,111.39,19.56,18,1,7,lower_middle,56.7,10.7,62.1,51.1,B,B,D,B+,Utility Player,5.06,0.51,,,,-0.02,0.02,0.65,1.01,-0.02,-0.14,1.29,0.08,-0.07,12,-0.23,-0.34,0.38,0.6,-0.17,Tough-Track Star,-0.1,False
0d677597,W Barresi,Netherlands,37,750,644,116.46,25.0,65,21,3,top_order,56.6,64.8,69.6,66.5,B+,B,B+,B+,Utility Player,5.73,0.33,1.2,,1.2,-0.11,0.11,0.68,1.66,-0.2,-0.2,1.61,0.04,-0.46,12,-0.47,-0.79,0.32,0.77,-0.01,Conditions-Proof,-0.23,False
23cca426,OF Smith,West Indies,20,193,138,139.86,14.85,13,12,9,lower_order,56.6,55.9,55.7,56.8,B,B,B,B,Utility Player,3.5,0.51,,,,-0.28,0.28,0.58,1.14,-0.42,-0.17,1.66,0.08,-0.06,11,-0.13,-0.19,0.57,0.64,0.07,Conditions-Proof,,False
2687fff2,KC D'Souza,Bulgaria,24,535,339,157.82,31.47,32,37,6,lower_middle,56.6,57.4,54.9,59.6,B,B,B,B,Utility Player,5.42,0.38,2.11,,2.11,0.26,-0.26,1.06,1.43,0.04,-0.18,3.41,0.14,2.31,13,0.42,-0.15,0.42,0.75,0.21,Flat-Track Bully,0.15,False
653a7fa8,PV Vuniwaqa,Fiji,11,427,264,161.74,42.7,34,33,3,top_order,56.5,56.4,53.6,60.6,B+,B,B,B,Utility Player,4.0,0.17,0.96,,0.96,-0.3,0.3,3.29,4.39,0.28,0.27,4.99,0.45,,11,0.27,-0.16,0.45,0.71,-0.18,Conditions-Proof,0.0,False
89c16049,Agha Salman,Pakistan,45,819,666,122.97,21.55,76,26,4,upper_middle,56.5,67.4,60.9,62.6,B+,B,B+,B+,Utility Player,4.62,0.31,1.18,,1.18,-0.0,0.0,0.48,0.53,-0.26,-0.25,1.47,0.03,-0.81,8,-0.23,-0.75,0.27,0.77,0.23,Flat-Track Bully,0.12,False
985b649e,Taranjit Singh,Cyprus,12,223,98,227.55,24.78,17,19,7,lower_middle,56.5,56.5,45.6,53.6,B,B,B,B,Utility Player,0.83,0.1,0.62,,0.62,,,2.67,3.35,-0.06,0.54,5.31,0.44,-2.57,6,-0.39,1.67,0.8,0.7,0.24,Flat-Track Bully,0.58,False
580ae7f2,IDA Damarell,Guernsey,24,423,387,109.3,20.14,45,8,5,upper_middle,56.5,53.7,46.4,52.8,B,B,B,B,Utility Player,6.83,0.42,1.31,,1.31,-0.03,0.03,0.68,1.21,-0.1,-0.06,1.84,0.08,-0.04,14,-0.02,-1.0,0.3,0.73,-0.03,Conditions-Proof,-0.26,False
eea6b7f1,SP Fleming,New Zealand,5,110,85,129.41,22.0,20,0,2,top_order,56.5,59.2,50.1,55.6,B,B,B,B,Utility Player,7.6,0.45,,,,,,,,,-0.03,1.13,,,1,,-0.22,0.43,0.68,,,,True
b9cfb0b1,Sayed Monib,Kuwait,24,253,139,182.01,14.88,14,22,9,lower_order,56.5,55.6,44.9,51.9,B,B,B,C+,Utility Player,2.58,0.45,,,,0.29,-0.29,1.64,4.03,-0.3,0.12,2.34,0.1,0.12,16,0.08,0.35,0.67,0.71,-0.08,Conditions-Proof,-0.41,False
a53029a1,R Hashu,Portugal,6,89,64,139.06,29.67,2,5,7,lower_middle,56.5,53.9,54.0,57.7,B,B,B,B,Utility Player,3.0,0.28,,,,,,,,-0.29,0.06,2.67,,,2,,-1.26,0.0,0.5,,,,True
826e1017,I Liyanage,Qatar,41,1067,864,123.5,28.08,116,29,1,top_order,56.4,61.2,70.8,67.1,B+,B,B+,B+,Utility Player,5.54,0.26,1.25,,1.25,-0.09,0.09,0.67,1.16,0.26,-0.24,2.02,0.05,0.33,19,-0.12,-0.6,0.29,0.79,0.09,Conditions-Proof,0.16,False
ec5160d7,J Broad,Germany,9,288,241,119.5,41.14,26,3,1,top_order,56.4,11.9,66.4,57.3,B,B,D,B+,Utility Player,4.56,0.17,1.26,,1.26,,,,,0.19,-0.02,1.83,,-0.36,5,-0.21,-0.49,0.5,0.72,,,,True
8de618ab,SA Ahmad,Denmark,30,601,561,107.13,22.26,55,13,4,upper_middle,56.3,48.6,56.9,56.9,B,B,B,B,Utility Player,7.93,0.42,1.5,,1.5,-0.04,0.04,0.52,1.02,0.01,-0.17,1.66,0.06,-0.3,22,-0.2,-1.02,0.15,0.78,-0.09,Conditions-Proof,-0.26,False
d285acaf,CE McConchie,New Zealand,11,145,130,111.54,20.71,12,2,7,lower_middle,56.3,58.6,64.3,61.6,B+,B,B,B+,Utility Player,5.36,0.45,,,,,,0.34,0.37,0.04,-0.16,1.54,0.14,,3,,-1.35,0.08,0.67,0.49,Flat-Track Bully,0.43,False
5f25b104,Sheikh Rasik,Hungary,10,344,201,171.14,43.0,19,28,4,upper_middle,56.2,57.0,53.2,60.4,B+,B,B,B,Utility Player,4.8,0.24,0.89,1.36,1.03,,,2.17,2.68,-0.59,-0.01,3.49,0.35,-3.46,5,-0.2,-0.45,0.33,0.71,0.34,Flat-Track Bully,0.38,False
de0a3209,Mominul Haque,Bangladesh,4,60,50,120.0,20.0,5,2,3,top_order,56.2,56.6,49.3,54.3,B,B,B,B,Utility Player,2.0,0.16,,,,,,,,,-0.13,1.29,,,3,,0.2,1.0,1.0,,,,True
bb4da4d3,D Visser,Samoa,17,578,384,150.52,41.29,56,32,1,top_order,56.1,61.2,63.4,65.9,B+,B,B+,B+,Utility Player,6.59,0.29,1.03,1.31,1.11,-0.18,0.18,1.61,5.46,0.06,-0.32,2.26,0.13,-1.06,12,-0.32,-0.27,0.52,0.75,0.0,Conditions-Proof,-0.11,False
5152ab02,Habib Khan,Estonia,19,473,370,127.84,24.89,39,25,2,top_order,56.1,58.2,53.0,57.3,B,B,B,B,Utility Player,4.68,0.24,1.13,,1.13,-0.03,0.03,0.8,1.2,0.17,-0.1,2.69,0.14,-0.2,10,-0.03,-0.78,0.25,0.71,-0.16,Tough-Track Star,-0.19,False
218d4d78,MT Renshaw,Australia,5,120,99,121.21,24.0,8,2,4,upper_middle,56.1,10.2,46.5,44.3,C+,B,D,B,Utility Player,10.2,0.52,1.38,,1.38,,,,,,-0.32,0.61,,,3,,-0.7,0.38,0.63,,,,True
ff4805ee,Md Ariyan,Romania,11,272,197,138.07,30.22,20,18,5,upper_middle,56.0,56.9,51.9,57.4,B,B,B,B,Utility Player,6.91,0.39,0.94,,0.94,,,0.92,1.18,0.25,-0.08,2.71,0.25,0.03,5,-0.02,-0.55,0.25,0.7,0.09,Conditions-Proof,,False
83d17bbc,MW Forde,West Indies,13,129,88,146.59,16.12,11,8,9,lower_order,55.9,58.0,44.3,51.8,B,B,B,C+,Utility Player,2.54,0.38,,,,,,0.52,0.81,-0.17,-0.2,1.56,0.12,,3,,0.1,0.75,0.59,-0.12,Conditions-Proof,,False
9244df4b,A Ashokan,Czech Republic,22,572,498,114.86,35.75,28,22,3,top_order,55.8,41.8,59.4,59.4,B,B,C+,B,Utility Player,12.45,0.55,1.78,,1.78,-0.09,0.09,0.52,0.65,0.1,-0.16,2.57,0.12,-0.0,9,0.08,-0.67,0.19,0.78,0.18,Conditions-Proof,0.04,False
39713d08,Mohammad Boota,United Arab Emirates,13,120,107,112.15,17.14,9,4,6,lower_middle,55.7,48.2,55.9,55.1,B,B,B,B,Utility Player,3.85,0.47,,,,-0.48,0.48,0.58,0.77,-0.33,0.11,1.67,0.13,0.27,6,0.23,-0.84,0.17,0.67,0.29,Flat-Track Bully,0.26,False
7a5f232a,JA Burns,Italy,8,271,195,138.97,45.17,26,10,3,top_order,55.7,53.8,56.5,61.0,B+,B,B,B,Utility Player,4.75,0.19,2.34,1.44,2.07,,,,,0.25,-0.12,2.14,,,8,-0.11,0.15,0.53,0.68,,,,True
13c35c9e,TG Southee,New Zealand,46,303,218,138.99,11.65,20,18,9,lower_order,55.7,54.0,25.4,42.3,C+,B,B,C,Utility Player,1.8,0.38,,,,-0.15,0.15,0.67,1.85,-0.02,-0.07,1.5,0.03,-0.15,21,-0.33,-0.89,0.25,0.7,-0.12,Conditions-Proof,-0.46,False
4db71b2e,Sohail Ahmed,Bahrain,69,1823,1515,120.33,43.4,119,77,4,upper_middle,55.6,63.0,77.2,73.1,B+,B,B+,A,Utility Player,8.34,0.38,1.48,,1.48,0.05,-0.05,0.74,2.29,0.05,-0.24,2.86,0.04,-0.84,19,-0.06,-0.51,0.33,0.8,0.09,Conditions-Proof,0.15,False
c31adb5c,TC Barker,Luxembourg,34,743,595,124.87,22.52,80,18,1,top_order,55.6,53.8,50.8,55.1,B,B,B,B,Utility Player,4.15,0.24,0.93,,0.93,0.05,-0.05,0.67,1.15,0.02,-0.17,2.1,0.06,-0.4,17,-0.09,-0.76,0.32,0.82,-0.06,Conditions-Proof,0.02,False
4751827a,CP Schofield,England,4,24,20,120.0,24.0,2,0,9,lower_order,55.6,45.4,58.6,56.5,B,B,B,B,Utility Player,2.75,0.55,,,,,,,,,-0.08,1.02,,,2,,,,,,,,True
8299b9a2,Sher Sahak,Norway,25,396,287,137.98,19.8,24,24,6,lower_middle,55.5,53.9,47.4,52.9,B,B,B,B,Utility Player,3.2,0.28,1.57,,1.57,-0.22,0.22,1.65,5.57,0.12,-0.1,2.17,0.09,-1.02,9,-0.33,-0.3,0.43,0.71,-0.09,Conditions-Proof,-0.1,False
c439461b,Ahmed Hassan,Switzerland,21,579,432,134.03,36.19,38,38,3,top_order,55.5,58.5,58.4,62.4,B+,B,B,B,Utility Player,7.14,0.35,1.03,,1.03,-0.08,0.08,0.83,1.37,-0.06,-0.15,2.81,0.13,-0.27,6,-0.11,-0.39,0.3,0.75,0.14,Conditions-Proof,0.17,False
ffe699c0,CJ Jordan,England,51,424,322,131.68,13.68,29,21,8,lower_order,55.5,54.7,58.6,57.5,B,B,B,B,Utility Player,3.53,0.56,,,,-0.48,0.48,0.68,1.51,-0.35,-0.21,1.68,0.03,-1.08,21,-0.61,-0.76,0.26,0.8,0.04,Conditions-Proof,0.05,False
b7621723,Muhammad Usman,Hungary,11,250,151,165.56,25.0,10,24,5,upper_middle,55.4,57.2,48.6,54.7,B,B,B,B,Utility Player,2.73,0.2,,,,,,1.46,2.34,0.39,0.03,2.91,0.26,,0,,0.52,0.67,0.72,-0.45,Tough-Track Star,-0.54,False
d54397b8,Muhammad Babar,Spain,2,61,35,174.29,30.5,3,7,1,top_order,55.4,57.6,39.5,51.7,B,B,B,C+,Utility Player,1.0,0.06,0.38,,0.38,,,,,,0.19,1.86,,,1,,-0.47,0.25,0.58,,,,True
a968d39b,DC Smith,Philippines,30,514,441,116.55,18.36,47,18,4,upper_middle,55.4,55.7,22.6,42.0,C+,B,B,C,Utility Player,4.87,0.33,0.67,,0.67,-0.02,0.02,1.15,2.3,0.23,-0.1,2.09,0.07,-5.55,22,-0.37,-0.9,0.2,0.79,0.18,Flat-Track Bully,0.25,False
3300d23c,SF Mire,Zimbabwe,6,217,170,127.65,36.17,18,11,2,top_order,55.4,64.3,63.8,65.6,B+,B,B+,B+,Utility Player,11.17,0.39,1.7,0.78,1.42,,,,,,-0.21,1.43,,,3,,-0.43,0.36,0.69,,,,True
53494306,Shahzeb Afridi,Qatar,4,62,35,177.14,31.0,2,6,6,lower_middle,55.4,58.2,51.7,57.4,B,B,B,B,Utility Player,4.5,0.51,,,,,,,,,0.07,1.9,,,0,,-0.06,0.5,0.29,,,,True
71fa64d6,P Useni,Nigeria,46,445,310,143.55,13.91,22,31,7,lower_middle,55.3,53.4,29.7,44.2,C+,B,B,C,Utility Player,2.0,0.3,,,,-0.08,0.08,1.41,2.33,-0.07,0.24,2.17,0.05,-0.94,20,-0.26,-1.03,0.42,0.72,0.13,Conditions-Proof,0.16,False
78f719ea,IDM Latin,Gibraltar,30,672,519,129.48,26.88,58,29,4,upper_middle,55.2,56.4,55.7,58.4,B,B,B,B,Utility Player,7.43,0.43,1.05,,1.05,0.01,-0.01,0.7,1.14,0.2,-0.18,2.37,0.08,-0.46,11,-0.02,-0.59,0.32,0.8,-0.13,Conditions-Proof,-0.15,False
b0c772ee,BJ Haddin,Australia,29,404,352,114.77,17.57,30,13,7,lower_middle,55.2,47.0,63.0,58.2,B,B,B,B+,Utility Player,7.2,0.59,0.46,,0.46,-0.12,0.12,0.44,0.83,-0.0,-0.23,1.4,0.05,-0.29,8,-0.15,-0.89,0.36,0.74,0.02,Conditions-Proof,0.07,False
995fd3b2,M Gogev,Bulgaria,18,523,343,152.48,30.76,42,35,3,top_order,55.1,56.5,48.8,56.0,B,B,B,B,Utility Player,4.5,0.24,1.19,,1.19,-0.07,0.07,0.69,0.87,-0.17,-0.11,3.24,0.18,-0.38,9,-0.2,-0.31,0.41,0.72,0.4,Flat-Track Bully,0.26,False
cf0b9a0d,Khalid Ahmadi,Belgium,18,217,121,179.34,19.73,16,17,8,lower_order,55.1,55.4,46.3,52.4,B,B,B,B,Utility Player,2.67,0.4,,,,,,1.78,3.15,-0.03,0.21,4.81,0.27,-1.8,5,-0.61,-0.05,0.5,0.59,0.07,Conditions-Proof,0.22,False
0fa81719,V Saini,Romania,43,1000,785,127.39,30.3,89,23,4,upper_middle,55.0,49.5,60.4,60.0,B+,B,B,B+,Utility Player,5.53,0.3,1.2,,1.2,-0.03,0.03,0.74,1.14,-0.31,-0.22,2.29,0.05,-0.65,13,-0.17,-0.42,0.36,0.82,0.27,Flat-Track Bully,0.46,False
14318ae4,MS Maker,Tanzania,9,202,160,126.25,40.4,11,10,5,upper_middle,54.9,50.3,63.8,63.2,B+,B,B,B+,Utility Player,6.44,0.36,1.45,,1.45,,,,,0.73,-0.15,1.79,,0.85,6,0.04,-0.26,0.45,0.67,,,,True
5c14bd52,Manan Bashir,Bulgaria,13,352,150,234.67,35.2,16,41,4,upper_middle,54.9,54.9,44.8,54.8,B,B,B,C+,Utility Player,2.62,0.23,,,,0.33,-0.33,3.31,4.57,-0.42,0.34,7.67,0.59,,4,,0.45,0.5,0.7,0.4,Flat-Track Bully,0.46,False
ff154ecd,JM Cox,England,4,88,67,131.34,22.0,9,4,3,top_order,54.9,59.2,43.3,51.9,B,B,B,C+,Utility Player,8.25,0.49,1.14,,1.14,,,,,,-0.26,1.01,,,2,,-1.2,0.2,0.61,,,,True
07ff32f5,Khurram Nawaz,Oman,16,227,190,119.47,20.64,16,11,4,upper_middle,54.9,53.6,53.1,55.2,B,B,B,B,Utility Player,4.69,0.39,1.26,,1.26,0.34,-0.34,0.87,0.77,-0.06,-0.2,1.3,0.08,3.18,8,0.25,-0.71,0.43,0.69,-0.64,Tough-Track Star,-0.69,False
84826f48,NJ O'Brien,Ireland,20,316,326,96.93,17.56,25,6,3,top_order,54.8,19.0,56.5,49.5,B,B,C,B,Utility Player,5.55,0.34,,,,-0.1,0.1,0.61,0.76,-0.07,-0.09,1.2,0.06,-0.97,9,-0.38,-0.97,0.27,0.76,-0.25,Tough-Track Star,-0.43,False
1125ebe4,R Satheesan,Romania,41,1279,843,151.72,34.57,133,63,1,top_order,54.8,60.4,57.5,62.1,B+,B,B+,B,Utility Player,4.44,0.22,1.23,,1.23,0.16,-0.16,1.4,4.74,-0.17,-0.17,2.83,0.07,-0.94,8,-0.01,-0.21,0.36,0.8,0.21,Flat-Track Bully,0.25,False
ea3ffd1b,NO Miller,West Indies,5,43,47,91.49,43.0,2,0,10,tail,54.7,19.0,73.9,61.3,B+,B,C,B+,Utility Player,4.8,0.51,,,,,,,,,-0.14,2.0,,,3,,-0.41,0.33,0.49,,,,True
74234d66,JN Gillespie,Australia,1,24,18,133.33,24.0,4,0,9,lower_order,54.7,55.8,43.6,51.6,B,B,B,C+,Utility Player,8.0,0.44,,,,,,,,,0.07,0.8,,,1,,-1.01,0.0,1.0,,,,True
02888f23,A Donovan,Philippines,13,357,221,161.54,51.0,25,22,4,upper_middle,54.6,55.2,56.3,60.8,B+,B,B,B,Utility Player,3.23,0.19,1.29,2.01,1.51,-0.32,0.32,1.97,3.43,-0.54,-0.18,2.94,0.23,,4,,-0.07,0.47,0.69,0.36,Flat-Track Bully,0.71,False
a5501504,AP Yadav,Thailand,41,1024,966,106.0,30.12,105,19,1,top_order,54.5,50.9,65.9,62.6,B+,B,B,B+,Utility Player,5.34,0.23,1.33,,1.33,0.09,-0.09,0.8,2.55,0.16,-0.17,2.11,0.05,-0.32,11,-0.05,-0.88,0.19,0.82,-0.15,Conditions-Proof,0.29,False
b0946605,AS Joseph,West Indies,19,129,125,103.2,16.12,9,5,10,tail,54.5,53.0,69.8,61.8,B+,B,B,B+,Utility Player,5.32,0.81,,,,-0.32,0.32,0.24,0.52,-0.16,-0.28,1.94,0.1,0.0,9,-0.28,-0.83,0.33,0.57,-0.08,Conditions-Proof,0.68,False
dd09ff8e,B Lee,Australia,12,101,71,142.25,16.83,9,4,8,lower_order,54.4,53.9,55.1,55.4,B,B,B,B,Utility Player,1.83,0.31,,,,-0.18,0.18,0.61,0.75,-0.02,-0.22,1.39,0.12,-0.41,5,-0.14,-0.72,0.33,0.5,0.08,Conditions-Proof,0.2,False
c25d26dc,Sulaimon Runsewe,Nigeria,75,1382,1276,108.31,20.63,145,17,1,top_order,54.3,8.0,62.4,50.8,B,B,D,B+,Utility Player,4.41,0.26,1.4,,1.4,0.23,-0.23,0.59,1.93,-0.1,-0.17,1.52,0.02,-0.1,29,-0.03,-1.0,0.17,0.76,-0.08,Conditions-Proof,0.03,False
2a2e6343,DT Christian,Australia,14,118,93,126.88,14.75,7,6,7,lower_middle,54.3,47.4,51.4,52.2,B,B,B,B,Utility Player,3.29,0.49,,,,0.24,-0.24,1.13,2.38,0.35,0.07,1.31,0.09,,4,,-0.37,0.29,0.7,-0.18,Tough-Track Star,-0.5,False
75c8a26b,Lokesh Bam,Nepal,18,215,150,143.33,15.36,17,15,6,lower_middle,54.3,56.3,22.0,40.9,C+,B,B,C,Utility Player,3.0,0.36,,,,-0.13,0.13,0.96,2.05,0.08,-0.03,1.68,0.09,1.68,9,-0.0,-1.13,0.0,0.6,-0.05,Conditions-Proof,0.06,False
ec4ae12d,Hamid Safi,Austria,13,157,92,170.65,22.43,6,16,6,lower_middle,54.3,55.0,42.9,50.8,B,B,B,C+,Utility Player,2.62,0.37,0.29,,0.29,0.15,-0.15,1.46,1.97,0.05,0.15,3.76,0.29,,2,,-0.99,0.4,0.58,0.38,Flat-Track Bully,0.63,False
90b73986,D Norotam,Portugal,8,237,168,141.07,29.62,21,13,1,top_order,54.3,53.7,48.9,54.7,B,B,B,B,Utility Player,3.88,0.18,2.6,,2.6,,,,,0.53,-0.04,2.14,,,1,,-0.48,0.33,0.72,,,,True
8596fe80,Mohammad Hasnain,Pakistan,7,24,26,92.31,24.0,2,1,11,tail,54.2,59.5,70.8,64.4,B+,B,B,B+,Utility Player,1.43,0.38,,,,,,,,-0.13,-0.3,1.69,,0.66,5,0.78,-1.55,0.0,1.0,,,,True
511871c6,W Perchard,Jersey,3,34,31,109.68,34.0,2,0,9,lower_order,54.2,35.1,58.9,56.3,B,B,C+,B,Utility Player,0.0,0.0,,,,,,,,,0.42,2.26,,,0,,-1.2,0.0,0.29,,,,True
f96933f0,Izatullah Dawlatzai,Germany,1,24,10,240.0,24.0,2,2,9,lower_order,54.2,53.1,41.0,49.7,B,B,B,C+,Utility Player,0.0,0.0,,,,,,,,,0.94,1.86,,,1,,1.03,1.0,1.0,,,,True
2af0e3b1,GA Priandana,Indonesia,63,1196,1103,108.43,22.57,117,41,1,top_order,54.1,51.7,59.8,58.5,B,B,B,B,Utility Player,7.17,0.41,1.33,,1.33,0.38,-0.38,0.9,1.56,-0.26,-0.23,1.9,0.03,-1.51,16,-0.25,-0.97,0.2,0.79,-0.23,Tough-Track Star,-0.13,False
30acd4b7,SP Gomes,Portugal,12,386,284,135.92,48.25,37,10,2,top_order,54.1,48.8,57.9,60.1,B+,B,B,B,Utility Player,4.17,0.18,1.09,,1.09,,,0.86,1.63,-0.36,-0.09,2.54,0.21,,4,,-0.29,0.38,0.73,0.31,Flat-Track Bully,0.26,False
e204b898,Syed Maisam Ali,Portugal,4,31,24,129.17,31.0,1,2,10,tail,54.1,47.6,53.7,55.7,B,B,B,B,Utility Player,0.5,0.08,,,,,,,,,0.07,2.15,,,4,,-3.63,0.0,1.0,,,,True
5791b840,Yasir Ali Chowdhury,Bangladesh,10,120,83,144.58,17.14,11,5,6,lower_middle,54.1,59.1,53.6,55.7,B,B,B,B,Utility Player,3.0,0.36,,,,,,0.71,1.19,0.19,-0.23,1.64,0.16,,4,,0.35,0.8,0.64,0.04,Conditions-Proof,,False
369cc49c,Rafiullah,Oman,22,265,151,175.5,13.95,13,26,7,lower_middle,54.1,54.9,9.2,34.8,C+,B,B,D,Utility Player,2.32,0.34,,,,0.21,-0.21,1.61,2.71,-0.06,0.12,1.76,0.08,-0.42,5,-0.63,-0.7,0.44,0.6,-0.23,Tough-Track Star,-0.83,False
1fb2f362,IS Billcliff,Canada,2,51,39,130.77,25.5,3,2,6,lower_middle,54.1,49.2,52.9,54.5,B,B,B,B,Utility Player,7.5,0.38,,,,,,,,,0.07,1.33,,,2,,-0.56,0.5,0.54,,,,True
4d7f517e,AJ Hosein,West Indies,36,293,262,111.83,14.65,18,15,10,tail,54.1,57.0,70.8,63.0,B+,B,B,B+,Utility Player,4.69,0.65,,,,-0.05,0.05,0.44,1.38,0.13,-0.29,2.08,0.06,0.31,19,-0.11,-1.18,0.21,0.76,-0.28,Tough-Track Star,-0.14,False
6b4593ee,L Siaka,Papua New Guinea,48,659,577,114.21,15.33,53,21,3,top_order,54.0,41.6,29.5,41.6,C+,B,C+,C,Utility Player,4.9,0.41,0.9,,0.9,-0.09,0.09,0.7,1.24,0.35,-0.08,1.26,0.03,-1.27,30,-0.47,-0.92,0.3,0.78,-0.27,Tough-Track Star,-0.14,False
ff077124,Kamran Akmal,Pakistan,51,964,804,119.9,21.42,97,31,1,top_order,54.0,71.0,66.6,65.1,B+,B,B+,B+,Utility Player,5.73,0.36,1.3,,1.3,-0.12,0.12,0.69,1.47,-0.07,-0.21,1.59,0.03,-1.09,6,-0.4,-1.02,0.2,0.76,-0.21,Tough-Track Star,-0.16,False
2deb4082,A Kheterpal,Hungary,16,288,234,123.08,28.8,33,7,6,lower_middle,54.0,53.8,54.0,56.8,B,B,B,B,Utility Player,6.5,0.44,0.41,,0.41,0.14,-0.14,0.79,0.87,-0.1,-0.01,2.73,0.17,-1.76,7,-0.42,-0.84,0.31,0.71,-0.48,Tough-Track Star,-0.29,False
74571ec4,Waqar Zalmai,Austria,12,98,73,134.25,24.5,8,6,8,lower_order,53.9,54.7,52.7,55.3,B,B,B,B,Utility Player,3.92,0.64,,,,0.27,-0.27,0.6,1.01,-0.38,-0.12,2.48,0.21,,4,,-1.52,0.2,0.62,0.27,Conditions-Proof,-0.41,False
0ecb4de6,Rehan Ahmed,England,9,74,52,142.31,14.8,6,5,9,lower_order,53.9,55.0,50.6,53.2,B,B,B,B,Utility Player,2.22,0.38,,,,,,,,0.08,0.15,1.68,,,2,,-2.47,0.0,0.44,,,,True
f4d1184a,Kulwinderjeet Singh,Philippines,8,163,110,148.18,23.29,18,9,2,top_order,53.9,54.1,44.7,51.5,B,B,B,C+,Utility Player,4.62,0.34,0.17,,0.17,,,,,0.15,0.43,3.25,,,4,,-0.68,0.43,0.66,,,,True
6bc04a3e,R Obuya,Uganda,34,624,524,119.08,20.13,54,27,3,top_order,53.9,56.2,36.4,48.1,B,B,B,C+,Utility Player,5.88,0.38,1.48,,1.48,-0.15,0.15,0.81,1.55,0.1,-0.22,1.5,0.04,-1.34,5,-0.27,-0.81,0.26,0.81,0.45,Flat-Track Bully,0.37,False
63d6e16e,Saeed Ahmed,Sweden,8,151,95,158.95,25.17,9,10,8,lower_order,53.9,54.5,46.9,52.8,B,B,B,B,Utility Player,3.75,0.32,1.08,,1.08,,,,,,-0.16,1.98,,,2,,0.37,0.75,0.66,,,,True
b3118300,Wahab Riaz,Pakistan,14,154,123,125.2,14.0,10,7,9,lower_order,53.9,51.0,56.5,55.1,B,B,B,B,Utility Player,5.0,0.57,,,,-0.04,0.04,0.74,1.09,0.03,-0.01,1.56,0.11,-0.44,7,-0.05,-0.7,0.25,0.57,-0.25,Tough-Track Star,-0.56,False
e0f12392,Mohammed Alamgir,Eswatini,3,44,23,191.3,44.0,3,3,9,lower_order,53.9,52.4,50.1,57.0,B,B,B,B,Utility Player,4.67,0.61,,,,,,,,,0.57,3.34,,,1,,0.32,0.5,0.29,,,,True
0d15a8c9,Zahid Ali,United Arab Emirates,2,29,23,126.09,29.0,3,0,8,lower_order,53.8,51.7,55.2,56.6,B,B,B,B,Utility Player,0.0,0.0,,,,,,,,,0.17,1.35,,,2,,,,,,,,True
24ad97e7,BF Calitz,Ireland,9,122,89,137.08,17.43,7,6,6,lower_middle,53.8,51.6,49.1,52.1,B,B,B,B,Utility Player,4.78,0.48,,,,,,,,0.25,-0.08,1.38,,,2,,-0.68,0.33,0.63,,,,True
d300d274,Saim Hussain,Bulgaria,16,577,389,148.33,41.21,52,25,3,top_order,53.8,54.1,54.5,59.7,B,B,B,B,Utility Player,7.06,0.29,1.59,1.8,1.65,,,1.16,1.54,-0.16,-0.12,3.4,0.21,-0.62,9,-0.24,-0.4,0.27,0.79,0.08,Conditions-Proof,-0.02,False
ea86bc29,V Aritharan,Germany,4,77,39,197.44,38.5,5,7,4,upper_middle,53.8,53.7,44.3,54.6,B,B,B,C+,Utility Player,4.5,0.46,,,,,,,,,0.67,4.88,,,2,,-2.3,0.0,0.29,,,,True
c498c510,N Nipiko,Vanuatu,30,754,683,110.4,30.16,49,28,1,top_order,53.8,28.7,67.7,58.5,B,B,C,B+,Utility Player,7.47,0.33,1.13,,1.13,0.18,-0.18,0.59,1.2,-0.01,-0.2,2.08,0.07,0.22,23,0.09,-0.97,0.18,0.79,-0.13,Conditions-Proof,-0.13,False
b98b5e1c,Sohaib Maqsood,Pakistan,20,268,230,116.52,14.11,20,11,3,top_order,53.7,51.2,31.1,43.7,C+,B,B,C+,Utility Player,3.85,0.33,,,,0.05,-0.05,0.6,1.23,0.28,-0.07,1.14,0.06,-0.6,5,-0.11,-1.31,0.27,0.66,0.02,Conditions-Proof,-0.21,False
7ca5e05d,RS Bopara,England,35,711,599,118.7,28.44,54,17,6,lower_middle,53.7,20.9,82.7,63.2,B+,B,C,A,Classic Anchor,10.26,0.6,1.35,,1.35,0.14,-0.14,0.5,0.86,-0.05,-0.24,1.8,0.05,1.41,9,0.25,-0.63,0.28,0.8,0.44,Flat-Track Bully,0.28,False
99d63244,KM Jadhav,India,6,122,99,123.23,20.33,12,3,5,upper_middle,53.7,50.9,56.3,55.5,B,B,B,B,Utility Player,3.17,0.19,1.83,,1.83,,,,,,-0.09,1.15,,,2,,-0.22,0.29,0.69,,,,True
568e5a4a,AR Cusack,Ireland,16,180,134,134.33,15.0,16,5,8,lower_order,53.7,47.8,49.4,51.3,B,B,B,B,Utility Player,1.69,0.2,1.49,,1.49,-0.4,0.4,0.94,1.11,0.44,0.02,1.44,0.09,0.19,12,-0.06,-0.38,0.5,0.7,-0.37,Tough-Track Star,-0.73,False
a69e2964,OJ Webster,Isle of Man,6,132,95,138.95,22.0,14,5,1,top_order,53.6,51.1,42.2,49.4,B,B,B,C+,Utility Player,2.0,0.13,,,,,,,,-0.46,0.59,2.65,,3.97,5,0.92,-0.95,0.33,0.63,,,,True
a9ee404e,Bakhtiar Tahiri,Bulgaria,6,149,141,105.67,29.8,13,6,4,upper_middle,53.6,52.3,49.4,54.4,B,B,B,B,Utility Player,10.83,0.46,0.95,,0.95,,,,,,-0.02,3.16,,,0,,-0.99,0.25,0.71,,,,True
456f6d99,Mukhtar Ahmed,Pakistan,6,192,134,143.28,32.0,23,5,1,top_order,53.6,52.4,61.4,60.3,B+,B,B,B+,Utility Player,3.33,0.15,1.17,,1.17,,,,,-0.61,-0.23,1.12,,,0,,-0.41,0.45,0.7,,,,True
3b52d247,FA Cossa,Mozambique,15,250,222,112.61,25.0,24,13,7,lower_middle,53.5,54.5,51.1,54.6,B,B,B,B,Utility Player,4.67,0.32,1.11,,1.11,-0.22,0.22,0.71,1.07,0.29,-0.15,1.78,0.12,,15,-0.15,-1.23,0.2,0.71,-0.03,Conditions-Proof,-0.23,False
e2c882d1,AN Lascu,Romania,9,263,185,142.16,43.83,37,10,2,top_order,53.5,54.5,54.6,59.5,B,B,B,B,Utility Player,5.67,0.28,0.86,,0.86,,,,,-0.01,-0.18,2.45,,,4,,0.09,0.56,0.68,,,,True
5b1d6583,AK Sah,Nepal,13,218,182,119.78,16.77,19,12,1,top_order,53.5,52.0,20.0,39.0,C+,B,B,C,Utility Player,5.15,0.37,,,,-0.21,0.21,0.67,0.94,-0.1,-0.04,1.11,0.09,,0,,-0.91,0.08,0.69,-0.17,Tough-Track Star,-0.39,False
502b2c81,XJ Doherty,Australia,4,18,17,105.88,18.0,1,0,11,tail,53.5,30.8,59.9,52.6,B,B,C+,B,Utility Player,2.25,0.53,,,,,,,,,0.01,1.28,,,2,,,,,,,,True
b68b1633,P Vekaria,Rwanda,6,55,38,144.74,27.5,3,4,11,tail,53.5,49.4,52.6,54.6,B,B,B,B,Utility Player,3.17,0.5,,,,,,,,-0.19,0.18,2.56,,,4,,0.15,0.5,0.29,,,,True
ecd51f8e,T Parima,Cook Islands,16,350,257,136.19,23.33,30,20,2,top_order,53.4,53.9,35.8,47.4,B,B,B,C+,Utility Player,5.0,0.31,1.53,2.69,1.88,,,1.11,1.68,-0.06,-0.08,2.06,0.13,1.2,12,0.49,-0.75,0.24,0.78,0.26,Flat-Track Bully,0.16,False
7d990412,Suman Ghimire,Portugal,10,265,218,121.56,37.86,29,5,3,top_order,53.4,50.1,54.0,58.3,B,B,B,B,Utility Player,5.7,0.26,0.58,,0.58,,,1.11,1.45,-0.19,0.09,2.81,0.28,-1.44,6,-0.31,-0.28,0.39,0.74,-0.05,Conditions-Proof,0.12,False
d3a1c63d,T de Zorzi,South Africa,2,40,26,153.85,20.0,5,1,3,top_order,53.3,47.8,42.9,48.6,B,B,B,C+,Utility Player,3.5,0.27,,,,,,,,,0.01,0.8,,,0,,-0.51,0.5,0.29,,,,True
498aacac,S Thanikaithasan,Denmark,25,413,334,123.65,17.96,29,15,3,top_order,53.2,51.6,46.5,51.0,B,B,B,B,Utility Player,5.08,0.38,,,,-0.08,0.08,0.86,1.18,0.12,-0.12,1.72,0.07,-2.1,18,-0.52,-0.8,0.4,0.74,-0.16,Tough-Track Star,-0.28,False
ca92a578,IA Karim,Kenya,40,1055,1001,105.39,40.58,95,14,3,top_order,53.2,6.4,74.3,59.2,B,B,D,B+,Utility Player,8.9,0.36,1.74,,1.74,-0.07,0.07,0.45,0.88,0.03,-0.19,2.55,0.06,-0.34,30,-0.1,-0.74,0.19,0.77,-0.13,Conditions-Proof,0.04,False
4180d897,JE Taylor,West Indies,14,118,92,128.26,13.11,10,6,9,lower_order,53.1,51.3,50.0,51.8,B,B,B,B,Utility Player,2.29,0.35,,,,,,0.94,1.42,-0.1,0.13,1.51,0.11,1.71,9,0.67,-1.88,0.0,0.29,-0.17,Tough-Track Star,-0.52,False
634a7b21,BN Cooper,Netherlands,49,1127,907,124.26,29.66,109,32,3,top_order,53.0,67.0,78.1,70.7,B+,B,B+,A,Utility Player,4.88,0.26,1.28,,1.28,0.04,-0.04,0.51,1.1,-0.08,-0.22,1.93,0.04,-0.15,22,0.09,-0.68,0.25,0.79,-0.01,Conditions-Proof,0.07,False
06fc82b8,T Musekiwa,Zimbabwe,31,303,218,138.99,16.83,24,12,7,lower_middle,53.0,58.0,52.5,54.7,B,B,B,B,Utility Player,4.06,0.58,,,,-0.27,0.27,0.72,3.31,0.17,-0.16,1.52,0.05,-0.68,12,-0.19,-0.74,0.2,0.71,-0.09,Conditions-Proof,0.0,False
d2e67105,Pargat Singh,Canada,21,430,364,118.13,21.5,39,14,3,top_order,53.0,38.4,38.7,45.3,B,B,C+,C+,Utility Player,8.38,0.48,1.46,,1.46,-0.39,0.39,0.43,0.83,0.15,-0.37,1.01,0.05,-0.39,10,0.03,-1.03,0.16,0.75,0.04,Conditions-Proof,-0.0,False
3d7f02d4,RM Dorji,Bhutan,37,628,585,107.35,17.44,45,26,4,upper_middle,52.9,51.2,43.9,49.8,B,B,B,C+,Utility Player,5.89,0.37,1.71,,1.71,-0.21,0.21,0.84,1.49,0.39,0.03,1.9,0.05,-0.5,15,-0.08,-1.13,0.12,0.81,-0.17,Conditions-Proof,0.39,False
f9f857dc,Awais Ahmed,Spain,16,244,219,111.42,17.43,25,9,2,top_order,52.9,52.5,33.7,45.2,B,B,B,C+,Utility Player,5.69,0.42,0.54,,0.54,1.21,-1.21,1.96,2.62,-0.11,0.58,2.5,0.16,-4.21,5,-0.8,-1.2,0.21,0.7,-0.75,Tough-Track Star,,False
9295145b,SD Outerbridge,Bermuda,1,37,35,105.71,37.0,1,1,5,upper_middle,52.9,36.1,55.5,55.4,B,B,C+,B,Utility Player,0.0,0.0,,,,,,,,,0.23,1.08,,,1,,-0.8,0.0,0.29,,,,True
7ecb9a14,Aamir Kaleem,Oman,44,693,605,114.55,18.24,70,18,1,top_order,52.7,48.2,46.2,50.3,B,B,B,B,Utility Player,5.25,0.38,1.2,,1.2,-0.06,0.06,0.39,1.02,0.21,-0.26,1.25,0.03,0.03,20,0.05,-0.75,0.31,0.75,0.08,Conditions-Proof,0.13,False
96ce6752,Mirza Baig,Pakistan,2,32,20,160.0,32.0,4,2,2,top_order,52.7,54.0,47.7,54.0,B,B,B,B,Utility Player,1.0,0.1,,,,,,,,,-0.37,1.0,,,0,,-0.34,0.0,0.29,,,,True
8f8d30be,S Ashwathnarayana,Hungary,7,148,103,143.69,37.0,9,9,8,lower_order,52.7,50.9,52.5,57.1,B,B,B,B,Utility Player,7.71,0.52,,,,,,,,0.06,-0.01,2.92,,-0.56,6,-0.4,-0.01,0.67,0.67,,,,True
f233bbb4,ST Jayasuriya,Sri Lanka,28,615,470,130.85,23.65,75,22,2,top_order,52.6,72.7,58.9,61.5,B+,B,B+,B,Utility Player,4.61,0.27,0.93,,0.93,-0.09,0.09,0.62,2.36,0.01,-0.26,1.49,0.05,,2,,-0.73,0.33,0.79,0.27,Flat-Track Bully,0.5,False
fa180043,Dipanjan Dey,Sweden,5,124,93,133.33,41.33,8,3,5,upper_middle,52.6,47.5,54.0,57.4,B,B,B,B,Utility Player,9.4,0.51,2.06,,2.06,,,,,,0.0,2.24,,,0,,-0.34,0.43,0.66,,,,True
8f1e023f,Sidhant Singh,Singapore,9,178,135,131.85,25.43,15,6,1,top_order,52.6,40.9,61.5,56.3,B,B,C+,B+,Utility Player,3.0,0.2,0.76,,0.76,,,,,0.43,-0.2,1.24,,,4,,-0.36,0.22,0.72,,,,True
730d2283,Saghir Khan,United Arab Emirates,5,54,34,158.82,18.0,4,4,8,lower_order,52.5,54.9,46.7,51.2,B,B,B,B,Utility Player,1.2,0.18,,,,,,,,,0.1,1.77,,,5,0.11,-0.71,0.5,0.29,,,,True
3b8e7647,SP Krishnamurthi,United States of America,9,196,137,143.07,32.67,11,12,6,lower_middle,52.5,58.7,64.4,62.7,B+,B,B,B+,Utility Player,3.67,0.24,,,,,,,,0.11,-0.23,1.6,,,4,,-0.17,0.5,0.68,,,,True
7ccbb09f,Shahnawaz Dhani,Pakistan,1,16,6,266.67,16.0,0,2,11,tail,52.4,51.0,40.8,47.5,B,B,B,C+,Utility Player,1.0,0.17,,,,,,,,,1.17,1.32,,,0,,,,,,,,True
c3a96caf,Mandeep Singh,India,3,87,73,119.18,43.5,11,1,2,top_order,52.4,49.2,60.4,60.5,B+,B,B,B+,Utility Player,4.33,0.18,1.51,,1.51,,,,,,-0.1,1.15,,,1,,-0.75,0.0,0.62,,,,True
2e392afa,P Aho,Nigeria,34,268,237,113.08,14.11,19,6,8,lower_order,52.3,46.9,53.4,52.4,B,B,B,B,Utility Player,2.56,0.37,0.29,,0.29,-0.24,0.24,0.65,1.06,-0.21,0.04,2.03,0.06,0.52,18,0.22,-1.21,0.06,0.77,0.04,Conditions-Proof,0.26,False
86e0f3f0,WL Madsen,Italy,7,205,155,132.26,34.17,20,5,4,upper_middle,52.3,51.8,61.2,60.3,B+,B,B,B+,Utility Player,4.71,0.21,1.34,,1.34,,,,,,-0.16,1.36,,0.3,5,-0.13,-0.18,0.44,0.66,,,,True
dca8273d,Zubaidi Zulkifle,Malaysia,60,1035,728,142.17,18.16,102,53,2,top_order,52.3,59.8,8.0,35.5,C+,B,B,D,Utility Player,3.85,0.32,1.27,1.41,1.31,0.16,-0.16,1.17,3.49,-0.04,-0.21,1.48,0.02,0.02,17,0.05,-0.53,0.38,0.77,0.02,Conditions-Proof,-0.07,False
b0f5175e,S Ramakrishnan,Czech Republic,7,197,156,126.28,32.83,22,4,3,top_order,52.3,50.3,51.0,55.0,B,B,B,B,Utility Player,12.0,0.54,1.35,,1.35,,,,,-0.37,-0.03,2.22,,,4,,-0.43,0.27,0.69,,,,True
864c199e,AC Voges,Australia,5,139,114,121.93,46.33,8,2,5,upper_middle,52.2,6.1,71.1,56.7,B,B,D,B+,Utility Player,11.2,0.49,1.37,,1.37,,,,,,-0.04,1.34,,,1,,-0.11,0.43,0.64,,,,True
e56f4180,A Turkmen,Turkey,15,262,197,132.99,26.2,24,12,4,upper_middle,52.1,53.4,49.0,53.2,B,B,B,B,Utility Player,5.0,0.38,0.81,,0.81,0.01,-0.01,0.85,1.31,-0.14,-0.09,2.28,0.15,-1.37,9,-0.18,-0.18,0.38,0.62,-0.18,Tough-Track Star,-0.37,False
d7725664,RA Reifer,West Indies,2,46,41,112.2,23.0,1,2,4,upper_middle,52.1,22.8,54.5,48.8,B,B,C,B,Utility Player,5.0,0.24,,,,,,,,,-0.23,0.68,,,0,,-0.47,0.5,0.29,,,,True
10e34eef,A Sokovagone,Fiji,6,174,129,134.88,29.0,10,12,4,upper_middle,52.1,51.6,42.7,50.5,B,B,B,C+,Utility Player,4.5,0.21,1.63,,1.63,,,,,0.0,0.1,2.49,,,6,0.1,-0.82,0.27,0.75,,,,True
7f6c2dae,DC Stovell,Bermuda,15,198,192,103.12,22.0,13,3,5,upper_middle,52.1,15.6,54.4,47.3,B,B,C,B,Utility Player,4.47,0.35,0.97,,0.97,-0.09,0.09,0.26,1.05,0.71,-0.08,1.33,0.09,0.04,14,-0.34,-0.72,0.18,0.67,-0.64,Tough-Track Star,-0.68,False
7ed9fd56,WU Tharanga,Sri Lanka,26,407,330,123.33,16.28,42,12,2,top_order,52.1,46.1,28.6,41.3,C+,B,B,C,Utility Player,6.08,0.48,0.68,,0.68,-0.13,0.13,0.37,0.48,-0.26,-0.24,0.97,0.04,-0.18,5,-0.11,-0.97,0.17,0.76,-0.02,Conditions-Proof,0.07,False
8bee668b,G Burrows,Isle of Man,16,432,367,117.71,33.23,36,10,3,top_order,52.1,39.9,56.9,55.8,B,B,C+,B,Utility Player,8.56,0.37,1.19,,1.19,-0.09,0.09,0.88,1.74,0.08,-0.08,1.78,0.11,0.01,10,-0.3,-0.8,0.19,0.72,-0.35,Tough-Track Star,,False
61f05b05,Fawad Alam,Pakistan,16,189,166,113.86,17.18,6,7,7,lower_middle,52.1,4.4,61.9,47.9,B,B,D,B+,Utility Player,6.5,0.63,,,,0.32,-0.32,0.67,1.86,0.28,-0.14,1.08,0.07,,4,,-0.92,0.3,0.7,0.37,Flat-Track Bully,0.85,False
77bedcce,Hadisullah Tarakhel,Belgium,5,154,84,183.33,38.5,16,11,2,top_order,52.1,52.3,45.8,54.5,B,B,B,B,Utility Player,1.2,0.07,1.91,,1.91,,,,,,0.56,4.39,,,0,,0.16,0.6,0.58,,,,True
77b1aa15,Harshit Rana,India,3,57,54,105.56,28.5,4,2,7,lower_middle,52.0,45.5,49.4,52.0,B,B,B,B,Utility Player,17.67,0.98,,,,,,,,,-0.3,0.7,,,1,,-0.28,0.0,0.29,,,,True
f994f4ca,AR Berenger,Qatar,2,46,24,191.67,23.0,5,3,1,top_order,52.0,49.9,35.3,45.6,B,B,B,C+,Utility Player,3.5,0.29,,,,,,,,,0.57,2.11,,,2,,2.7,1.0,1.0,,,,True
18db3f22,C Waiswa,Uganda,2,20,14,142.86,20.0,1,1,10,tail,51.9,51.5,46.8,50.6,B,B,B,B,Utility Player,4.5,0.64,,,,,,,,,0.52,1.79,,,2,,-0.36,0.0,1.0,,,,True
f4417987,R Mupfudza,Zimbabwe,5,115,121,95.04,28.75,9,3,1,top_order,51.9,50.6,55.1,55.7,B,B,B,B,Utility Player,16.8,0.69,,,,,,,,,-0.11,1.26,,,0,,-0.93,0.18,0.66,,,,True
fcd92ab0,Nooruddin Mujadady,Germany,2,28,17,164.71,28.0,2,1,9,lower_order,51.8,48.7,47.3,51.5,B,B,B,B,Utility Player,0.5,0.06,,,,,,,,,0.43,1.54,,,1,,,,,,,,True
95d3c4a6,TS Braat,Netherlands,2,31,30,103.33,31.0,4,1,8,lower_order,51.8,54.2,54.0,56.3,B,B,B,B,Utility Player,14.0,0.93,,,,,,,,,-0.1,1.24,,,1,,-0.83,0.25,0.56,,,,True
6d5e66b1,Muhammad Zafar Khan,Tanzania,4,52,39,133.33,26.0,12,0,2,top_order,51.7,50.1,37.1,46.8,B,B,B,C+,Utility Player,3.5,0.36,,,,,,,,,1.92,3.43,,,4,,-0.55,0.0,0.29,,,,True
0f71478c,YSD Seneveratne,Cayman Islands,23,551,477,115.51,27.55,43,28,2,top_order,51.7,56.8,61.3,59.8,B,B,B,B+,Utility Player,3.52,0.17,1.04,,1.04,-0.19,0.19,0.91,3.17,0.53,-0.21,1.71,0.07,2.71,19,0.53,-0.78,0.35,0.77,-0.19,Conditions-Proof,0.71,False
3f9b1a96,Zeeshan Khan,Malta,36,852,676,126.04,24.34,98,22,1,top_order,51.7,54.1,56.0,56.5,B,B,B,B,Utility Player,4.75,0.25,1.39,1.49,1.42,0.08,-0.08,0.84,1.46,-0.12,-0.17,1.93,0.05,-1.46,10,-0.28,-0.87,0.21,0.79,-0.48,Tough-Track Star,-0.48,False
c58b0108,Mehedi Hasan Miraz,Bangladesh,28,410,352,116.48,17.08,36,10,7,lower_middle,51.7,43.4,61.9,55.7,B,B,C+,B+,Utility Player,4.46,0.36,1.14,,1.14,-0.14,0.14,0.42,0.81,0.13,-0.17,1.33,0.05,-0.13,10,0.02,-0.72,0.14,0.74,-0.03,Conditions-Proof,-0.32,False
7eb36269,M van Lingen,Namibia,26,507,439,115.49,19.5,61,13,1,top_order,51.7,56.9,48.6,52.8,B,B,B,B,Utility Player,5.85,0.35,1.44,,1.44,0.03,-0.03,0.52,0.86,0.25,-0.2,1.25,0.05,0.22,10,0.19,-0.99,0.29,0.7,-0.08,Conditions-Proof,-0.05,False
4e6ff836,JA Fitzgerald,Gibraltar,30,315,225,140.0,18.53,14,20,7,lower_middle,51.7,49.6,45.8,49.8,B,B,B,B,Utility Player,4.6,0.61,,,,0.3,-0.3,0.85,1.32,0.21,-0.16,2.3,0.08,1.22,15,0.33,-0.7,0.44,0.71,-0.2,Tough-Track Star,-0.45,False
4e9af8f6,A Shreshta,Nigeria,20,361,361,100.0,20.06,34,5,2,top_order,51.6,46.3,44.2,48.6,B,B,B,C+,Utility Player,5.7,0.32,1.26,,1.26,-0.1,0.1,0.56,1.32,0.46,-0.08,1.44,0.07,-1.12,15,-0.41,-1.15,0.07,0.78,-0.64,Conditions-Proof,0.07,False
4d1ec7eb,A Nao,Papua New Guinea,8,67,55,121.82,16.75,5,3,10,tail,51.6,50.3,52.2,52.4,B,B,B,B,Utility Player,2.25,0.33,,,,,,,,0.14,0.06,1.73,,,4,,-1.24,0.0,1.0,,,,True
15c766c3,Inam-ul-Haq,Qatar,3,80,72,111.11,26.67,11,0,3,top_order,51.6,42.0,51.3,51.7,B,B,C+,B,Utility Player,2.33,0.1,0.3,,0.3,,,,,,-0.07,1.05,,,3,,-0.99,0.14,0.64,,,,True
59bff8c7,JV Chand,Zambia,10,268,252,106.35,33.5,23,6,5,upper_middle,51.6,49.8,54.5,56.5,B,B,B,B,Utility Player,11.1,0.44,1.25,,1.25,,,1.05,1.19,0.0,0.0,2.15,0.21,,3,,-0.88,0.26,0.73,0.29,Flat-Track Bully,0.06,False
8afe73e2,WA Young,New Zealand,19,344,338,101.78,18.11,35,10,3,top_order,51.5,49.0,39.0,46.5,B,B,B,C+,Utility Player,7.63,0.43,1.84,,1.84,-0.23,0.23,0.42,0.9,0.1,-0.21,0.98,0.05,,4,,-1.18,0.14,0.75,-0.31,Tough-Track Star,-0.34,False
e957b38f,AR McBrine,Ireland,14,134,108,124.07,14.89,10,4,7,lower_middle,51.5,46.5,57.1,53.7,B,B,B,B,Utility Player,2.57,0.33,,,,-0.2,0.2,0.74,1.11,-0.6,-0.03,1.57,0.11,-0.04,7,-0.18,-0.41,0.2,0.56,-0.0,Conditions-Proof,-0.21,False
5574750c,JC Archer,England,18,114,77,148.05,11.4,8,7,9,lower_order,51.5,52.7,35.2,44.8,C+,B,B,C+,Utility Player,2.61,0.61,,,,0.32,-0.32,0.67,0.68,-0.16,-0.15,1.47,0.08,1.01,9,0.15,-0.05,0.33,0.48,0.39,Flat-Track Bully,0.96,False
d3851cd8,Ehsan Khan,Hong Kong,53,373,341,109.38,13.81,21,15,9,lower_order,51.3,16.0,62.8,50.2,B,B,C,B+,Utility Player,3.57,0.55,,,,-0.1,0.1,0.35,0.52,-0.3,-0.17,1.78,0.03,-0.33,26,-0.44,-1.18,0.14,0.78,0.24,Flat-Track Bully,0.49,False
fec50c96,SMA Priyanjan,Sri Lanka,3,54,62,87.1,54.0,1,2,10,tail,51.3,30.3,70.7,60.9,B+,B,C+,B+,Utility Player,20.67,1.0,,,,,,,,,-0.25,1.63,,,0,,-0.63,0.4,0.54,,,,True
3ad06915,J Coetzee,Thailand,22,378,349,108.31,23.62,24,14,5,upper_middle,51.2,40.2,52.5,51.5,B,B,C+,B,Utility Player,5.09,0.32,0.92,,0.92,0.13,-0.13,0.78,2.27,0.13,-0.22,1.46,0.07,-0.24,7,-0.12,-0.74,0.27,0.75,0.2,Flat-Track Bully,0.52,False
db571b24,BS Stephenson,Belize,11,164,140,117.14,20.5,11,9,4,upper_middle,51.1,54.1,22.7,40.2,C+,B,B,C,Utility Player,2.55,0.2,0.76,,0.76,,,0.78,1.37,0.66,0.13,1.69,0.15,,11,0.08,-0.47,0.36,0.62,-0.51,Tough-Track Star,-0.67,False
42151725,GK Berg,Italy,12,153,123,124.39,19.12,11,6,9,lower_order,51.1,50.5,48.3,50.8,B,B,B,B,Utility Player,6.58,0.64,,,,0.07,-0.07,0.92,1.99,0.36,-0.15,1.74,0.14,,12,-0.16,-0.07,0.56,0.62,-0.14,Conditions-Proof,-0.94,False
62f6d8ce,Zaheer Zahiri,France,8,75,55,136.36,25.0,7,3,9,lower_order,51.1,50.7,55.5,54.9,B,B,B,B,Utility Player,3.62,0.53,,,,,,,,-0.2,-0.08,1.95,,1.68,6,0.46,0.41,0.5,0.29,,,,True
99ffb3d3,KRP Silva,United States of America,2,32,12,266.67,16.0,2,3,5,upper_middle,51.1,51.0,35.3,44.6,C+,B,B,C+,Utility Player,1.5,0.25,,,,,,,,,0.61,1.73,,,1,,,,,,,,True
eb5aa5b9,Bilal Muhammad,Malta,13,159,83,191.57,17.67,7,12,9,lower_order,51.0,50.6,48.2,50.6,B,B,B,B,Utility Player,1.85,0.29,,,,0.38,-0.38,2.18,2.74,0.14,0.44,3.76,0.29,-0.42,7,0.2,0.5,0.83,0.67,-0.13,Conditions-Proof,-0.19,False
a9a09cb8,S Wickramasekara,Czech Republic,22,431,313,137.7,22.68,32,22,4,upper_middle,51.0,53.5,43.4,49.9,B,B,B,C+,Utility Player,3.55,0.25,1.09,,1.09,0.09,-0.09,0.85,1.13,-0.04,-0.17,1.98,0.09,-1.79,10,-0.13,-0.34,0.28,0.75,0.24,Flat-Track Bully,0.14,False
2e966563,RM Hira,New Zealand,3,37,33,112.12,18.5,4,1,10,tail,51.0,50.5,53.7,53.0,B,B,B,B,Utility Player,0.0,0.0,,,,,,,,,-0.15,1.16,,,2,,-2.22,0.0,1.0,,,,True
cd4d7695,Aarif Sheikh,Nepal,37,562,508,110.63,18.13,54,12,5,upper_middle,51.0,50.2,46.6,50.2,B,B,B,B,Utility Player,6.46,0.47,,,,0.08,-0.08,0.45,0.83,0.26,-0.21,1.28,0.03,-0.38,13,-0.19,-0.74,0.32,0.79,-0.26,Tough-Track Star,-0.3,False
1d50ed62,S Hongsi,Thailand,3,27,16,168.75,27.0,3,1,9,lower_order,51.0,50.4,48.8,52.1,B,B,B,B,Utility Player,1.33,0.25,,,,,,,,,0.51,2.48,,,1,,0.7,1.0,1.0,,,,True
0e63259d,J Campbell,Zimbabwe,13,238,192,123.96,21.64,15,12,3,top_order,51.0,34.1,53.5,50.2,B,B,C+,B,Utility Player,4.69,0.32,0.4,,0.4,-0.07,0.07,0.66,1.62,-0.04,-0.28,0.91,0.07,-0.57,6,-0.05,-0.86,0.27,0.76,-0.05,Conditions-Proof,0.01,False
f2e8b37c,Arafat Minhas,Pakistan,2,47,42,111.9,47.0,4,2,8,lower_order,50.9,52.1,53.8,57.5,B,B,B,B,Utility Player,0.0,0.0,,,,,,,,,-0.06,1.19,,,0,,-0.2,0.25,0.56,,,,True
c5326dd0,NG Jones,Ireland,3,28,24,116.67,28.0,0,2,7,lower_middle,50.8,48.1,60.2,56.9,B,B,B,B+,Utility Player,3.67,0.46,,,,,,,,,-0.04,1.12,,,0,,-0.55,0.0,1.0,,,,True
41b63677,R Baruah,Estonia,6,76,45,168.89,25.33,5,5,7,lower_middle,50.8,52.1,49.3,52.3,B,B,B,B,Utility Player,2.67,0.36,,,,,,,,0.56,0.13,2.52,,,4,,1.16,1.0,0.29,,,,True
ffb504b1,XM Marshall,United States of America,17,261,257,101.56,15.35,22,8,3,top_order,50.8,36.9,37.9,43.0,C+,B,C+,C+,Utility Player,3.89,0.26,,,,0.04,-0.04,0.57,1.06,0.09,-0.06,1.05,0.06,0.59,12,0.72,-1.13,0.19,0.72,0.06,Conditions-Proof,0.05,False
acee4cc4,Imran Tahir,South Africa,4,19,18,105.56,19.0,1,1,10,tail,50.8,50.8,56.2,54.1,B,B,B,B,Utility Player,2.75,0.61,,,,,,,,,-0.09,1.33,,,1,,,,,,,,True
31fbf891,H Masakadza,Zimbabwe,54,1230,1103,111.51,23.65,117,40,1,top_order,50.7,73.2,80.0,70.9,B+,B,B+,A,Classic Anchor,9.35,0.46,1.0,,1.0,-0.18,0.18,0.28,0.6,-0.02,-0.25,1.85,0.03,-0.12,12,0.05,-1.05,0.21,0.77,-0.09,Conditions-Proof,0.04,False
6c882e9a,PBB Rajapaksa,Sri Lanka,37,657,513,128.07,21.9,52,29,5,upper_middle,50.6,72.5,63.2,62.5,B+,B,B+,B+,Utility Player,4.54,0.33,1.08,,1.08,0.1,-0.1,0.64,1.02,-0.02,-0.16,1.61,0.04,-0.06,12,-0.01,-0.44,0.18,0.81,-0.2,Tough-Track Star,-0.27,False
3cf5ae43,Yasir Arafat,Pakistan,11,92,79,116.46,13.14,8,2,8,lower_order,50.6,38.9,54.5,50.5,B,B,C+,B,Utility Player,4.36,0.61,,,,-0.21,0.21,0.81,1.25,-0.23,0.04,1.27,0.12,-0.14,5,-0.07,-2.57,0.0,0.59,-0.11,Conditions-Proof,-0.32,False
585dda5d,KNA Bandara,Sri Lanka,4,84,79,106.33,28.0,4,3,5,upper_middle,50.6,21.7,60.7,51.8,B,B,C,B+,Utility Player,9.75,0.49,,,,,,,,,-0.15,0.81,,,1,,-1.32,0.2,0.61,,,,True
ef18b66e,Taskin Ahmed,Bangladesh,36,221,214,103.27,10.52,19,8,9,lower_order,50.6,50.7,47.4,49.6,B,B,B,B,Utility Player,3.5,0.59,,,,0.11,-0.11,0.44,0.68,0.29,-0.04,1.56,0.04,-0.33,15,0.05,-1.41,0.18,0.71,-0.13,Conditions-Proof,-0.33,False
a143d606,P Pushparajan,Malta,10,265,177,149.72,26.5,22,14,3,top_order,50.6,52.2,35.4,46.4,B,B,B,C+,Utility Player,8.3,0.47,2.23,0.57,1.73,,,1.09,2.39,-0.16,-0.21,1.47,0.15,,3,,-0.17,0.5,0.75,0.24,Conditions-Proof,-0.17,False
dd7dd27a,S Godara,Cambodia,7,94,65,144.62,18.8,5,9,7,lower_middle,50.5,50.7,25.5,40.3,C+,B,B,C,Utility Player,3.14,0.34,,,,,,,,0.44,-0.03,1.52,,,1,,-0.87,0.25,0.54,,,,True
0c1da0c4,V Balakrishnan,Botswana,35,622,564,110.28,20.73,63,19,2,top_order,50.5,42.7,56.3,53.2,B,B,C+,B,Utility Player,5.86,0.36,0.92,1.3,1.04,0.07,-0.07,0.68,2.31,0.21,-0.13,1.49,0.04,0.81,22,0.16,-0.76,0.23,0.79,-0.33,Tough-Track Star,-0.31,False
709525fc,J Vijay,Portugal,8,180,133,135.34,22.5,26,4,1,top_order,50.5,49.7,44.1,49.0,B,B,B,C+,Utility Player,2.0,0.12,0.37,,0.37,,,,,0.49,0.09,1.74,,0.97,5,0.22,-0.61,0.36,0.7,,,,True
50ceaef6,P Kurup,Bahrain,59,1367,1259,108.58,25.79,145,32,2,top_order,50.4,48.4,69.2,61.4,B+,B,B,B+,Utility Player,7.31,0.34,1.26,,1.26,-0.03,0.03,0.54,1.03,0.02,-0.22,1.85,0.03,-0.48,6,-0.04,-0.95,0.2,0.81,0.01,Conditions-Proof,-0.05,False
ded9240e,PJ Cummins,Australia,21,155,122,127.05,12.92,11,7,8,lower_order,50.4,50.0,52.4,51.7,B,B,B,B,Utility Player,2.95,0.51,,,,0.16,-0.16,0.74,1.39,0.21,-0.08,1.41,0.07,-0.28,7,0.16,-0.22,0.5,0.57,0.11,Conditions-Proof,0.03,False
e6d298e8,CD de Lange,Scotland,2,34,20,170.0,17.0,2,2,7,lower_middle,50.3,48.5,34.1,43.4,C+,B,B,C+,Utility Player,1.5,0.15,,,,,,,,,0.28,1.12,,,1,,,,,,,,True
dfe5db8a,PA Raikes,Gibraltar,19,537,412,130.34,31.59,48,23,3,top_order,50.2,52.3,56.7,57.2,B,B,B,B,Utility Player,9.84,0.45,1.18,,1.18,0.09,-0.09,0.32,0.38,-0.69,-0.24,2.17,0.11,-0.18,12,-0.35,-0.71,0.34,0.75,0.33,Flat-Track Bully,0.14,False
2d94751e,Omid Mailk Khel,Belgium,9,170,156,108.97,21.25,15,4,3,top_order,50.2,47.6,48.3,50.2,B,B,B,B,Utility Player,10.11,0.58,,,,,,,,-0.03,-0.0,1.71,,,4,,-0.89,0.13,0.74,,,,True
9f542219,SH Venugopal,Singapore,13,249,231,107.79,22.64,14,7,6,lower_middle,50.2,22.4,56.9,49.3,B,B,C,B,Utility Player,11.38,0.64,1.55,,1.55,-0.07,0.07,0.51,0.69,0.3,-0.17,1.37,0.11,-0.22,7,0.13,-0.79,0.35,0.68,-0.16,Tough-Track Star,-0.14,False
1ee08e9a,JA Richardson,Australia,8,45,51,88.24,15.0,3,1,9,lower_order,50.1,26.4,57.0,49.0,B,B,C,B,Utility Player,5.62,0.88,,,,,,,,,-0.07,1.17,,,3,,-1.61,0.0,0.54,,,,True
e6dd77bb,SS McKechnie,Hong Kong,23,273,275,99.27,18.2,20,3,8,lower_order,50.1,27.2,61.5,51.7,B,B,C,B+,Utility Player,9.04,0.76,0.34,,0.34,0.42,-0.42,0.34,0.68,0.17,-0.16,1.47,0.06,0.87,20,0.81,-1.0,0.21,0.73,-0.14,Conditions-Proof,-0.13,False
6adabee6,Nouman Sarwar,Qatar,5,100,71,140.85,100.0,9,3,6,lower_middle,50.1,43.5,63.6,60.0,B+,B,C+,B+,Utility Player,4.0,0.28,0.99,,0.99,,,,,,-0.23,2.31,,,5,-0.23,0.7,0.75,0.59,,,,True
db767b89,TL Best,West Indies,1,17,9,188.89,17.0,0,2,10,tail,50.1,48.5,44.3,47.9,B,B,B,C+,Utility Player,0.0,0.0,,,,,,,,,0.75,1.15,,,1,,-0.22,0.0,1.0,,,,True
89a7dd4a,JE Dunford,Jersey,13,96,100,96.0,16.0,11,0,9,lower_order,50.1,37.6,54.4,50.2,B,B,C+,B,Utility Player,2.15,0.28,,,,-0.36,0.36,0.31,0.47,0.14,0.07,1.63,0.13,-1.43,12,-0.99,-0.99,0.14,0.63,0.01,Conditions-Proof,-0.41,False
9cb8d7a6,Imad Wasim,Pakistan,46,459,330,139.09,13.91,50,10,7,lower_middle,50.1,42.5,64.9,56.1,B,B,C+,B+,Utility Player,3.39,0.47,,,,-0.14,0.14,0.59,1.22,-0.14,-0.11,1.55,0.03,0.33,13,0.07,-0.6,0.43,0.72,0.11,Conditions-Proof,0.11,False
d278b70b,C Pyle,Gibraltar,12,231,178,129.78,23.1,23,9,3,top_order,50.1,48.0,43.8,48.5,B,B,B,C+,Utility Player,4.75,0.32,0.51,,0.51,,,0.65,0.79,-0.59,-0.17,2.07,0.17,1.46,7,0.03,-0.43,0.42,0.72,0.34,Conditions-Proof,-0.08,False
3465e307,R Athapaththu,Romania,5,47,31,151.61,47.0,2,3,9,lower_order,50.1,49.3,52.4,56.0,B,B,B,B,Utility Player,5.0,0.81,,,,,,,,,-0.09,4.18,,,1,,2.14,1.0,1.0,,,,True
bf19d427,SF Tiai,Samoa,19,282,243,116.05,17.62,23,15,4,upper_middle,50.1,50.0,37.3,45.4,B,B,B,C+,Utility Player,8.21,0.64,0.86,,0.86,0.1,-0.1,0.76,1.4,0.14,-0.21,1.63,0.09,1.07,16,0.21,-1.37,0.06,0.7,0.18,Flat-Track Bully,0.15,False
643e4882,Bilal Masud,Estonia,18,434,342,126.9,33.38,32,16,4,upper_middle,50.0,49.6,56.2,56.8,B,B,B,B,Utility Player,8.44,0.44,1.58,,1.58,0.13,-0.13,0.93,2.21,0.26,-0.16,2.0,0.11,0.4,8,0.29,-0.41,0.35,0.76,-0.05,Conditions-Proof,0.23,False
373954ca,Fayaz Khan,Germany,14,177,103,171.84,16.09,10,16,7,lower_middle,50.0,53.0,10.8,33.8,C+,B,B,D,Utility Player,2.07,0.28,1.51,,1.51,-0.7,0.7,1.11,3.06,0.52,-0.16,1.79,0.13,2.07,10,0.53,0.86,0.8,0.6,0.51,Flat-Track Bully,0.45,False
87a6f411,H Lakov,Bulgaria,32,922,804,114.68,34.15,77,15,1,top_order,50.0,8.0,59.1,50.3,B,B,D,B,Utility Player,8.19,0.33,1.19,,1.19,0.07,-0.07,0.4,1.5,0.08,-0.19,2.3,0.07,1.05,14,0.07,-0.71,0.22,0.78,-0.16,Tough-Track Star,-0.11,False
736123bb,DN Wellalage,Sri Lanka,9,93,91,102.2,18.6,9,2,8,lower_order,50.0,50.0,58.8,54.9,B,B,B,B,Utility Player,6.56,0.65,,,,,,,,0.27,-0.17,1.25,,,3,,-0.72,0.33,0.6,,,,True
fbdc8309,B Sharki,Nepal,2,39,26,150.0,19.5,4,1,3,top_order,50.0,45.8,42.7,46.9,B,B,B,C+,Utility Player,6.0,0.46,,,,,,,,,-0.03,0.9,,,1,,0.87,1.0,1.0,,,,True
661e8a03,Ali Saleem,Norway,12,216,178,121.35,19.64,14,11,5,upper_middle,49.9,50.9,38.5,46.2,B,B,B,C+,Utility Player,5.25,0.35,3.3,,3.3,,,0.74,1.31,0.04,-0.14,1.55,0.13,-2.39,7,-0.44,-0.7,0.23,0.7,0.09,Conditions-Proof,-0.12,False
b8e65260,Imran Ameer,Malta,18,282,256,110.16,25.64,29,4,7,lower_middle,49.9,49.3,54.9,54.2,B,B,B,B,Utility Player,4.78,0.34,,,,0.0,-0.0,0.56,0.74,-0.14,-0.2,1.81,0.1,-0.48,5,0.12,-1.01,0.23,0.75,-0.24,Conditions-Proof,0.0,False
4025c262,PJ van Biljon,South Africa,8,125,101,123.76,20.83,10,4,6,lower_middle,49.9,44.2,57.8,53.6,B,B,C+,B,Utility Player,6.0,0.48,0.54,,0.54,,,,,0.04,-0.15,0.95,,,2,,-1.5,0.0,0.58,,,,True
e1779851,R Ramadhasyena,Indonesia,2,78,48,162.5,78.0,8,4,5,upper_middle,49.9,48.6,47.5,53.7,B,B,B,B,Utility Player,0.0,0.0,1.03,,1.03,,,,,,0.45,2.82,,,1,,-0.29,0.5,0.56,,,,True
30ffaf85,A Mundra,Sweden,12,265,187,141.71,24.09,29,13,1,top_order,49.9,55.8,38.8,48.0,B,B,B,C+,Utility Player,6.0,0.39,0.99,,0.99,0.25,-0.25,1.16,2.78,0.19,-0.17,1.69,0.14,2.27,5,0.24,-0.23,0.33,0.73,-0.31,Tough-Track Star,-0.24,False
e45810ed,Abdul-Shakoor Rahimzei,Germany,18,262,238,110.08,17.47,21,7,2,top_order,49.8,38.2,44.9,46.3,B,B,C+,C+,Utility Player,5.78,0.44,2.04,,2.04,-0.23,0.23,0.8,0.91,-0.24,-0.13,1.39,0.08,,4,,-1.23,0.15,0.68,-0.12,Conditions-Proof,0.34,False
78a3ae4b,ZXM Vukusic,Croatia,8,210,161,130.43,26.25,14,12,3,top_order,49.8,51.8,47.0,51.2,B,B,B,B,Utility Player,5.38,0.27,0.86,,0.86,,,,,0.72,-0.03,1.88,,2.13,6,0.19,-0.84,0.38,0.68,,,,True
5b616bf0,LA Burns,Spain,14,161,140,115.0,17.89,15,2,6,lower_middle,49.7,22.7,48.1,44.5,C+,B,C,B,Utility Player,3.36,0.34,0.65,,0.65,-0.55,0.55,0.7,1.11,0.18,-0.01,1.52,0.11,-1.01,5,-0.03,-0.51,0.4,0.7,-0.25,Tough-Track Star,-0.15,False
bb791276,P Khari,Czech Republic,2,61,41,148.78,61.0,6,3,4,upper_middle,49.7,49.0,46.1,53.0,B,B,B,B,Utility Player,0.0,0.0,,,,,,,,,0.79,3.67,,,0,,-0.12,0.25,0.55,,,,True
1deb4c0c,OB Nightingale,Guernsey,18,310,290,106.9,23.85,19,3,6,lower_middle,49.5,0.2,63.5,47.8,B,B,D,B+,Utility Player,9.22,0.57,1.29,,1.29,0.01,-0.01,0.43,0.96,-0.29,-0.27,1.38,0.08,-0.34,9,-0.07,-0.67,0.28,0.69,0.29,Flat-Track Bully,0.33,False
1fb04d31,AA Jasani,Tanzania,6,185,152,121.71,37.0,15,6,3,top_order,49.5,48.6,56.7,57.5,B,B,B,B,Utility Player,5.5,0.22,1.64,,1.64,,,,,-0.39,-0.19,1.43,,,6,-0.18,-0.62,0.42,0.66,,,,True
b0358c6d,WAE Burton,Serbia,27,515,357,144.26,22.39,54,31,1,top_order,49.5,52.7,41.5,48.4,B,B,B,C+,Utility Player,4.52,0.34,1.2,,1.2,0.14,-0.14,0.98,2.52,0.11,-0.14,2.37,0.09,-1.01,9,-0.11,-0.67,0.38,0.72,-0.21,Tough-Track Star,-0.26,False
3576e47e,S Badrinath,India,1,43,37,116.22,43.0,5,0,4,upper_middle,49.5,49.2,51.8,55.5,B,B,B,B,Utility Player,0.0,0.0,0.86,,0.86,,,,,,-0.08,0.72,,,0,,-0.55,0.5,0.29,,,,True
e186f49c,Mashrafe Mortaza,Bangladesh,35,291,225,129.33,11.64,26,15,8,lower_order,49.4,54.0,20.4,37.8,C+,B,B,C,Utility Player,2.8,0.44,,,,0.1,-0.1,0.59,1.44,0.13,-0.12,1.33,0.04,-0.34,16,-0.06,-0.89,0.2,0.71,-0.11,Conditions-Proof,-0.21,False
9f2be73d,S Ravichandran,Japan,43,911,746,122.12,22.78,85,20,4,upper_middle,49.4,48.2,48.2,50.8,B,B,B,B,Utility Player,5.12,0.29,1.63,,1.63,0.1,-0.1,0.86,1.76,0.17,-0.19,1.4,0.03,-1.06,22,-0.27,-0.83,0.22,0.75,-0.12,Conditions-Proof,-0.04,False
d0540390,Nauman Anwar,Pakistan,1,18,10,180.0,18.0,2,1,3,top_order,49.3,48.8,33.2,42.8,C+,B,B,C+,Utility Player,6.0,0.6,,,,,,,,,0.2,0.93,,,1,,,,,,,,True
2472ad2c,Aamir Lal,South Korea,9,149,127,117.32,21.29,7,9,2,top_order,49.3,48.0,43.4,47.7,B,B,B,C+,Utility Player,6.0,0.43,1.14,,1.14,,,,,-0.11,-0.06,1.7,,,9,-0.05,-0.81,0.33,0.72,,,,True
96fe3e9f,ZM Tribe,Jersey,25,390,374,104.28,18.57,34,7,3,top_order,49.3,23.4,52.6,46.8,B,B,C,B,Utility Player,6.28,0.42,,,,-0.03,0.03,0.48,0.89,0.11,-0.17,1.32,0.05,-0.44,17,-0.17,-1.15,0.11,0.79,-0.02,Conditions-Proof,0.07,False
838bc6ab,A Raza,Belgium,18,316,203,155.67,16.63,36,18,2,top_order,49.2,51.5,7.0,31.6,C+,B,B,D,Utility Player,2.16,0.19,1.61,,1.61,-0.57,0.57,1.28,1.23,-0.19,0.01,2.15,0.12,-1.33,5,-0.36,-0.32,0.41,0.72,0.37,Flat-Track Bully,0.46,False
9b85a13a,Mohammad Ahnaff,Qatar,19,443,389,113.88,29.53,34,20,3,top_order,49.2,57.7,64.1,60.7,B+,B,B,B+,Utility Player,10.89,0.53,1.27,,1.27,0.07,-0.07,0.35,0.5,-0.47,-0.21,1.74,0.09,0.41,15,0.17,-0.79,0.27,0.73,-0.12,Conditions-Proof,-0.11,False
28b99edd,Delawar Khan,Denmark,20,221,165,133.94,15.79,13,13,8,lower_order,49.2,47.2,50.0,50.0,B,B,B,B,Utility Player,3.6,0.44,,,,0.01,-0.01,1.15,1.83,-0.18,-0.03,1.86,0.09,0.15,16,0.28,-0.54,0.45,0.7,-0.16,Conditions-Proof,-0.02,False
2911de16,Hasan Ali,Pakistan,20,147,86,170.93,13.36,7,12,9,lower_order,49.2,57.7,54.4,53.8,B,B,B,B,Utility Player,1.9,0.44,,,,0.53,-0.53,1.22,2.37,-0.23,-0.09,1.7,0.08,1.73,6,0.58,0.62,1.0,0.48,0.03,Conditions-Proof,0.19,False
c443b748,Rahel Khan,Sweden,6,133,100,133.0,22.17,12,8,2,top_order,49.1,48.6,35.2,44.2,C+,B,B,C+,Utility Player,3.5,0.21,,,,,,,,-0.09,0.02,1.49,,,0,,-0.95,0.33,0.62,,,,True
5f77f23a,US Hathinjar,Cambodia,28,472,415,113.73,18.15,41,24,1,top_order,49.1,53.6,36.7,45.7,B,B,B,C+,Utility Player,6.68,0.45,1.84,,1.84,0.11,-0.11,0.82,0.99,0.32,-0.2,1.72,0.06,-1.89,8,-0.3,-1.04,0.21,0.75,-0.08,Conditions-Proof,-0.21,False
5a892f36,RLB Rambukwella,Sri Lanka,1,19,16,118.75,19.0,1,1,7,lower_middle,49.1,50.7,38.1,45.4,B,B,B,C+,Utility Player,16.0,1.0,,,,,,,,,-0.06,0.71,,,0,,-0.4,0.0,0.29,,,,True
d5c38041,Samiullah Rahmani,Sweden,11,196,134,146.27,19.6,16,14,6,lower_middle,49.1,50.9,49.2,50.7,B,B,B,B,Utility Player,2.25,0.18,2.28,,2.28,,,0.84,1.14,-0.46,-0.1,2.11,0.19,,4,,-0.61,0.25,0.68,0.11,Conditions-Proof,-0.19,False
e62dd25d,K Rabada,South Africa,27,184,159,115.72,14.15,18,6,8,lower_order,49.0,55.0,40.9,47.2,B,B,B,C+,Utility Player,3.33,0.57,,,,0.13,-0.13,0.3,0.73,0.07,-0.25,1.33,0.05,0.31,11,0.44,-0.69,0.3,0.7,0.05,Conditions-Proof,0.42,False
9868bc75,BMAJ Mendis,Sri Lanka,15,207,174,118.97,18.82,18,6,6,lower_middle,49.0,54.9,58.9,55.7,B,B,B,B,Utility Player,4.93,0.43,,,,-0.21,0.21,0.41,0.57,0.08,-0.23,1.23,0.08,,2,,-0.42,0.3,0.67,0.59,Flat-Track Bully,0.4,False
21e5f325,TA Blundell,New Zealand,8,91,94,96.81,15.17,10,0,7,lower_middle,49.0,45.5,42.3,45.9,B,B,B,C+,Utility Player,5.12,0.44,,,,,,,,0.04,-0.14,0.95,,,2,,-1.35,0.0,0.62,,,,True
cca50cd6,LJ Wright,England,43,660,499,132.26,16.5,60,25,3,top_order,49.0,61.9,20.6,40.0,C+,B,B+,C,Utility Player,5.0,0.43,2.14,,2.14,-0.01,0.01,0.5,1.02,0.1,-0.31,1.16,0.03,-0.55,11,0.03,-0.79,0.32,0.72,0.19,Conditions-Proof,-0.03,False
9c96b71f,J Martins,Portugal,3,50,39,128.21,25.0,5,3,4,upper_middle,48.9,51.0,34.9,44.9,C+,B,B,C+,Utility Player,10.0,0.77,,,,,,,,,0.09,1.81,,,1,,-0.28,0.33,0.48,,,,True
abbdca1a,PM Seelaar,Netherlands,40,557,504,110.52,19.21,40,11,5,upper_middle,48.9,23.5,64.4,52.2,B,B,C,B+,Utility Player,7.2,0.57,,1.81,1.81,-0.09,0.09,0.29,0.46,-0.14,-0.26,1.32,0.03,0.3,17,0.06,-1.06,0.21,0.78,0.04,Conditions-Proof,0.0,False
5bebe726,J Gallimore,Bahamas,3,39,40,97.5,39.0,4,0,8,lower_order,48.9,52.8,58.0,58.8,B,B,B,B,Utility Player,3.67,0.27,,,,,,,,,-0.04,1.75,,,3,,-1.45,0.0,0.54,,,,True
cc1e8c68,UT Yadav,India,2,22,21,104.76,22.0,2,0,10,tail,48.8,40.3,56.8,52.0,B,B,C+,B,Utility Player,10.5,1.0,,,,,,,,,-0.36,0.83,,,1,,-0.72,0.0,1.0,,,,True
2d45d7d2,MPGT Ketiyage,Cyprus,18,441,336,131.25,27.56,30,29,4,upper_middle,48.8,54.5,47.4,52.0,B,B,B,B,Utility Player,3.83,0.21,1.89,,1.89,-0.25,0.25,0.53,0.66,-0.08,-0.18,2.15,0.12,-0.86,5,-0.42,-0.49,0.21,0.74,0.6,Flat-Track Bully,0.57,False
622be0d9,S Gooch,Estonia,16,461,380,121.32,32.93,43,13,2,top_order,48.8,44.1,54.1,54.2,B,B,C+,B,Utility Player,7.38,0.31,1.68,,1.68,,,0.46,0.81,-0.14,-0.23,1.69,0.11,0.64,11,0.12,-1.0,0.19,0.73,0.14,Conditions-Proof,0.21,False
ff6a7ab5,R Trumpelmann,Namibia,27,272,216,125.93,17.0,17,16,7,lower_middle,48.8,57.6,57.0,55.2,B,B,B,B,Utility Player,4.19,0.52,0.53,,0.53,-0.12,0.12,0.54,0.93,0.3,-0.25,1.52,0.06,-0.42,15,-0.2,-0.39,0.43,0.69,-0.07,Conditions-Proof,-0.11,False
64d43928,Sohail Tanvir,Pakistan,22,196,161,121.74,11.53,16,9,8,lower_order,48.8,47.5,51.4,50.2,B,B,B,B,Utility Player,2.68,0.37,0.16,,0.16,0.12,-0.12,0.68,1.11,-0.31,-0.01,1.43,0.07,0.26,11,0.25,-0.71,0.38,0.66,0.34,Flat-Track Bully,0.63,False
e824e6ee,TWM Latham,New Zealand,23,516,474,108.86,25.8,42,8,3,top_order,48.8,3.6,77.9,55.2,B,B,D,A,Strike Rotator,8.96,0.43,1.96,,1.96,-0.18,0.18,0.34,0.87,0.3,-0.22,1.4,0.06,-0.01,10,-0.2,-1.01,0.07,0.81,-0.33,Tough-Track Star,-0.21,False
bafb9238,Usman Khan,Pakistan,32,474,389,121.85,18.96,40,12,5,upper_middle,48.7,53.9,59.0,55.7,B,B,B,B,Utility Player,4.34,0.36,1.21,,1.21,0.04,-0.04,0.36,0.67,0.33,-0.21,1.24,0.04,0.23,7,0.06,-0.7,0.35,0.76,-0.37,Tough-Track Star,-0.3,False
dc60abdc,Rizwan Haider,Malaysia,8,36,28,128.57,18.0,1,3,11,tail,48.7,51.3,52.5,51.8,B,B,B,B,Utility Player,1.62,0.46,,,,,,,,-0.01,0.01,1.87,,,3,,-0.32,0.5,0.29,,,,True
b857468a,V Vijh,Luxembourg,38,727,647,112.36,21.38,50,25,5,upper_middle,48.6,48.3,52.4,52.1,B,B,B,B,Utility Player,9.61,0.56,0.92,,0.92,-0.04,0.04,0.39,0.6,-0.13,-0.22,1.66,0.04,-0.59,25,-0.18,-0.99,0.23,0.79,0.37,Flat-Track Bully,0.32,False
f6411545,LF Muller,Brazil,12,245,221,110.86,22.27,25,6,3,top_order,48.6,45.6,47.1,48.9,B,B,B,B,Utility Player,4.42,0.24,1.35,,1.35,,,0.85,1.17,-0.31,-0.04,1.58,0.13,1.21,8,0.06,-1.05,0.21,0.69,0.44,Flat-Track Bully,0.13,False
1688f2dc,T Lungameni,Namibia,4,16,11,145.45,16.0,3,0,10,tail,48.5,46.8,45.2,47.3,B,B,B,B,Utility Player,1.25,0.45,,,,,,,,,0.06,1.51,,,1,,,,,,,,True
ffc308ee,O Muzondo,Zimbabwe,2,17,9,188.89,17.0,1,1,8,lower_order,48.4,45.6,39.8,44.7,C+,B,B,C+,Utility Player,1.0,0.22,,,,,,,,,0.49,1.38,,,0,,,,,,,,True
3a6c6e3a,Ammad Uddin,Bahrain,5,60,38,157.89,20.0,5,4,3,top_order,48.4,51.7,24.9,39.6,C+,B,B,C,Utility Player,3.2,0.42,,,,,,,,,-0.21,1.29,,,4,,-1.01,0.5,0.29,,,,True
7fa79e6a,Qalandar Khan,Qatar,1,25,17,147.06,25.0,1,2,7,lower_middle,48.4,48.8,41.5,47.2,B,B,B,C+,Utility Player,4.0,0.24,,,,,,,,,0.17,0.9,,,1,,,,,,,,True
5787be00,S Davizi,Czech Republic,29,910,624,145.83,35.0,106,31,1,top_order,48.3,56.4,59.6,59.8,B,B,B,B,Utility Player,4.76,0.22,1.33,1.0,1.23,-0.19,0.19,0.92,1.69,0.0,-0.26,2.3,0.08,-0.4,9,0.01,-0.31,0.38,0.76,0.12,Conditions-Proof,0.08,False
9048c17e,DM Gondaria,Kenya,20,362,318,113.84,19.05,37,5,1,top_order,48.2,23.7,45.0,43.1,C+,B,C,B,Utility Player,3.7,0.23,0.93,,0.93,-0.27,0.27,0.59,1.47,0.31,-0.18,1.02,0.05,-0.25,15,-0.23,-0.82,0.21,0.78,-0.08,Conditions-Proof,-0.14,False
17fbaab5,FL Reifer,West Indies,1,22,20,110.0,22.0,2,1,5,upper_middle,48.2,51.8,39.0,46.1,B,B,B,C+,Utility Player,15.0,0.75,,,,,,,,,0.03,0.63,,,0,,-0.66,0.0,1.0,,,,True
a98a6b86,Umair Ali,United Arab Emirates,2,21,17,123.53,21.0,2,1,7,lower_middle,48.2,50.2,37.9,45.1,B,B,B,C+,Utility Player,2.5,0.29,,,,,,,,,0.02,0.79,,,2,,-0.3,0.0,1.0,,,,True
5332fc2f,Hamid Mahmood,Sweden,14,264,250,105.6,29.33,22,6,3,top_order,48.2,41.3,56.7,53.5,B,B,C+,B,Utility Player,5.36,0.3,0.71,,0.71,,,0.49,1.25,0.51,-0.28,1.44,0.1,0.7,10,0.4,-1.17,0.16,0.74,-0.11,Conditions-Proof,-0.06,False
ee17d329,D Abeyrathna,Norway,28,510,536,95.15,21.25,47,9,4,upper_middle,48.2,35.2,51.1,48.6,B,B,C+,B,Utility Player,8.36,0.44,0.77,,0.77,-0.01,0.01,0.35,0.76,0.16,-0.18,1.34,0.05,,4,,-1.06,0.22,0.77,-0.19,Tough-Track Star,-0.15,False
5d60560f,Imran Ali Butt,Bahrain,19,413,417,99.04,22.94,38,11,2,top_order,48.1,42.0,60.0,54.1,B,B,C+,B+,Utility Player,6.05,0.28,1.11,,1.11,-0.22,0.22,0.38,0.62,-0.41,-0.26,1.25,0.07,0.55,11,0.01,-0.84,0.19,0.75,-0.27,Tough-Track Star,-0.19,False
c57a486f,Khalid Niazi,Switzerland,3,29,36,80.56,29.0,1,0,10,tail,48.1,42.5,45.0,48.2,B,B,C+,B,Utility Player,8.67,0.72,,,,,,,,,0.8,2.5,,,0,,-1.47,0.0,0.29,,,,True
e7458e4b,Muhammad Kashif,Kuwait,9,175,145,120.69,21.88,9,12,5,upper_middle,48.0,53.6,32.2,43.5,C+,B,B,C+,Utility Player,7.56,0.47,0.83,,0.83,,,,,-0.75,-0.37,1.08,,0.23,7,-0.25,-0.63,0.25,0.65,,,,True
ac2f2410,Zeeshan Sarwar,Cyprus,3,107,70,152.86,35.67,4,9,4,upper_middle,48.0,49.2,37.5,47.9,B,B,B,C+,Utility Player,10.0,0.43,,,,,,,,,-0.1,1.76,,,0,,-0.31,0.33,0.64,,,,True
0abf3da7,A Kadowaki Fleming,Japan,3,127,79,160.76,63.5,10,2,5,upper_middle,47.9,43.5,47.4,52.0,B,B,C+,B,Utility Player,3.0,0.11,1.4,,1.4,,,,,,0.32,2.81,,,0,,0.1,0.6,0.56,,,,True
e01895bb,DT Johnston,Ireland,11,116,98,118.37,16.57,5,5,8,lower_order,47.9,52.2,50.6,50.8,B,B,B,B,Utility Player,6.18,0.69,,,,-0.19,0.19,0.44,0.39,0.21,-0.11,1.26,0.11,-0.39,9,-0.25,-0.95,0.25,0.55,0.2,Flat-Track Bully,0.24,False
25bc2d36,N Pathan,Thailand,8,149,128,116.41,21.29,10,7,4,upper_middle,47.9,52.0,39.4,46.3,B,B,B,C+,Utility Player,4.38,0.27,2.23,,2.23,,,,,-0.33,-0.07,1.22,,,0,,-0.53,0.29,0.65,,,,True
c6e1354c,Ikramullah Khan,Qatar,26,347,299,116.05,15.77,31,12,7,lower_middle,47.8,49.6,53.9,51.8,B,B,B,B,Utility Player,7.5,0.65,2.62,,2.62,0.2,-0.2,0.43,0.68,-0.04,-0.11,1.58,0.06,0.78,15,0.42,-1.08,0.18,0.78,-0.16,Tough-Track Star,-0.16,False
ae6746e0,Khurram Khan,United Arab Emirates,3,73,73,100.0,24.33,8,1,3,top_order,47.8,38.4,49.8,48.6,B,B,C+,B,Utility Player,1.67,0.07,,,,,,,,,-0.18,0.64,,,0,,-0.79,0.5,0.51,,,,True
00d69fa4,SO Tikolo,Kenya,8,151,127,118.9,21.57,18,3,4,upper_middle,47.8,41.6,28.8,39.4,C+,B,C+,C,Utility Player,5.88,0.37,1.2,,1.2,,,,,0.12,-0.3,0.59,,0.63,7,-0.28,-0.26,0.33,0.62,,,,True
86d7a2d2,Mansoor Safi,Austria,8,148,73,202.74,18.5,11,12,2,top_order,47.7,48.7,21.8,37.3,C+,B,B,C,Utility Player,4.0,0.44,1.81,,1.81,,,,,0.65,0.32,3.49,,,0,,0.67,0.5,0.63,,,,True
8ba04532,Muhammad Asim,Zambia,10,282,229,123.14,28.2,30,18,1,top_order,47.7,55.7,40.4,48.7,B,B,B,C+,Utility Player,5.1,0.22,1.62,,1.62,,,0.8,0.87,0.0,-0.11,1.95,0.2,,0,,-0.77,0.31,0.73,0.23,Flat-Track Bully,0.21,False
e5ad357a,MD du Preez,Namibia,2,62,58,106.9,62.0,5,1,6,lower_middle,47.7,39.7,62.4,57.8,B,B,C+,B+,Utility Player,16.5,0.57,,,,,,,,,-0.06,1.77,,,0,,-0.53,0.33,0.59,,,,True
3f778477,Muhammad Fahad,Turkey,4,211,89,237.08,52.75,21,17,2,top_order,47.7,48.0,42.4,50.6,B,B,B,C+,Utility Player,7.75,0.35,0.93,0.77,0.88,,,,,,-0.06,3.65,,,0,,0.5,0.5,0.67,,,,True
a5736b73,LN Saishiv,Oman,1,31,31,100.0,31.0,1,2,5,upper_middle,47.7,50.8,42.3,48.9,B,B,B,C+,Utility Player,31.0,1.0,,,,,,,,,-0.22,0.66,,,0,,-0.77,0.0,0.29,,,,True
527c2dab,C Floyd,Netherlands,3,24,24,100.0,24.0,2,1,8,lower_order,47.7,16.4,60.6,48.9,B,B,C,B+,Utility Player,2.33,0.29,,,,,,,,,-0.21,0.95,,,2,,-1.22,0.0,1.0,,,,True
907d6e58,Aamer Yamin,Pakistan,1,15,6,250.0,15.0,1,1,8,lower_order,47.6,45.2,41.5,44.9,C+,B,B,C+,Utility Player,5.0,0.83,,,,,,,,,0.61,0.93,,,0,,,,,,,,True
4b349dc0,KD Kesuma,Indonesia,62,1163,1013,114.81,21.15,125,44,2,top_order,47.6,53.9,49.7,51.9,B,B,B,B,Utility Player,4.98,0.31,1.45,1.69,1.52,0.07,-0.07,0.83,1.48,0.01,-0.2,1.7,0.03,-1.02,7,-0.29,-1.06,0.19,0.74,-0.24,Tough-Track Star,-0.37,False
4861d29b,Mohammad Naveed,United Arab Emirates,19,165,138,119.57,13.75,16,7,8,lower_order,47.6,51.6,44.4,47.6,B,B,B,C+,Utility Player,2.74,0.38,,,,-0.11,0.11,0.91,1.41,0.4,0.0,1.37,0.07,-0.28,7,-0.01,-0.64,0.33,0.55,-0.24,Tough-Track Star,-0.43,False
93a77ad4,M Chadha,Cambodia,13,371,313,118.53,41.22,33,14,3,top_order,47.5,52.8,61.1,60.1,B+,B,B,B+,Utility Player,6.85,0.28,0.97,,0.97,-0.13,0.13,0.43,0.56,0.12,-0.15,2.15,0.17,-0.65,6,-0.12,-0.89,0.16,0.75,-0.33,Tough-Track Star,-0.41,False
a36915ce,N Vanua,Papua New Guinea,37,588,451,130.38,19.6,28,36,7,lower_middle,47.5,61.4,51.1,53.4,B,B,B+,B,Utility Player,5.54,0.45,0.71,,0.71,-0.02,0.02,0.99,2.19,0.2,-0.27,1.53,0.04,0.02,26,-0.4,-0.67,0.39,0.74,-0.15,Tough-Track Star,-0.37,False
5d38476c,Saqib Zulfiqar,Netherlands,6,76,69,110.14,15.2,4,2,4,upper_middle,47.5,35.2,42.3,43.3,C+,B,C+,C+,Utility Player,5.67,0.49,,,,,,,,,-0.1,0.86,,,1,,-1.55,0.0,0.58,,,,True
409ce380,AA Onikoyi,Nigeria,26,372,423,87.94,16.17,26,12,3,top_order,47.5,15.4,24.7,31.8,C+,B,C,C,Utility Player,5.85,0.36,0.95,,0.95,0.12,-0.12,0.5,1.23,0.09,-0.19,0.97,0.04,0.1,19,0.16,-1.36,0.07,0.83,0.07,Conditions-Proof,,False
17e2a2d6,R Dianish,Malta,19,333,290,114.83,18.5,34,12,2,top_order,47.3,43.6,30.1,40.0,C+,B,C+,C+,Utility Player,6.11,0.4,0.76,,0.76,-0.46,0.46,0.47,0.6,-0.02,-0.23,1.38,0.07,0.18,8,0.01,-0.64,0.29,0.76,0.18,Flat-Track Bully,0.21,False
fb3233d4,YS Chauhan,Sweden,2,79,50,158.0,39.5,12,1,4,upper_middle,47.3,47.3,44.8,51.3,B,B,B,C+,Utility Player,8.5,0.34,1.58,,1.58,,,,,,0.0,1.74,,,0,,0.1,0.5,0.58,,,,True
8c8a3f08,GM Ntambalika,Malawi,7,115,101,113.86,19.17,7,4,6,lower_middle,47.3,39.3,48.9,47.5,B,B,C+,B,Utility Player,4.14,0.29,0.29,,0.29,,,,,0.64,0.47,1.54,,,7,0.35,-1.41,0.14,0.66,,,,True
a3e241da,YK Rai,United Arab Emirates,1,34,26,130.77,34.0,1,2,6,lower_middle,47.3,49.4,46.3,51.1,B,B,B,B,Utility Player,7.0,0.27,,,,,,,,,0.02,0.86,,,0,,0.18,0.33,0.48,,,,True
6e161a33,JNK Shannon,Ireland,7,109,81,134.57,15.57,12,5,2,top_order,47.2,48.8,13.4,33.0,C+,B,B,D,Utility Player,5.0,0.43,1.86,,1.86,,,,,,-0.25,0.72,,0.28,5,-0.46,-0.49,0.5,0.64,,,,True
b6e29ef5,VM Vaghela,United States of America,1,29,32,90.62,29.0,2,0,6,lower_middle,47.2,42.6,46.1,48.4,B,B,C+,B,Utility Player,24.0,0.75,,,,,,,,,0.03,0.77,,,1,,-1.29,0.0,0.29,,,,True
20f65440,Waqas Haider,Sweden,3,35,21,166.67,17.5,4,2,3,top_order,47.1,46.1,27.9,39.0,C+,B,B,C,Utility Player,0.33,0.05,,,,,,,,,1.12,2.21,,,3,,,,,,,,True
34c3f7b9,Adam Senn,Cyprus,8,172,122,140.98,43.0,12,8,5,upper_middle,47.1,47.5,48.5,53.0,B,B,B,B,Utility Player,3.25,0.21,2.01,,2.01,,,,,-0.56,-0.13,2.62,,,0,,-0.22,0.5,0.67,,,,True
fbdc5ab1,P Murungi,Uganda,23,231,197,117.26,13.59,21,8,5,upper_middle,47.1,45.4,8.9,30.2,C+,B,B,D,Utility Player,2.61,0.3,,,,0.66,-0.66,0.93,1.3,0.2,0.17,1.4,0.06,,1,,-0.99,0.29,0.69,0.17,Flat-Track Bully,0.71,False
04ab1575,S Ivetic,Serbia,14,417,423,98.58,41.7,30,13,3,top_order,47.1,49.5,55.9,57.0,B,B,B,B,Utility Player,6.0,0.2,1.62,,1.62,,,0.48,0.86,-0.59,-0.18,2.27,0.16,-1.04,10,-0.21,-1.09,0.08,0.79,0.15,Flat-Track Bully,0.31,False
9061a703,J Little,Ireland,23,123,141,87.23,13.67,10,3,11,tail,47.0,33.4,65.6,53.2,B,B,C+,B+,Utility Player,4.09,0.67,,,,-0.24,0.24,0.24,0.36,0.08,-0.3,1.72,0.07,-0.51,16,-0.31,-1.3,0.0,0.63,0.15,Conditions-Proof,-0.08,False
a7bc0f3d,Amir Khan,Malaysia,5,76,72,105.56,25.33,5,2,4,upper_middle,47.0,30.1,48.1,46.0,B,B,C+,B,Utility Player,7.2,0.5,,,,,,,,,-0.09,1.01,,,0,,-0.56,0.0,0.58,,,,True
0ec2277a,H Jangariya,Eswatini,4,129,86,150.0,43.0,15,6,6,lower_middle,47.0,48.1,46.9,52.3,B,B,B,B,Utility Player,9.75,0.45,0.72,,0.72,,,,,,0.02,2.4,,,0,,-0.23,0.2,0.62,,,,True
fce581b5,Khushdil Shah,Pakistan,30,425,404,105.2,18.48,26,20,6,lower_middle,47.0,54.4,61.2,56.1,B,B,B,B+,Utility Player,9.87,0.73,,,,0.17,-0.17,0.44,1.47,0.11,-0.27,1.34,0.04,-0.31,9,-0.06,-0.91,0.2,0.77,-0.08,Conditions-Proof,-0.01,False
eb2d5fe7,Anwar Ali,Pakistan,10,109,77,141.56,15.57,6,6,8,lower_order,46.9,41.1,50.4,48.0,B,B,C+,B,Utility Player,4.1,0.53,1.41,,1.41,,,0.82,1.24,0.11,-0.2,1.03,0.1,1.46,5,0.23,-0.72,0.5,0.55,0.11,Conditions-Proof,0.02,False
8cc37805,Kaushal Kumar,Mexico,6,147,136,108.09,36.75,18,4,2,top_order,46.9,48.2,47.1,52.0,B,B,B,B,Utility Player,10.17,0.45,1.62,,1.62,,,,,,-0.09,2.0,,,1,,-0.97,0.29,0.77,,,,True
454a7269,Haseeb Ghafoor,Saudi Arabia,9,184,170,108.24,46.0,10,10,8,lower_order,46.9,53.2,64.7,61.4,B+,B,B,B+,Utility Player,8.44,0.45,,,,,,,,0.14,-0.24,2.02,,,4,,-0.82,0.12,0.74,,,,True
c01d1c0a,T Jamtsho,Bhutan,39,524,458,114.41,15.41,45,26,6,lower_middle,46.9,48.7,12.4,32.8,C+,B,B,D,Utility Player,3.77,0.32,2.21,,2.21,-0.22,0.22,0.8,1.98,0.11,-0.09,1.44,0.04,-0.34,14,-0.34,-0.75,0.28,0.7,-0.06,Conditions-Proof,0.17,False
82623a3a,Waqas Ahmad,Malta,12,161,100,161.0,20.12,10,12,8,lower_order,46.8,51.0,39.5,45.6,B,B,B,C+,Utility Player,4.83,0.58,,,,,,1.09,2.23,0.22,-0.11,2.29,0.19,,1,,-0.69,0.25,0.69,0.03,Conditions-Proof,0.05,False
ed6894af,D Foxcroft,New Zealand,4,88,79,111.39,22.0,2,5,3,top_order,46.8,50.3,54.4,52.3,B,B,B,B,Utility Player,12.25,0.62,,,,,,,,,-0.16,0.86,,,1,,-0.77,0.14,0.64,,,,True
b85c0597,H Khogiyani,Austria,8,88,64,137.5,17.6,7,6,7,lower_middle,46.8,46.4,29.7,39.9,C+,B,B,C,Utility Player,5.25,0.66,,,,,,,,-0.5,0.03,2.12,,,2,,-0.73,0.5,0.52,,,,True
8e554b6b,Abdul Samad,Pakistan,4,66,58,113.79,16.5,4,3,7,lower_middle,46.8,43.4,43.4,45.3,B,B,C+,C+,Utility Player,10.5,0.72,0.29,,0.29,,,,,,-0.29,0.73,,,1,,-1.49,0.0,0.61,,,,True
1ed476fe,Umar Nawaz,Sweden,9,189,188,100.53,21.0,16,9,2,top_order,46.7,48.4,43.1,46.8,B,B,B,C+,Utility Player,5.78,0.28,1.99,,1.99,,,,,-0.34,-0.08,1.37,,-0.7,5,-0.09,-1.18,0.12,0.77,,,,True
98e908bd,TB Sole,Scotland,6,69,43,160.47,17.25,9,1,7,lower_middle,46.7,44.9,49.1,48.2,B,B,C+,B,Utility Player,0.5,0.07,,,,,,,,-0.34,0.04,1.22,,,6,0.05,0.28,1.0,1.0,,,,True
c41043e6,BR McDermott,Australia,23,342,343,99.71,18.0,17,13,6,lower_middle,46.6,11.6,63.2,48.2,B,B,D,B+,Utility Player,6.13,0.41,1.57,,1.57,0.07,-0.07,0.23,0.44,0.08,-0.28,1.13,0.05,-0.63,5,-0.13,-0.98,0.12,0.78,-0.2,Conditions-Proof,0.0,False
b73625cb,Sarfraz Butt,Saudi Arabia,2,21,19,110.53,21.0,1,0,9,lower_order,46.6,39.8,48.4,47.2,B,B,C+,B,Utility Player,1.0,0.11,,,,,,,,,0.01,1.03,,,0,,-0.8,0.0,1.0,,,,True
1e98804a,RA Sealy,Cayman Islands,26,425,356,119.38,17.0,32,20,3,top_order,46.6,44.3,30.3,39.9,C+,B,C+,C+,Utility Player,3.88,0.28,1.02,,1.02,-0.04,0.04,0.55,1.18,0.34,-0.19,1.16,0.04,0.37,23,-0.15,-1.07,0.24,0.74,-0.38,Tough-Track Star,-0.19,False
55f0e741,C Greenshields,Portugal,3,74,58,127.59,37.0,7,3,3,top_order,46.6,46.4,44.7,50.5,B,B,B,C+,Utility Player,3.67,0.19,1.12,,1.12,,,,,,-0.3,1.14,,,0,,-0.31,0.2,0.61,,,,True
9f9b903e,TK Musakanda,Zimbabwe,9,127,107,118.69,14.11,10,2,4,upper_middle,46.6,18.7,24.8,31.8,C+,B,C,C,Utility Player,4.33,0.36,0.63,,0.63,,,,,0.0,-0.15,0.58,,,2,,-0.43,0.17,0.66,,,,True
ee8f1a6d,Azam Khan,Pakistan,11,87,60,145.0,10.88,6,7,6,lower_middle,46.6,44.2,5.5,28.0,C,B,C+,D,Utility Player,2.91,0.53,,,,,,0.57,1.28,,-0.33,0.75,0.07,-1.57,5,-0.04,0.53,0.67,0.5,0.59,Flat-Track Bully,,False
0e56c514,HJ Manenti,Italy,21,412,363,113.5,20.6,35,11,5,upper_middle,46.5,56.1,48.5,50.8,B,B,B,B,Utility Player,7.38,0.43,1.14,,1.14,-0.12,0.12,0.41,0.91,-0.01,-0.2,1.3,0.06,0.17,19,-0.0,-0.89,0.22,0.76,-0.29,Tough-Track Star,-0.36,False
397f4d3a,BM Wheeler,New Zealand,3,37,28,132.14,18.5,3,2,8,lower_order,46.5,48.5,43.4,46.4,B,B,B,C+,Utility Player,2.0,0.21,,,,,,,,,-0.34,0.73,,,2,,-0.05,0.0,1.0,,,,True
8b5b6769,Harbhajan Singh,India,12,108,87,124.14,13.5,11,4,9,lower_order,46.5,47.2,44.2,46.1,B,B,B,C+,Utility Player,5.33,0.74,,,,,,0.66,1.42,0.23,-0.08,1.1,0.09,,4,,-1.12,0.0,0.5,0.36,Flat-Track Bully,0.4,False
9656afbf,Ahmed Daniyal,Pakistan,1,17,11,154.55,17.0,3,0,10,tail,46.5,45.6,42.8,45.4,B,B,B,C+,Utility Player,11.0,1.0,,,,,,,,,0.43,0.87,,,1,,,,,,,,True
3e697d4a,Chaudhary Akram,Norway,4,108,107,100.93,36.0,10,2,1,top_order,46.4,36.0,52.0,51.3,B,B,C+,B,Utility Player,21.5,0.8,0.77,,0.77,,,,,,-0.17,1.36,,,0,,-1.23,0.18,0.61,,,,True
0848ac5f,S Thakor,Tanzania,41,423,308,137.34,13.22,41,21,8,lower_order,46.4,46.0,27.3,38.5,C+,B,B,C,Utility Player,2.32,0.31,,,,0.39,-0.39,0.84,1.55,-0.22,-0.11,1.49,0.04,-0.43,21,-0.28,-0.71,0.39,0.7,0.25,Flat-Track Bully,0.45,False
472455a3,T Whiteman,Luxembourg,7,136,115,118.26,27.2,14,4,4,upper_middle,46.4,48.0,45.3,48.6,B,B,B,B,Utility Player,11.0,0.67,,,,,,,,0.48,-0.13,1.32,,,3,,-0.92,0.14,0.67,,,,True
d0332cfb,G Van Heerden,South Africa,1,107,57,187.72,107.0,8,7,3,top_order,46.4,44.9,47.9,51.9,B,B,C+,B,Utility Player,1.0,0.02,1.6,,1.6,,,,,,0.34,3.07,,,0,,0.93,0.6,0.57,,,,True
42172c3c,JT Smuts,South Africa,19,257,236,108.9,13.53,27,10,1,top_order,46.4,49.8,3.4,28.4,C,B,B,D,Utility Player,5.89,0.47,,,,0.03,-0.03,0.21,0.68,-0.02,-0.22,0.73,0.04,-0.61,9,-0.35,-1.31,0.2,0.7,-0.15,Conditions-Proof,-0.32,False
5c805a60,AA Navicha,Mozambique,14,218,225,96.89,19.82,12,10,5,upper_middle,46.3,45.5,40.6,44.8,C+,B,B,C+,Utility Player,6.13,0.38,,,,-0.07,0.07,0.27,0.63,-0.35,-0.16,1.35,0.1,0.06,13,-0.09,-1.08,0.28,0.73,0.04,Conditions-Proof,-0.08,False
8e81b773,VB Chikkannaiah,Germany,20,416,413,100.73,21.89,30,12,1,top_order,46.3,4.3,53.9,43.0,C+,B,D,B,Utility Player,5.45,0.26,0.98,,0.98,0.34,-0.34,0.36,1.14,-0.37,-0.25,0.98,0.05,-0.39,7,-0.2,-1.02,0.14,0.76,-0.16,Conditions-Proof,0.04,False
bbab35a3,M Yunusu Issa,Tanzania,26,203,169,120.12,12.69,14,9,6,lower_middle,46.3,45.0,27.5,38.1,C+,B,B,C,Utility Player,2.15,0.33,,,,-0.68,0.68,1.11,1.69,0.29,0.18,1.42,0.05,-1.21,9,-0.6,-0.85,0.3,0.7,-0.1,Conditions-Proof,-0.41,False
f7b2cbe8,C Viljoen,Namibia,6,68,70,97.14,17.0,7,1,3,top_order,46.3,37.7,41.3,43.1,C+,B,C+,C+,Utility Player,5.83,0.5,,,,,,,,-0.13,-0.09,0.88,,,6,-0.09,-0.41,0.25,0.59,,,,True
d1c7dd6d,MJ Ross,Italy,4,55,40,137.5,18.33,2,3,6,lower_middle,46.3,42.9,43.6,45.3,B,B,C+,C+,Utility Player,4.5,0.45,,,,,,,,,0.12,1.35,,,3,,1.03,1.0,1.0,,,,True
a4799701,Danish Aziz,Pakistan,2,37,35,105.71,18.5,1,1,5,upper_middle,46.2,33.9,45.4,44.3,C+,B,C+,B,Utility Player,3.5,0.2,,,,,,,,,0.07,0.63,,,1,,-0.96,0.33,0.5,,,,True
3edb58fc,AD Mascarenhas,England,12,123,100,123.0,15.38,8,5,7,lower_middle,46.2,43.7,49.5,47.9,B,B,C+,B,Utility Player,6.25,0.75,,,,,,0.61,0.86,-0.53,-0.26,0.99,0.08,,4,,-0.45,0.33,0.45,0.18,Flat-Track Bully,0.6,False
e82543d5,M Vandrasi,Czech Republic,8,164,156,105.13,27.33,17,1,6,lower_middle,46.2,5.6,51.0,42.6,C+,B,D,B,Utility Player,6.75,0.35,,,,,,,,0.29,-0.28,1.03,,0.34,6,-0.03,-0.93,0.33,0.72,,,,True
a818c1be,TA Boult,New Zealand,12,55,57,96.49,7.86,3,2,11,tail,46.2,42.0,47.8,46.3,B,B,C+,B,Utility Player,3.33,0.7,,,,,,0.23,,-0.02,0.03,1.49,0.12,0.58,9,0.36,-0.76,0.0,0.29,-0.25,Tough-Track Star,-0.25,False
0b7b78c6,Hammad Mirza,Oman,26,472,438,107.76,19.67,40,14,4,upper_middle,46.2,48.5,41.9,46.1,B,B,B,C+,Utility Player,7.23,0.43,1.43,,1.43,0.33,-0.33,0.44,0.84,0.28,-0.24,1.03,0.04,-0.47,12,-0.01,-0.75,0.29,0.78,0.24,Flat-Track Bully,0.18,False
d7b3a420,Jaskaran Singh,Canada,9,113,63,179.37,22.6,7,8,7,lower_middle,46.1,58.7,53.0,53.2,B,B,B,B,Utility Player,1.89,0.27,1.12,,1.12,,,,,0.44,-0.13,1.46,,,3,,0.7,0.6,0.59,,,,True
a17a9548,H Satheedevi,Croatia,8,118,84,140.48,16.86,9,8,5,upper_middle,46.1,47.8,11.8,31.8,C+,B,B,D,Utility Player,4.62,0.44,,,,,,,,0.0,0.07,1.36,,,4,,-0.34,0.33,0.63,,,,True
b98cdbf0,AD Poynter,Ireland,9,171,134,127.61,24.43,17,7,6,lower_middle,46.0,60.7,51.9,53.5,B,B,B+,B,Utility Player,8.56,0.57,1.96,,1.96,,,,,,-0.23,1.12,,,1,,-0.86,0.14,0.66,,,,True
65a29a30,Huzaifa Mohammed,Philippines,12,112,146,76.71,22.4,3,1,8,lower_order,46.0,1.6,56.2,43.2,C+,B,D,B,Utility Player,9.25,0.76,,,,-0.35,0.35,0.33,0.51,0.22,-0.1,1.19,0.1,0.84,9,0.66,-1.32,0.0,0.66,-0.27,Tough-Track Star,-0.25,False
a9a18e3e,Imran Anwar,Bahrain,61,1056,846,124.82,18.53,64,71,3,top_order,45.9,63.1,32.1,44.8,C+,B,B+,C+,Utility Player,4.95,0.36,1.65,,1.65,0.33,-0.33,0.7,1.62,-0.03,-0.21,1.62,0.03,0.25,25,0.05,-0.72,0.22,0.83,0.26,Flat-Track Bully,0.39,False
615688b6,Usman Najeeb,Saudi Arabia,20,194,147,131.97,13.86,9,13,9,lower_order,45.9,45.5,46.8,46.9,B,B,B,B,Utility Player,2.3,0.31,,,,-0.32,0.32,0.65,0.85,0.07,-0.03,1.52,0.08,-0.32,8,-0.09,-1.23,0.14,0.62,-0.28,Tough-Track Star,-0.47,False
d26858c0,HB Kayondo,Uganda,4,104,98,106.12,26.0,6,4,2,top_order,45.9,47.7,51.0,50.6,B,B,B,B,Utility Player,7.75,0.32,,,,,,,,,-0.17,0.95,,,3,,-1.07,0.29,0.64,,,,True
a21ea40c,CK Coventry,Zimbabwe,12,127,90,141.11,12.7,14,6,5,upper_middle,45.9,49.9,6.3,29.4,C,B,B,D,Utility Player,3.75,0.5,,,,0.23,-0.23,0.94,1.69,-0.25,-0.12,0.74,0.06,0.24,5,0.18,0.01,0.5,0.51,0.09,Conditions-Proof,0.89,False
6e3f5a5c,R Ngarava,Zimbabwe,28,95,81,117.28,5.94,10,4,10,tail,45.9,43.0,12.0,30.2,C+,B,C+,D,Utility Player,1.75,0.6,,,,-0.29,0.29,0.28,0.54,-0.21,-0.23,1.42,0.05,-0.35,14,-0.27,-0.47,0.5,0.29,0.18,Flat-Track Bully,0.41,False
93720584,G Thakur,Malta,11,224,185,121.08,22.4,24,6,3,top_order,45.9,44.4,44.0,46.3,B,B,C+,C+,Utility Player,6.18,0.37,1.38,,1.38,0.4,-0.4,0.86,1.6,-0.3,-0.15,1.29,0.12,,4,,-0.79,0.2,0.68,-0.48,Tough-Track Star,-0.71,False
5feead83,TT Maposa,Zimbabwe,10,55,55,100.0,13.75,3,1,9,lower_order,45.9,16.2,57.2,45.5,B,B,C,B,Utility Player,4.2,0.76,,,,,,0.61,1.07,0.64,-0.14,1.14,0.11,,4,,-1.21,0.33,0.47,-0.38,Tough-Track Star,-1.2,False
9a95bebb,S Bau,Papua New Guinea,46,1023,909,112.54,26.23,88,31,5,upper_middle,45.9,68.3,70.9,64.5,B+,B,B+,B+,Utility Player,8.04,0.41,1.36,,1.36,-0.06,0.06,0.43,0.75,-0.1,-0.22,1.81,0.04,-0.33,29,-0.06,-0.89,0.18,0.77,-0.14,Conditions-Proof,-0.2,False
00757ae7,K Suttisan,Thailand,6,109,85,128.24,18.17,11,5,4,upper_middle,45.9,50.5,22.4,37.2,C+,B,B,C,Utility Player,3.17,0.22,1.56,,1.56,,,,,0.19,-0.01,1.39,,,0,,-0.37,0.2,0.61,,,,True
56ab442f,NM Coulter-Nile,Australia,15,150,120,125.0,13.64,10,10,8,lower_order,45.8,54.0,46.1,48.1,B,B,B,B,Utility Player,5.07,0.63,,,,-0.37,0.37,0.53,0.88,-0.07,-0.25,1.26,0.08,0.06,7,0.03,-0.82,0.25,0.67,-0.14,Conditions-Proof,-0.1,False
c13b2833,R Flannigan,Scotland,2,33,28,117.86,33.0,3,0,7,lower_middle,45.8,34.0,55.4,51.3,B,B,C+,B,Utility Player,6.5,0.46,,,,,,,,,0.01,0.83,,,2,,-0.75,0.33,0.5,,,,True
bd17b45f,STR Binny,India,2,35,29,120.69,17.5,2,1,6,lower_middle,45.8,42.5,43.6,44.9,C+,B,C+,C+,Utility Player,0.5,0.03,,,,,,,,,0.17,0.74,,,0,,-0.86,0.5,0.29,,,,True
212aeedd,N Peter,South Africa,5,29,25,116.0,14.5,3,0,9,lower_order,45.8,40.1,47.1,45.7,B,B,C+,B,Utility Player,2.4,0.48,,,,,,,,,-0.09,0.9,,,3,,,,,,,,True
14cbe9b7,Zaid Soulat,Bulgaria,5,95,86,110.47,31.67,10,4,3,top_order,45.8,48.8,36.4,45.5,B,B,B,C+,Utility Player,12.0,0.7,,,,,,,,,-0.12,1.81,,,1,,-1.2,0.0,0.62,,,,True
eef2536f,Avesh Khan,India,5,27,20,135.0,13.5,3,1,9,lower_order,45.8,46.7,50.2,48.4,B,B,B,B,Utility Player,1.6,0.4,,,,,,,,,-0.01,1.17,,,1,,,,,,,,True
be24ead0,Ramandeep Singh,India,1,15,6,250.0,15.0,1,1,7,lower_middle,45.7,44.7,42.5,44.6,C+,B,C+,C+,Utility Player,0.0,0.0,,,,,,,,,0.33,0.86,,,0,,,,,,,,True
02e83ac5,Naeem Islam,Bangladesh,10,130,114,114.04,14.44,8,7,7,lower_middle,45.7,49.7,32.6,41.2,C+,B,B,C+,Utility Player,5.0,0.44,,,,,,0.54,0.74,0.42,-0.11,0.92,0.09,,3,,-0.38,0.33,0.48,0.35,Flat-Track Bully,0.06,False
3029e282,Umar Amin,Pakistan,9,142,123,115.45,15.78,15,4,2,top_order,45.7,46.0,10.4,30.6,C+,B,B,D,Utility Player,7.22,0.53,0.56,,0.56,,,,,-0.84,-0.29,0.54,,,1,,-0.92,0.38,0.65,,,,True
bd9fbd51,Fayyaz Butt,Oman,19,147,144,102.08,13.36,11,4,10,tail,45.6,41.6,59.8,51.7,B,B,C+,B,Utility Player,4.74,0.62,,,,-0.35,0.35,0.54,1.05,-0.03,-0.22,1.63,0.09,0.43,12,-0.05,-1.06,0.25,0.71,0.26,Flat-Track Bully,0.42,False
9815de17,DP Michael,Samoa,5,162,134,120.9,40.5,12,7,3,top_order,45.5,46.0,49.7,52.7,B,B,B,B,Utility Player,6.2,0.23,0.8,,0.8,,,,,,-0.01,1.74,,,5,-0.01,-0.66,0.08,0.71,,,,True
d0e2e8ea,H Niaz,France,10,168,117,143.59,16.8,17,8,1,top_order,45.5,46.4,29.2,39.2,C+,B,B,C,Utility Player,1.4,0.12,,,,,,1.4,1.63,-0.24,0.17,1.81,0.18,-0.5,5,0.02,-0.32,0.5,0.66,0.01,Conditions-Proof,,False
b23d3ec5,R Mazumder,Cyprus,26,655,568,115.32,32.75,74,9,1,top_order,45.5,48.0,58.4,55.8,B,B,B,B,Utility Player,3.73,0.17,0.84,,0.84,-0.04,0.04,0.51,1.09,0.21,-0.19,2.21,0.08,-0.26,12,-0.24,-0.65,0.21,0.74,0.16,Conditions-Proof,-0.2,False
bad1af65,D Panda,Mexico,2,49,31,158.06,49.0,2,2,8,lower_order,45.4,43.7,42.6,48.9,B,B,C+,C+,Utility Player,0.5,0.03,,,,,,,,,0.62,2.36,,,0,,-0.24,0.33,0.5,,,,True
b1b99a1a,Sajid Liaqat,Germany,6,81,57,142.11,16.2,2,8,8,lower_order,45.4,45.8,32.9,40.6,C+,B,B,C+,Utility Player,1.17,0.12,,,,,,,,-0.13,0.06,1.68,,,4,,0.01,0.25,0.54,,,,True
1e569fb0,S Veerapathiran,Bahrain,30,289,237,121.94,13.76,19,16,7,lower_middle,45.4,43.6,24.3,36.2,C+,B,C+,C,Utility Player,3.93,0.5,,,,0.06,-0.06,0.66,2.16,0.29,-0.16,1.14,0.04,-0.02,17,-0.39,-1.04,0.27,0.74,-0.06,Conditions-Proof,-0.29,False
14810ee7,Kaleem Sana,Canada,9,51,54,94.44,12.75,2,3,9,lower_order,45.3,47.4,46.2,46.5,B,B,B,B,Utility Player,3.44,0.57,,,,,,,,-0.05,-0.03,1.34,,,3,,-0.94,0.0,1.0,,,,True
524943f1,A Davidson Soler,Spain,8,137,115,119.13,27.4,11,1,6,lower_middle,45.3,5.1,49.8,41.7,C+,B,D,B,Utility Player,4.0,0.28,1.2,,1.2,,,,,-0.19,0.02,1.43,,,2,,-0.63,0.33,0.72,,,,True
a9ddd37d,MNR Cooray,Maldives,3,99,76,130.26,49.5,12,3,5,upper_middle,45.3,48.8,50.2,53.3,B,B,B,B,Utility Player,10.0,0.39,1.73,,1.73,,,,,,-0.3,1.35,,,1,,-0.31,0.33,0.64,,,,True
755a77c6,GS Ballance,Zimbabwe,1,30,29,103.45,30.0,2,1,4,upper_middle,45.2,46.3,44.0,47.7,B,B,B,C+,Utility Player,11.0,0.38,,,,,,,,,-0.0,0.46,,,0,,-0.6,0.0,1.0,,,,True
44a5f2b2,Hamza Khan,Rwanda,25,566,544,104.04,25.73,42,20,3,top_order,45.2,43.2,63.2,55.3,B,B,C+,B+,Utility Player,4.27,0.2,1.29,,1.29,0.25,-0.25,0.58,1.67,0.4,-0.1,1.79,0.07,-0.8,7,-0.34,-1.03,0.14,0.76,-0.23,Tough-Track Star,-0.45,False
2c535f08,F Damiao Couana,Mozambique,18,587,429,136.83,36.69,62,21,2,top_order,45.2,55.8,55.3,57.0,B,B,B,B,Utility Player,4.61,0.19,1.43,1.02,1.3,0.05,-0.05,1.49,2.46,0.16,-0.28,1.76,0.1,2.16,17,0.75,-0.38,0.41,0.78,-0.19,Tough-Track Star,-0.15,False
c5928dec,HDRL Thirimanne,Sri Lanka,19,285,254,112.2,16.76,26,5,6,lower_middle,45.2,51.5,57.7,53.0,B,B,B,B,Utility Player,5.32,0.4,,,,-0.07,0.07,0.48,0.74,0.11,-0.13,1.21,0.06,,4,,-0.52,0.23,0.71,-0.07,Conditions-Proof,-0.04,False
c9c19700,Ali Rahmon,Nigeria,7,148,123,120.33,24.67,17,3,2,top_order,45.2,42.3,43.7,45.8,B,B,C+,C+,Utility Player,1.29,0.07,2.49,,2.49,,,,,0.0,-0.06,1.33,,,0,,-0.41,0.25,0.71,,,,True
2cec2a92,Abbas Afridi,Pakistan,15,135,119,113.45,12.27,10,10,8,lower_order,45.1,48.3,26.7,37.9,C+,B,B,C,Utility Player,3.47,0.44,,,,-0.3,0.3,0.64,0.96,0.26,-0.14,1.04,0.07,-0.53,8,-0.17,-0.47,0.6,0.58,-0.31,Tough-Track Star,-0.68,False
e03b66ec,Mohammad Asif,Pakistan,2,9,3,300.0,9.0,2,0,11,tail,45.1,45.1,40.0,43.0,C+,B,B,C+,Utility Player,0.5,0.33,,,,,,,,,1.67,1.48,,,2,,,,,,,,True
f33cfd25,B Masaba,Uganda,34,366,368,99.46,16.64,37,6,8,lower_order,45.1,42.6,44.9,45.5,B,B,C+,C+,Utility Player,5.12,0.47,,,,-0.36,0.36,0.49,0.7,0.23,-0.28,1.37,0.04,-0.86,9,-0.35,-1.24,0.16,0.75,0.03,Conditions-Proof,-0.14,False
6821ac10,JJ van der Wath,South Africa,4,46,39,117.95,15.33,3,1,9,lower_order,45.1,37.4,51.0,46.8,B,B,C+,B,Utility Player,7.5,0.77,,,,,,,,,-0.04,0.83,,,1,,-1.71,0.0,0.29,,,,True
a9b998d9,M Raikes,Gibraltar,7,248,161,154.04,41.33,25,10,2,top_order,45.1,44.5,48.5,51.8,B,B,C+,B,Utility Player,6.14,0.27,1.11,,1.11,,,,,-0.12,-0.23,1.98,,,4,,-0.56,0.2,0.69,,,,True
57b3c398,R Drake,Japan,7,27,30,90.0,27.0,1,0,11,tail,45.0,5.1,58.8,45.4,B,B,D,B,Utility Player,3.71,0.87,,,,,,,,0.11,-0.18,1.66,,,4,,-0.3,0.0,1.0,,,,True
357484e9,Ilyas Ataullah,Turkey,15,275,199,138.19,21.15,29,16,1,top_order,45.0,48.3,33.6,42.0,C+,B,B,C+,Utility Player,3.73,0.28,0.6,,0.6,-0.38,0.38,0.77,1.52,-0.15,-0.26,1.56,0.1,-0.34,10,-0.29,-0.42,0.54,0.66,0.05,Conditions-Proof,0.15,False
bb01f9e0,Shuvagata Hom,Bangladesh,4,35,35,100.0,17.5,3,1,9,lower_order,45.0,47.8,39.2,43.7,C+,B,B,C+,Utility Player,7.75,0.89,,,,,,,,,-0.39,0.71,,,2,,-0.94,0.33,0.49,,,,True
20f4a109,TGJ Gruijters,Netherlands,4,40,41,97.56,20.0,3,0,8,lower_order,45.0,43.1,53.5,49.5,B,B,C+,B,Utility Player,8.75,0.85,,,,,,,,,-0.18,1.04,,,2,,-1.06,0.33,0.49,,,,True
32e97806,T Martin,Luxembourg,4,96,56,171.43,24.0,9,4,6,lower_middle,44.9,45.1,39.4,44.2,C+,C+,B,C+,Utility Player,3.25,0.23,,,,,,,,,0.11,2.13,,,3,,-0.02,0.4,0.6,,,,True
568fe66e,I Stewart,Switzerland,2,17,8,212.5,17.0,2,1,6,lower_middle,44.9,43.4,26.8,37.2,C+,C+,C+,C,Utility Player,2.5,0.62,,,,,,,,,0.56,1.59,,,1,,,,,,,,True
b63ab531,LA Pomersbach,Australia,1,15,7,214.29,15.0,1,1,6,lower_middle,44.9,44.1,39.4,42.8,C+,C+,C+,C+,Utility Player,2.0,0.29,,,,,,,,,0.56,0.69,,,0,,,,,,,,True
7b6623bc,J Daley,Turks and Caicos Island,4,87,74,117.57,29.0,9,1,1,top_order,44.8,37.8,39.8,43.8,C+,C+,C+,C+,Utility Player,9.0,0.49,0.85,,0.85,,,,,,0.01,1.44,,,1,,-0.83,0.33,0.48,,,,True
7dde58c9,Mudassar Muhammad,Germany,3,86,88,97.73,28.67,3,4,2,top_order,44.8,44.8,48.0,48.8,B,C+,C+,B,Utility Player,13.67,0.47,,,,,,,,,-0.1,1.03,,,1,,-1.24,0.25,0.64,,,,True
5b2acc3f,Shahid Afridi,Germany,11,163,90,181.11,14.82,12,15,2,top_order,44.8,48.0,9.6,30.3,C+,C+,B,D,Utility Player,1.0,0.12,,,,,,1.39,2.12,0.29,-0.0,1.54,0.14,,1,,-0.72,0.4,0.6,0.34,Conditions-Proof,-0.12,False
96503059,Ahsan Malik,Netherlands,6,22,21,104.76,11.0,1,1,11,tail,44.8,39.1,48.4,45.5,B,C+,C+,B,Utility Player,1.83,0.52,,,,,,,,,0.21,1.39,,,3,,-0.8,0.0,1.0,,,,True
1c17e270,RV Uthappa,India,12,249,211,118.01,24.9,26,6,3,top_order,44.7,58.3,60.9,56.7,B,C+,B,B+,Utility Player,6.83,0.39,1.48,,1.48,,,0.39,0.31,-0.09,-0.3,1.06,0.09,,1,,-0.62,0.56,0.72,-0.05,Conditions-Proof,0.11,False
384fa385,TL Cutler,Vanuatu,6,68,54,125.93,22.67,2,6,9,lower_order,44.6,51.9,48.3,49.2,B,C+,B,B,Utility Player,5.67,0.63,,,,,,,,-0.52,-0.34,1.72,,0.78,5,0.49,-0.36,0.33,0.5,,,,True
ad05692c,Sami Ullah,Romania,7,105,54,194.44,17.5,13,4,8,lower_order,44.6,44.5,34.5,40.9,C+,C+,C+,C+,Utility Player,2.71,0.35,,,,,,,,0.78,0.43,3.27,,,0,,0.48,0.67,0.44,,,,True
6ebf4d4e,Farzan Afzal,Spain,4,121,115,105.22,40.33,8,6,1,top_order,44.6,43.1,49.7,51.7,B,C+,C+,B,Utility Player,10.0,0.35,1.19,,1.19,,,,,,-0.07,1.5,,,0,,-0.89,0.25,0.67,,,,True
eb4f9c61,LN Oluoch,Kenya,35,311,290,107.24,14.81,23,10,8,lower_order,44.6,28.5,59.1,48.7,B,C+,C,B,Utility Player,4.63,0.56,,,,-0.31,0.31,0.7,2.58,-0.04,-0.11,1.6,0.05,-0.75,23,-0.09,-1.37,0.14,0.73,-0.16,Tough-Track Star,-0.22,False
42a01b52,Ilyas Ahmed,Kuwait,6,15,14,107.14,15.0,1,0,11,tail,44.5,31.3,51.1,45.3,B,C+,C+,B,Utility Player,2.17,0.93,,,,,,,,0.79,0.08,1.38,,0.78,5,0.6,,,,,,,True
58aa33cd,Najjam Shahzad,Portugal,22,342,264,129.55,19.0,27,19,6,lower_middle,44.5,51.1,16.8,34.6,C+,C+,B,C,Utility Player,5.5,0.46,0.84,,0.84,-0.03,0.03,0.79,0.93,0.1,-0.31,1.47,0.07,-0.69,10,-0.14,-1.01,0.24,0.77,0.31,Flat-Track Bully,0.53,False
b3e9555a,Aziz Mohammad,Belgium,11,219,158,138.61,19.91,20,15,2,top_order,44.5,51.7,22.4,37.2,C+,C+,B,C,Utility Player,5.09,0.35,1.08,,1.08,,,0.81,1.84,0.22,-0.25,1.39,0.13,0.71,9,-0.06,-0.21,0.42,0.68,0.49,Flat-Track Bully,0.64,False
2feb5b8d,Akhil Kumar,Canada,6,41,36,113.89,13.67,3,2,8,lower_order,44.5,47.5,47.5,46.9,B,C+,B,B,Utility Player,4.0,0.67,,,,,,,,,-0.14,1.35,,,1,,,,,,,,True
27128c74,Md Shafiqul Haque,Thailand,4,88,62,141.94,22.0,5,6,2,top_order,44.5,43.6,44.9,45.9,B,C+,C+,C+,Utility Player,3.75,0.24,,,,,,,,,-0.01,1.13,,,0,,-0.24,0.25,0.53,,,,True
1200550f,MJ Prior,England,8,127,100,127.0,21.17,11,5,2,top_order,44.5,32.8,56.4,48.8,B,C+,C+,B,Utility Player,6.0,0.48,,,,,,,,0.21,-0.21,0.81,,,3,,-0.76,0.0,0.63,,,,True
99464591,MJ North,Australia,1,20,21,95.24,20.0,1,0,7,lower_middle,44.4,38.2,46.4,45.1,B,C+,C+,B,Utility Player,0.0,0.0,,,,,,,,,-0.05,0.46,,,0,,-0.34,0.0,0.29,,,,True
9d430b40,SP Narine,West Indies,20,155,138,112.32,11.07,13,5,9,lower_order,44.4,39.0,40.6,42.0,C+,C+,C+,C+,Utility Player,3.05,0.44,,,,-0.06,0.06,0.7,1.16,0.38,-0.09,1.08,0.05,1.3,5,0.17,-1.32,0.33,0.6,0.07,Conditions-Proof,0.13,False
0ba9de33,HER Tyler,Philippines,26,319,251,127.09,12.76,30,17,1,top_order,44.3,43.9,4.3,26.9,C,C+,C+,D,Utility Player,4.22,0.44,,,,-0.32,0.32,1.1,3.18,-0.26,-0.09,1.2,0.05,-2.17,12,-0.42,-1.29,0.21,0.64,0.3,Flat-Track Bully,0.9,False
788d661c,J Trembeath-Moro,Spain,6,128,148,86.49,25.6,10,3,3,top_order,44.3,26.3,50.1,45.3,B,C+,C,B,Utility Player,12.83,0.52,,,,,,,,-0.03,-0.08,0.99,,,2,,-1.31,0.08,0.76,,,,True
e38e240a,NT Rajendran,Kuwait,5,31,29,106.9,15.5,3,0,9,lower_order,44.3,39.9,53.1,48.0,B,C+,C+,B,Utility Player,2.8,0.48,,,,,,,,,0.08,1.3,,,2,,-0.55,0.0,1.0,,,,True
06bcade5,ASF Sirah,Philippines,17,238,188,126.6,17.0,25,8,2,top_order,44.2,44.8,38.2,42.6,C+,C+,C+,C+,Utility Player,3.0,0.27,1.32,,1.32,0.2,-0.2,0.75,1.09,-0.29,0.02,1.56,0.09,0.89,7,0.13,-0.7,0.27,0.71,0.09,Conditions-Proof,0.32,False
d20e22f7,Atif-Ur-Rehman,Saudi Arabia,6,18,20,90.0,18.0,0,0,10,tail,44.1,3.2,57.5,42.8,C+,C+,D,B,Utility Player,2.5,0.75,,,,,,,,-0.17,-0.06,1.29,,,1,,-2.02,0.0,1.0,,,,True
c6e10e5c,NK Patel,United States of America,11,115,105,109.52,19.17,9,2,8,lower_order,44.0,15.7,58.0,45.7,B,C+,C,B,Utility Player,3.45,0.36,,,,,,0.26,0.38,-0.56,-0.25,1.12,0.1,0.6,10,0.63,-0.68,0.4,0.59,0.19,Flat-Track Bully,0.27,False
af28816c,TE Kane,Ireland,3,37,31,119.35,18.5,4,0,7,lower_middle,44.0,32.6,36.2,39.1,C+,C+,C+,C+,Utility Player,0.67,0.06,,,,,,,,,-0.2,0.51,,,1,,-1.11,0.67,0.45,,,,True
015dc0cd,K Mendon,Czech Republic,6,121,118,102.54,24.2,9,3,5,upper_middle,44.0,37.1,45.7,45.2,B,C+,C+,B,Utility Player,10.5,0.53,,,,,,,,-0.35,-0.28,1.06,,,4,,-1.27,0.17,0.7,,,,True
945f5357,JN du Plooy,Hungary,4,85,61,139.34,28.33,3,5,2,top_order,44.0,19.3,41.6,40.5,C+,C+,C,C+,Utility Player,9.0,0.59,0.36,,0.36,,,,,,-0.22,0.8,,,0,,-0.95,0.0,0.55,,,,True
24ecc358,TM Dowlin,West Indies,2,68,69,98.55,68.0,8,0,4,upper_middle,43.9,27.4,64.7,55.1,B,C+,C,B+,Utility Player,1.5,0.04,,,,,,,,,-0.21,1.01,,,0,,-1.25,0.0,0.57,,,,True
a4bcaba7,G Venkateswaran,Luxembourg,14,196,177,110.73,16.33,15,7,2,top_order,43.9,38.1,44.8,44.0,C+,C+,C+,C+,Utility Player,6.07,0.48,,,,,,0.48,0.57,0.44,-0.06,1.47,0.1,0.25,9,0.17,-0.89,0.46,0.68,0.23,Flat-Track Bully,0.11,False
d5f3b5e1,D Ganga,West Indies,1,26,31,83.87,26.0,3,1,2,top_order,43.9,56.4,35.2,44.5,C+,C+,B,C+,Utility Player,31.0,1.0,,,,,,,,,-0.19,0.43,,,0,,-1.19,0.33,0.49,,,,True
5e5a45bd,Kabir Berlia,Singapore,5,47,32,146.88,15.67,5,2,9,lower_order,43.9,42.3,37.7,41.4,C+,C+,C+,C+,Utility Player,1.6,0.25,,,,,,,,,-0.02,1.31,,,2,,,,,,,,True
eeeebf82,HA Varaiya,Kenya,4,32,48,66.67,32.0,1,0,11,tail,43.9,9.7,68.3,51.3,B,C+,D,B+,Utility Player,3.5,0.29,,,,,,,,,-0.32,1.45,,,3,,-1.84,0.0,0.29,,,,True
dadbdb68,JA Duffy,New Zealand,11,37,36,102.78,9.25,3,0,11,tail,43.9,15.1,55.2,43.4,C+,C+,C,B,Utility Player,2.0,0.61,,,,,,0.4,0.17,0.23,-0.22,1.3,0.12,,3,,0.87,1.0,1.0,-0.42,Tough-Track Star,-0.66,False
fc2ddc2c,H Pieterse,South Africa,1,62,34,182.35,62.0,4,3,2,top_order,43.9,41.5,39.6,46.6,B,C+,C+,C+,Utility Player,2.0,0.06,1.32,,1.32,,,,,,0.3,1.58,,,0,,0.83,1.0,0.49,,,,True
77e321db,Aditya Panwar,Estonia,4,91,73,124.66,30.33,3,4,7,lower_middle,43.8,30.8,45.2,44.8,C+,C+,C+,B,Utility Player,6.5,0.36,3.74,,3.74,,,,,,-0.11,1.23,,,1,,-0.86,0.12,0.68,,,,True
9e432a38,Khalid Shah,United Arab Emirates,7,116,103,112.62,16.57,10,6,2,top_order,43.8,37.8,31.8,38.0,C+,C+,C+,C+,Utility Player,6.0,0.41,,,,,,,,0.0,-0.16,0.71,,,4,,-1.03,0.22,0.7,,,,True
5efa8af3,M Syahadat Ramli,Malaysia,33,476,433,109.93,22.67,34,18,5,upper_middle,43.8,47.7,60.6,54.0,B,C+,B,B+,Utility Player,6.24,0.48,,,,-0.09,0.09,0.57,2.05,-0.06,-0.28,1.4,0.04,-0.62,9,-0.42,-0.99,0.13,0.76,-0.03,Conditions-Proof,-0.22,False
7cefb2a2,A Mehmood,Hong Kong,1,14,4,350.0,14.0,1,1,10,tail,43.8,41.0,37.1,40.7,C+,C+,C+,C+,Utility Player,0.0,0.0,,,,,,,,,2.55,1.42,,,1,,,,,,,,True
eba6a852,SCJ Broad,England,25,118,118,100.0,7.38,7,3,9,lower_order,43.8,19.1,27.7,31.8,C+,C+,C,C,Utility Player,2.16,0.46,,,,-0.24,0.24,0.43,0.81,-0.01,-0.14,1.04,0.04,-0.34,10,-0.2,-1.46,0.0,0.68,0.1,Conditions-Proof,0.15,False
d1988788,Rohan Mustafa,United Arab Emirates,41,641,577,111.09,16.87,66,14,1,top_order,43.7,33.4,56.5,48.6,B,C+,C+,B,Utility Player,5.88,0.42,1.14,,1.14,0.09,-0.09,0.48,1.4,0.07,-0.22,1.24,0.03,0.81,13,0.2,-0.92,0.19,0.75,0.07,Conditions-Proof,0.2,False
9585854d,D Wotu,Vanuatu,5,19,15,126.67,19.0,2,0,11,tail,43.7,40.2,46.9,45.4,B,C+,C+,B,Utility Player,1.8,0.6,,,,,,,,,0.06,1.57,,,5,0.05,,,,,,,True
4d290e7a,N Hirani,Kenya,1,19,11,172.73,19.0,3,0,8,lower_order,43.7,41.3,37.5,41.3,C+,C+,C+,C+,Utility Player,1.0,0.09,,,,,,,,,0.65,0.98,,,1,,,,,,,,True
ef141f36,Surya Anand,Denmark,21,355,335,105.97,25.36,12,13,6,lower_middle,43.6,2.2,64.9,47.1,B,C+,D,B+,Utility Player,7.24,0.45,1.42,,1.42,-0.07,0.07,0.74,1.15,-0.05,-0.21,1.51,0.07,1.04,14,0.08,-1.02,0.13,0.74,-0.38,Tough-Track Star,-0.43,False
33cb3411,Younis Khan,Pakistan,21,428,341,125.51,23.78,31,12,4,upper_middle,43.6,33.8,63.0,52.3,B,C+,C+,B+,Utility Player,8.0,0.49,1.04,,1.04,-0.31,0.31,0.56,1.12,0.49,-0.28,1.05,0.05,,3,,-0.47,0.35,0.74,0.26,Flat-Track Bully,0.68,False
b86dd1b0,Ali Mohammadipour,Iran,1,19,13,146.15,19.0,4,0,4,upper_middle,43.6,44.5,27.5,37.5,C+,C+,C+,C,Utility Player,0.0,0.0,,,,,,,,,0.32,0.67,,,0,,0.92,1.0,1.0,,,,True
72a4c3b2,L Canessane,France,30,413,349,118.34,15.88,37,12,5,upper_middle,43.6,35.1,25.9,34.9,C+,C+,C+,C,Utility Player,5.27,0.45,1.35,,1.35,0.04,-0.04,0.57,0.98,-0.06,-0.16,1.14,0.04,-0.76,15,-0.07,-1.02,0.3,0.72,0.32,Flat-Track Bully,0.54,False
db51b9a0,Ali Raza,Estonia,3,23,19,121.05,23.0,2,1,7,lower_middle,43.6,44.9,38.5,43.0,C+,C+,C+,C+,Utility Player,0.67,0.11,,,,,,,,,-0.0,1.16,,,1,,,,,,,,True
c10fd8f9,Aman Desai,Singapore,33,531,455,116.7,16.59,49,15,1,top_order,43.5,35.5,30.4,37.1,C+,C+,C+,C+,Utility Player,5.45,0.4,1.71,,1.71,-0.12,0.12,0.51,0.88,-0.38,-0.23,1.01,0.03,0.07,13,0.07,-0.91,0.19,0.75,0.37,Flat-Track Bully,0.52,False
e6ddab51,EH Hutchinson,United States of America,1,16,8,200.0,16.0,3,0,7,lower_middle,43.5,42.8,36.0,40.6,C+,C+,C+,C+,Utility Player,2.0,0.25,,,,,,,,,0.42,0.75,,,1,,,,,,,,True
a2621507,GS Bajwa,Spain,3,74,57,129.82,37.0,5,4,1,top_order,43.5,44.2,41.6,47.6,B,C+,C+,C+,Utility Player,0.33,0.02,,,,,,,,,0.23,1.77,,,0,,-0.57,0.33,0.49,,,,True
314f0889,Usman Khalid,Saudi Arabia,26,389,343,113.41,20.47,30,15,7,lower_middle,43.5,48.2,59.9,53.3,B,C+,B,B,Utility Player,6.27,0.48,1.28,,1.28,0.54,-0.54,0.53,0.82,0.08,-0.16,1.54,0.06,-0.12,7,0.14,-0.8,0.37,0.75,0.08,Conditions-Proof,0.14,False
ab1445ea,J Mees,Luxembourg,30,606,507,119.53,24.24,53,22,3,top_order,43.5,48.1,51.8,50.3,B,C+,B,B,Utility Player,9.17,0.54,1.13,,1.13,0.03,-0.03,0.34,0.45,0.2,-0.27,1.45,0.05,-0.05,18,0.07,-0.84,0.22,0.75,0.11,Conditions-Proof,0.22,False
3204c99f,G Coetzee,South Africa,12,110,83,132.53,11.0,8,6,9,lower_order,43.5,47.1,32.6,39.7,C+,C+,B,C+,Utility Player,4.5,0.65,,,,0.18,-0.18,0.65,0.81,-0.45,-0.18,1.04,0.09,-1.0,6,-0.19,-1.11,0.2,0.59,-0.44,Tough-Track Star,-1.31,False
5365f10f,RR Bastiansz,Malta,3,78,73,106.85,26.0,5,3,7,lower_middle,43.5,37.4,41.9,43.6,C+,C+,C+,C+,Utility Player,2.33,0.1,0.78,,0.78,,,,,,-0.18,0.91,,,2,,-0.8,0.17,0.63,,,,True
fd43bb69,PS Roberts,Croatia,4,59,56,105.36,29.5,5,0,7,lower_middle,43.5,35.8,51.8,48.4,B,C+,C+,B,Utility Player,8.75,0.62,,,,,,,,,0.04,1.37,,,4,,-0.35,0.5,0.5,,,,True
808f425a,JP Faulkner,Australia,18,159,138,115.22,14.45,7,5,7,lower_middle,43.5,10.1,60.7,45.2,B,C+,D,B+,Utility Player,3.56,0.46,,,,-0.04,0.04,0.32,0.42,0.02,-0.17,1.11,0.06,-0.19,6,-0.0,-0.45,0.3,0.69,0.32,Flat-Track Bully,0.31,False
b704da31,Waqar Ul Hassan,Saudi Arabia,5,125,104,120.19,31.25,9,5,3,top_order,43.4,42.1,48.7,48.7,B,C+,C+,B,Utility Player,1.8,0.09,1.11,,1.11,,,,,,-0.11,1.28,,,2,,-0.61,0.3,0.72,,,,True
4a491652,Muktar Ali,Bangladesh,1,19,15,126.67,19.0,1,1,7,lower_middle,43.4,45.5,45.9,45.9,B,C+,B,B,Utility Player,1.0,0.07,,,,,,,,,-0.11,0.74,,,1,,,,,,,,True
2a6ccc1c,S Chandramohan,Singapore,46,1090,913,119.39,25.95,98,48,2,top_order,43.4,60.6,67.5,60.5,B+,C+,B+,B+,Utility Player,11.09,0.56,1.17,1.68,1.32,-0.04,0.04,0.3,0.7,0.02,-0.31,1.62,0.04,0.09,28,0.11,-0.75,0.33,0.79,0.1,Conditions-Proof,-0.03,False
60285d55,L Botha,South Africa,1,46,25,184.0,46.0,5,3,4,upper_middle,43.4,44.3,37.6,46.0,B,C+,C+,C+,Utility Player,6.0,0.24,0.41,,0.41,,,,,,0.31,1.68,,,0,,0.61,0.67,0.5,,,,True
30b93df1,Rupesh Singh,Nepal,3,65,46,141.3,21.67,2,4,8,lower_order,43.4,48.4,45.3,46.6,B,C+,B,B,Utility Player,0.75,0.05,0.71,,0.71,,,,,,-0.31,0.74,,,2,,-2.29,0.33,0.49,,,,True
22651574,D Nanda,Indonesia,5,73,64,114.06,24.33,6,2,1,top_order,43.4,40.6,40.2,43.1,C+,C+,C+,C+,Utility Player,3.6,0.28,,,,,,,,,0.26,1.26,,,0,,-0.63,0.6,0.54,,,,True
d07dbc28,Zawar Farid,United Arab Emirates,13,157,121,129.75,14.27,11,8,7,lower_middle,43.3,47.7,40.5,43.5,C+,C+,B,C+,Utility Player,4.31,0.46,,,,-0.47,0.47,0.79,1.12,-0.13,-0.04,1.16,0.09,1.12,11,0.54,-0.72,0.25,0.56,0.2,Flat-Track Bully,0.47,False
e6409ae1,Mohammed Sameer,Bahrain,2,38,29,131.03,19.0,6,1,3,top_order,43.3,47.6,24.4,36.6,C+,C+,B,C,Utility Player,2.5,0.17,,,,,,,,,-0.04,0.76,,,1,,-0.13,0.5,0.54,,,,True
70ced7f2,Mohammad Aadil Alam,Nepal,11,122,94,129.79,12.2,8,7,6,lower_middle,43.2,45.1,33.7,39.8,C+,C+,B,C+,Utility Player,4.55,0.53,,,,,,0.95,1.65,-0.24,-0.05,1.17,0.11,,2,,-0.41,0.33,0.63,0.3,Flat-Track Bully,0.58,False
49235be5,Gurpratap Singh,Cyprus,10,187,133,140.6,18.7,10,15,2,top_order,43.2,46.9,21.2,35.1,C+,C+,B,C,Utility Player,4.9,0.37,1.19,,1.19,,,1.41,2.07,0.13,-0.09,1.66,0.17,-1.55,5,0.1,-0.6,0.2,0.73,0.76,Flat-Track Bully,,False
fdee4a01,Shoaib Khan,United Arab Emirates,5,78,60,130.0,15.6,5,6,6,lower_middle,43.2,49.5,37.4,42.5,C+,C+,B,C+,Utility Player,5.2,0.43,0.88,,0.88,,,,,,-0.13,0.92,,,2,,-0.77,0.33,0.49,,,,True
e2f7d34b,Muhammad Naeem,Saudi Arabia,1,27,22,122.73,27.0,0,2,6,lower_middle,43.1,44.7,46.2,47.0,B,C+,C+,B,Utility Player,8.0,0.36,,,,,,,,,-0.0,0.54,,,1,,-0.98,0.0,0.29,,,,True
d2d15439,Aayan Afzal Khan,United Arab Emirates,14,142,157,90.45,14.2,9,2,8,lower_order,43.1,34.0,52.4,46.1,B,C+,C+,B,Utility Player,6.36,0.57,0.44,,0.44,-0.47,0.47,0.34,0.56,-0.15,-0.07,1.15,0.08,-1.68,10,-0.88,-0.99,0.14,0.69,0.45,Flat-Track Bully,0.49,False
cee89f44,Mohammad Usman,United Arab Emirates,2,58,61,95.08,58.0,4,3,5,upper_middle,43.1,46.7,60.8,56.9,B,C+,B,B+,Utility Player,30.0,0.98,1.4,,1.4,,,,,,-0.24,1.17,,,1,,-0.89,0.0,0.53,,,,True
6513502f,Faheem Nellancheri,Finland,10,128,87,147.13,14.22,11,6,7,lower_middle,43.1,42.7,31.0,38.2,C+,C+,C+,C+,Utility Player,0.6,0.07,,,,,,1.03,1.21,-0.47,0.19,1.49,0.15,2.41,5,0.56,-0.07,0.5,0.29,0.49,Flat-Track Bully,,False
8da9a284,E Solomon,Israel,8,229,209,109.57,38.17,24,0,4,upper_middle,43.1,33.1,54.6,51.5,B,C+,C+,B,Utility Player,1.0,0.04,0.91,,0.91,,,,,-0.17,-0.06,1.43,,,8,-0.06,-0.49,0.35,0.75,,,,True
60606200,Muzahir Raza,Oman,3,14,8,175.0,14.0,2,0,7,lower_middle,43.1,39.2,47.8,44.9,C+,C+,C+,B,Utility Player,2.0,0.75,,,,,,,,,0.3,1.28,,,1,,,,,,,,True
270b4de6,NMS Param,Singapore,12,254,201,126.37,28.22,21,7,6,lower_middle,43.1,45.5,65.1,56.1,B,C+,B,B+,Utility Player,9.5,0.57,1.36,,1.36,0.07,-0.07,0.75,1.76,0.35,-0.2,1.4,0.12,1.13,9,0.64,-0.85,0.18,0.69,-0.39,Tough-Track Star,-0.06,False
2cf2fc9e,CPPM Sadun,Cyprus,18,289,312,92.63,18.06,24,3,3,top_order,43.0,3.4,45.2,37.2,C+,C+,D,B,Utility Player,10.39,0.6,1.89,,1.89,-0.19,0.19,0.36,0.56,0.32,-0.18,1.15,0.06,0.63,9,0.34,-1.32,0.07,0.78,-0.08,Conditions-Proof,-0.25,False
9c333e40,Namgay Thinley,Bhutan,37,414,395,104.81,12.55,29,20,1,top_order,42.9,38.2,30.2,37.0,C+,C+,C+,C+,Utility Player,4.84,0.45,3.5,1.91,3.02,-0.13,0.13,0.81,1.68,0.38,0.03,1.29,0.03,-1.85,13,-0.63,-1.47,0.13,0.76,0.08,Conditions-Proof,1.49,False
e237b28c,Mohammad Yousuf,Pakistan,3,50,43,116.28,16.67,5,1,3,top_order,42.9,36.8,36.2,39.4,C+,C+,C+,C+,Utility Player,3.33,0.23,,,,,,,,,-0.06,0.42,,,0,,-1.16,0.0,0.59,,,,True
85ba5659,C Bisson,Jersey,8,100,71,140.85,14.29,10,3,2,top_order,42.9,37.1,14.5,29.5,C,C+,C+,D,Utility Player,2.88,0.32,,,,,,,,0.55,-0.08,0.65,,,8,-0.09,1.01,1.0,0.49,,,,True
4f7279a4,Raza Hasan,Pakistan,2,18,25,72.0,18.0,2,0,10,tail,42.9,46.5,59.3,51.8,B,C+,B,B,Utility Player,6.0,0.48,,,,,,,,,-0.28,1.15,,,1,,-1.97,0.0,1.0,,,,True
6b8eb6e5,S Sreesanth,India,3,20,14,142.86,20.0,4,0,10,tail,42.9,55.3,41.0,45.6,B,C+,B,C+,Utility Player,1.33,0.29,,,,,,,,,-0.48,0.82,,,1,,,,,,,,True
ef6d6883,A Alexander,Indonesia,7,50,33,151.52,12.5,2,4,7,lower_middle,42.9,33.4,16.9,29.7,C,C+,C+,C,Utility Player,2.86,0.61,,,,,,,,-0.43,-0.12,1.1,,,4,,2.13,1.0,1.0,,,,True
488b7e22,Anoop Orsu,Luxembourg,22,269,223,120.63,16.81,20,13,6,lower_middle,42.8,42.2,37.4,41.2,C+,C+,C+,C+,Utility Player,4.55,0.45,1.07,,1.07,0.41,-0.41,0.61,0.8,-0.03,-0.17,1.39,0.06,0.21,17,0.4,-0.79,0.36,0.72,-0.24,Tough-Track Star,-0.38,False
3f4c3313,GY Tomar,Uganda,2,51,45,113.33,25.5,4,3,3,top_order,42.8,44.8,36.8,42.4,C+,C+,C+,C+,Utility Player,11.0,0.49,,,,,,,,,-0.09,0.63,,,2,,0.21,0.67,0.5,,,,True
180e2c15,Ismaila Tanba,Gambia,9,121,100,121.0,17.29,16,3,6,lower_middle,42.7,44.0,28.9,37.6,C+,C+,C+,C,Utility Player,1.67,0.15,0.5,,0.5,,,,,0.02,-0.13,1.18,,,9,-0.13,-0.71,0.29,0.63,,,,True
0b0cc297,Tanzim Hasan Sakib,Bangladesh,21,192,175,109.71,14.77,13,8,9,lower_order,42.7,49.1,58.3,51.7,B,C+,B,B,Utility Player,6.0,0.72,1.82,,1.82,-0.4,0.4,0.3,0.32,0.09,-0.24,1.36,0.06,-0.31,10,-0.3,-0.89,0.17,0.75,-0.01,Conditions-Proof,-0.14,False
f41598c1,AN Cook,England,4,61,54,112.96,15.25,10,0,2,top_order,42.7,35.8,26.6,34.7,C+,C+,C+,C,Utility Player,7.25,0.54,,,,,,,,,-0.27,0.41,,,2,,-1.23,0.2,0.62,,,,True
f80682f8,Ravinderpal Singh,Canada,33,631,444,142.12,23.37,43,36,5,upper_middle,42.7,65.5,50.9,53.0,B,C+,B+,B,Utility Player,5.88,0.44,0.92,1.94,1.23,-0.09,0.09,1.11,3.4,-0.33,-0.27,1.47,0.04,-0.63,19,-0.13,-0.29,0.46,0.8,0.22,Flat-Track Bully,0.36,False
f3e240a6,Mustapha Yusuf,Nigeria,4,33,34,97.06,16.5,3,0,9,lower_order,42.6,34.5,39.0,40.0,C+,C+,C+,C+,Utility Player,4.75,0.56,,,,,,,,,-0.04,0.8,,,2,,-0.66,0.0,0.46,,,,True
8d92a2c3,MA Wood,England,7,27,28,96.43,13.5,2,0,11,tail,42.6,23.8,61.8,47.9,B,C+,C,B+,Utility Player,3.14,0.79,,,,,,,,,-0.3,1.31,,,3,,-0.49,0.0,1.0,,,,True
30baaf1f,TP Allen,United States of America,3,27,17,158.82,13.5,0,3,7,lower_middle,42.6,41.6,34.4,39.1,C+,C+,C+,C+,Utility Player,3.67,0.65,,,,,,,,,0.46,1.07,,,3,,,,,,,,True
1e25b5bf,C Carter,Hong Kong,4,53,59,89.83,17.67,3,0,9,lower_order,42.6,10.6,51.5,41.0,C+,C+,D,B,Utility Player,12.25,0.83,,,,,,,,,-0.1,0.84,,,0,,-1.52,0.25,0.55,,,,True
1adb8ee8,Sompal Kami,Nepal,46,380,337,112.76,11.52,27,15,8,lower_order,42.6,47.1,51.1,48.0,B,C+,B,B,Utility Player,3.15,0.43,,,,-0.02,0.02,0.57,1.91,-0.05,-0.14,1.54,0.03,0.05,22,0.13,-0.71,0.39,0.72,-0.14,Conditions-Proof,-0.18,False
7839bf3a,HS Baidwan,Canada,5,52,43,120.93,13.0,4,1,7,lower_middle,42.5,35.4,39.8,40.3,C+,C+,C+,C+,Utility Player,3.4,0.4,,,,,,,,,0.03,0.83,,,5,0.02,,,,,,,True
f9dc404a,Amar Naeem,Austria,16,240,197,121.83,20.0,19,15,3,top_order,42.5,45.2,39.9,43.1,C+,C+,B,C+,Utility Player,6.31,0.51,0.91,,0.91,-0.05,0.05,0.35,0.54,-0.12,-0.27,1.27,0.08,-0.06,6,-0.38,-0.87,0.12,0.71,-0.35,Tough-Track Star,-0.39,False
2d9451cc,MK Thakur,Thailand,15,173,144,120.14,15.73,10,9,7,lower_middle,42.5,45.7,32.4,39.4,C+,C+,B,C+,Utility Player,3.6,0.38,,,,-0.42,0.42,0.98,1.51,0.19,0.02,1.52,0.1,-2.22,5,-0.5,-1.15,0.25,0.68,-0.14,Conditions-Proof,,False
847b4bdd,HA Chohan,Tanzania,17,113,74,152.7,10.27,8,7,6,lower_middle,42.4,38.0,33.6,37.9,C+,C+,C+,C+,Utility Player,1.88,0.43,,,,,,1.02,1.82,0.47,0.23,1.33,0.08,0.79,13,0.15,-0.2,0.67,0.44,-0.09,Conditions-Proof,-0.66,False
24fcd95d,Kashif Daud,United Arab Emirates,10,90,64,140.62,12.86,4,6,6,lower_middle,42.4,31.5,27.9,34.1,C+,C+,C+,C,Utility Player,2.5,0.39,,,,,,0.97,1.58,-0.09,-0.19,0.76,0.08,-2.62,5,-1.16,-0.01,0.33,0.48,-0.23,Tough-Track Star,-0.24,False
03521fd3,HM Nicholls,New Zealand,9,100,112,89.29,12.5,9,0,6,lower_middle,42.4,27.5,40.3,38.9,C+,C+,C,C+,Utility Player,7.0,0.56,,,,,,,,0.37,-0.15,0.76,,,3,,-1.01,0.0,0.57,,,,True
c7aae1f0,M Kadyan,Bulgaria,10,111,87,127.59,15.86,11,6,6,lower_middle,42.4,42.9,14.1,30.5,C+,C+,C+,D,Utility Player,2.3,0.26,1.83,,1.83,1.13,-1.13,0.85,1.63,-0.24,0.1,2.1,0.21,,4,,-0.99,0.17,0.63,0.72,Flat-Track Bully,1.73,False
87e977df,Amjad Gul,United Arab Emirates,1,24,21,114.29,24.0,3,1,1,top_order,42.3,49.9,37.4,43.2,C+,C+,B,C+,Utility Player,5.0,0.24,,,,,,,,,-0.02,0.57,,,0,,-0.52,0.5,0.29,,,,True
3bc56bd6,CJ Delany,Gibraltar,9,210,193,108.81,26.25,22,1,3,top_order,42.3,7.7,50.8,41.4,C+,C+,D,B,Utility Player,11.44,0.53,1.43,,1.43,,,,,0.14,-0.28,0.97,,,3,,-1.0,0.08,0.73,,,,True
51a3c5ef,MJ McClenaghan,New Zealand,7,24,23,104.35,6.0,1,2,11,tail,42.2,39.9,19.8,31.8,C+,C+,C+,C,Utility Player,2.0,0.61,,,,,,,,,0.2,1.05,,,4,,-1.13,0.0,1.0,,,,True
270bf7e2,KV Morea,Papua New Guinea,13,70,64,109.38,10.0,5,3,9,lower_order,42.2,38.4,35.5,38.7,C+,C+,C+,C+,Utility Player,2.38,0.48,,,,0.73,-0.73,0.69,1.2,0.16,-0.2,1.08,0.08,0.76,9,0.54,-2.55,0.0,1.0,0.25,Flat-Track Bully,0.2,False
f4f892a3,XSD Smith,Suriname,8,110,86,127.91,18.33,7,5,5,upper_middle,42.2,42.6,36.3,40.6,C+,C+,C+,C+,Utility Player,4.12,0.38,1.69,,1.69,,,,,-0.67,0.02,1.28,,,8,0.05,-0.54,0.33,0.63,,,,True
8e38d470,Robert Raina,Thailand,9,110,116,94.83,12.22,13,3,6,lower_middle,42.2,41.5,32.7,38.2,C+,C+,C+,C+,Utility Player,7.78,0.6,0.7,,0.7,,,,,0.17,0.32,1.24,,,3,,-1.59,0.11,0.66,,,,True
684dc2da,Abraash Khan,Canada,4,66,60,110.0,16.5,7,1,1,top_order,42.1,37.4,40.2,41.0,C+,C+,C+,C+,Utility Player,7.75,0.52,,,,,,,,,0.04,0.76,,,4,,-1.3,0.0,0.57,,,,True
91c984a1,JW Wilson,New Zealand,1,18,14,128.57,18.0,2,0,9,lower_order,42.1,39.6,43.7,43.1,C+,C+,C+,C+,Utility Player,14.0,1.0,,,,,,,,,-0.18,0.42,,,1,,,,,,,,True
aa867444,AD Dore,Bermuda,13,194,181,107.18,16.17,20,4,2,top_order,42.1,36.5,38.2,40.0,C+,C+,C+,C+,Utility Player,6.0,0.43,,,,,,0.88,1.14,0.32,-0.06,1.04,0.08,0.04,6,0.09,-1.03,0.15,0.7,-0.39,Tough-Track Star,-0.27,False
432bf4f5,Zishan Shah,Denmark,5,88,87,101.15,22.0,7,1,5,upper_middle,42.0,38.2,44.0,43.5,C+,C+,C+,C+,Utility Player,1.0,0.06,1.41,,1.41,,,,,,-0.15,0.78,,,5,-0.12,-1.06,0.29,0.65,,,,True
96f5b685,AA Paradkar,United States of America,2,16,13,123.08,16.0,2,0,9,lower_order,42.0,39.4,41.1,41.7,C+,C+,C+,C+,Utility Player,5.0,0.77,,,,,,,,,-0.13,0.71,,,1,,-2.38,0.0,1.0,,,,True
f737ab44,S Vijay Unni,Malaysia,35,285,317,89.91,14.25,21,5,8,lower_order,42.0,39.3,59.6,50.1,B,C+,C+,B,Utility Player,5.29,0.58,,,,0.07,-0.07,0.36,0.58,0.07,-0.16,1.69,0.05,0.13,14,0.05,-1.25,0.1,0.8,0.28,Flat-Track Bully,0.3,False
c9cac448,T Mishra,Kenya,12,206,230,89.57,17.17,15,4,4,upper_middle,42.0,23.9,38.6,37.8,C+,C+,C,C+,Utility Player,10.92,0.57,,,,,,0.28,0.62,,-0.3,0.7,0.06,,3,,-1.35,0.0,0.76,-0.31,Tough-Track Star,-0.39,False
d84a2d8e,DJ Reekers,Netherlands,3,35,22,159.09,11.67,4,2,1,top_order,41.9,41.8,27.8,35.9,C+,C+,C+,C,Utility Player,1.0,0.14,,,,,,,,,0.26,0.64,,,1,,0.49,1.0,1.0,,,,True
9b6e1b3f,J Fraser-McGurk,Australia,8,115,86,133.72,14.38,16,3,2,top_order,41.9,44.1,13.7,30.2,C+,C+,C+,D,Utility Player,2.38,0.22,1.5,,1.5,,,,,0.25,-0.16,0.54,,,1,,-0.81,0.17,0.63,,,,True
28252261,KN Gabhane,Hungary,2,36,39,92.31,36.0,3,0,9,lower_order,41.9,26.4,53.3,48.4,B,C+,C,B,Utility Player,19.5,1.0,,,,,,,,,-0.31,1.56,,,2,,-0.68,0.0,0.43,,,,True
012829ff,JW Hastings,Australia,6,46,37,124.32,11.5,3,1,8,lower_order,41.9,34.9,45.4,42.4,C+,C+,C+,B,Utility Player,4.17,0.68,,,,,,,,,-0.07,0.88,,,3,,,,,,,,True
c8065f31,SC Getkate,Ireland,21,238,207,114.98,13.22,9,13,7,lower_middle,41.8,28.7,44.2,40.9,C+,C+,C,C+,Utility Player,6.0,0.61,,,,-0.24,0.24,0.43,0.57,0.11,-0.13,1.01,0.05,0.06,9,0.01,-1.11,0.25,0.75,0.16,Flat-Track Bully,0.19,False
edaae5f4,Abdur Rahman Sudais,Sweden,3,57,45,126.67,28.5,3,4,3,top_order,41.8,41.9,37.6,42.4,C+,C+,C+,C+,Utility Player,0.67,0.04,,,,,,,,,-0.16,0.89,,,3,,-1.55,0.33,0.5,,,,True
0a5718ef,Iftekar Jaman,Cyprus,3,43,28,153.57,21.5,3,3,8,lower_order,41.8,42.8,36.5,40.9,C+,C+,C+,C+,Utility Player,3.67,0.39,,,,,,,,,0.01,1.31,,,3,,,,,,,,True
2fdd16fe,RG Aga,Kenya,11,152,132,115.15,15.2,14,2,6,lower_middle,41.8,36.1,41.0,41.0,C+,C+,C+,C+,Utility Player,3.91,0.33,,,,,,0.73,0.97,,-0.1,0.83,0.08,1.06,5,-0.03,-1.34,0.2,0.69,-0.07,Conditions-Proof,0.17,False
b6359668,Qasim Akram,Pakistan,2,32,31,103.23,16.0,5,0,6,lower_middle,41.7,43.8,32.6,38.7,C+,C+,C+,C+,Utility Player,1.5,0.1,,,,,,,,,0.06,0.69,,,1,,-0.3,0.0,1.0,,,,True
f834dcfc,L Ngidi,South Africa,18,59,72,81.94,11.8,5,1,10,tail,41.6,37.6,58.1,48.6,B,C+,C+,B,Utility Player,2.89,0.72,,,,-0.44,0.44,0.23,0.59,0.06,-0.27,1.36,0.08,-1.16,11,-0.9,-1.94,0.0,0.49,-0.07,Conditions-Proof,0.01,False
ef07f354,B Yadav,Nepal,11,91,81,112.35,10.11,2,8,8,lower_order,41.6,42.7,27.9,36.0,C+,C+,C+,C,Utility Player,5.82,0.79,,,,-0.56,0.56,1.02,1.63,-0.03,-0.1,1.18,0.11,-4.74,8,-1.28,-1.62,0.0,0.62,-0.0,Conditions-Proof,0.2,False
c471750e,LC Le Tissier,Guernsey,11,125,98,127.55,13.89,16,3,8,lower_order,41.6,43.0,40.0,41.7,C+,C+,C+,C+,Utility Player,5.27,0.59,,,,0.56,-0.56,1.29,2.36,-0.28,0.12,1.65,0.15,2.49,10,0.38,-1.7,0.25,0.57,-0.29,Tough-Track Star,,False
b18dbaff,A Prashar,Hungary,10,134,82,163.41,16.75,8,9,7,lower_middle,41.6,42.7,34.5,39.4,C+,C+,C+,C+,Utility Player,3.3,0.4,,,,,,1.27,1.46,-0.18,-0.08,1.62,0.16,,1,,0.55,0.67,0.44,-0.47,Tough-Track Star,-0.64,False
7f3ad1ed,SR Thompson,Ireland,21,171,143,119.58,11.4,10,6,7,lower_middle,41.5,12.6,45.6,38.0,C+,C+,D,B,Utility Player,3.62,0.53,,,,-0.09,0.09,0.45,0.55,0.43,-0.09,1.01,0.05,-0.54,8,-0.09,-1.26,0.22,0.7,-0.32,Tough-Track Star,-0.18,False
edc950ce,Sajid Khan Afridi,Greece,4,66,53,124.53,16.5,4,4,1,top_order,41.5,40.6,31.7,37.6,C+,C+,C+,C+,Utility Player,3.75,0.28,,,,,,,,,0.02,1.08,,,4,,-0.48,0.6,0.59,,,,True
e5cb6eb9,Nazakat Ali,Norway,2,35,31,112.9,17.5,1,3,7,lower_middle,41.4,40.8,33.3,38.4,C+,C+,C+,C+,Utility Player,10.0,0.65,,,,,,,,,0.14,0.93,,,2,,-0.71,0.33,0.47,,,,True
a5c48ed1,C Wickramasinghe,Sri Lanka,3,14,11,127.27,14.0,2,0,8,lower_order,41.4,40.5,44.2,42.9,C+,C+,C+,C+,Utility Player,2.33,0.64,,,,,,,,,0.04,0.71,,,1,,,,,,,,True
6766ca00,M Shumba,Zimbabwe,25,376,335,112.24,22.12,23,13,6,lower_middle,41.3,3.6,67.2,47.1,B,C+,D,B+,Utility Player,6.56,0.49,1.74,,1.74,-0.01,0.01,0.58,1.3,0.22,-0.29,1.09,0.04,1.07,11,0.2,-0.86,0.29,0.78,0.34,Flat-Track Bully,0.5,False
d52b13a6,Abdul Shakoor (2),Romania,4,64,57,112.28,32.0,6,1,5,upper_middle,41.3,39.1,37.6,42.5,C+,C+,C+,C+,Utility Player,7.25,0.51,,,,,,,,,-0.16,1.48,,,0,,-1.02,0.17,0.78,,,,True
5fef85ee,R Mutumbami,Zimbabwe,18,264,222,118.92,16.5,17,14,7,lower_middle,41.3,46.5,41.4,43.3,C+,C+,B,C+,Utility Player,5.56,0.45,1.08,,1.08,0.15,-0.15,0.37,1.2,0.06,-0.3,0.97,0.05,,4,,-0.88,0.15,0.76,0.19,Flat-Track Bully,0.22,False
1f8e97d7,D Uwimana,Rwanda,5,47,69,68.12,23.5,5,0,7,lower_middle,41.2,6.4,51.8,40.6,C+,C+,D,B,Utility Player,7.0,0.51,,,,,,,,,-0.29,1.08,,,3,,-2.01,0.0,0.6,,,,True
f1737607,RM Siri,Argentina,4,86,93,92.47,21.5,7,1,5,upper_middle,41.2,20.7,47.8,41.4,C+,C+,C,B,Utility Player,13.5,0.58,,,,,,,,,-0.15,0.74,,,4,,-1.25,0.12,0.7,,,,True
2964821b,Avishka Iroshan,Romania,11,241,212,113.68,24.1,23,8,3,top_order,41.2,45.5,46.4,46.3,B,C+,B,B,Utility Player,7.18,0.37,0.59,,0.59,,,0.31,0.28,-0.41,-0.29,1.14,0.1,,2,,-0.97,0.15,0.71,0.49,Flat-Track Bully,,False
f986ca1a,HV Patel,India,10,77,57,135.09,12.83,9,3,8,lower_order,41.2,49.2,47.4,46.0,B,C+,B,B,Utility Player,2.9,0.51,,,,,,0.45,0.5,,-0.16,1.13,0.11,,2,,-1.87,0.0,0.29,-0.58,Tough-Track Star,,False
f6e160d7,Shaof Hassan,Maldives,10,132,100,132.0,16.5,10,7,5,upper_middle,41.2,42.6,28.7,36.6,C+,C+,C+,C,Utility Player,1.8,0.18,,,,0.49,-0.49,1.47,2.04,-0.11,-0.01,1.23,0.12,,2,,0.01,0.83,0.61,0.02,Conditions-Proof,-0.03,False
5c658441,Ayaz Dadabhai,Zambia,10,127,120,105.83,15.88,6,5,4,upper_middle,41.2,37.6,39.0,40.2,C+,C+,C+,C+,Utility Player,8.3,0.69,,,,,,0.73,1.13,0.0,0.01,1.31,0.13,,3,,-1.35,0.2,0.68,0.18,Flat-Track Bully,1.08,False
1a54d618,Mohammed Irshad,Qatar,11,114,107,106.54,12.67,4,8,7,lower_middle,41.1,38.2,31.4,36.6,C+,C+,C+,C+,Utility Player,7.0,0.72,,,,-0.33,0.33,0.69,0.97,-0.04,-0.17,0.93,0.08,-1.77,6,-0.46,-1.28,0.14,0.68,-0.26,Conditions-Proof,0.38,False
c44ddfb9,D Long Martinez,Spain,2,83,56,148.21,41.5,8,4,2,top_order,41.1,43.1,36.2,44.4,C+,C+,C+,C+,Utility Player,14.0,0.5,0.67,,0.67,,,,,,0.0,1.39,,,0,,-0.18,0.5,0.59,,,,True
056b433b,Ishtiaq Ahmad,Saudi Arabia,12,57,39,146.15,7.12,1,6,10,tail,41.0,39.6,29.8,35.8,C+,C+,C+,C,Utility Player,1.67,0.51,,,,-0.2,0.2,0.98,1.4,-0.23,0.23,1.59,0.13,-1.63,5,-0.48,,,,0.65,Flat-Track Bully,1.85,False
99bf1fb7,A Yon,St Helena,8,161,126,127.78,23.0,15,6,2,top_order,41.0,39.5,36.8,40.4,C+,C+,C+,C+,Utility Player,1.75,0.11,1.37,,1.37,,,,,-0.13,-0.05,0.93,,,8,-0.03,-0.57,0.33,0.69,,,,True
b34de9a6,WK Bitis,Croatia,7,93,72,129.17,15.5,13,4,1,top_order,41.0,39.4,25.0,34.1,C+,C+,C+,C,Utility Player,2.57,0.25,,,,,,,,-0.61,-0.02,1.36,,,3,,-0.38,0.2,0.6,,,,True
509a7ca1,MD Gunathilaka,Sri Lanka,43,691,578,119.55,16.07,73,19,1,top_order,40.9,52.2,13.4,32.0,C+,C+,B,D,Utility Player,5.72,0.43,0.88,,0.88,-0.29,0.29,0.51,1.04,-0.09,-0.3,0.91,0.02,-0.11,9,0.07,-0.86,0.26,0.78,-0.09,Conditions-Proof,-0.18,False
2c1f0acf,Sojib Miah,Czech Republic,3,48,27,177.78,16.0,5,3,7,lower_middle,40.9,40.0,26.6,34.9,C+,C+,C+,C,Utility Player,2.0,0.22,,,,,,,,,0.27,1.42,,,0,,0.79,1.0,0.29,,,,True
4ec0443d,Ali Nayyer,Switzerland,20,275,213,129.11,19.64,15,13,6,lower_middle,40.9,22.3,49.5,42.3,C+,C+,C,B,Utility Player,5.7,0.54,,,,-0.22,0.22,0.96,2.78,0.48,-0.18,1.32,0.07,0.88,10,0.05,-0.94,0.12,0.74,-0.16,Tough-Track Star,-0.52,False
05d74535,Saeed Ajmal,Pakistan,19,91,86,105.81,9.1,7,2,10,tail,40.9,35.3,45.8,42.2,C+,C+,C+,B,Utility Player,2.74,0.6,,,,0.15,-0.15,0.4,0.65,-0.11,-0.22,1.2,0.06,-0.52,8,-0.29,-1.64,0.0,0.5,0.11,Conditions-Proof,-0.16,False
ff92e604,G Schachat,Israel,2,90,74,121.62,90.0,8,2,8,lower_order,40.8,40.1,49.6,49.7,B,C+,C+,B,Utility Player,28.5,0.77,1.37,,1.37,,,,,,-0.0,2.15,,,2,,-0.81,0.14,0.64,,,,True
a48c9735,Amir Mangal,Germany,6,56,39,143.59,14.0,3,3,5,upper_middle,40.8,42.0,32.7,37.9,C+,C+,C+,C+,Utility Player,1.33,0.21,,,,,,,,,0.39,1.05,,,4,,,,,,,,True
f987245c,AM Ellis,New Zealand,5,25,21,119.05,8.33,1,1,9,lower_order,40.8,23.3,37.0,35.7,C+,C+,C,C+,Utility Player,3.0,0.71,,,,,,,,,-0.06,0.77,,,3,,0.84,1.0,1.0,,,,True
922e3dcc,Kamran Khan (2),Qatar,1,18,13,138.46,18.0,1,1,1,top_order,40.8,40.8,34.3,38.7,C+,C+,C+,C+,Utility Player,1.0,0.08,,,,,,,,,-0.14,0.41,,,1,,-0.48,0.33,0.73,,,,True
d7c6af50,DL Vettori,New Zealand,21,205,190,107.89,13.67,14,2,8,lower_order,40.8,12.0,62.8,45.6,B,C+,D,B+,Utility Player,5.19,0.57,,,,-0.07,0.07,0.51,0.94,0.01,-0.21,1.27,0.06,-0.71,5,-0.1,-1.14,0.12,0.7,-0.06,Conditions-Proof,-0.02,False
e0a657ba,P Vailoa,Cook Islands,2,16,10,160.0,16.0,1,1,10,tail,40.8,39.8,33.8,38.1,C+,C+,C+,C+,Utility Player,1.0,0.2,,,,,,,,,0.69,1.22,,,0,,,,,,,,True
5f5ca1a7,Tanwir Afzal,Hong Kong,13,156,131,119.08,13.0,6,11,6,lower_middle,40.7,50.0,25.2,36.1,C+,C+,B,C,Utility Player,6.15,0.61,,,,0.22,-0.22,1.14,1.48,0.03,-0.21,1.06,0.08,2.9,7,0.33,-0.62,0.33,0.71,0.02,Conditions-Proof,-0.05,False
9c181b99,Vinay Ravi,Norway,21,190,171,111.11,13.57,14,6,9,lower_order,40.7,41.3,45.4,43.5,C+,C+,C+,B,Utility Player,3.43,0.42,,,,-0.12,0.12,0.71,1.41,0.34,-0.05,1.56,0.07,-0.14,7,-0.25,-1.28,0.33,0.7,-0.46,Tough-Track Star,-0.73,False
f190c775,K Tathgur,Canada,10,129,113,114.16,16.12,5,8,6,lower_middle,40.7,46.1,37.1,40.9,C+,C+,B,C+,Utility Player,6.5,0.58,1.75,,1.75,,,0.66,0.8,,-0.25,0.99,0.1,,3,,-0.88,0.44,0.63,0.45,Flat-Track Bully,0.39,False
b46b3d9b,Muhammad Siddiqui,Slovenia,11,248,208,119.23,22.55,24,12,1,top_order,40.7,46.7,37.9,42.3,C+,C+,B,C+,Utility Player,3.73,0.2,0.71,,0.71,0.02,-0.02,0.49,0.75,0.31,-0.19,1.27,0.12,0.28,9,0.11,-0.82,0.29,0.74,0.07,Conditions-Proof,0.21,False
ef8eba13,Zain Asif,Bulgaria,3,75,47,159.57,25.0,6,6,2,top_order,40.7,43.2,34.7,40.4,C+,C+,C+,C+,Utility Player,3.67,0.23,,,,,,,,,-0.07,1.57,,,0,,0.43,0.67,0.46,,,,True
e8a552ef,Usman Khan,France,23,437,370,118.11,23.0,46,9,6,lower_middle,40.7,49.2,54.2,50.3,B,C+,B,B,Utility Player,2.87,0.18,1.23,,1.23,-0.02,0.02,0.58,1.26,-0.13,-0.21,1.58,0.07,-0.56,8,0.09,-0.73,0.25,0.76,0.22,Conditions-Proof,0.0,False
f42064d5,CN Greaves,Scotland,25,278,254,109.45,19.86,22,7,7,lower_middle,40.7,25.2,67.9,51.1,B,C+,C,B+,Utility Player,4.24,0.42,0.46,,0.46,-0.14,0.14,0.42,0.72,-0.02,-0.18,1.35,0.05,0.52,13,0.37,-0.72,0.29,0.75,-0.17,Tough-Track Star,-0.96,False
3b4a8cfb,Amjad Sher,Finland,29,301,247,121.86,12.04,19,13,6,lower_middle,40.6,29.0,7.0,23.8,C,C+,C,D,Utility Player,2.0,0.23,,,,-0.54,0.54,0.91,2.44,-0.21,0.07,0.93,0.03,-1.06,15,-0.87,-1.0,0.25,0.7,-0.2,Conditions-Proof,0.44,False
bb9d73d8,Suraj Kumar,Oman,10,114,101,112.87,14.25,10,3,6,lower_middle,40.6,48.2,45.0,44.7,C+,C+,B,B,Utility Player,3.4,0.34,,,,-0.07,0.07,0.77,0.98,-0.29,-0.12,1.14,0.11,-0.11,5,-0.13,-0.68,0.43,0.65,0.36,Flat-Track Bully,0.44,False
881b3f8e,TP Visee,Netherlands,30,491,335,146.57,16.37,67,17,1,top_order,40.5,58.2,16.2,34.2,C+,C+,B,C,Utility Player,3.17,0.28,1.3,,1.3,-0.28,0.28,0.88,2.18,0.27,-0.25,1.16,0.04,-0.96,12,-0.18,-0.67,0.35,0.76,-0.25,Tough-Track Star,-0.23,False
3daaabaa,Ahmed Wardak,Germany,3,40,39,102.56,20.0,4,1,6,lower_middle,40.5,40.4,41.1,41.8,C+,C+,C+,C+,Utility Player,9.0,0.69,,,,,,,,,-0.12,0.86,,,1,,-2.61,0.0,0.49,,,,True
dae28050,Sahel Zadran,Austria,19,139,108,128.7,9.93,13,6,10,tail,40.5,41.0,38.6,40.1,C+,C+,C+,C+,Utility Player,3.26,0.57,,,,-0.23,0.23,0.98,2.2,-0.31,0.06,1.79,0.09,-0.81,9,-0.48,0.28,0.6,0.55,0.17,Flat-Track Bully,0.06,False
f708a0bc,GB Hogg,Australia,4,55,39,141.03,13.75,3,3,10,tail,40.5,43.5,44.8,43.5,C+,C+,C+,C+,Utility Player,3.75,0.38,,,,,,,,,-0.19,0.85,,,2,,-0.3,0.5,0.29,,,,True
f16e776a,Zubair Ali,Qatar,11,405,327,123.85,45.0,34,15,2,top_order,40.5,49.7,65.1,58.8,B,C+,B,B+,Utility Player,6.18,0.21,1.36,,1.36,0.09,-0.09,0.54,0.98,-0.27,-0.21,1.68,0.15,1.18,5,0.18,-0.68,0.21,0.77,0.52,Flat-Track Bully,0.3,False
2c12bc65,Abhishek Anand,Japan,12,212,179,118.44,17.67,18,13,2,top_order,40.5,47.5,33.2,39.6,C+,C+,B,C+,Utility Player,4.92,0.33,1.69,,1.69,,,0.9,1.14,0.44,-0.18,1.06,0.09,-2.36,6,-0.47,-0.7,0.2,0.77,-0.06,Conditions-Proof,-0.65,False
45df0e72,CJ Bowes,New Zealand,11,187,156,119.87,17.0,27,2,1,top_order,40.4,36.4,37.4,39.1,C+,C+,C+,C+,Utility Player,6.0,0.42,2.78,,2.78,0.09,-0.09,0.38,0.61,0.21,-0.3,0.69,0.06,-0.66,5,-0.2,-0.99,0.3,0.64,0.28,Flat-Track Bully,,False
90d6cdea,TB de Bruyn,South Africa,2,26,16,162.5,13.0,3,1,3,top_order,40.4,40.6,33.1,37.5,C+,C+,C+,C+,Utility Player,1.5,0.19,,,,,,,,,0.08,0.53,,,0,,,,,,,,True
9538c7be,K Klesse,Germany,3,104,95,109.47,34.67,9,3,3,top_order,40.4,40.5,48.5,48.2,B,C+,C+,B,Utility Player,10.67,0.34,0.61,,0.61,,,,,,-0.18,0.87,,,1,,-0.93,0.14,0.64,,,,True
c46999c7,M Podosky,Philippines,32,551,496,111.09,19.68,45,28,3,top_order,40.3,49.9,25.5,37.0,C+,C+,B,C,Utility Player,8.56,0.55,0.99,,0.99,0.0,-0.0,0.73,1.53,-0.27,-0.35,1.19,0.04,-1.29,17,-0.23,-0.9,0.18,0.78,0.19,Flat-Track Bully,0.4,False
8069f81f,J Tuffin,Philippines,16,208,212,98.11,18.91,12,4,6,lower_middle,40.3,2.7,49.1,37.8,C+,C+,D,B,Utility Player,4.88,0.37,,,,-0.26,0.26,0.47,0.7,0.33,-0.18,1.11,0.07,-0.05,9,0.17,-1.11,0.19,0.7,-0.22,Conditions-Proof,0.01,False
f27f89e8,AR White,Ireland,7,95,91,104.4,15.83,7,2,8,lower_order,40.2,44.4,52.0,47.0,B,C+,C+,B,Utility Player,3.71,0.29,,,,,,,,-0.28,-0.06,1.08,,0.07,5,-0.17,-1.09,0.0,0.56,,,,True
ccceaca9,Yasser Nazir,Bahrain,11,152,130,116.92,15.2,15,7,6,lower_middle,40.2,45.7,40.5,42.1,C+,C+,B,C+,Utility Player,3.83,0.32,,,,,,0.68,0.99,0.06,-0.11,1.25,0.11,0.41,7,0.01,-0.38,0.56,0.65,0.08,Conditions-Proof,0.14,False
2f0d7e4a,RW Chakabva,Zimbabwe,44,563,467,120.56,13.09,51,23,1,top_order,40.1,42.6,1.9,24.3,C,C+,C+,D,Utility Player,4.41,0.42,1.35,,1.35,-0.14,0.14,0.61,1.7,-0.1,-0.29,0.7,0.02,0.01,12,-0.03,-1.07,0.24,0.76,0.03,Conditions-Proof,0.1,False
81898acc,KJ Ferrary,Gibraltar,6,97,107,90.65,24.25,9,0,4,upper_middle,40.1,9.2,48.3,39.4,C+,C+,D,B,Utility Player,9.33,0.52,,,,,,,,0.2,-0.26,1.06,,,2,,-1.18,0.14,0.65,,,,True
d5b52676,Idrees Ul Haque,Switzerland,15,275,219,125.57,18.33,34,10,2,top_order,40.1,45.2,27.8,36.7,C+,C+,B,C,Utility Player,5.13,0.35,0.61,,0.61,0.1,-0.1,0.54,0.63,0.21,-0.18,1.19,0.08,0.2,5,-0.09,-0.52,0.18,0.79,-0.46,Tough-Track Star,-0.52,False
f5715b48,Ali Naseer,United Arab Emirates,24,277,216,128.24,16.29,18,11,6,lower_middle,40.1,47.3,59.0,50.9,B,C+,B,B,Utility Player,4.12,0.46,1.09,,1.09,-0.1,0.1,0.6,1.1,0.04,-0.15,1.49,0.06,0.63,10,-0.17,-0.68,0.38,0.7,0.14,Conditions-Proof,0.55,False
f4b6f6ac,OE Newey,Guernsey,3,52,58,89.66,26.0,2,0,4,upper_middle,40.1,6.0,41.7,36.0,C+,C+,D,C+,Utility Player,0.0,0.0,,,,,,,,,0.0,0.55,,,3,,-1.17,0.0,0.6,,,,True
ad8d5827,M Stanikzai,Switzerland,11,146,111,131.53,14.6,12,6,7,lower_middle,40.1,38.3,31.3,36.4,C+,C+,C+,C+,Utility Player,3.36,0.33,,,,0.28,-0.28,0.86,1.0,-0.07,-0.03,1.17,0.11,1.49,6,0.27,-0.4,0.29,0.61,0.51,Flat-Track Bully,0.97,False
b5da6c24,PA Patel,India,2,36,32,112.5,18.0,4,1,1,top_order,40.1,47.6,36.4,40.8,C+,C+,B,C+,Utility Player,0.0,0.0,,,,,,,,,-0.19,0.47,,,0,,-0.54,0.25,0.59,,,,True
b7621723,Muhammad Usman (3),Hungary,1,29,18,161.11,29.0,1,1,8,lower_order,40.1,37.7,36.1,40.4,C+,C+,C+,C+,Utility Player,0.0,0.0,,,,,,,,,0.14,0.99,,,0,,0.52,0.67,0.72,,,,True
935305fd,J Stanigze,Sweden,5,69,58,118.97,17.25,3,5,6,lower_middle,40.1,39.3,31.5,36.9,C+,C+,C+,C+,Utility Player,5.6,0.48,,,,,,,,,-0.12,0.95,,,1,,-1.38,0.25,0.56,,,,True
bed559c8,Sobu George,Malta,2,53,41,129.27,26.5,4,2,5,upper_middle,40.0,39.4,38.9,41.5,C+,C+,C+,C+,Utility Player,8.0,0.39,,,,,,,,,-0.23,0.74,,,0,,-0.05,0.5,0.29,,,,True
1c5c3dce,IO Okpe,Nigeria,67,788,724,108.84,14.07,33,31,6,lower_middle,40.0,22.0,50.9,42.4,C+,C+,C,B,Utility Player,4.1,0.38,3.33,,3.33,-0.2,0.2,0.62,2.11,0.14,-0.2,1.42,0.02,-0.18,34,-0.06,-1.05,0.19,0.81,-0.03,Conditions-Proof,0.22,False
14af45c4,KDA Lukies,Philippines,14,124,121,102.48,15.5,8,4,10,tail,40.0,40.6,50.4,45.5,B,C+,C+,B,Utility Player,5.14,0.6,,,,-0.56,0.56,0.75,1.12,-0.2,-0.23,1.84,0.13,-2.42,9,-0.23,-0.59,0.43,0.59,-0.1,Conditions-Proof,-0.25,False
fb27d38c,S Waqas Ahmed,Norway,8,56,70,80.0,14.0,4,0,9,lower_order,39.9,35.7,40.8,40.0,C+,C+,C+,C+,Utility Player,6.75,0.77,,,,,,,,-0.64,0.0,1.15,,,4,,-1.46,0.17,0.68,,,,True
9ac70727,Sohel Patel,Panama,6,92,95,96.84,15.33,8,0,3,top_order,39.9,28.3,32.2,34.8,C+,C+,C,C+,Utility Player,6.67,0.42,,,,,,,,0.31,-0.09,0.88,,,4,,-1.3,0.2,0.63,,,,True
27af6414,BJ Rohrer,Australia,1,16,14,114.29,16.0,0,1,5,upper_middle,39.9,36.0,36.6,38.2,C+,C+,C+,C+,Utility Player,14.0,1.0,,,,,,,,,-0.2,0.29,,,1,,-1.8,0.0,1.0,,,,True
0b07cb5e,OJR Groves,Slovenia,2,102,69,147.83,102.0,9,5,3,top_order,39.8,38.7,43.9,46.6,B,C+,C+,C+,Utility Player,11.0,0.32,0.68,,0.68,,,,,,-0.21,1.93,,,1,,0.16,0.57,0.61,,,,True
441006af,K Mirpuri,Gibraltar,14,132,126,104.76,44.0,9,3,9,lower_order,39.8,17.3,57.6,48.5,B,C+,C,B,Utility Player,6.5,0.72,,,,0.03,-0.03,0.1,0.19,-0.6,-0.35,2.38,0.17,,4,,-0.72,0.25,0.67,0.39,Flat-Track Bully,0.13,False
fe2432c4,PB Gouge,Jersey,6,124,90,137.78,24.8,5,7,7,lower_middle,39.8,29.6,50.8,44.6,C+,C+,C,B,Utility Player,3.0,0.2,1.09,,1.09,,,,,,-0.17,0.85,,,2,,-0.31,0.6,0.6,,,,True
8a99caa9,Ashwin Vinod,Switzerland,8,46,34,135.29,15.33,2,2,10,tail,39.7,33.8,45.7,41.8,C+,C+,C+,B,Utility Player,2.12,0.5,,,,,,,,-0.46,-0.02,1.7,,0.45,6,0.15,-0.73,0.0,1.0,,,,True
d3b1d991,Mukhtar Ghulami,France,18,271,246,110.16,15.94,22,13,3,top_order,39.7,39.6,8.2,26.4,C,C+,C+,D,Utility Player,6.39,0.47,1.51,,1.51,0.54,-0.54,0.71,0.86,-0.1,-0.13,0.94,0.05,,4,,-0.76,0.35,0.7,0.58,Flat-Track Bully,1.05,False
f50433e9,LA Dunbar,Serbia,30,795,667,119.19,31.8,67,44,3,top_order,39.7,51.2,55.6,53.0,B,C+,B,B,Utility Player,10.2,0.46,1.64,,1.64,-0.09,0.09,0.44,1.18,-0.3,-0.32,1.92,0.06,-0.63,14,-0.03,-0.84,0.28,0.76,0.25,Flat-Track Bully,0.22,False
fb0abc20,Haseeb Amjad,Hong Kong,8,38,39,97.44,9.5,2,1,10,tail,39.6,34.9,43.9,40.8,C+,C+,C+,C+,Utility Player,2.0,0.41,,,,,,,,,0.13,1.14,,,4,,,,,,,,True
e5464794,Sazib Bhuiyan,Czech Republic,23,349,262,133.21,16.62,40,13,3,top_order,39.6,46.7,10.6,29.0,C,C+,B,D,Utility Player,4.22,0.37,0.87,,0.87,0.34,-0.34,0.77,1.24,0.24,-0.12,1.16,0.05,0.59,13,-0.07,-0.46,0.35,0.78,-0.4,Tough-Track Star,-0.67,False
0697b5a1,NN Banner,Belize,7,41,47,87.23,13.67,1,1,10,tail,39.6,37.9,38.7,39.3,C+,C+,C+,C+,Utility Player,3.0,0.45,,,,,,,,-0.12,0.68,1.52,,,7,0.59,-2.06,0.0,0.29,,,,True
ec59f49f,Shafiullah Zakhel,Belgium,3,16,9,177.78,16.0,2,0,11,tail,39.6,37.5,37.3,38.8,C+,C+,C+,C+,Utility Player,1.0,0.33,,,,,,,,,-0.1,1.06,,,1,,-1.22,0.0,1.0,,,,True
745c3cbc,Adnan Mirza,Qatar,9,130,102,127.45,14.44,22,2,2,top_order,39.5,42.6,29.4,36.2,C+,C+,C+,C,Utility Player,3.7,0.33,,,,,,0.43,0.39,0.51,-0.14,0.81,,,4,,-0.56,0.56,0.66,0.17,Flat-Track Bully,0.24,True
d996ba33,J Kila,Papua New Guinea,8,66,46,143.48,13.2,4,5,8,lower_order,39.5,38.8,15.9,29.2,C,C+,C+,C,Utility Player,2.25,0.39,,,,,,,,0.79,-0.23,0.67,,1.33,7,0.17,0.78,0.5,0.29,,,,True
27847fec,M Turner,Turks and Caicos Island,2,25,21,119.05,25.0,2,0,10,tail,39.5,30.5,42.4,40.8,C+,C+,C+,C+,Utility Player,0.5,0.05,,,,,,,,,0.07,1.3,,,0,,-1.22,0.0,1.0,,,,True
a127e6f5,Shenjian Zheng,China,4,51,40,127.5,12.75,4,4,7,lower_middle,39.5,36.9,23.6,32.2,C+,C+,C+,C,Utility Player,4.75,0.48,,,,,,,,,0.17,0.79,,,3,,-2.06,0.0,0.49,,,,True
3766056b,BJ McCarthy,Ireland,34,293,244,120.08,14.65,19,16,9,lower_order,39.4,53.3,49.6,47.5,B,C+,B,B,Utility Player,3.79,0.53,,,,-0.04,0.04,0.43,0.69,-0.14,-0.4,1.35,0.04,-0.32,17,-0.01,-0.59,0.38,0.7,-0.01,Conditions-Proof,0.19,False
7d85b1e9,BA Viraliliu,Vanuatu,1,39,30,130.0,39.0,3,0,6,lower_middle,39.4,32.0,37.8,42.3,C+,C+,C+,C+,Utility Player,15.0,0.5,,,,,,,,,0.11,0.82,,,1,,-0.55,0.33,0.45,,,,True
b561eea1,M Simmons,Bermuda,1,18,16,112.5,18.0,1,0,8,lower_order,39.4,37.6,45.0,42.4,C+,C+,C+,B,Utility Player,16.0,1.0,,,,,,,,,-0.17,0.6,,,1,,-0.68,0.5,0.29,,,,True
7c7303eb,JD Nel,Scotland,2,13,10,130.0,13.0,2,0,11,tail,39.3,38.6,38.1,39.0,C+,C+,C+,C+,Utility Player,2.0,0.4,,,,,,,,,-0.18,0.62,,,2,,,,,,,,True
0bf15e52,Harmeet Singh,United States of America,20,242,166,145.78,15.12,13,15,7,lower_middle,39.3,54.5,32.5,40.0,C+,C+,B,C+,Utility Player,3.7,0.45,,,,-0.05,0.05,0.82,2.16,0.24,-0.22,1.12,0.06,0.11,8,-0.18,-0.17,0.62,0.62,-0.02,Conditions-Proof,-0.11,False
f49c401e,SH Obed,Vanuatu,11,71,67,105.97,14.2,4,2,9,lower_order,39.3,38.3,42.2,40.9,C+,C+,C+,C+,Utility Player,1.73,0.28,,,,0.31,-0.31,0.58,0.75,0.54,-0.17,1.22,0.11,0.63,10,-0.11,-0.55,0.5,0.56,-0.44,Tough-Track Star,-0.57,False
64c81abf,D Suzuki,Japan,40,396,384,103.12,14.67,39,6,6,lower_middle,39.3,19.5,34.8,34.2,C+,C+,C,C+,Utility Player,4.45,0.46,0.97,,0.97,0.35,-0.35,0.56,0.92,0.15,-0.16,1.14,0.03,-1.07,21,-0.36,-1.03,0.15,0.78,-0.43,Tough-Track Star,-0.63,False
c767d8ed,Rejaul Karim,Brazil,3,59,48,122.92,19.67,10,1,2,top_order,39.2,43.9,28.2,36.2,C+,C+,C+,C,Utility Player,1.33,0.08,,,,,,,,,0.11,1.03,,,0,,-0.85,0.25,0.59,,,,True
bd3c364d,T Takada,Japan,2,18,16,112.5,18.0,2,0,8,lower_order,39.2,37.1,40.1,40.0,C+,C+,C+,C+,Utility Player,3.5,0.44,,,,,,,,,-0.02,0.84,,,2,,,,,,,,True
7e38d2de,K Weeraratne,Sri Lanka,4,45,37,121.62,22.5,4,1,6,lower_middle,39.2,28.6,67.8,51.4,B,C+,C,B+,Utility Player,3.5,0.38,,,,,,,,,-0.15,1.07,,,0,,-0.5,0.67,0.49,,,,True
5c93efb1,Khalid Zahid,Sweden,19,211,149,141.61,13.19,15,10,7,lower_middle,39.2,42.4,26.6,34.8,C+,C+,C+,C,Utility Player,2.42,0.31,,,,0.29,-0.29,0.89,1.7,-0.33,-0.12,1.22,0.06,0.01,9,0.13,-1.02,0.43,0.63,0.12,Conditions-Proof,0.14,False
deef8879,Ali Nawaz,Hungary,9,94,82,114.63,15.67,4,5,8,lower_order,39.2,38.5,29.3,35.3,C+,C+,C+,C,Utility Player,5.11,0.56,,,,,,,,0.13,-0.2,1.1,,,2,,-1.2,0.0,0.45,,,,True
95fcbfb7,TK Patel,United States of America,3,17,18,94.44,17.0,1,0,10,tail,39.2,35.3,52.6,45.2,B,C+,C+,B,Utility Player,5.0,0.83,,,,,,,,,-0.16,1.29,,,3,,,,,,,,True
c31d7da1,Jordan O'Brien,Finland,16,194,173,112.14,12.12,20,3,6,lower_middle,39.2,35.1,18.8,29.7,C,C+,C+,C,Utility Player,3.59,0.33,,,,-0.68,0.68,1.05,1.23,-0.3,-0.08,1.02,0.06,-2.58,8,-0.67,-1.41,0.18,0.68,-0.35,Tough-Track Star,,False
b978780e,G Chohan,Philippines,14,139,137,101.46,12.64,13,3,8,lower_order,39.2,28.8,32.3,34.5,C+,C+,C,C+,Utility Player,6.07,0.62,,,,0.07,-0.07,0.99,1.85,0.31,0.05,1.09,0.08,1.66,10,0.56,-1.86,0.0,0.71,-0.11,Conditions-Proof,-0.68,False
209e91e6,B Kohler-Cadmore,Germany,4,87,60,145.0,21.75,8,6,1,top_order,39.1,44.6,30.5,37.7,C+,C+,C+,C+,Utility Player,2.5,0.17,,,,,,,,,-0.14,1.01,,,4,,-0.21,0.33,0.49,,,,True
75f3aa00,BN Toube,Cameroon,15,244,240,101.67,17.43,35,4,1,top_order,39.0,44.6,16.3,30.9,C+,C+,C+,C,Utility Player,4.67,0.29,1.77,,1.77,-0.06,0.06,0.83,1.22,0.28,-0.07,1.03,0.07,1.44,14,0.03,-1.12,0.17,0.72,-0.45,Tough-Track Star,-0.73,False
0bd536fb,P Raho,Papua New Guinea,2,10,6,166.67,10.0,0,1,10,tail,39.0,37.2,40.1,39.3,C+,C+,C+,C+,Utility Player,2.0,0.67,,,,,,,,,0.43,0.89,,,0,,,,,,,,True
6176f240,Chirag Suri,United Arab Emirates,28,740,636,116.35,28.46,77,17,1,top_order,39.0,61.7,67.3,59.4,B,C+,B+,B+,Utility Player,7.71,0.34,1.21,,1.21,-0.08,0.08,0.44,1.19,-0.07,-0.27,1.5,0.05,-0.68,15,-0.21,-0.74,0.33,0.79,-0.07,Conditions-Proof,-0.17,False
4d21a67a,WSLK Narayana,Israel,4,66,53,124.53,16.5,10,1,1,top_order,39.0,38.4,21.6,31.8,C+,C+,C+,C,Utility Player,4.5,0.34,,,,,,,,,0.17,0.84,,,4,,-0.91,0.2,0.62,,,,True
10c158cc,K Sonavale,Oman,6,70,73,95.89,11.67,8,1,3,top_order,39.0,23.5,8.9,22.7,C,C+,C,D,Utility Player,8.33,0.68,,,,,,,,0.25,-0.15,0.37,,,2,,-1.11,0.0,0.5,,,,True
62c713bf,AJ Staal,Netherlands,10,107,75,142.67,15.29,7,7,6,lower_middle,38.9,40.3,13.4,28.4,C,C+,C+,D,Utility Player,3.4,0.45,,,,,,0.65,0.95,-0.03,-0.29,0.56,0.06,,2,,-0.19,0.4,0.62,-0.53,Tough-Track Star,-0.81,False
519c30cb,CJ Gannon,United States of America,3,12,9,133.33,12.0,0,1,8,lower_order,38.9,37.1,36.8,37.9,C+,C+,C+,C+,Utility Player,1.67,0.56,,,,,,,,,0.54,0.92,,,3,,,,,,,,True
2e2fe3e8,DP Hyatt,West Indies,5,64,54,118.52,16.0,4,4,5,upper_middle,38.9,47.3,36.0,39.9,C+,C+,B,C+,Utility Player,5.0,0.46,,,,,,,,,-0.01,0.62,,,1,,-1.54,0.33,0.49,,,,True
10a91f35,Shoaib Akhtar,Pakistan,6,21,16,131.25,7.0,2,1,10,tail,38.9,39.0,27.7,34.0,C+,C+,C+,C,Utility Player,1.17,0.44,,,,,,,,,0.01,0.88,,,1,,,,,,,,True
2bc636df,Jamshid Nasiri,France,5,88,78,112.82,22.0,6,4,6,lower_middle,38.9,37.9,41.3,41.2,C+,C+,C+,C+,Utility Player,3.8,0.24,1.39,,1.39,,,,,,-0.32,0.91,,,2,,-0.9,0.33,0.61,,,,True
be0f9ce9,Haroon Arshad,Hong Kong,24,336,252,133.33,19.76,26,9,8,lower_order,38.8,45.5,62.9,52.3,B,C+,B,B+,Utility Player,3.71,0.35,0.57,,0.57,0.28,-0.28,0.68,1.31,0.48,-0.25,1.44,0.06,0.24,18,0.06,-0.61,0.47,0.67,-0.14,Conditions-Proof,-0.2,False
b9fd3959,Iqbal Hussain,Qatar,6,50,42,119.05,12.5,3,2,8,lower_order,38.8,33.3,35.8,36.7,C+,C+,C+,C+,Utility Player,2.0,0.29,,,,,,,,-0.03,-0.05,0.9,,2.04,5,1.11,0.01,1.0,1.0,,,,True
59ea70a4,HT Tector,Ireland,79,1621,1346,120.43,24.19,132,36,4,upper_middle,38.8,10.1,82.6,55.6,B,C+,D,A,Classic Anchor,6.58,0.39,1.15,,1.15,-0.02,0.02,0.31,0.91,-0.02,-0.29,1.57,0.02,-0.38,36,-0.15,-0.56,0.33,0.77,0.06,Conditions-Proof,0.08,False
5935d694,Rishad Hossain,Bangladesh,29,197,155,127.1,8.57,12,15,8,lower_order,38.8,46.5,5.6,25.7,C,C+,B,D,Utility Player,1.72,0.32,,,,-0.32,0.32,0.61,1.01,0.18,-0.21,0.95,0.03,-0.06,14,-0.31,-1.05,0.5,0.53,-0.38,Tough-Track Star,-0.56,False
3967b66f,CJ Langford,Isle of Man,10,110,105,104.76,15.71,9,2,9,lower_order,38.7,36.1,49.6,43.8,C+,C+,C+,B,Utility Player,1.0,0.1,,,,,,0.48,0.52,0.2,-0.06,1.6,0.16,0.04,8,0.0,-0.83,0.25,0.57,0.1,Conditions-Proof,,False
8a28c5d4,Nadeem Khan,Oman,7,69,58,118.97,13.8,5,4,8,lower_order,38.7,38.2,32.5,36.3,C+,C+,C+,C+,Utility Player,2.86,0.34,,,,,,,,0.5,-0.15,0.73,,0.8,6,-0.28,-0.01,0.67,0.49,,,,True
9c9af282,Naseem Shah,Pakistan,12,46,46,100.0,5.75,6,1,10,tail,38.6,24.5,17.1,26.2,C,C+,C,C,Utility Player,2.17,0.57,,,,0.28,-0.28,0.33,0.64,0.82,-0.32,0.8,0.07,1.04,5,0.5,-0.3,0.0,1.0,-0.35,Tough-Track Star,-2.02,False
9124aa4c,Zuhaib Zubair,United Arab Emirates,11,83,58,143.1,11.86,5,4,8,lower_order,38.6,35.3,34.8,36.6,C+,C+,C+,C+,Utility Player,2.64,0.5,,,,0.53,-0.53,1.15,2.44,0.1,0.02,0.97,0.09,1.98,8,0.38,3.45,1.0,1.0,-0.58,Tough-Track Star,-1.72,False
b388d623,G Fatouros,Greece,3,69,54,127.78,23.0,6,3,3,top_order,38.5,44.2,30.0,37.3,C+,C+,C+,C+,Utility Player,7.67,0.43,,,,,,,,,-0.24,0.89,,,3,,-1.05,0.5,0.53,,,,True
dbfb8218,DT Tiripano,Zimbabwe,9,122,128,95.31,15.25,6,5,8,lower_order,38.5,40.9,52.2,45.8,B,C+,C+,B,Utility Player,10.78,0.76,,,,,,,,-0.09,-0.25,1.02,,,3,,-1.41,0.0,0.68,,,,True
364ee2cf,SJ Benn,West Indies,7,37,42,88.1,12.33,5,1,10,tail,38.5,46.6,47.5,44.5,C+,C+,B,B,Utility Player,1.43,0.24,,,,,,,,-0.32,-0.23,1.09,,0.32,6,0.25,1.78,1.0,1.0,,,,True
507dd87f,Gaurav Mishra,Romania,6,70,61,114.75,17.5,3,2,8,lower_order,38.5,21.1,40.2,36.6,C+,C+,C,C+,Utility Player,5.67,0.56,,,,,,,,0.52,-0.14,1.13,,,4,,-0.77,0.2,0.6,,,,True
5493ad5c,Tanzeel Sheikh,Kenya,10,131,86,152.33,14.56,11,8,3,top_order,38.5,34.9,9.3,25.3,C,C+,C+,D,Utility Player,2.6,0.3,1.05,,1.05,-0.18,0.18,1.03,2.27,-0.18,-0.22,0.59,0.06,,2,,0.7,0.6,0.63,0.41,Flat-Track Bully,0.63,False
91c0d39f,Adnan Razzaq,Belgium,3,13,7,185.71,13.0,1,1,11,tail,38.5,38.8,36.3,37.9,C+,C+,C+,C+,Utility Player,2.0,0.86,,,,,,,,,0.19,1.23,,,1,,,,,,,,True
33687b0e,Shamsudheen Purat,Saudi Arabia,1,23,22,104.55,23.0,4,0,3,top_order,38.4,44.0,37.1,40.4,C+,C+,C+,C+,Utility Player,0.0,0.0,,,,,,,,,-0.15,0.3,,,0,,-1.05,0.0,1.0,,,,True
ad37baac,Tejwinder Singh,Cyprus,7,75,37,202.7,12.5,5,5,6,lower_middle,38.4,36.5,17.6,29.1,C,C+,C+,C,Utility Player,1.71,0.32,,,,,,,,0.64,0.49,1.34,,3.38,5,0.46,0.41,0.5,0.29,,,,True
97b0e4ff,SC van Schalkwyk,United States of America,12,107,95,112.63,21.4,8,3,8,lower_order,38.4,9.9,64.8,45.9,B,C+,D,B+,Utility Player,3.75,0.47,,,,-0.79,0.79,0.45,0.73,0.29,-0.27,1.06,0.09,,3,,-0.69,0.29,0.57,-0.08,Conditions-Proof,-0.23,False
3cf54e77,Khawaja Nafay,Pakistan,4,54,35,154.29,13.5,3,3,3,top_order,38.4,37.7,33.1,36.3,C+,C+,C+,C+,Utility Player,1.5,0.17,,,,,,,,,-0.19,0.51,,,0,,0.03,1.0,1.0,,,,True
af8d9fd9,Yasir Mehmood,Cyprus,3,55,52,105.77,55.0,2,3,8,lower_order,38.4,38.4,49.5,48.5,B,C+,C+,B,Utility Player,5.33,0.31,,,,,,,,,-0.11,1.37,,,0,,-0.67,0.2,0.63,,,,True
37d8d19a,Muslim Yar,Germany,20,229,192,119.27,15.27,16,11,8,lower_order,38.4,45.2,46.0,43.9,C+,C+,B,B,Utility Player,4.2,0.44,,,,-0.02,0.02,0.47,0.83,0.23,-0.27,1.36,0.07,0.27,12,0.22,-0.97,0.15,0.7,-0.27,Tough-Track Star,-0.29,False
f32dbc84,CJ Chibhabha,Zimbabwe,26,512,443,115.58,19.69,59,13,2,top_order,38.3,62.6,51.8,50.7,B,C+,B+,B,Utility Player,7.08,0.42,1.47,,1.47,-0.17,0.17,0.37,0.67,0.01,-0.27,1.18,0.05,-0.13,7,-0.0,-0.88,0.24,0.76,0.2,Flat-Track Bully,0.24,False
913b4b9f,J Grassi,Italy,4,58,63,92.06,14.5,2,2,4,upper_middle,38.3,34.7,33.1,35.8,C+,C+,C+,C+,Utility Player,7.0,0.44,,,,,,,,,0.02,0.7,,,4,,-1.31,0.0,0.58,,,,True
97bdec3d,G Motie,West Indies,20,166,130,127.69,12.77,11,11,9,lower_order,38.3,52.8,25.1,35.8,C+,C+,B,C,Utility Player,3.1,0.48,,,,-0.19,0.19,0.46,0.74,-0.21,-0.35,1.08,0.05,-0.33,9,-0.11,-0.43,0.33,0.6,0.06,Conditions-Proof,0.11,False
63a1874a,AK Kitchen,New Zealand,4,38,32,118.75,12.67,3,1,6,lower_middle,38.3,36.3,48.7,43.0,C+,C+,C+,B,Utility Player,0.5,0.06,,,,,,,,,-0.05,0.8,,,1,,-1.11,0.33,0.49,,,,True
b0ef0346,Faisal Javed,Qatar,4,54,26,207.69,13.5,8,3,1,top_order,38.3,42.0,15.3,29.1,C,C+,C+,C,Utility Player,2.0,0.31,,,,,,,,,-0.12,0.63,,,4,,1.81,1.0,0.47,,,,True
898a21a4,J Fernando,Romania,4,64,47,136.17,16.0,4,3,8,lower_order,38.2,36.3,38.7,38.7,C+,C+,C+,C+,Utility Player,5.25,0.45,,,,,,,,,-0.11,0.96,,,2,,-0.92,0.4,0.56,,,,True
81c08fa3,Umran Malik,India,2,5,2,250.0,5.0,1,0,11,tail,38.2,37.7,34.5,36.5,C+,C+,C+,C+,Utility Player,0.5,0.5,,,,,,,,,0.96,1.1,,,2,,,,,,,,True
6e84e207,Mansoor Malangzai,Belgium,1,28,16,175.0,28.0,2,2,2,top_order,38.2,39.0,29.0,36.6,C+,C+,C+,C,Utility Player,6.0,0.38,,,,,,,,,0.12,1.09,,,1,,0.14,1.0,1.0,,,,True
37ee5d23,C Nunes,Portugal,3,41,29,141.38,20.5,1,3,6,lower_middle,38.2,39.3,32.1,36.8,C+,C+,C+,C+,Utility Player,3.67,0.38,,,,,,,,,-0.3,0.7,,,1,,-0.63,0.5,0.29,,,,True
e174dadd,Mohammad Amir,Pakistan,14,65,76,85.53,8.12,3,3,10,tail,38.1,31.0,49.3,41.9,C+,C+,C+,B,Utility Player,3.5,0.64,,,,0.07,-0.07,0.23,0.46,-0.3,-0.16,1.17,0.08,-0.01,6,0.26,-1.22,0.0,0.29,0.32,Flat-Track Bully,0.2,False
6949f713,MK Anafie,Ghana,6,77,66,116.67,19.25,5,5,6,lower_middle,38.0,46.7,31.3,37.7,C+,C+,B,C+,Utility Player,6.5,0.59,,,,,,,,0.0,-0.29,1.21,,,4,,-1.74,0.25,0.58,,,,True
e068d48e,Ahmadullah Shinwari,Norway,11,85,89,95.51,12.14,8,1,9,lower_order,38.0,34.1,36.8,37.1,C+,C+,C+,C+,Utility Player,3.09,0.38,,,,,,0.34,0.71,0.12,0.04,1.15,0.1,0.41,7,0.19,-1.32,0.0,0.63,0.09,Conditions-Proof,-0.09,False
d666d3a8,BA Parchment,West Indies,1,10,6,166.67,10.0,1,1,1,top_order,37.9,39.5,23.5,31.9,C+,C+,C+,C,Utility Player,0.0,0.0,,,,,,,,,0.94,0.45,,,0,,-1.63,0.0,1.0,,,,True
6dba59e0,Syazrul Idrus,Malaysia,13,59,59,100.0,7.38,4,3,10,tail,37.9,35.9,27.7,33.1,C+,C+,C+,C,Utility Player,3.15,0.69,,,,-0.38,0.38,0.28,0.4,0.19,-0.22,1.2,0.09,0.11,8,0.35,,,,-0.04,Conditions-Proof,0.26,False
8012d0b8,CAK Rajitha,Sri Lanka,8,31,53,58.49,10.33,2,0,10,tail,37.8,12.5,59.0,42.5,C+,C+,D,B,Utility Player,6.0,0.91,,,,,,,,,-0.23,1.23,,0.17,7,0.06,-2.29,0.0,0.5,,,,True
a319edf8,AT Nidamanuru,Netherlands,19,244,225,108.44,12.84,10,13,6,lower_middle,37.8,41.9,18.4,30.5,C+,C+,C+,C,Utility Player,7.79,0.66,,,,-0.33,0.33,0.63,1.69,-0.22,-0.31,0.82,0.04,-0.79,7,-0.09,-1.41,0.0,0.71,0.51,Flat-Track Bully,0.57,False
1f7adc8a,Arafat Sunny,Bangladesh,6,34,30,113.33,11.33,3,1,10,tail,37.8,38.6,45.7,41.8,C+,C+,C+,B,Utility Player,4.17,0.83,,,,,,,,,-0.13,0.96,,,3,,-3.47,0.0,1.0,,,,True
47d00fb5,RL Bhudia,Kenya,3,20,20,100.0,10.0,0,2,8,lower_order,37.8,36.2,25.9,32.3,C+,C+,C+,C,Utility Player,5.67,0.85,,,,,,,,,-0.2,0.49,,,0,,,,,,,,True
ebb74564,A Simelane,South Africa,8,56,57,98.25,8.0,4,2,8,lower_order,37.8,34.3,15.6,27.3,C,C+,C+,C,Utility Player,3.5,0.49,,,,,,,,0.2,-0.16,0.59,,,3,,-1.8,0.0,0.5,,,,True
04e0cdec,R Lutaaya,Uganda,24,371,290,127.93,15.46,42,9,3,top_order,37.7,44.6,4.9,25.2,C,C+,C+,D,Utility Player,2.33,0.19,0.59,,0.59,-0.0,0.0,0.71,1.43,-0.23,-0.16,0.79,0.03,,4,,-0.75,0.22,0.74,0.07,Conditions-Proof,0.05,False
530b20e3,JRMVB Sanjaya,Sri Lanka,5,20,18,111.11,6.67,3,0,11,tail,37.7,37.9,27.5,33.3,C+,C+,C+,C,Utility Player,0.6,0.17,,,,,,,,,0.07,0.83,,,3,,,,,,,,True
a74bbdad,A Bhadauria,Luxembourg,2,40,31,129.03,20.0,6,0,6,lower_middle,37.7,37.3,33.0,36.6,C+,C+,C+,C+,Utility Player,1.0,0.06,,,,,,,,,0.02,0.79,,,1,,0.08,0.67,0.49,,,,True
9633359f,JS Malhotra,United States of America,14,248,213,116.43,19.08,18,9,1,top_order,37.6,26.4,54.7,44.2,C+,C+,C,B,Utility Player,4.57,0.3,2.86,,2.86,-0.11,0.11,0.5,1.18,0.03,-0.2,1.02,0.07,0.53,13,0.02,-0.27,0.38,0.72,-0.03,Conditions-Proof,-0.02,False
d981a1de,J Jojo,Denmark,8,45,33,136.36,11.25,2,1,6,lower_middle,37.6,28.0,33.2,34.0,C+,C+,C,C+,Utility Player,1.38,0.33,,,,,,,,0.17,0.28,0.9,,0.9,6,0.79,,,,,,,True
f70f8dbb,S Selvaraj,Tanzania,3,27,24,112.5,13.5,4,0,9,lower_order,37.6,37.4,35.3,36.9,C+,C+,C+,C+,Utility Player,7.0,0.88,,,,,,,,,-0.18,0.63,,,3,,-0.01,0.5,0.29,,,,True
11c35bf1,O Sam Arthur,Costa Rica,3,33,29,113.79,33.0,5,0,7,lower_middle,37.6,37.3,43.3,43.7,C+,C+,C+,C+,Utility Player,1.0,0.1,,,,,,,,,-0.02,1.25,,,1,,-0.63,0.5,0.29,,,,True
349cf113,Ainool Haqqiem,Malaysia,2,20,20,100.0,20.0,1,0,8,lower_order,37.5,33.4,36.8,37.4,C+,C+,C+,C+,Utility Player,7.5,0.75,,,,,,,,,-0.09,0.89,,,1,,-1.76,0.0,0.29,,,,True
a97c8ec2,PWH de Silva,Sri Lanka,72,687,570,120.53,12.27,68,12,7,lower_middle,37.5,41.2,39.5,40.1,C+,C+,C+,C+,Utility Player,3.74,0.47,0.73,,0.73,-0.02,0.02,0.55,0.89,-0.15,-0.23,1.23,0.02,-0.11,21,-0.08,-1.0,0.29,0.77,-0.15,Conditions-Proof,-0.22,False
4557dc54,PA van Meekeren,Netherlands,23,136,121,112.4,8.0,9,6,10,tail,37.5,33.5,34.9,35.8,C+,C+,C+,C+,Utility Player,2.43,0.46,,,,0.53,-0.53,0.47,1.08,0.15,-0.3,1.15,0.05,1.41,10,0.58,-1.39,0.0,0.29,-0.01,Conditions-Proof,-0.04,False
8708c072,R Heyns,Luxembourg,1,20,16,125.0,20.0,3,1,7,lower_middle,37.5,39.3,28.5,34.9,C+,C+,C+,C,Utility Player,16.0,1.0,,,,,,,,,0.02,0.64,,,1,,0.01,1.0,1.0,,,,True
6d36cb93,Shafat Ali Syed,Spain,7,92,56,164.29,13.14,6,8,2,top_order,37.5,38.6,16.3,28.7,C,C+,C+,C,Utility Player,1.86,0.23,0.91,,0.91,,,,,-0.6,0.28,1.25,,,2,,-0.79,0.33,0.48,,,,True
f98c24ec,DK Anefie,Ghana,21,218,187,116.58,12.82,9,11,7,lower_middle,37.5,35.9,12.1,26.3,C,C+,C+,D,Utility Player,2.76,0.31,0.43,,0.43,-0.22,0.22,0.9,2.23,-0.19,-0.25,0.88,0.04,0.42,13,-0.37,-0.61,0.29,0.56,-0.08,Conditions-Proof,,False
4aad6842,Sheraz Sheikh,Belgium,24,257,265,96.98,14.28,12,18,5,upper_middle,37.5,43.4,1.9,23.4,C,C+,C+,D,Utility Player,6.0,0.54,2.06,,2.06,0.27,-0.27,0.51,1.29,0.02,-0.3,0.89,0.04,0.45,12,0.08,-1.59,0.15,0.72,0.13,Conditions-Proof,0.06,False
6752c57b,Jahurul Islam,Bangladesh,3,31,23,134.78,10.33,3,1,8,lower_order,37.4,36.1,30.5,34.3,C+,C+,C+,C+,Utility Player,3.0,0.39,,,,,,,,,0.06,0.55,,,2,,-0.09,0.0,1.0,,,,True
11a22126,A Turay,Sierra Leone,16,263,250,105.2,17.53,29,5,2,top_order,37.4,35.3,29.2,34.3,C+,C+,C+,C,Utility Player,2.88,0.18,0.95,,0.95,-0.11,0.11,0.91,2.17,-0.13,-0.05,0.93,0.06,-0.56,8,-0.09,-1.09,0.18,0.76,-0.31,Tough-Track Star,-0.52,False
68f7caf9,M Jenkinson,Finland,5,89,79,112.66,17.8,5,5,4,upper_middle,37.4,41.3,28.3,35.0,C+,C+,C+,C,Utility Player,5.0,0.32,,,,,,,,,-0.18,0.83,,,5,-0.16,-0.18,0.33,0.49,,,,True
9f2c6cd3,S Sarthak,Bahrain,4,44,39,112.82,14.67,2,1,8,lower_order,37.4,20.4,41.9,36.6,C+,C+,C,C+,Utility Player,1.25,0.13,,,,,,,,,0.04,0.76,,,0,,-1.26,0.0,0.29,,,,True
462d7c62,D Paterson,South Africa,2,5,2,250.0,5.0,1,0,9,lower_order,37.4,37.2,32.1,35.0,C+,C+,C+,C+,Utility Player,0.5,0.5,,,,,,,,,0.6,0.85,,,1,,,,,,,,True
c404f58a,DP Nannes,Australia,4,22,18,122.22,11.0,1,1,10,tail,37.4,35.8,30.3,34.1,C+,C+,C+,C+,Utility Player,2.5,0.56,,,,,,,,,-0.18,0.59,,,2,,-1.26,0.0,0.29,,,,True
1a3295a1,J Wilson,Gibraltar,2,30,18,166.67,30.0,3,2,7,lower_middle,37.3,37.9,31.7,37.7,C+,C+,C+,C+,Utility Player,3.5,0.39,,,,,,,,,-0.09,1.26,,,0,,,,,,,,True
98f33eed,L Ward,Isle of Man,5,46,45,102.22,23.0,4,1,7,lower_middle,37.3,35.3,42.6,40.8,C+,C+,C+,C+,Utility Player,3.2,0.36,,,,,,,,,-0.11,0.84,,,4,,-1.59,0.0,1.0,,,,True
ddc0828d,A Flintoff,England,7,76,60,126.67,12.67,7,2,6,lower_middle,37.3,31.0,46.8,40.7,C+,C+,C+,B,Utility Player,3.57,0.42,,,,,,,,0.58,-0.17,0.75,,,4,,-0.82,0.33,0.49,,,,True
01b45044,Mohammad Amin,Kuwait,4,73,76,96.05,24.33,3,3,4,upper_middle,37.3,37.8,47.8,43.9,C+,C+,C+,B,Utility Player,12.75,0.67,,,,,,,,,-0.24,0.69,,,1,,-1.02,0.25,0.62,,,,True
e2d1822f,AUKDS Kalugala,Cyprus,14,212,182,116.48,15.14,25,7,2,top_order,37.3,37.3,8.3,25.0,C,C+,C+,D,Utility Player,3.71,0.29,0.57,,0.57,0.04,-0.04,0.55,0.87,0.09,-0.06,0.93,0.07,0.45,6,0.09,-1.5,0.14,0.66,-0.14,Conditions-Proof,0.29,False
c25be68d,P Magafas,Greece,3,49,50,98.0,16.33,5,0,2,top_order,37.2,34.5,29.2,33.7,C+,C+,C+,C,Utility Player,6.33,0.38,,,,,,,,,0.32,0.85,,,3,,-1.45,0.0,0.62,,,,True
430b7399,IP Swaney,Singapore,10,97,78,124.36,10.78,9,4,5,upper_middle,37.2,37.2,7.7,24.3,C,C+,C+,D,Utility Player,2.2,0.28,,,,,,0.6,0.7,-0.19,-0.03,0.67,0.07,,3,,-0.18,0.6,0.54,0.17,Conditions-Proof,-0.01,False
2a00735b,Saran Aslam,Denmark,6,78,41,190.24,15.6,5,6,7,lower_middle,37.2,43.1,21.2,31.8,C+,C+,C+,C,Utility Player,2.67,0.39,,,,,,,,0.21,-0.08,0.91,,1.39,5,-0.1,1.99,1.0,0.29,,,,True
6ac4fb9c,J Pant,Luxembourg,1,40,29,137.93,40.0,4,1,2,top_order,37.2,35.9,34.2,40.7,C+,C+,C+,C+,Utility Player,9.0,0.31,,,,,,,,,0.04,0.82,,,0,,-0.15,0.5,0.29,,,,True
06b45b20,A Venkatesh,Sweden,15,260,241,107.88,20.0,24,2,4,upper_middle,37.2,11.0,38.5,33.8,C+,C+,D,C+,Utility Player,5.0,0.31,1.48,,1.48,0.29,-0.29,0.62,1.02,-0.14,-0.1,0.76,0.05,0.37,5,0.36,-0.74,0.15,0.7,-0.34,Tough-Track Star,,False
63578359,Kashif Abbas,Saudi Arabia,4,45,41,109.76,11.25,4,3,5,upper_middle,37.1,36.4,9.7,24.9,C,C+,C+,D,Utility Player,3.0,0.29,,,,,,,,,-0.11,0.51,,,3,,-1.7,0.0,0.47,,,,True
d3eedb51,I Mugisha,Rwanda,8,58,53,109.43,9.67,1,5,8,lower_order,37.0,35.6,18.2,28.5,C,C+,C+,C,Utility Player,2.5,0.38,,,,,,,,0.11,0.28,1.01,,-0.39,5,-0.05,-1.85,0.0,0.29,,,,True
a62f55ba,DJ Hawoe,Indonesia,58,467,372,125.54,10.61,30,23,8,lower_order,37.0,38.3,18.7,29.7,C,C+,C+,C,Utility Player,2.86,0.45,,,,-0.27,0.27,0.77,2.02,0.06,-0.16,1.35,0.02,-0.43,23,-0.19,-1.04,0.22,0.81,-0.16,Tough-Track Star,-0.11,False
c96f6ac5,PWA Mulder,South Africa,8,105,90,116.67,17.5,8,3,6,lower_middle,37.0,12.5,51.7,39.6,C+,C+,D,B,Utility Player,7.75,0.69,,,,,,,,0.48,-0.32,0.7,,,3,,-0.68,0.33,0.65,,,,True
5691931a,Haseebullah Khan,Pakistan,3,36,30,120.0,12.0,4,1,3,top_order,36.9,39.0,14.3,27.5,C,C+,C+,D,Utility Player,3.0,0.3,,,,,,,,,-0.32,0.31,,,1,,-0.57,0.33,0.49,,,,True
56e771ef,Rizwan Mahmood,Denmark,11,158,131,120.61,17.56,10,6,5,upper_middle,36.9,43.6,32.1,37.0,C+,C+,C+,C+,Utility Player,5.73,0.48,,,,,,0.93,0.85,0.27,-0.27,0.98,0.09,0.56,6,0.15,-0.83,0.33,0.68,0.36,Flat-Track Bully,0.57,False
e4d76518,Zeeshan Haider,Qatar,1,16,11,145.45,16.0,1,1,6,lower_middle,36.9,37.6,29.4,34.3,C+,C+,C+,C,Utility Player,0.0,0.0,,,,,,,,,-0.08,0.45,,,0,,,,,,,,True
60afbd75,Navid Balouch,Iran,1,19,21,90.48,19.0,1,0,9,lower_order,36.9,34.9,44.6,40.9,C+,C+,C+,C+,Utility Player,21.0,1.0,,,,,,,,,-0.18,0.62,,,0,,-0.87,0.0,1.0,,,,True
70456281,Ehsan Nawaz,Hong Kong,2,9,6,150.0,9.0,2,0,9,lower_order,36.8,35.6,27.6,32.6,C+,C+,C+,C,Utility Player,1.0,0.33,,,,,,,,,0.47,0.82,,,0,,,,,,,,True
0467bd8d,Ranjit Singh,Austria,5,82,56,146.43,16.4,8,3,4,upper_middle,36.8,39.5,20.9,30.9,C+,C+,C+,C,Utility Player,1.2,0.11,0.88,,0.88,,,,,,-0.14,0.8,,,0,,-0.91,0.4,0.61,,,,True
5bb5a915,M Morkel,South Africa,7,22,18,122.22,7.33,3,1,9,lower_order,36.7,40.1,15.6,28.0,C,C+,C+,C,Utility Player,1.57,0.61,,,,,,,,0.52,-0.17,0.66,,0.2,5,0.22,,,,,,,True
3fbb43a9,Saad Nasim,Pakistan,2,44,53,83.02,22.0,0,1,5,upper_middle,36.7,12.2,52.2,40.1,C+,C+,D,B,Utility Player,1.0,0.04,,,,,,,,,-0.2,0.43,,,1,,-1.66,0.0,0.43,,,,True
ff1e08eb,Azam Khalil,Sweden,7,98,82,119.51,14.0,6,4,5,upper_middle,36.6,33.6,21.1,29.6,C,C+,C+,C,Utility Player,5.57,0.48,,,,,,,,0.56,0.1,0.66,,,3,,-1.21,0.14,0.68,,,,True
65cfc56b,DK Shetty,Indonesia,3,27,22,122.73,13.5,1,1,10,tail,36.6,33.8,38.1,37.1,C+,C+,C+,C+,Utility Player,1.0,0.14,,,,,,,,,0.22,1.09,,,1,,,,,,,,True
6b74c13b,Mirza Ahsan,Austria,18,293,197,148.73,18.31,22,14,6,lower_middle,36.6,47.1,11.1,28.3,C,C+,B,D,Utility Player,3.06,0.28,1.86,,1.86,-0.13,0.13,1.18,2.65,0.13,-0.35,0.94,0.05,0.45,7,-0.14,-0.15,0.58,0.67,0.26,Flat-Track Bully,0.26,False
f208fe04,Muhammad Safdar,Bahrain,2,16,12,133.33,16.0,2,0,7,lower_middle,36.5,36.6,45.8,41.3,C+,C+,C+,B,Utility Player,3.5,0.58,,,,,,,,,0.12,0.72,,,2,,,,,,,,True
27df03d2,Shoaib Rafiq,Mexico,10,75,73,102.74,10.71,3,4,9,lower_order,36.5,31.0,23.4,29.8,C,C+,C+,C,Utility Player,2.5,0.34,,,,,,1.5,1.89,-0.53,0.27,1.12,0.11,0.19,6,-0.59,-1.08,0.25,0.57,-0.08,Conditions-Proof,,False
43462314,Rohit Kumar,Romania,12,161,134,120.15,13.42,20,6,2,top_order,36.4,36.4,6.4,23.5,C,C+,C+,D,Utility Player,4.08,0.37,,,,0.06,-0.06,0.36,0.42,-0.52,-0.08,0.76,0.06,-0.33,5,-0.23,-0.5,0.17,0.63,0.54,Flat-Track Bully,0.52,False
9a08a863,Ansar Iqbal,Norway,6,80,81,98.77,13.33,9,2,4,upper_middle,36.4,36.6,16.8,28.1,C,C+,C+,C,Utility Player,5.0,0.37,,,,,,,,-0.9,-0.04,0.67,,,6,-0.0,-1.29,0.33,0.48,,,,True
57888f3c,Muhammad Yasin,Spain,11,171,153,111.76,15.55,16,6,2,top_order,36.4,34.0,27.3,32.6,C+,C+,C+,C,Utility Player,3.91,0.28,,,,0.24,-0.24,0.49,0.68,0.65,-0.18,0.74,0.07,-0.84,5,-0.57,-1.27,0.09,0.69,-0.07,Conditions-Proof,-0.1,False
509a84de,Faisal Mehmood,Belgium,2,33,25,132.0,16.5,5,1,2,top_order,36.4,38.9,26.8,33.3,C+,C+,C+,C,Utility Player,1.0,0.08,,,,,,,,,-0.07,0.56,,,0,,-0.3,0.0,1.0,,,,True
3e28808e,N Mugabe,Kenya,18,418,399,104.76,26.12,37,13,2,top_order,36.4,19.2,55.2,43.8,C+,C+,C,B,Utility Player,8.56,0.39,2.78,,2.78,-0.09,0.09,0.42,0.62,-0.46,-0.26,1.12,0.06,-0.09,7,0.21,-1.21,0.04,0.78,-0.01,Conditions-Proof,0.01,False
df08c69e,KM Dabengwa,Zimbabwe,2,13,8,162.5,13.0,1,1,6,lower_middle,36.4,39.2,28.8,33.9,C+,C+,C+,C,Utility Player,2.5,0.62,,,,,,,,,-0.14,0.35,,,1,,,,,,,,True
0dbe27b8,BD Glover,Netherlands,6,6,12,50.0,2.0,1,0,10,tail,36.3,33.9,9.5,23.8,C,C+,C+,D,Utility Player,1.83,0.92,,,,,,,,,0.86,1.06,,,1,,,,,,,,True
525c3f54,AR Adams,New Zealand,2,13,12,108.33,13.0,1,0,8,lower_order,36.2,32.6,41.2,38.1,C+,C+,C+,C+,Utility Player,5.0,0.83,,,,,,,,,-0.25,0.47,,,1,,,,,,,,True
e9e37173,A Busing-Volschenk,Namibia,5,46,37,124.32,15.33,1,3,9,lower_order,36.1,22.0,47.4,39.0,C+,C+,C,B,Utility Player,3.4,0.46,,,,,,,,,-0.26,0.69,,,2,,-1.37,0.0,0.29,,,,True
7bbeac6d,GH O'Brien,Bermuda,4,25,29,86.21,12.5,1,1,11,tail,36.1,35.7,41.3,38.7,C+,C+,C+,C+,Utility Player,3.5,0.48,,,,,,,,,-0.02,0.83,,,4,,-3.3,0.0,1.0,,,,True
bb34fd31,Shoriful Islam,Bangladesh,16,70,65,107.69,5.0,5,4,10,tail,36.1,40.2,5.0,23.1,C,C+,C+,D,Utility Player,2.62,0.65,,,,0.43,-0.43,0.18,0.51,-0.44,-0.31,0.87,0.05,0.05,7,0.55,-2.24,0.0,1.0,0.47,Flat-Track Bully,0.35,False
e93b6c95,G Singh,United States of America,16,282,245,115.1,23.5,21,11,3,top_order,36.1,32.0,50.4,43.5,C+,C+,C+,B,Utility Player,2.69,0.18,1.53,,1.53,-0.06,0.06,0.5,1.15,0.09,-0.29,0.94,0.06,0.44,13,0.28,-0.54,0.21,0.76,-0.3,Tough-Track Star,-0.39,False
161641cd,Aamer Ikram,Portugal,3,53,67,79.1,17.67,3,4,4,upper_middle,36.1,43.8,21.5,31.9,C+,C+,C+,C,Utility Player,15.0,0.67,,,,,,,,,-0.22,0.68,,,0,,-1.88,0.0,0.68,,,,True
3f18724b,MC Sorensen,Ireland,8,63,61,103.28,12.6,1,2,8,lower_order,36.0,15.2,48.0,37.6,C+,C+,C,B,Utility Player,5.12,0.67,,,,,,,,,-0.21,0.85,,,3,,-0.53,0.33,0.5,,,,True
51e1ed69,SG Borthwick,England,1,14,16,87.5,14.0,2,0,9,lower_order,36.0,37.5,34.1,35.9,C+,C+,C+,C+,Utility Player,0.0,0.0,,,,,,,,,-0.04,0.3,,,0,,-0.3,0.0,1.0,,,,True
d0d32c30,Amandeep Singh,Portugal,13,154,124,124.19,15.4,14,4,8,lower_order,36.0,39.2,39.6,39.0,C+,C+,C+,C+,Utility Player,2.46,0.26,,,,,,0.51,1.09,-0.33,-0.1,1.21,0.09,-0.5,9,-0.35,-1.29,0.0,0.64,0.32,Flat-Track Bully,0.57,False
10f42013,WJ Lubbe,South Africa,2,16,10,160.0,8.0,4,0,3,top_order,36.0,38.4,12.2,25.9,C,C+,C+,D,Utility Player,1.0,0.2,,,,,,,,,0.03,0.47,,,0,,,,,,,,True
27d1cc51,PA Hitchcock,New Zealand,1,13,11,118.18,13.0,1,1,9,lower_order,36.0,39.2,32.3,35.3,C+,C+,C+,C+,Utility Player,11.0,1.0,,,,,,,,,-0.16,0.31,,,1,,-0.01,0.0,1.0,,,,True
6c53ffb2,Irfan Safi,Austria,2,17,10,170.0,17.0,0,2,8,lower_order,36.0,36.2,25.2,31.9,C+,C+,C+,C,Utility Player,2.0,0.4,,,,,,,,,-0.28,0.72,,,0,,,,,,,,True
684d21d7,M Bhanuka,Sri Lanka,4,64,66,96.97,16.0,7,0,2,top_order,35.9,39.8,42.0,40.1,C+,C+,C+,C+,Utility Player,8.5,0.52,,,,,,,,,-0.09,0.51,,,0,,-1.09,0.0,0.6,,,,True
4d3097d8,GJ Hopkins,New Zealand,8,86,71,121.13,10.75,5,5,6,lower_middle,35.9,40.4,27.0,33.1,C+,C+,C+,C,Utility Player,5.62,0.63,,,,,,,,-0.11,-0.25,0.66,,,3,,-1.77,0.25,0.52,,,,True
52980a48,TN de Grooth,Netherlands,9,136,129,105.43,19.43,14,1,6,lower_middle,35.9,18.8,58.9,43.9,C+,C+,C,B,Utility Player,7.78,0.54,0.95,,0.95,,,,,,-0.19,0.95,,,4,,-1.06,0.33,0.64,,,,True
c8d74c21,J Gumbie,Zimbabwe,3,43,52,82.69,14.33,6,0,1,top_order,35.9,30.4,31.2,33.2,C+,C+,C+,C+,Utility Player,10.0,0.58,,,,,,,,,-0.21,0.33,,,0,,-2.03,0.0,0.53,,,,True
d99de998,ZB Lion-Cachet,Netherlands,12,146,137,106.57,12.17,9,4,3,top_order,35.9,13.3,32.6,30.4,C+,C+,D,C+,Utility Player,6.33,0.55,1.04,,1.04,-0.07,0.07,0.24,0.2,-0.4,-0.2,0.63,0.05,,4,,-1.22,0.22,0.59,0.21,Flat-Track Bully,0.23,False
945981e5,D Johnson,Switzerland,11,146,118,123.73,16.22,15,3,6,lower_middle,35.8,39.5,38.8,38.7,C+,C+,C+,C+,Utility Player,6.36,0.59,2.02,,2.02,,,0.6,0.71,0.37,-0.18,1.14,0.1,,4,,-1.21,0.38,0.68,-0.02,Conditions-Proof,-0.81,False
87e33d07,F Nsubuga,Uganda,21,170,158,107.59,12.14,9,10,9,lower_order,35.8,35.4,22.9,30.4,C+,C+,C+,C,Utility Player,4.71,0.63,,,,-0.58,0.58,0.47,1.05,0.0,-0.29,0.95,0.05,-1.18,10,-0.68,0.34,0.6,0.59,-0.2,Tough-Track Star,-0.44,False
3f61a062,BTJ Wheal,Scotland,6,20,22,90.91,10.0,1,0,11,tail,35.8,17.9,45.6,36.8,C+,C+,C,B,Utility Player,2.33,0.64,,,,,,,,,-0.33,0.81,,,1,,,,,,,,True
aceb7654,JDF Vandersay,Sri Lanka,7,35,40,87.5,11.67,3,1,10,tail,35.8,39.9,42.1,39.8,C+,C+,C+,C+,Utility Player,1.86,0.32,,,,,,,,-0.77,-0.22,0.87,,,2,,-1.97,0.0,1.0,,,,True
72253b87,Kaleemullah,Oman,19,99,101,98.02,7.62,3,6,10,tail,35.8,40.3,42.5,39.9,C+,C+,C+,C+,Utility Player,3.11,0.58,,,,0.11,-0.11,0.44,0.97,0.0,-0.17,1.32,0.07,0.11,11,-0.02,-1.66,0.0,0.64,0.05,Conditions-Proof,0.05,False
2c25d4f5,D Padikkal,India,2,38,38,100.0,19.0,2,1,3,top_order,35.8,36.8,43.6,40.5,C+,C+,C+,C+,Utility Player,5.5,0.29,,,,,,,,,-0.05,0.37,,,0,,-1.23,0.25,0.51,,,,True
1f3b9f8d,M Akayezu,Rwanda,62,451,392,115.05,8.05,28,25,8,lower_order,35.7,31.9,1.9,20.3,C,C+,C+,D,Utility Player,2.18,0.34,2.9,,2.9,-0.04,0.04,0.68,2.03,-0.1,-0.19,0.91,0.01,-0.94,35,-0.55,-1.93,0.14,0.73,-0.08,Conditions-Proof,-0.39,False
6c6591ab,PP Ojha,India,1,10,6,166.67,10.0,0,1,10,tail,35.7,35.2,35.9,35.9,C+,C+,C+,C+,Utility Player,6.0,1.0,,,,,,,,,-0.0,0.5,,,1,,,,,,,,True
d953ed6a,B Zuiderent,Netherlands,4,83,95,87.37,27.67,6,1,3,top_order,35.7,6.4,57.2,41.9,C+,C+,D,B,Utility Player,10.5,0.44,,,,,,,,,-0.34,0.64,,,3,,-1.1,0.0,0.64,,,,True
c7e3c349,S Samal,Rwanda,4,68,58,117.24,17.0,5,3,5,upper_middle,35.7,30.1,24.7,30.4,C+,C+,C+,C,Utility Player,7.75,0.53,,,,,,,,,-0.22,0.52,,,3,,-1.05,0.4,0.56,,,,True
b5e7d375,T Bukenya,Uganda,1,12,9,133.33,12.0,0,1,10,tail,35.7,34.2,38.2,36.8,C+,C+,C+,C+,Utility Player,9.0,1.0,,,,,,,,,0.02,0.57,,,1,,,,,,,,True
13f21a98,Alexandros Karvelas,Greece,3,70,70,100.0,23.33,2,5,4,upper_middle,35.7,38.9,38.6,39.2,C+,C+,C+,C+,Utility Player,12.67,0.54,,,,,,,,,-0.11,0.77,,,3,,-1.03,0.17,0.64,,,,True
d2ec068c,Fitri Sham,Malaysia,19,115,118,97.46,8.21,4,7,9,lower_order,35.6,36.9,4.9,22.3,C,C+,C+,D,Utility Player,3.58,0.58,,,,-0.07,0.07,0.3,0.83,-0.57,-0.22,0.81,0.04,-0.42,11,0.18,-1.79,0.1,0.74,0.15,Flat-Track Bully,0.16,False
c15e7ba4,E Dusingizimana,Rwanda,52,898,821,109.38,18.33,89,32,2,top_order,35.6,48.0,29.8,37.0,C+,C+,B,C,Utility Player,4.29,0.27,1.25,,1.25,-0.01,0.01,0.74,1.62,-0.05,-0.2,1.15,0.02,0.3,17,-0.01,-1.2,0.15,0.76,-0.04,Conditions-Proof,0.01,False
0b37840b,J Dickinson,Scotland,1,15,14,107.14,15.0,1,0,8,lower_order,35.6,32.9,37.6,36.5,C+,C+,C+,C+,Utility Player,0.0,0.0,,,,,,,,,0.11,0.36,,,0,,,,,,,,True
be4cefab,CMW Read,England,1,13,11,118.18,13.0,2,0,8,lower_order,35.5,36.1,35.1,35.8,C+,C+,C+,C+,Utility Player,11.0,1.0,,,,,,,,,-0.08,0.32,,,0,,,,,,,,True
41acc8bf,E Kahamker,Israel,3,47,39,120.51,15.67,4,1,5,upper_middle,35.5,30.4,32.4,33.7,C+,C+,C+,C+,Utility Player,2.67,0.21,,,,,,,,,0.03,0.64,,,3,,-0.97,0.0,0.29,,,,True
c38d3503,Shivam Mavi,India,2,28,18,155.56,14.0,2,2,8,lower_order,35.5,38.5,38.5,37.9,C+,C+,C+,C+,Utility Player,5.0,0.56,,,,,,,,,-0.26,0.46,,,2,,,,,,,,True
e29e9c12,Shakeel Ahmed,Oman,25,243,253,96.05,13.5,16,9,9,lower_order,35.4,42.3,55.9,46.6,B,C+,C+,B,Utility Player,8.16,0.81,1.04,,1.04,-0.19,0.19,0.29,0.35,-0.01,-0.31,1.36,0.05,-0.1,13,-0.06,-1.14,0.19,0.72,-0.44,Tough-Track Star,-0.48,False
c079c66a,Noman Amjad,France,22,228,220,103.64,13.41,9,7,6,lower_middle,35.4,19.6,41.2,35.5,C+,C+,C,C+,Utility Player,4.95,0.5,,,,0.35,-0.35,0.63,0.99,-0.21,0.03,1.12,0.05,0.78,10,0.42,-1.17,0.07,0.72,-0.33,Tough-Track Star,-0.37,False
ba57fb08,Z Bimenyimana,Rwanda,44,258,212,121.7,8.9,15,15,10,tail,35.4,40.9,11.1,26.0,C,C+,C+,D,Utility Player,2.57,0.53,,,,-0.1,0.1,0.45,1.38,0.07,-0.36,1.31,0.03,-0.07,25,-0.03,-1.22,0.17,0.76,0.11,Conditions-Proof,0.03,False
7f048519,DJ Willey,England,23,206,156,132.05,14.71,15,11,7,lower_middle,35.4,51.2,30.8,37.2,C+,C+,B,C+,Utility Player,3.43,0.51,,,,-0.32,0.32,0.42,0.72,0.06,-0.41,0.97,0.04,-0.05,8,-0.06,-1.18,0.27,0.63,0.01,Conditions-Proof,-0.35,False
4833efb4,N Master,Botswana,2,23,18,127.78,11.5,4,0,9,lower_order,35.3,34.7,39.8,37.5,C+,C+,C+,C+,Utility Player,2.0,0.22,,,,,,,,,0.19,0.71,,,2,,0.95,1.0,1.0,,,,True
125bba96,J Perman,Spain,4,43,37,116.22,14.33,3,3,6,lower_middle,35.3,39.5,29.2,33.9,C+,C+,C+,C,Utility Player,4.75,0.51,,,,,,,,,0.1,0.77,,,1,,-0.4,0.5,0.29,,,,True
26529e00,Manoj Adhikari,Bhutan,6,34,53,64.15,11.33,3,0,10,tail,35.3,30.3,39.3,36.4,C+,C+,C+,C+,Utility Player,6.5,0.74,,,,,,,,0.66,0.31,1.16,,,2,,-2.17,0.0,0.56,,,,True
522bea89,Rohail Nazir,Pakistan,1,13,8,162.5,13.0,0,2,3,top_order,35.3,37.2,20.9,29.6,C,C+,C+,C,Utility Player,3.0,0.38,,,,,,,,,0.49,0.42,,,0,,-1.51,0.0,1.0,,,,True
49b6c09f,JC Tredwell,England,5,32,20,160.0,10.67,4,1,10,tail,35.3,39.9,45.7,41.2,C+,C+,C+,B,Utility Player,1.6,0.4,,,,,,,,,-0.21,0.91,,,3,,1.13,1.0,1.0,,,,True
415c6ccf,Usman Patel,Kuwait,56,1093,839,130.27,25.42,108,39,4,upper_middle,35.3,70.9,52.5,52.9,B,C+,B+,B,Utility Player,5.77,0.38,1.2,2.56,1.61,0.22,-0.22,0.56,0.96,0.06,-0.31,1.64,0.03,0.44,25,-0.1,-0.63,0.27,0.8,0.08,Conditions-Proof,0.02,False
75a58f94,Ihsanullah Wafa,Sweden,4,65,50,130.0,16.25,3,4,5,upper_middle,35.2,35.5,26.4,32.0,C+,C+,C+,C,Utility Player,2.0,0.16,,,,,,,,,-0.05,0.59,,,1,,-1.62,0.0,0.56,,,,True
d8e79af0,AC Botha,Ireland,6,75,81,92.59,15.0,10,0,4,upper_middle,35.2,36.7,22.5,30.4,C+,C+,C+,C,Utility Player,5.17,0.38,,,,,,,,0.16,-0.16,0.41,,-0.91,5,-0.77,-1.44,0.0,0.55,,,,True
8eb2e2e6,L McCarthy,Ireland,1,16,15,106.67,16.0,1,1,9,lower_order,35.2,40.5,44.3,41.0,C+,C+,C+,C+,Utility Player,15.0,1.0,,,,,,,,,-0.43,0.51,,,1,,-0.35,0.0,1.0,,,,True
1252f71a,MRJ Watt,Scotland,37,319,279,114.34,11.81,28,7,8,lower_order,35.2,45.3,53.6,46.1,B,C+,B,B,Utility Player,4.7,0.62,,,,-0.11,0.11,0.32,0.63,0.07,-0.25,1.41,0.04,-0.26,19,-0.09,-1.39,0.13,0.76,-0.14,Conditions-Proof,-0.08,False
1cad1601,K Sathish,Singapore,8,128,132,96.97,16.0,13,2,2,top_order,35.1,29.9,27.3,31.3,C+,C+,C,C,Utility Player,10.0,0.61,,,,,,,,0.52,-0.11,0.6,,,4,,-1.58,0.12,0.68,,,,True
a9da7784,KJ Abbott,South Africa,6,23,20,115.0,11.5,2,0,9,lower_order,35.1,21.3,49.3,39.0,C+,C+,C,B,Utility Player,2.17,0.65,,,,,,,,0.52,-0.14,0.79,,,3,,,,,,,,True
f2800ef3,Yasir Shah,Pakistan,1,11,7,157.14,11.0,1,0,8,lower_order,35.1,32.6,39.3,36.7,C+,C+,C+,C+,Utility Player,3.0,0.43,,,,,,,,,0.35,0.52,,,0,,,,,,,,True
2cffab74,Mukesh Kumar,India,3,5,5,100.0,5.0,1,0,11,tail,35.0,34.1,23.4,29.6,C,C+,C+,C,Utility Player,1.33,0.8,,,,,,,,,0.07,0.66,,,2,,,,,,,,True
e03ca117,K Kato-Stafford,Japan,8,55,45,122.22,13.75,7,1,9,lower_order,35.0,35.3,31.7,34.1,C+,C+,C+,C+,Utility Player,1.0,0.18,,,,,,,,0.32,0.1,1.1,,,2,,-0.35,0.5,0.29,,,,True
753b5a2d,NN Odhiambo,Kenya,18,150,151,99.34,10.71,19,2,3,top_order,35.0,32.9,16.5,26.6,C,C+,C+,C,Utility Player,3.44,0.41,,,,0.21,-0.21,0.43,0.97,0.2,-0.01,0.69,0.04,0.51,8,-0.38,-1.26,0.33,0.67,0.09,Conditions-Proof,0.19,False
86cd782f,Mehrab Hossain jnr,Bangladesh,2,16,25,64.0,16.0,1,0,9,lower_order,35.0,22.3,45.0,37.6,C+,C+,C,B,Utility Player,4.0,0.32,,,,,,,,,-0.43,0.42,,,0,,,,,,,,True
cc3fb3b3,Imran Butt,Bahrain,1,12,6,200.0,12.0,1,1,8,lower_order,34.9,35.8,26.5,31.6,C+,C+,C+,C,Utility Player,2.0,0.33,,,,,,,,,0.33,0.49,,,1,,,,,,,,True
e969e580,GD Arta,Indonesia,40,424,491,86.35,15.14,25,19,4,upper_middle,34.9,38.7,30.4,34.6,C+,C+,C+,C+,Utility Player,7.42,0.6,,,,-0.26,0.26,0.47,0.57,-0.13,-0.17,1.13,0.03,-0.95,10,-0.61,-1.41,0.16,0.77,0.01,Conditions-Proof,-0.25,False
5bdeeed4,Shivam Sharma,Canada,2,24,11,218.18,12.0,0,3,7,lower_middle,34.9,34.7,25.7,31.0,C+,C+,C+,C,Utility Player,0.5,0.09,,,,,,,,,0.78,0.89,,,0,,,,,,,,True
681f522f,SA Okpe,Nigeria,61,763,743,102.69,16.23,48,25,5,upper_middle,34.9,20.2,47.9,39.1,C+,C+,C,B,Utility Player,5.46,0.45,,,,0.18,-0.18,0.48,0.8,0.02,-0.22,1.22,0.02,-0.02,30,0.09,-1.2,0.16,0.8,0.06,Conditions-Proof,0.18,False
681af475,M Ansari,Oman,3,5,9,55.56,5.0,0,0,10,tail,34.9,13.3,35.1,30.7,C+,C+,D,C+,Utility Player,3.0,1.0,,,,,,,,,-0.58,0.67,,,1,,,,,,,,True
75186c24,Kamran Shazad,United Arab Emirates,2,21,17,123.53,10.5,1,2,10,tail,34.8,37.8,31.2,34.0,C+,C+,C+,C+,Utility Player,2.5,0.29,,,,,,,,,-0.33,0.58,,,0,,-0.42,0.0,1.0,,,,True
a670d624,RR Watson,Scotland,5,55,46,119.57,11.0,8,0,2,top_order,34.8,34.2,22.8,29.6,C,C+,C+,C,Utility Player,1.6,0.17,,,,,,,,,-0.31,0.43,,,3,,-1.39,0.0,0.29,,,,True
d5e5f96b,D Sheeli,Kuwait,2,23,17,135.29,11.5,2,2,3,top_order,34.7,36.4,15.1,26.5,C,C+,C+,C,Utility Player,5.0,0.59,,,,,,,,,0.04,0.38,,,2,,0.37,1.0,1.0,,,,True
0605de92,HD Rutherford,New Zealand,7,151,105,143.81,21.57,12,9,1,top_order,34.7,57.1,42.6,44.1,C+,C+,B,C+,Utility Player,5.29,0.35,0.81,,0.81,,,,,-0.26,-0.29,0.75,,,1,,-0.51,0.33,0.66,,,,True
fb7dc205,JL Martel,Guernsey,1,13,6,216.67,13.0,1,1,9,lower_order,34.6,33.5,32.1,33.6,C+,C+,C+,C+,Utility Player,3.0,0.5,,,,,,,,,1.64,0.8,,,1,,,,,,,,True
d3bdc89c,C Potgieter,Portugal,5,102,79,129.11,25.5,6,8,3,top_order,34.6,46.6,33.5,38.5,C+,C+,B,C+,Utility Player,5.2,0.33,0.46,,0.46,,,,,,-0.31,0.83,,,0,,-0.08,0.4,0.51,,,,True
79b4839e,Ahmed Raza,United Arab Emirates,16,108,133,81.2,10.8,3,5,8,lower_order,34.6,19.3,37.7,33.3,C+,C+,C,C+,Utility Player,5.94,0.71,,,,0.02,-0.02,0.31,0.77,0.5,-0.21,0.88,0.06,-0.07,9,0.34,-2.71,0.0,0.61,-0.09,Conditions-Proof,-0.17,False
74c6c6e0,NR Welch,Zimbabwe,7,97,93,104.3,13.86,12,1,1,top_order,34.6,39.7,15.8,27.7,C,C+,C+,C,Utility Player,6.14,0.46,,,,,,,,0.57,-0.17,0.5,,,4,,-1.64,0.14,0.67,,,,True
91a4a398,Z Khan,India,3,13,10,130.0,6.5,0,1,11,tail,34.5,31.9,22.5,28.7,C,C+,C+,C,Utility Player,0.67,0.2,,,,,,,,,-0.15,0.47,,,3,,,,,,,,True
9f998ed8,CW Perchard,Jersey,15,99,101,98.02,9.9,4,5,10,tail,34.5,37.3,44.7,40.0,C+,C+,C+,C+,Utility Player,4.67,0.69,,,,-0.63,0.63,0.58,1.93,0.28,-0.21,1.29,0.09,0.58,12,0.2,-0.58,0.33,0.5,-0.27,Tough-Track Star,-0.12,False
b0eaaac6,Ali Khan,United States of America,5,15,11,136.36,7.5,1,1,9,lower_order,34.5,32.4,23.5,29.2,C,C+,C+,C,Utility Player,1.0,0.45,,,,,,,,,-0.32,0.6,,,2,,,,,,,,True
a4571ba9,A Mustafa,Argentina,5,30,27,111.11,15.0,1,0,10,tail,34.5,19.2,40.1,34.5,C+,C+,C,C+,Utility Player,1.4,0.26,,,,,,,,,-0.02,0.99,,,5,-0.05,,,,,,,True
87609cbb,Naveed Ahmed,Czech Republic,14,109,110,99.09,18.17,11,1,8,lower_order,34.5,30.2,51.5,42.2,C+,C+,C+,B,Utility Player,2.64,0.34,,,,0.21,-0.21,0.28,0.69,-0.4,-0.31,1.38,0.1,-0.37,9,-0.36,-0.98,0.0,0.54,0.22,Flat-Track Bully,0.36,False
7662cf7a,Bilawal Bhatti,Pakistan,3,23,14,164.29,11.5,2,1,8,lower_order,34.5,37.0,24.0,30.6,C+,C+,C+,C,Utility Player,3.33,0.71,,,,,,,,,-0.23,0.4,,,1,,-2.63,0.0,1.0,,,,True
29b322c7,Ateeq Iqbal,Hong Kong,9,17,22,77.27,17.0,1,0,10,tail,34.4,7.7,58.0,40.4,C+,C+,D,B,Utility Player,2.22,0.91,,,,,,,,0.3,-0.3,1.33,,,4,,,,,,,,True
a025c156,Muhammad Saleem,Brazil,7,71,59,120.34,10.14,5,5,6,lower_middle,34.4,34.1,9.4,23.4,C,C+,C+,D,Utility Player,1.29,0.15,,,,,,,,0.44,0.48,0.91,,-3.88,6,-0.49,-1.24,0.0,0.49,,,,True
b858be20,AV Lalcheta,Oman,7,55,53,103.77,9.17,3,3,9,lower_order,34.4,37.1,19.5,28.5,C,C+,C+,C,Utility Player,5.14,0.68,,,,,,,,-0.13,-0.24,0.63,,,1,,-0.49,0.0,0.29,,,,True
a120e81b,Mohammed Qasim,Malta,5,54,65,83.08,13.5,3,1,4,upper_middle,34.4,30.8,23.8,29.4,C,C+,C+,C,Utility Player,6.2,0.48,,,,,,,,,-0.18,0.52,,,1,,-1.29,0.17,0.59,,,,True
2011735e,A Shahi,Cyprus,11,110,66,166.67,12.22,6,9,7,lower_middle,34.4,35.5,18.3,27.8,C,C+,C+,C,Utility Player,2.09,0.35,,,,-0.5,0.5,1.1,1.73,-0.39,0.04,0.98,0.09,,3,,0.43,0.5,0.58,0.37,Flat-Track Bully,0.41,False
20f3a03d,RM Jariwala,United States of America,1,35,31,112.9,35.0,4,0,1,top_order,34.3,30.7,35.9,38.4,C+,C+,C+,C+,Utility Player,3.0,0.1,,,,,,,,,-0.05,0.41,,,0,,-0.95,0.0,0.46,,,,True
732f711b,MJ Hay,New Zealand,10,89,71,125.35,11.12,5,4,6,lower_middle,34.3,26.0,20.0,26.6,C,C+,C,C,Utility Player,4.3,0.61,,,,,,0.41,0.79,-0.09,-0.45,0.53,0.05,,1,,-1.63,0.2,0.59,0.09,Conditions-Proof,-0.07,False
0ca1ea55,HMHE Parsons,South Korea,8,107,85,125.88,13.38,10,6,3,top_order,34.3,33.5,6.6,22.2,C,C+,C+,D,Utility Player,4.38,0.41,1.39,,1.39,,,,,0.0,-0.25,0.6,,,2,,-1.39,0.25,0.64,,,,True
60b46ad1,MO Kain,United States of America,6,71,50,142.0,14.2,5,3,7,lower_middle,34.3,36.8,24.9,31.1,C+,C+,C+,C,Utility Player,2.33,0.28,,,,,,,,-0.74,-0.36,0.52,,-8.31,5,-1.36,-1.21,0.25,0.54,,,,True
30ac4e69,Yousef Shadzehisarjou,Iran,1,39,46,84.78,39.0,4,0,3,top_order,34.3,25.4,48.6,44.0,C+,C+,C,B,Utility Player,0.0,0.0,,,,,,,,,-0.23,0.56,,,0,,-1.78,0.0,0.5,,,,True
66b30f71,AB Dinda,India,2,22,24,91.67,22.0,1,0,8,lower_order,34.2,11.3,55.3,40.4,C+,C+,D,B,Utility Player,12.0,1.0,,,,,,,,,-0.38,0.57,,,1,,-0.61,0.0,1.0,,,,True
07687c15,Sultan Ahmed,United Arab Emirates,14,60,62,96.77,6.0,1,4,9,lower_order,34.2,36.8,4.7,21.6,C,C+,C+,D,Utility Player,2.07,0.47,,,,,,0.66,0.9,-0.03,-0.18,0.76,0.05,-1.44,8,-1.1,-1.32,0.0,0.42,0.02,Conditions-Proof,0.4,False
b0f9dac4,R Nil,Seychelles,2,33,27,122.22,16.5,2,1,9,lower_order,34.2,32.4,32.2,33.6,C+,C+,C+,C+,Utility Player,1.0,0.07,,,,,,,,,0.14,0.75,,,2,,0.08,1.0,1.0,,,,True
a0339ef4,Qateel Zabiullah,Switzerland,3,50,27,185.19,16.67,2,5,5,upper_middle,34.2,37.1,25.1,31.4,C+,C+,C+,C,Utility Player,3.0,0.33,,,,,,,,,-0.03,0.87,,,0,,-0.59,0.5,0.29,,,,True
0fdabe05,V Sibanda,Zimbabwe,25,498,482,103.32,20.75,52,11,1,top_order,34.2,47.7,60.2,50.2,B,C+,B,B+,Utility Player,8.68,0.45,0.87,,0.87,0.41,-0.41,0.39,0.69,-0.4,-0.26,1.09,0.04,-0.44,5,-0.08,-1.13,0.11,0.79,0.14,Conditions-Proof,0.64,False
f5180fe6,MG Johnson,Australia,17,109,95,114.74,10.9,8,3,9,lower_order,34.2,18.7,47.5,37.4,C+,C+,C,B,Utility Player,3.65,0.65,,,,0.05,-0.05,0.45,1.27,0.25,-0.19,0.97,0.06,-0.1,7,0.25,-1.36,0.33,0.47,0.24,Flat-Track Bully,0.7,False
ed524599,RA Abolarin,Nigeria,4,28,21,133.33,14.0,2,1,9,lower_order,34.1,30.8,22.1,28.5,C,C+,C+,C,Utility Player,2.5,0.48,,,,,,,,,0.1,0.95,,,0,,-1.3,0.0,1.0,,,,True
17efdeb8,Raqibul Hasan,Bangladesh,5,51,62,82.26,10.2,3,1,6,lower_middle,34.1,15.6,24.6,26.4,C,C+,C,C,Utility Player,7.0,0.56,,,,,,,,,-0.38,0.34,,,1,,-1.23,0.0,0.63,,,,True
80058153,Karma Dorji,Bhutan,6,15,10,150.0,7.5,3,0,10,tail,34.0,33.7,28.7,31.7,C+,C+,C+,C,Utility Player,0.5,0.3,,,,,,,,0.75,0.98,1.4,,,3,,,,,,,,True
8b89eb80,Faizan Asif,United Arab Emirates,5,52,45,115.56,10.4,5,2,2,top_order,34.0,33.0,15.4,25.7,C,C+,C+,C,Utility Player,3.6,0.4,,,,,,,,,-0.09,0.34,,,2,,-1.61,0.0,1.0,,,,True
bcce309e,WPUJC Vaas,Sri Lanka,2,33,41,80.49,33.0,1,0,9,lower_order,34.0,8.7,63.6,45.8,B,C+,D,B+,Utility Player,7.0,0.34,,,,,,,,,-0.33,0.88,,,1,,-1.14,0.0,0.47,,,,True
06c2de82,L Gregory,England,6,45,41,109.76,7.5,2,2,7,lower_middle,33.9,35.7,15.7,26.2,C,C+,C+,C,Utility Player,6.17,0.9,,,,,,,,,-0.35,0.47,,,4,,-2.19,0.0,0.29,,,,True
2c6052a6,JS Henriksen,Denmark,4,44,44,100.0,14.67,2,0,8,lower_order,33.9,28.4,42.5,37.2,C+,C+,C,C+,Utility Player,7.5,0.68,,,,,,,,,-0.2,0.69,,,3,,-1.01,0.0,0.53,,,,True
6b0c3a20,AJ Hall,South Africa,1,11,10,110.0,11.0,1,0,8,lower_order,33.9,33.4,33.9,34.0,C+,C+,C+,C+,Utility Player,10.0,1.0,,,,,,,,,-0.19,0.27,,,1,,,,,,,,True
ffb59fe6,T Langa,Vanuatu,1,14,9,155.56,14.0,2,0,6,lower_middle,33.8,34.1,27.1,31.3,C+,C+,C+,C,Utility Player,0.0,0.0,,,,,,,,,-0.04,0.3,,,1,,,,,,,,True
9103ecdb,Muhammad Rohid,United Arab Emirates,2,4,3,133.33,4.0,0,0,11,tail,33.8,24.2,29.9,30.2,C+,C+,C,C,Utility Player,0.5,0.33,,,,,,,,,0.35,0.49,,,1,,,,,,,,True
b018e1eb,L Louwrens,Namibia,1,17,15,113.33,17.0,1,1,4,upper_middle,33.8,32.8,29.8,32.5,C+,C+,C+,C,Utility Player,8.0,0.53,,,,,,,,,0.24,0.54,,,0,,,,,,,,True
d5f96736,DPS Tyagi,Singapore,8,33,30,110.0,8.25,2,2,9,lower_order,33.7,32.0,16.7,25.9,C,C+,C+,C,Utility Player,1.12,0.3,,,,,,,,0.12,0.02,0.85,,,2,,,,,,,,True
37137c8b,BV Vitori,Zimbabwe,2,8,7,114.29,8.0,0,0,10,tail,33.6,30.2,30.0,31.4,C+,C+,C+,C+,Utility Player,2.0,0.57,,,,,,,,,-0.13,0.42,,,2,,,,,,,,True
fd1041d2,Rudolph Fox,Bahamas,8,74,80,92.5,14.8,4,3,7,lower_middle,33.6,34.4,34.6,34.8,C+,C+,C+,C+,Utility Player,3.0,0.3,,,,,,,,-0.21,-0.1,0.96,,,8,-0.07,-0.54,0.25,0.54,,,,True
008589a4,CM Wright,Scotland,1,14,18,77.78,14.0,0,0,9,lower_order,33.5,26.2,38.3,34.6,C+,C+,C,C+,Utility Player,18.0,1.0,,,,,,,,,-0.35,0.25,,,1,,-1.11,0.0,1.0,,,,True
0abc33ff,Muhammad Umar,Kuwait,21,331,281,117.79,19.47,12,22,6,lower_middle,33.5,43.9,55.4,46.7,B,C+,C+,B,Utility Player,4.9,0.37,1.7,,1.7,-0.09,0.09,0.57,2.04,0.45,-0.22,1.21,0.06,1.55,5,0.47,-0.94,0.27,0.74,-0.26,Tough-Track Star,-0.46,False
2c89dbf9,Zeeshan Ali,Estonia,5,56,60,93.33,14.0,1,3,7,lower_middle,33.5,17.0,23.9,26.4,C,C+,C,C,Utility Player,3.8,0.32,,,,,,,,,-0.17,0.53,,,3,,-1.75,0.2,0.6,,,,True
c6889eb6,M Kasselman,Botswana,17,254,252,100.79,19.54,20,9,1,top_order,33.5,13.9,48.1,37.4,C+,C+,D,B,Utility Player,4.94,0.33,0.76,,0.76,-0.1,0.1,0.48,1.77,0.5,-0.16,0.91,0.05,0.47,11,0.32,-1.3,0.19,0.7,-0.18,Tough-Track Star,-0.15,False
80fe6790,AR Bisht,Oman,6,132,137,96.35,22.0,6,3,5,upper_middle,33.4,7.6,51.9,38.0,C+,C+,D,B,Utility Player,16.33,0.72,,,,,,,,-0.39,-0.19,0.63,,0.16,5,0.04,-1.01,0.27,0.69,,,,True
3540beff,SNJ O'Keefe,Australia,5,32,26,123.08,6.4,4,1,8,lower_order,33.4,33.8,26.1,30.3,C+,C+,C+,C,Utility Player,5.2,1.0,,,,,,,,,-0.26,0.59,,,3,,1.28,1.0,1.0,,,,True
7595b47f,Shariz Ahmad,Netherlands,7,65,63,103.17,13.0,5,0,5,upper_middle,33.4,10.6,33.1,29.1,C,C+,D,C+,Utility Player,2.86,0.32,,,,,,,,0.32,-0.15,0.42,,,4,,-1.34,0.33,0.47,,,,True
b78b3ffd,S Nadigotla,Romania,27,421,366,115.03,16.19,36,13,3,top_order,33.4,16.5,33.6,31.1,C+,C+,C,C+,Utility Player,4.37,0.32,1.91,,1.91,-0.1,0.1,0.46,1.05,-0.24,-0.24,0.97,0.04,-0.44,9,-0.18,-1.19,0.19,0.7,0.1,Conditions-Proof,0.17,False
e7353cbb,Anasim Khan,Bahrain,4,38,28,135.71,12.67,4,2,9,lower_order,33.4,34.0,18.1,27.0,C,C+,C+,C,Utility Player,1.5,0.21,,,,,,,,,-0.22,0.49,,,4,,-0.61,0.5,0.29,,,,True
5f547c8b,Rashid Khan,ICC World XI,1,9,7,128.57,9.0,0,1,8,lower_order,33.4,34.4,26.3,30.6,C+,C+,C+,C,Utility Player,7.0,1.0,,,,,,,,,-0.13,0.26,,,1,,,,,,,,True
a5544576,D Murphy,Scotland,1,20,21,95.24,20.0,0,0,6,lower_middle,33.4,11.8,37.6,32.0,C+,C+,D,C+,Utility Player,0.0,0.0,,,,,,,,,-0.31,0.29,,,1,,-0.58,0.0,1.0,,,,True
ff60c8ba,K Krishnakumar,Bulgaria,5,92,87,105.75,18.4,6,3,4,upper_middle,33.4,29.9,36.0,34.8,C+,C+,C,C+,Utility Player,12.4,0.71,,,,,,,,,-0.17,0.77,,,1,,-1.12,0.14,0.67,,,,True
04bc296f,D Sabir,Bermuda,21,215,189,113.76,13.44,18,4,5,upper_middle,33.4,21.7,25.0,27.9,C,C+,C,C,Utility Player,2.9,0.32,1.32,,1.32,-0.48,0.48,0.52,0.84,0.39,-0.14,0.79,0.04,-0.25,14,0.01,-0.79,0.36,0.71,-0.24,Tough-Track Star,-0.49,False
5117fa55,Ismail Ali,Maldives,15,189,169,111.83,13.5,10,11,3,top_order,33.4,31.0,21.1,28.0,C,C+,C+,C,Utility Player,5.47,0.49,,,,0.11,-0.11,0.89,1.11,0.02,-0.18,0.76,0.05,0.77,8,0.09,-1.3,0.11,0.72,-0.34,Conditions-Proof,-0.05,False
95e47073,Huzaif Yousuf,Bulgaria,2,16,16,100.0,16.0,2,0,10,tail,33.4,31.7,39.1,36.2,C+,C+,C+,C+,Utility Player,6.0,0.75,,,,,,,,,-0.22,1.06,,,2,,-1.3,0.0,1.0,,,,True
803dbf1d,A Dutt,Netherlands,17,136,128,106.25,13.6,9,4,9,lower_order,33.4,31.5,50.8,41.4,C+,C+,C+,B,Utility Player,4.24,0.56,,,,0.06,-0.06,0.23,0.28,0.21,-0.25,1.06,0.06,-0.5,8,-0.2,-0.88,0.25,0.56,-0.36,Conditions-Proof,-0.02,False
9a2fc964,BC Fortuin,South Africa,16,127,109,116.51,12.7,14,2,8,lower_order,33.4,19.6,46.2,36.9,C+,C+,C,B,Utility Player,4.5,0.66,,,,-0.28,0.28,0.17,0.41,0.25,-0.32,0.91,0.06,-0.03,7,-0.15,-1.22,0.25,0.67,-0.18,Tough-Track Star,-0.27,False
22b25a18,Noorullah Sidiqi,Belgium,1,6,1,600.0,6.0,0,1,10,tail,33.4,33.9,25.1,29.8,C,C+,C+,C,Utility Player,0.0,0.0,,,,,,,,,3.07,1.54,,,0,,,,,,,,True
43936951,DR Tuffey,New Zealand,2,5,5,100.0,5.0,1,0,10,tail,33.3,32.9,23.2,28.7,C,C+,C+,C,Utility Player,1.5,0.6,,,,,,,,,-0.2,0.44,,,1,,,,,,,,True
fccc2d5a,Usman Arif,Norway,10,146,80,182.5,14.6,6,15,2,top_order,33.3,39.6,6.8,23.3,C,C+,C+,D,Utility Player,2.3,0.29,,,,,,2.31,4.34,0.59,-0.28,0.6,0.06,1.35,5,0.11,-0.72,0.4,0.58,0.55,Conditions-Proof,-0.17,False
d6ac6545,Nadif Chowdhury,Bangladesh,2,17,16,106.25,8.5,1,0,6,lower_middle,33.3,27.7,30.6,31.1,C+,C+,C,C+,Utility Player,0.0,0.0,,,,,,,,,-0.1,0.33,,,0,,,,,,,,True
7ab1eab7,Salman Mirza,Pakistan,4,9,8,112.5,4.5,1,0,10,tail,33.2,30.2,22.7,27.9,C,C+,C+,C,Utility Player,1.5,0.75,,,,,,,,,-0.23,0.58,,,0,,,,,,,,True
b67bfbf8,HK Kukreja,Singapore,6,113,115,98.26,18.83,12,0,3,top_order,33.2,16.6,40.7,34.3,C+,C+,C,C+,Utility Player,9.67,0.5,1.63,,1.63,,,,,0.35,-0.19,0.61,,,3,,-1.03,0.1,0.68,,,,True
679af2e2,Salman Nazar,Canada,1,10,9,111.11,10.0,1,0,11,tail,33.2,32.2,30.9,32.2,C+,C+,C+,C+,Utility Player,4.0,0.44,,,,,,,,,0.21,0.39,,,1,,,,,,,,True
21d4e29b,Navdeep Saini,India,3,12,11,109.09,12.0,2,0,10,tail,33.1,36.0,49.2,41.2,C+,C+,C+,B,Utility Player,2.33,0.64,,,,,,,,,-0.32,0.83,,,0,,0.28,1.0,1.0,,,,True
26e5cabf,MK Tiwary,India,1,15,17,88.24,15.0,0,0,5,upper_middle,33.1,20.5,35.5,32.2,C+,C+,C,C+,Utility Player,0.0,0.0,,,,,,,,,-0.16,0.14,,,0,,-1.75,0.0,1.0,,,,True
1ab8beda,T Rajiv,Seychelles,5,83,68,122.06,16.6,11,2,1,top_order,33.1,34.8,26.2,31.1,C+,C+,C+,C,Utility Player,4.2,0.31,,,,,,,,,-0.11,0.62,,,5,-0.11,-1.08,0.0,0.51,,,,True
91e035c6,Awais Ikram,Slovenia,5,29,29,100.0,9.67,3,1,10,tail,33.1,32.8,25.9,30.0,C+,C+,C+,C,Utility Player,4.6,0.79,,,,,,,,,-0.03,0.96,,,4,,-1.74,0.0,0.29,,,,True
45a34a2d,VD Adewoye,Nigeria,41,431,355,121.41,12.31,35,19,6,lower_middle,33.1,39.4,9.4,24.4,C,C+,C+,D,Utility Player,3.29,0.38,0.93,,0.93,-0.31,0.31,0.69,1.75,-0.0,-0.2,0.94,0.02,0.74,19,-0.13,-0.96,0.23,0.74,-0.07,Conditions-Proof,-0.35,False
543b4a1f,R Telemachus,South Africa,1,5,3,166.67,5.0,0,0,10,tail,33.1,27.6,35.2,33.0,C+,C+,C,C+,Utility Player,0.0,0.0,,,,,,,,,0.54,0.44,,,0,,,,,,,,True
e205ce8b,FL Patel,Panama,8,75,69,108.7,9.38,9,2,8,lower_order,33.0,33.5,5.3,20.9,C,C+,C+,D,Utility Player,2.88,0.33,,,,,,,,0.85,-0.09,0.64,,-3.56,6,-1.02,-0.29,0.33,0.5,,,,True
9960a421,H Dandapani,Finland,1,17,19,89.47,17.0,2,0,10,tail,32.9,33.6,34.6,34.5,C+,C+,C+,C+,Utility Player,19.0,1.0,,,,,,,,,-0.22,0.55,,,0,,-1.44,0.0,1.0,,,,True
de3d549a,AM Fernando,Sri Lanka,3,11,5,220.0,11.0,2,0,10,tail,32.9,40.7,40.9,38.3,C+,C+,C+,C+,Utility Player,0.33,0.2,,,,,,,,,-0.29,0.7,,,3,,,,,,,,True
2ef6c852,JM Joao,Mozambique,7,82,84,97.62,11.71,11,0,3,top_order,32.9,16.3,21.0,24.6,C,C+,C,C,Utility Player,9.14,0.76,,,,,,,,-0.34,-0.17,0.51,,0.23,5,0.07,-1.82,0.0,0.6,,,,True
82340b9d,TJ Stephenson,Belize,1,7,5,140.0,7.0,1,0,10,tail,32.9,32.4,33.6,33.2,C+,C+,C+,C+,Utility Player,0.0,0.0,,,,,,,,,0.57,0.64,,,1,,,,,,,,True
797f52cc,AAhan Achar,Singapore,5,12,15,80.0,12.0,1,0,11,tail,32.8,22.9,46.7,37.4,C+,C+,C,B,Utility Player,2.8,0.93,,,,,,,,,-0.29,0.92,,,2,,,,,,,,True
0813a8b1,D Marks,Malta,6,31,35,88.57,10.33,1,1,11,tail,32.8,29.0,32.4,32.1,C+,C+,C,C+,Utility Player,2.33,0.4,,,,,,,,-0.06,-0.08,0.97,,,4,,-2.04,0.0,0.29,,,,True
01c05b6c,RJ Hatchman,Gibraltar,13,135,94,143.62,11.25,9,8,6,lower_middle,32.8,33.2,15.1,25.3,C,C+,C+,C,Utility Player,2.77,0.38,,,,,,0.32,0.4,-0.58,-0.24,0.92,0.07,,4,,0.66,0.75,0.59,0.29,Flat-Track Bully,,False
d4aa2ddb,R Sheshadri,Singapore,3,21,22,95.45,10.5,1,1,2,top_order,32.8,14.4,23.0,24.9,C,C+,D,C,Utility Player,6.0,0.82,,,,,,,,,-0.14,0.48,,,3,,,,,,,,True
f5f18a18,S Randiv,Sri Lanka,2,8,6,133.33,4.0,1,0,9,lower_order,32.7,30.3,24.5,28.6,C,C+,C+,C,Utility Player,0.5,0.17,,,,,,,,,0.27,0.42,,,2,,,,,,,,True
214cf493,KB Ahir,Panama,6,14,17,82.35,14.0,1,1,10,tail,32.6,36.0,50.3,41.7,C+,C+,C+,B,Utility Player,1.83,0.65,,,,,,,,-0.27,-0.25,1.41,,,6,-0.22,,,,,,,True
2237eb05,Bilal Ahmad Mir,South Korea,8,89,79,112.66,12.71,8,4,8,lower_order,32.6,35.9,32.5,33.7,C+,C+,C+,C+,Utility Player,5.5,0.56,,,,,,,,0.0,-0.08,1.08,,,3,,-1.71,0.0,0.51,,,,True
41a61623,S Kharvi,Indonesia,6,98,89,110.11,16.33,6,7,3,top_order,32.6,36.4,18.5,27.8,C,C+,C+,C,Utility Player,9.5,0.64,,,,,,,,0.0,-0.24,0.56,,,2,,-1.03,0.2,0.63,,,,True
8cf61570,Shashikant Laxman,Mexico,15,124,127,97.64,8.27,18,2,1,top_order,32.6,32.4,2.4,19.2,C,C+,C+,D,Utility Player,2.07,0.24,,,,0.56,-0.56,1.38,2.06,0.55,0.34,0.85,0.06,3.81,5,0.97,-1.73,0.2,0.71,-0.63,Tough-Track Star,,False
a073f2ff,S Thakur,Romania,4,89,70,127.14,44.5,12,1,11,tail,32.5,37.0,47.2,45.1,B,C+,C+,B,Utility Player,9.5,0.54,1.01,,1.01,,,,,,-0.41,1.37,,,2,,-0.84,0.25,0.54,,,,True
3346b14f,S Koppolu,Slovenia,13,157,149,105.37,14.27,15,4,8,lower_order,32.5,31.1,33.0,33.1,C+,C+,C+,C+,Utility Player,5.92,0.52,,,,0.21,-0.21,0.2,0.45,-0.22,-0.32,0.95,0.07,0.12,11,-0.29,-0.82,0.22,0.69,0.01,Conditions-Proof,0.07,False
94b8d7dd,A Saud,Nepal,3,70,63,111.11,23.33,7,4,2,top_order,32.4,48.3,37.7,39.5,C+,C+,B,C+,Utility Player,2.33,0.11,,,,,,,,,-0.16,0.65,,,0,,-1.02,0.33,0.6,,,,True
7fb32e5b,KD Mills,New Zealand,19,137,123,111.38,11.42,11,5,8,lower_order,32.4,39.6,31.8,34.0,C+,C+,C+,C+,Utility Player,3.0,0.46,,,,-0.33,0.33,0.33,0.81,0.13,-0.28,0.91,0.05,-0.7,8,-0.3,-1.03,0.14,0.67,-0.15,Conditions-Proof,-0.23,False
00863408,MTMMJ Ave,Cook Islands,16,432,395,109.37,39.27,37,16,3,top_order,32.4,45.8,56.4,51.3,B,C+,B,B,Utility Player,10.88,0.44,1.5,,1.5,,,0.56,1.33,-0.02,-0.24,1.63,0.1,0.63,11,-0.04,-0.76,0.26,0.72,0.11,Conditions-Proof,0.01,False
d2c2b2d5,SR Tendulkar,India,1,10,12,83.33,10.0,2,0,2,top_order,32.4,33.7,23.0,28.6,C,C+,C+,C,Utility Player,7.0,0.58,,,,,,,,,-0.2,0.14,,,0,,-2.09,0.0,1.0,,,,True
1a628a92,Mohammad Kamran,Spain,11,122,112,108.93,15.25,10,3,5,upper_middle,32.4,28.3,27.8,30.2,C+,C+,C,C,Utility Player,4.27,0.42,2.14,,2.14,0.2,-0.2,0.51,0.5,0.26,-0.14,0.67,0.06,-0.6,5,-0.0,-1.9,0.0,0.56,0.06,Conditions-Proof,-0.03,False
b9c3ffcd,Tafseer Ali,Norway,9,81,108,75.0,11.57,7,0,5,upper_middle,32.3,29.1,27.3,29.8,C,C+,C,C,Utility Player,6.67,0.56,,,,,,,,-0.29,-0.22,0.67,,-0.0,6,0.06,-1.7,0.11,0.7,,,,True
6ef13460,A Balbirnie,Ireland,89,2028,1654,122.61,23.58,211,60,3,top_order,32.3,78.4,73.0,62.8,B+,C+,A,B+,Power Anchor,6.36,0.34,1.11,,1.11,0.01,-0.01,0.47,1.01,-0.04,-0.22,1.85,0.02,-0.01,37,0.07,-0.72,0.31,0.81,-0.15,Conditions-Proof,-0.07,False
d701081f,JH Mensah,Ghana,2,17,10,170.0,8.5,1,1,4,upper_middle,32.3,32.4,19.9,26.9,C,C+,C+,C,Utility Player,0.0,0.0,,,,,,,,,0.15,0.32,,,2,,,,,,,,True
1283e17b,Imal Zuwak,Sweden,20,430,387,111.11,23.89,42,12,2,top_order,32.2,47.3,52.3,46.3,B,C+,B,B,Utility Player,5.55,0.29,1.2,,1.2,0.13,-0.13,0.53,1.75,-0.08,-0.25,1.3,0.06,0.29,9,0.21,-0.7,0.15,0.79,-0.06,Conditions-Proof,-0.08,False
9d710afe,DR Flynn,New Zealand,5,59,51,115.69,11.8,1,4,7,lower_middle,32.2,32.3,37.8,35.1,C+,C+,C+,C+,Utility Player,5.4,0.53,,,,,,,,,-0.21,0.53,,,2,,-1.02,0.25,0.57,,,,True
cef52835,Owais Ahmed,Qatar,3,11,11,100.0,11.0,2,0,11,tail,32.2,33.1,43.0,37.5,C+,C+,C+,C+,Utility Player,2.33,0.64,,,,,,,,,-0.27,0.84,,,2,,,,,,,,True
b561e8ea,Nimish Lathief,Kuwait,12,93,110,84.55,11.62,8,2,8,lower_order,32.2,28.2,39.8,35.2,C+,C+,C,C+,Utility Player,3.83,0.42,,,,-0.15,0.15,0.35,0.56,-0.25,-0.2,0.9,0.07,,4,,-1.81,0.0,0.64,0.33,Flat-Track Bully,0.19,False
192f2caf,A Bhargava,Singapore,2,7,6,116.67,7.0,1,0,10,tail,32.1,30.8,33.9,32.7,C+,C+,C+,C+,Utility Player,2.0,0.67,,,,,,,,,0.06,0.68,,,2,,,,,,,,True
876dbe2d,DR Mousley,England,1,8,6,133.33,8.0,0,1,7,lower_middle,32.1,35.1,21.2,27.9,C,C+,C+,C,Utility Player,0.0,0.0,,,,,,,,,0.06,0.25,,,0,,,,,,,,True
e345bcdc,Mohammad Waheed,Hong Kong,2,13,15,86.67,13.0,2,0,10,tail,32.1,34.1,37.3,35.2,C+,C+,C+,C+,Utility Player,2.0,0.27,,,,,,,,,0.06,0.64,,,1,,-1.97,0.0,1.0,,,,True
d7265622,G Manan,Romania,12,143,88,162.5,11.92,15,10,2,top_order,32.1,37.3,4.6,21.2,C,C+,C+,D,Utility Player,1.83,0.25,,,,0.31,-0.31,1.07,1.78,0.11,-0.11,0.83,0.07,,1,,-1.29,0.4,0.58,-0.62,Tough-Track Star,-1.08,False
6df8d190,SE Findlay,West Indies,2,32,31,103.23,16.0,4,0,5,upper_middle,32.1,37.5,36.5,35.8,C+,C+,C+,C+,Utility Player,7.0,0.45,,,,,,,,,-0.24,0.28,,,1,,-1.51,0.0,0.49,,,,True
973006cc,Amir Zaib,Portugal,16,243,192,126.56,18.69,21,7,5,upper_middle,32.1,43.7,15.1,27.9,C,C+,C+,C,Utility Player,2.62,0.22,,,,,,0.76,0.8,-0.02,-0.34,0.89,0.06,-0.07,10,-0.37,-0.21,0.31,0.73,0.54,Flat-Track Bully,0.86,False
487b8546,MW Jones,Scotland,1,9,6,150.0,9.0,0,1,10,tail,32.0,33.2,28.4,30.8,C+,C+,C+,C,Utility Player,0.0,0.0,,,,,,,,,-0.05,0.37,,,1,,,,,,,,True
e012ad13,KOA Powell,West Indies,1,12,14,85.71,12.0,1,0,4,upper_middle,32.0,31.2,26.9,29.8,C,C+,C+,C,Utility Player,1.0,0.07,,,,,,,,,-0.28,0.05,,,1,,-2.22,0.0,1.0,,,,True
c4ab9b94,Abdullah Rana,Switzerland,5,42,27,155.56,10.5,4,2,5,upper_middle,32.0,31.9,10.5,22.6,C,C+,C+,D,Utility Player,1.8,0.33,,,,,,,,,0.08,0.6,,,3,,0.28,1.0,1.0,,,,True
3f9d95f9,LJ Myott,Philippines,8,32,34,94.12,10.67,1,1,11,tail,32.0,15.5,36.7,31.1,C+,C+,C,C+,Utility Player,2.88,0.68,,,,,,,,0.59,-0.12,1.04,,-0.79,6,-0.26,-1.57,0.0,0.29,,,,True
e5309baa,CP Rizwan,United Arab Emirates,12,252,224,112.5,25.2,21,4,4,upper_middle,32.0,20.0,64.6,46.3,B,C+,C,B+,Utility Player,8.5,0.46,1.16,,1.16,,,0.5,0.5,-0.16,-0.26,1.05,0.09,,3,,-0.71,0.19,0.74,0.04,Conditions-Proof,0.1,False
cad40f5e,BA Carse,England,8,46,37,124.32,9.2,2,3,8,lower_order,31.9,19.8,21.0,24.8,C,C+,C,C,Utility Player,2.5,0.54,,,,,,,,,-0.48,0.49,,,2,,-1.8,0.0,1.0,,,,True
98aa2a5a,A McKnight,Turks and Caicos Island,2,67,74,90.54,33.5,6,2,2,top_order,31.9,37.2,37.8,39.4,C+,C+,C+,C+,Utility Player,2.5,0.07,,,,,,,,,-0.15,0.82,,,1,,-1.02,0.12,0.68,,,,True
4a370769,Gagandeep Singh,Bulgaria,8,40,39,102.56,8.0,4,1,9,lower_order,31.9,30.6,22.2,27.4,C,C+,C+,C,Utility Player,3.38,0.69,,,,,,,,0.36,0.18,1.01,,-1.36,5,-1.35,-1.97,0.0,1.0,,,,True
6e1b1ec0,MP Vaughan,England,2,27,22,122.73,13.5,4,0,5,upper_middle,31.8,31.1,16.4,25.2,C,C+,C+,C,Utility Player,10.5,0.95,,,,,,,,,-0.5,0.1,,,1,,-0.05,0.5,0.29,,,,True
a8529363,S Ateak,Ghana,3,45,48,93.75,15.0,6,1,3,top_order,31.8,36.5,22.0,28.9,C,C+,C+,C,Utility Player,6.67,0.42,,,,,,,,,-0.05,0.34,,,3,,0.39,0.67,0.5,,,,True
27cc4361,PJ Ongondo,Kenya,4,19,15,126.67,4.75,1,1,10,tail,31.8,30.0,14.5,23.7,C,C+,C+,D,Utility Player,2.0,0.53,,,,,,,,,-0.26,0.42,,,2,,,,,,,,True
7c7d63a2,AJ Tye,Australia,14,83,76,109.21,10.38,5,4,9,lower_order,31.8,19.4,30.6,29.1,C,C+,C,C+,Utility Player,3.43,0.63,,,,0.61,-0.61,0.22,0.31,-0.04,-0.29,0.73,0.05,0.45,8,0.26,-1.8,0.0,0.58,0.01,Conditions-Proof,-0.19,False
8f3c6b8a,Muhammad Farooq,United Arab Emirates,3,24,19,126.32,12.0,2,1,9,lower_order,31.7,24.7,34.1,31.7,C+,C+,C,C+,Utility Player,2.67,0.42,,,,,,,,,-0.4,0.47,,,2,,0.03,0.5,0.29,,,,True
39f0b039,Baljit Singh,Italy,6,58,53,109.43,11.6,3,2,10,tail,31.7,27.2,31.5,31.1,C+,C+,C,C+,Utility Player,2.33,0.26,0.91,,0.91,,,,,-0.53,-0.36,0.77,,,6,-0.3,0.12,0.33,0.5,,,,True
2835af2a,A Kapoor,Canada,1,9,4,225.0,9.0,1,0,6,lower_middle,31.7,28.8,31.5,31.2,C+,C+,C,C+,Utility Player,0.0,0.0,,,,,,,,,0.68,0.53,,,0,,,,,,,,True
45a62071,T Hinds,West Indies,1,5,3,166.67,5.0,1,0,10,tail,31.7,33.1,29.5,31.0,C+,C+,C+,C,Utility Player,1.0,0.33,,,,,,,,,0.08,0.43,,,0,,,,,,,,True
91136091,LHB Harrington-Myers,Cayman Islands,4,32,39,82.05,10.67,1,1,6,lower_middle,31.7,34.3,26.3,30.1,C+,C+,C+,C,Utility Player,4.5,0.46,,,,,,,,,-0.27,0.52,,,4,,-1.34,0.0,0.48,,,,True
c8c566df,S Sheelan,Indonesia,1,28,28,100.0,28.0,3,0,2,top_order,31.7,23.6,33.8,33.4,C+,C+,C,C+,Utility Player,0.0,0.0,,,,,,,,,-0.2,0.29,,,0,,-1.32,0.0,0.49,,,,True
906b7d48,Muhammad Moiz,Romania,14,124,96,129.17,8.86,11,7,3,top_order,31.7,32.0,1.4,18.4,C,C+,C+,D,Utility Player,2.14,0.31,,,,-0.22,0.22,0.85,1.76,0.23,-0.03,0.69,0.05,0.87,5,0.36,-0.94,0.17,0.66,-0.03,Conditions-Proof,-0.02,False
bccead86,FDW McCreath,Scotland,4,53,45,117.78,13.25,4,2,5,upper_middle,31.7,36.9,19.7,27.8,C,C+,C+,C,Utility Player,4.0,0.36,,,,,,,,,-0.33,0.33,,,2,,0.17,0.67,0.49,,,,True
5bb1a1c4,I Sharma,India,3,8,9,88.89,8.0,1,0,11,tail,31.6,32.8,31.8,32.0,C+,C+,C+,C+,Utility Player,2.33,0.78,,,,,,,,,-0.36,0.51,,,1,,,,,,,,True
df6534ac,Khalander Mustafa,Saudi Arabia,1,4,1,400.0,4.0,1,0,9,lower_order,31.6,32.0,24.0,28.3,C,C+,C+,C,Utility Player,0.0,0.0,,,,,,,,,1.73,0.93,,,1,,,,,,,,True
2b203501,Akhil Arjunan,Finland,10,120,137,87.59,15.0,7,1,10,tail,31.6,20.1,47.5,37.1,C+,C+,C,B,Utility Player,5.5,0.4,,,,,,0.17,0.29,-0.56,-0.28,1.21,0.12,0.52,5,0.44,-1.29,0.09,0.68,0.54,Flat-Track Bully,,False
f83b77f9,Raaz Mohammad,Finland,8,26,38,68.42,13.0,1,0,10,tail,31.6,10.9,44.9,33.8,C+,C+,D,C+,Utility Player,3.38,0.71,,,,,,,,-0.39,-0.41,1.09,,-0.24,5,-0.35,-1.73,0.0,1.0,,,,True
b24e0ffd,SB Patel,Malta,9,109,100,109.0,12.11,8,6,8,lower_order,31.6,33.0,23.7,28.8,C,C+,C+,C,Utility Player,8.0,0.72,,,,,,,,-0.01,-0.23,0.84,,,3,,-1.09,0.43,0.6,,,,True
3d6617c6,S Jamil,Belgium,10,75,84,89.29,12.5,10,0,1,top_order,31.6,16.3,24.4,25.7,C,C+,C,C,Utility Player,5.4,0.64,,,,,,0.15,0.35,-0.22,-0.2,0.65,0.07,,1,,-1.32,0.14,0.65,0.38,Flat-Track Bully,0.56,False
48024cf4,MM Siddique,Japan,2,29,20,145.0,14.5,4,1,8,lower_order,31.6,32.8,29.1,31.2,C+,C+,C+,C,Utility Player,1.0,0.1,,,,,,,,,0.04,0.88,,,1,,0.76,1.0,1.0,,,,True
ad85a036,Vineet Shah,Indonesia,9,122,140,87.14,17.43,10,1,3,top_order,31.5,1.7,40.4,30.4,C+,C+,D,C+,Utility Player,11.22,0.72,,,,,,,,0.0,-0.26,0.7,,,1,,-1.44,0.0,0.64,,,,True
f5ef7ac3,TSS Mackintosh,Scotland,1,16,14,114.29,16.0,1,0,5,upper_middle,31.5,22.3,28.3,28.8,C,C+,C,C,Utility Player,14.0,1.0,,,,,,,,,-0.13,0.21,,,1,,-0.37,0.0,1.0,,,,True
fdc1ac0f,Hazrat Luqman,United Arab Emirates,1,8,6,133.33,8.0,0,0,9,lower_order,31.4,26.1,34.1,31.7,C+,C+,C,C+,Utility Player,0.0,0.0,,,,,,,,,0.38,0.37,,,1,,,,,,,,True
38189be1,OD Hald,Denmark,14,134,114,117.54,12.18,9,5,7,lower_middle,31.4,28.8,40.2,35.3,C+,C+,C,C+,Utility Player,5.86,0.72,,,,,,0.8,0.97,0.02,-0.2,0.97,0.07,0.83,13,0.54,-0.58,0.29,0.7,0.27,Flat-Track Bully,0.32,False
34cca64a,KM Venkataswamy,Czech Republic,1,55,41,134.15,55.0,3,2,3,top_order,31.4,30.4,36.0,38.4,C+,C+,C+,C+,Utility Player,6.0,0.15,0.91,,0.91,,,,,,-0.15,0.58,,,0,,-0.17,0.25,0.58,,,,True
4d733a54,A Ilaoa,Samoa,7,35,35,100.0,5.83,3,1,8,lower_order,31.4,25.5,5.9,18.8,C,C+,C,D,Utility Player,2.0,0.4,,,,,,,,-0.15,-0.26,0.57,,0.52,6,0.1,,,,,,,True
32613355,M Akhigbe,Nigeria,3,23,22,104.55,7.67,3,0,3,top_order,31.4,29.7,23.4,27.6,C,C+,C,C,Utility Player,0.0,0.0,,,,,,,,,0.28,0.55,,,0,,-2.55,0.0,1.0,,,,True
6834d1f2,B Stanlake,Australia,2,9,12,75.0,9.0,0,1,11,tail,31.4,34.7,31.4,32.2,C+,C+,C+,C+,Utility Player,5.0,0.83,,,,,,,,,-0.47,0.42,,,2,,,,,,,,True
866d3ac8,A Parima,Cook Islands,15,250,217,115.21,19.23,25,11,3,top_order,31.4,46.8,16.8,29.1,C,C+,B,C,Utility Player,4.73,0.33,3.47,,3.47,,,0.7,1.11,-0.48,-0.25,1.01,0.07,1.28,10,0.45,-1.0,0.25,0.74,0.16,Conditions-Proof,-0.09,False
f752db61,JL Pattinson,Australia,1,5,3,166.67,5.0,1,0,9,lower_order,31.3,32.5,27.7,30.0,C+,C+,C+,C,Utility Player,3.0,1.0,,,,,,,,,0.31,0.38,,,0,,,,,,,,True
2a242d58,Simandeep Singh,Hong Kong,7,33,32,103.12,6.6,2,0,6,lower_middle,31.3,13.2,23.9,24.5,C,C+,D,C,Utility Player,2.57,0.56,,,,,,,,-0.89,-0.04,0.51,,,7,-0.03,,,,,,,True
78cb83f3,KOK Williams,West Indies,5,19,17,111.76,6.33,1,1,9,lower_order,31.3,30.6,22.5,27.3,C,C+,C+,C,Utility Player,3.2,0.94,,,,,,,,,-0.37,0.47,,,4,,,,,,,,True
658c2e71,MGSM Fernando,Italy,3,24,19,126.32,8.0,2,1,8,lower_order,31.1,30.1,21.9,26.9,C,C+,C+,C,Utility Player,1.0,0.16,,,,,,,,,0.06,0.52,,,3,,,,,,,,True
5a6bb1c7,Fayyaz Ahmed,United Arab Emirates,1,11,12,91.67,11.0,2,0,6,lower_middle,31.1,33.0,24.4,28.7,C,C+,C+,C,Utility Player,1.0,0.08,,,,,,,,,-0.16,0.15,,,1,,,,,,,,True
5c88fab9,Awais Zia,Pakistan,5,70,80,87.5,14.0,4,3,2,top_order,31.1,18.0,25.2,26.3,C,C+,C,C,Utility Player,2.8,0.18,,,,,,,,,-0.25,0.27,,,1,,-2.22,0.0,0.48,,,,True
65122d56,K Christie,Hong Kong,3,14,18,77.78,14.0,0,0,11,tail,31.1,15.2,48.2,36.1,C+,C+,C,B,Utility Player,1.67,0.28,,,,,,,,,-0.34,0.74,,,3,,-1.11,0.0,0.29,,,,True
e9173fb0,SR Bhudia,Kenya,35,554,455,121.76,19.1,49,17,5,upper_middle,31.0,50.2,53.9,46.6,B,C+,B,B,Utility Player,4.83,0.37,1.25,,1.25,-0.16,0.16,0.56,1.08,-0.06,-0.22,1.34,0.04,0.05,21,-0.24,-0.99,0.28,0.75,0.05,Conditions-Proof,0.13,False
20a941bb,M Ntini,South Africa,4,10,11,90.91,5.0,2,0,10,tail,31.0,34.7,15.5,24.8,C,C+,C+,C,Utility Player,1.75,0.64,,,,,,,,,-0.29,0.45,,,3,,,,,,,,True
8db7f47f,RJW Topley,England,7,17,20,85.0,8.5,1,0,11,tail,30.9,12.6,52.1,36.9,C+,C+,D,B,Utility Player,1.57,0.55,,,,,,,,0.8,-0.33,0.97,,0.45,5,0.69,,,,,,,True
fd4809c8,A Kuthalingham,Turks and Caicos Island,2,37,39,94.87,18.5,1,0,8,lower_order,30.9,15.5,34.0,30.1,C+,C+,C,C+,Utility Player,12.0,0.62,,,,,,,,,-0.13,0.63,,,0,,-1.35,0.0,0.29,,,,True
4c7c6f58,RJMGM Rupasinghe,Sri Lanka,2,33,39,84.62,16.5,2,0,5,upper_middle,30.8,16.9,39.7,32.7,C+,C+,C,C+,Utility Player,19.5,1.0,,,,,,,,,-0.32,0.23,,,1,,-1.0,0.25,0.55,,,,True
8e9d3dc4,PF Gallagher,Finland,16,133,104,127.88,9.5,12,8,6,lower_middle,30.8,34.6,2.2,19.0,C,C+,C+,D,Utility Player,2.31,0.36,,,,-0.01,0.01,1.06,1.77,0.1,-0.18,0.67,0.04,2.49,9,0.64,-0.92,0.33,0.6,0.19,Flat-Track Bully,0.44,False
877ad201,Hayatullah Niazi,Norway,3,43,41,104.88,14.33,1,2,6,lower_middle,30.8,24.0,30.1,29.6,C,C+,C,C+,Utility Player,5.67,0.41,,,,,,,,,-0.08,0.39,,,3,,-0.63,0.33,0.5,,,,True
175d3d9f,Mohmedazim Abbasbhai,Zambia,6,72,75,96.0,12.0,9,1,2,top_order,30.8,33.0,11.7,23.0,C,C+,C+,D,Utility Player,4.5,0.36,,,,,,,,0.0,-0.03,0.5,,,1,,-0.8,0.29,0.59,,,,True
c7726eec,Atif Rasheed,Finland,15,215,180,119.44,14.33,12,10,2,top_order,30.7,30.0,6.6,20.4,C,C+,C+,D,Utility Player,3.75,0.31,0.0,,0.0,-0.26,0.26,0.76,1.66,0.32,-0.25,0.51,0.03,0.23,9,0.07,-1.11,0.27,0.67,0.11,Conditions-Proof,0.69,False
88fac705,TJ Draca,Italy,3,11,14,78.57,5.5,1,0,11,tail,30.7,29.2,26.6,28.6,C,C+,C,C,Utility Player,3.33,0.71,,,,,,,,,-0.19,0.5,,,2,,,,,,,,True
82903f3a,A Gulati,Bahamas,2,6,4,150.0,6.0,1,0,10,tail,30.7,30.3,21.4,26.5,C,C+,C+,C,Utility Player,0.0,0.0,,,,,,,,,0.54,0.58,,,2,,,,,,,,True
f93b43dd,SK Patel,United States of America,2,35,37,94.59,17.5,2,0,3,top_order,30.7,8.0,42.2,32.1,C+,C+,D,C+,Utility Player,13.0,0.7,,,,,,,,,-0.33,0.34,,,0,,-1.53,0.0,0.49,,,,True
0f05655d,Tashi Dorji,Bhutan,10,94,68,138.24,11.75,2,9,8,lower_order,30.7,34.0,22.9,28.2,C,C+,C+,C,Utility Player,2.2,0.32,,,,,,1.15,2.74,0.48,-0.09,0.81,0.08,,4,,-1.22,0.33,0.43,-0.12,Conditions-Proof,-0.4,False
b31d458f,Luca Petre,Romania,5,24,23,104.35,12.0,0,0,10,tail,30.7,9.2,39.5,30.7,C+,C+,D,C+,Utility Player,3.2,0.7,,,,,,,,,-0.21,0.87,,,1,,-0.8,0.0,1.0,,,,True
80ec5dfd,AM Blignaut,Zimbabwe,1,8,8,100.0,8.0,1,0,3,top_order,30.6,32.4,26.6,29.3,C,C+,C+,C,Utility Player,0.0,0.0,,,,,,,,,0.17,0.16,,,0,,,,,,,,True
6daf5e8c,RAJ Smith,Scotland,1,9,7,128.57,9.0,1,0,8,lower_order,30.6,30.4,32.1,31.4,C+,C+,C+,C+,Utility Player,3.0,0.43,,,,,,,,,0.0,0.32,,,0,,,,,,,,True
1a5d690f,Gurpreet Singh,Italy,2,17,14,121.43,8.5,0,1,7,lower_middle,30.5,28.8,37.9,33.6,C+,C+,C,C+,Utility Player,6.0,0.86,,,,,,,,,-0.04,0.89,,,0,,,,,,,,True
cc3ebe28,Haroon Shahid,Kuwait,1,7,3,233.33,7.0,0,1,10,tail,30.5,31.6,24.8,28.2,C,C+,C+,C,Utility Player,1.0,0.33,,,,,,,,,0.41,0.57,,,0,,,,,,,,True
c66d9486,U Bhatti,Canada,2,19,14,135.71,9.5,1,0,8,lower_order,30.5,24.0,34.3,31.1,C+,C+,C,C+,Utility Player,5.0,0.71,,,,,,,,,-0.01,0.44,,,2,,,,,,,,True
6575e3bc,Nazmul Islam,Bangladesh,2,8,10,80.0,8.0,1,0,9,lower_order,30.5,28.6,36.5,32.9,C+,C+,C,C+,Utility Player,4.0,0.8,,,,,,,,,-0.36,0.42,,,1,,,,,,,,True
21dbacff,Abdul Samad,Japan,4,18,27,66.67,18.0,1,0,11,tail,30.4,15.8,56.3,39.9,C+,C+,C,B,Utility Player,3.5,0.52,,,,,,,,,-0.25,1.41,,,2,,,,,,,,True
7c681ee9,J Smits,Netherlands,1,11,17,64.71,11.0,0,0,9,lower_order,30.4,29.5,40.8,35.1,C+,C+,C,C+,Utility Player,17.0,1.0,,,,,,,,,-0.45,0.37,,,1,,-1.41,0.0,0.29,,,,True
3c6b4b2b,Aftab Hussain,Hong Kong,3,7,5,140.0,7.0,1,0,10,tail,30.4,30.1,37.9,33.8,C+,C+,C+,C+,Utility Player,0.67,0.4,,,,,,,,,0.21,0.85,,,2,,,,,,,,True
98aaa3f3,M Thurgate,Japan,1,17,11,154.55,17.0,2,1,10,tail,30.4,30.4,25.8,29.0,C,C+,C+,C,Utility Player,4.0,0.36,,,,,,,,,0.5,0.94,,,0,,0.87,1.0,1.0,,,,True
f2d5966a,Benjamin Embleton,Luxembourg,1,26,29,89.66,26.0,2,0,6,lower_middle,30.2,24.3,36.5,33.8,C+,C+,C,C+,Utility Player,29.0,1.0,,,,,,,,,-0.26,0.33,,,1,,-0.58,0.5,0.29,,,,True
598f5484,Adil Butt,Saudi Arabia,1,6,4,150.0,6.0,0,0,8,lower_order,30.2,23.9,29.0,28.5,C,C+,C,C,Utility Player,3.0,0.75,,,,,,,,,0.22,0.29,,,1,,,,,,,,True
e48c6ec7,N Davidovic,Croatia,2,20,11,181.82,10.0,1,2,6,lower_middle,30.1,30.4,15.8,23.9,C,C+,C+,C,Utility Player,0.5,0.09,,,,,,,,,1.06,0.69,,,2,,,,,,,,True
7febdb69,RM Scott,United States of America,2,19,19,100.0,9.5,3,0,2,top_order,30.1,31.4,19.7,25.9,C,C+,C+,C,Utility Player,3.0,0.32,,,,,,,,,-0.25,0.18,,,0,,-2.22,0.0,1.0,,,,True
83fc78e8,Rehman Abdul,Italy,3,47,51,92.16,23.5,2,1,4,upper_middle,30.1,22.3,39.2,34.2,C+,C+,C,C+,Utility Player,14.33,0.84,,,,,,,,,-0.3,0.37,,,2,,-0.49,0.0,0.44,,,,True
9663115e,Seetharam Guruvayoorappan,Mexico,3,46,65,70.77,23.0,4,0,5,upper_middle,30.1,21.9,38.6,33.8,C+,C+,C,C+,Utility Player,21.67,1.0,,,,,,,,,-0.23,0.59,,,1,,-1.83,0.0,0.62,,,,True
79e754db,P Arrighi,Argentina,2,27,31,87.1,13.5,1,0,7,lower_middle,30.1,19.5,31.1,28.9,C,C+,C,C+,Utility Player,5.0,0.32,,,,,,,,,0.03,0.37,,,1,,-1.89,0.0,1.0,,,,True
6d24561a,Anwar Arudin,Malaysia,19,180,177,101.69,9.47,21,5,2,top_order,30.0,36.4,2.5,19.3,C,C+,C+,D,Utility Player,4.21,0.45,,,,0.18,-0.18,0.33,0.33,-0.45,-0.12,0.61,0.03,0.02,9,-0.05,-1.11,0.18,0.63,-0.11,Conditions-Proof,-0.06,False
78eb4223,KAJ Roach,West Indies,1,3,2,150.0,3.0,0,0,11,tail,30.0,25.8,31.9,30.0,C+,C+,C,C+,Utility Player,0.0,0.0,,,,,,,,,0.38,0.4,,,1,,,,,,,,True
1b8c2b54,M Prasanna,Romania,3,24,13,184.62,12.0,4,0,10,tail,30.0,30.5,31.8,31.2,C+,C+,C+,C+,Utility Player,1.0,0.23,,,,,,,,,0.14,1.01,,,0,,,,,,,,True
21b67523,F Mutua,Kenya,9,42,40,105.0,6.0,4,1,9,lower_order,30.0,27.1,18.7,24.5,C,C+,C,C,Utility Player,2.44,0.55,,,,,,,,0.04,-0.12,0.65,,1.02,8,0.24,,,,,,,True
026e1314,Ali Yalmaz,Hungary,9,71,58,122.41,8.88,2,6,9,lower_order,30.0,31.5,19.8,25.9,C,C+,C+,C,Utility Player,3.44,0.53,,,,,,,,-0.15,-0.08,0.95,,-2.34,5,-1.0,-0.99,0.0,1.0,,,,True
34dd3fd9,SSM Stanislaus,Malta,29,521,501,103.99,20.04,37,20,3,top_order,30.0,17.1,47.2,36.7,C+,C+,C,B,Utility Player,8.45,0.49,0.94,,0.94,-0.02,0.02,0.4,0.6,-0.17,-0.25,1.1,0.04,-0.66,9,-0.23,-1.2,0.15,0.79,0.05,Conditions-Proof,0.06,False
cccdde80,RP Arnold,Sri Lanka,1,7,7,100.0,7.0,0,0,6,lower_middle,29.9,24.3,27.4,27.7,C,C,C,C,Utility Player,5.0,0.71,,,,,,,,,-0.24,0.1,,,0,,,,,,,,True
dc9135c6,S Srikanth,Singapore,1,10,6,166.67,10.0,2,0,7,lower_middle,29.9,31.7,25.6,28.5,C,C,C+,C,Utility Player,2.0,0.33,,,,,,,,,-0.03,0.32,,,0,,,,,,,,True
a02b9f81,SM Tupou,Fiji,5,74,73,101.37,14.8,3,4,7,lower_middle,29.9,21.4,32.2,29.8,C,C,C,C+,Utility Player,6.6,0.45,,,,,,,,,-0.28,0.64,,,5,-0.28,-1.08,0.2,0.57,,,,True
cdf59953,SW Poynter,Ireland,15,152,141,107.8,12.67,12,4,8,lower_order,29.8,21.1,45.2,35.5,C+,C,C,B,Utility Player,4.67,0.5,,,,-0.05,0.05,0.33,0.58,-0.19,-0.25,0.93,0.06,-0.3,6,-0.02,-1.41,0.11,0.66,0.5,Flat-Track Bully,0.27,False
4fe6be0c,Shah Faisal,Oman,8,34,45,75.56,8.5,2,1,11,tail,29.8,35.5,32.5,32.3,C+,C,C+,C+,Utility Player,5.38,0.96,,,,,,,,-0.25,-0.26,0.82,,-2.63,7,-1.94,-2.11,0.0,1.0,,,,True
951686f5,Dawood Ahmadzai,France,17,86,116,74.14,8.6,7,0,10,tail,29.8,14.6,28.2,26.3,C,C,D,C,Utility Player,3.47,0.51,,,,-0.63,0.63,0.46,0.7,0.36,-0.16,1.0,0.06,0.46,10,0.08,-2.3,0.11,0.7,-0.11,Conditions-Proof,-0.85,False
97181d1b,MPS Cheema,Austria,12,106,114,92.98,11.78,10,1,6,lower_middle,29.8,18.0,40.2,32.5,C+,C,C,C+,Utility Player,6.42,0.68,,,,-0.03,0.03,0.33,0.39,0.06,-0.22,0.87,0.07,-1.08,6,-0.36,-1.98,0.0,0.6,-0.04,Conditions-Proof,-0.04,False
63772ee4,D Finau,Samoa,7,33,29,113.79,8.25,2,2,10,tail,29.8,31.0,20.1,25.8,C,C,C+,C,Utility Player,3.14,0.76,,,,,,,,0.06,-0.15,0.77,,0.39,6,-0.56,-4.05,0.0,1.0,,,,True
4992d6f6,ST Doheny,Ireland,3,19,21,90.48,6.33,2,0,3,top_order,29.8,26.5,15.7,22.9,C,C,C,C,Utility Player,2.67,0.38,,,,,,,,,-0.34,0.22,,,0,,-2.13,0.0,1.0,,,,True
bd021695,Qudratullah Mir Afzail,Sweden,5,24,21,114.29,8.0,3,0,8,lower_order,29.7,25.7,32.0,30.1,C+,C,C,C+,Utility Player,2.8,0.67,,,,,,,,,0.07,0.83,,,1,,-0.84,0.33,0.49,,,,True
49691d7a,CB Mpofu,Zimbabwe,10,35,43,81.4,8.75,3,1,11,tail,29.7,18.2,37.7,31.2,C+,C,C,C+,Utility Player,3.8,0.88,,,,,,0.16,0.09,-0.32,-0.45,0.78,0.08,-0.46,7,-0.62,-2.8,0.0,1.0,-0.32,Tough-Track Star,-0.9,False
9dca07d7,RJ Sidebottom,England,1,5,4,125.0,5.0,1,0,10,tail,29.7,31.7,27.6,29.2,C,C,C+,C,Utility Player,2.0,0.5,,,,,,,,,-0.11,0.33,,,0,,,,,,,,True
2a9eee66,Vikramjit Singh,Netherlands,27,400,354,112.99,14.81,33,17,3,top_order,29.6,41.8,17.9,27.6,C,C,C+,C,Utility Player,5.59,0.43,,,,0.11,-0.11,0.69,1.22,0.34,-0.23,0.77,0.03,,3,,-1.55,0.1,0.74,-0.43,Tough-Track Star,-0.64,False
b743f01b,Syed Rasel,Bangladesh,2,7,9,77.78,3.5,1,0,11,tail,29.6,29.3,21.1,25.7,C,C,C,C,Utility Player,3.0,0.67,,,,,,,,,-0.1,0.34,,,0,,,,,,,,True
1ce4f664,KS Bagabena,Ghana,20,117,135,86.67,9.75,5,1,10,tail,29.6,4.9,45.1,32.0,C+,C,D,B,Utility Player,5.35,0.79,,,,-0.12,0.12,0.33,1.05,-0.31,-0.26,1.2,0.06,0.4,14,0.22,-1.32,0.12,0.59,0.01,Conditions-Proof,,False
817c1746,Elias Sunny,Bangladesh,2,6,4,150.0,3.0,1,0,11,tail,29.6,30.3,29.5,29.7,C,C,C+,C,Utility Player,0.5,0.25,,,,,,,,,0.09,0.57,,,1,,,,,,,,True
61928851,Utkarsh Srivastava,United States of America,1,9,8,112.5,9.0,1,0,7,lower_middle,29.6,29.2,28.5,29.2,C,C,C,C,Utility Player,8.0,1.0,,,,,,,,,-0.2,0.21,,,1,,,,,,,,True
fd483a3e,V Shetty,United Arab Emirates,2,11,13,84.62,11.0,1,0,8,lower_order,29.6,25.2,38.0,32.7,C+,C,C,C+,Utility Player,0.5,0.08,,,,,,,,,-0.21,0.41,,,0,,,,,,,,True
35f173a0,MP Breetzke,South Africa,13,158,136,116.18,13.17,14,6,3,top_order,29.6,38.0,7.4,21.8,C,C,C+,D,Utility Player,7.15,0.68,1.55,,1.55,0.35,-0.35,0.29,0.48,-0.17,-0.29,0.42,0.03,0.02,5,0.3,-0.87,0.33,0.64,0.05,Conditions-Proof,,False
af5b6464,N Bidaisee,West Indies,2,24,30,80.0,12.0,1,1,9,lower_order,29.5,32.7,28.8,30.1,C+,C,C+,C,Utility Player,15.0,1.0,,,,,,,,,-0.44,0.31,,,2,,-1.25,0.33,0.48,,,,True
b6b3ee6e,F Achelam,Uganda,22,169,160,105.62,10.56,9,10,7,lower_middle,29.5,36.5,12.1,23.5,C,C,C+,D,Utility Player,3.59,0.49,,,,-0.81,0.81,0.38,0.69,0.22,-0.14,0.81,0.04,-0.85,8,-0.7,-0.83,0.25,0.71,-0.02,Conditions-Proof,0.09,False
6e60a792,MJ Ansell,Isle of Man,9,54,64,84.38,7.71,2,3,8,lower_order,29.5,16.9,16.3,21.2,C,C,C,C,Utility Player,3.56,0.5,,,,,,,,-0.2,-0.27,0.6,,0.45,6,0.41,-2.37,0.0,0.5,,,,True
c5a864d7,SJS Smith,Scotland,1,8,11,72.73,8.0,1,0,8,lower_order,29.5,30.1,29.3,29.6,C,C,C+,C,Utility Player,11.0,1.0,,,,,,,,,-0.29,0.25,,,1,,,,,,,,True
571f11e4,Tanveer Ahmed,Hong Kong,1,7,9,77.78,7.0,1,0,11,tail,29.5,28.5,29.7,29.5,C,C,C,C,Utility Player,9.0,1.0,,,,,,,,,-0.23,0.39,,,0,,,,,,,,True
9cbbe35b,TG Gordon,Canada,2,28,34,82.35,14.0,3,0,6,lower_middle,29.5,35.5,37.6,34.8,C+,C,C+,C+,Utility Player,17.0,1.0,,,,,,,,,-0.36,0.39,,,2,,-1.27,0.0,0.29,,,,True
74d12124,JP Greaves,West Indies,1,6,5,120.0,6.0,0,0,3,top_order,29.5,19.4,28.8,27.2,C,C,C,C,Utility Player,0.0,0.0,,,,,,,,,-0.12,0.17,,,1,,,,,,,,True
2ed569a0,RD Chahar,India,1,5,5,100.0,5.0,1,0,8,lower_order,29.5,31.1,20.8,25.9,C,C,C+,C,Utility Player,1.0,0.2,,,,,,,,,0.28,0.23,,,0,,,,,,,,True
5757c506,Danyal Akbar,Hungary,3,30,31,96.77,15.0,2,0,7,lower_middle,29.5,13.8,43.8,33.3,C+,C,D,C+,Utility Player,1.0,0.1,,,,,,,,,-0.03,0.82,,,3,,-1.86,0.0,1.0,,,,True
a89c270b,KC Ramamoorthy,Indonesia,26,424,391,108.44,16.96,37,17,5,upper_middle,29.5,43.4,16.4,27.5,C,C,C+,C,Utility Player,8.08,0.54,1.51,,1.51,-0.14,0.14,0.63,1.08,-0.39,-0.26,0.95,0.04,-1.31,13,-0.6,-1.19,0.19,0.75,0.36,Flat-Track Bully,0.45,False
18261c22,SJ Myburgh,Netherlands,37,741,637,116.33,20.58,87,23,1,top_order,29.4,63.5,43.4,44.3,C+,C,B+,C+,Utility Player,3.43,0.2,1.26,,1.26,0.18,-0.18,0.69,1.44,-0.2,-0.25,1.22,0.03,0.05,14,-0.23,-0.81,0.24,0.77,0.22,Flat-Track Bully,0.15,False
12eddf28,RJ Harris,Australia,1,2,1,200.0,2.0,0,0,9,lower_order,29.4,23.9,29.5,28.4,C,C,C,C,Utility Player,0.0,0.0,,,,,,,,,0.8,0.37,,,0,,,,,,,,True
a6755401,DS Maraiwai,Fiji,5,71,61,116.39,14.2,11,1,3,top_order,29.4,32.2,11.6,22.5,C,C,C+,D,Utility Player,4.8,0.39,,,,,,,,,-0.16,0.44,,,5,-0.16,-0.08,0.5,0.29,,,,True
1a448be0,B White,Ireland,8,26,47,55.32,26.0,2,0,11,tail,29.4,7.4,69.9,45.2,B,C,D,B+,Utility Player,5.5,0.94,,,,,,,,-0.12,-0.48,1.22,,,3,,-2.8,0.0,1.0,,,,True
7a787b98,M Magagula,Eswatini,11,60,84,71.43,7.5,5,1,9,lower_order,29.4,23.3,15.0,21.9,C,C,C,C,Utility Player,4.18,0.55,,,,,,0.25,0.57,-0.65,-0.21,0.71,0.06,-2.45,9,-1.34,-1.99,0.0,0.62,0.16,Flat-Track Bully,0.57,False
20988564,Virendra Kumar,Israel,4,22,19,115.79,11.0,2,0,8,lower_order,29.3,23.6,26.4,27.1,C,C,C,C,Utility Player,2.75,0.58,,,,,,,,,-0.06,0.59,,,4,,,,,,,,True
4709e746,Shakeel Zeb,Denmark,1,13,10,130.0,13.0,2,0,10,tail,29.3,28.7,28.3,29.1,C,C,C,C,Utility Player,10.0,1.0,,,,,,,,,-0.01,0.47,,,0,,,,,,,,True
d2d4bb0a,TR Birt,Australia,3,31,33,93.94,10.33,3,1,6,lower_middle,29.3,32.8,22.4,27.1,C,C,C+,C,Utility Player,9.33,0.85,,,,,,,,,-0.33,0.24,,,0,,-1.79,0.5,0.29,,,,True
44a2bb4f,U Bhagwan,Canada,2,5,4,125.0,5.0,1,0,11,tail,29.3,30.6,26.5,28.3,C,C,C+,C,Utility Player,1.0,0.5,,,,,,,,,-0.2,0.5,,,1,,,,,,,,True
16dfcc19,Umar Gul,Pakistan,25,165,156,105.77,9.17,11,10,9,lower_order,29.2,38.3,18.4,26.5,C,C,C+,C,Utility Player,3.0,0.48,,,,-0.02,0.02,0.51,1.1,0.11,-0.2,0.88,0.04,0.57,12,-0.04,-1.46,0.0,0.65,-0.29,Tough-Track Star,-0.47,False
13598ebc,A Krishna,Singapore,8,34,33,103.03,11.33,4,0,9,lower_order,29.2,33.1,43.9,36.9,C+,C,C+,C+,Utility Player,1.25,0.3,,,,,,,,-0.4,-0.19,0.9,,0.75,7,0.83,-0.13,0.0,1.0,,,,True
ab859427,DA Rankin,Ireland,1,15,17,88.24,15.0,1,1,2,top_order,29.2,34.1,23.6,28.2,C,C,C+,C,Utility Player,12.0,0.71,,,,,,,,,-0.3,0.12,,,1,,-2.42,0.0,1.0,,,,True
40c041ea,Imam-ul-Haq,Pakistan,2,21,25,84.0,10.5,2,0,3,top_order,29.2,21.6,24.1,25.6,C,C,C,C,Utility Player,12.5,1.0,,,,,,,,,-0.32,0.07,,,0,,-1.73,0.0,1.0,,,,True
db1bf9c2,RN Patel,Kenya,45,797,684,116.52,20.97,83,17,1,top_order,29.2,51.5,50.8,45.2,B,C,B,B,Utility Player,4.04,0.27,0.63,,0.63,0.15,-0.15,0.82,1.97,0.32,-0.18,1.31,0.03,-0.59,21,-0.18,-0.93,0.31,0.76,-0.17,Tough-Track Star,-0.15,False
90a41671,L Karlsson,Sweden,6,43,45,95.56,8.6,3,1,8,lower_order,29.2,23.5,24.0,25.9,C,C,C,C,Utility Player,3.17,0.42,,,,,,,,0.16,-0.09,0.59,,,2,,-1.75,0.0,0.29,,,,True
dd340ef9,VS Wategaonkar,Oman,1,14,14,100.0,14.0,1,0,3,top_order,29.1,23.5,32.9,30.1,C+,C,C,C+,Utility Player,14.0,1.0,,,,,,,,,-0.32,0.2,,,0,,,,,,,,True
b68d14a9,AJ Strauss,England,4,73,64,114.06,18.25,9,0,7,lower_middle,29.1,27.5,43.7,36.3,C+,C,C,C+,Utility Player,3.75,0.23,,,,,,,,,-0.29,0.44,,,0,,-0.58,0.25,0.57,,,,True
796e4140,Khurram Chohan,Canada,2,10,10,100.0,10.0,1,0,8,lower_order,29.1,29.1,29.5,29.5,C,C,C,C,Utility Player,4.0,0.8,,,,,,,,,-0.21,0.35,,,2,,,,,,,,True
4277234d,Sufiyan Muqeem,Pakistan,7,18,17,105.88,4.5,2,0,10,tail,29.0,24.9,24.5,26.2,C,C,C,C,Utility Player,1.29,0.53,,,,,,,,-0.17,-0.29,0.62,,,2,,,,,,,,True
5f91b34e,Abdul Stanikzai,Germany,4,71,86,82.56,17.75,4,3,3,top_order,29.0,33.5,30.0,31.2,C+,C,C+,C+,Utility Player,16.25,0.76,,,,,,,,,-0.17,0.5,,,0,,-2.21,0.0,0.64,,,,True
b5417394,Noorkhan Ahmedi,Switzerland,5,63,49,128.57,12.6,7,2,3,top_order,29.0,28.2,8.3,19.9,C,C,C,D,Utility Player,4.0,0.41,,,,,,,,,-0.03,0.43,,,2,,-1.86,0.0,0.49,,,,True
9e51462f,Naveed Shahid,Finland,1,12,7,171.43,12.0,2,0,9,lower_order,29.0,28.7,29.1,29.3,C,C,C,C,Utility Player,5.0,0.71,,,,,,,,,0.33,0.52,,,0,,,,,,,,True
0e80e47d,U Shantu,Portugal,3,21,18,116.67,10.5,1,0,8,lower_order,29.0,26.8,24.0,26.5,C,C,C,C,Utility Player,4.33,0.72,,,,,,,,,-0.29,0.46,,,2,,0.49,1.0,1.0,,,,True
65b6943c,L Wood,England,2,4,5,80.0,4.0,0,0,9,lower_order,28.9,20.0,32.0,28.5,C,C,C,C+,Utility Player,2.0,0.8,,,,,,,,,-0.14,0.36,,,1,,,,,,,,True
023f6b02,Nadeem Ahmed,Hong Kong,8,32,50,64.0,8.0,2,0,11,tail,28.9,13.2,39.0,30.5,C+,C,D,C+,Utility Player,4.62,0.74,,,,,,,,-0.82,-0.3,0.77,,,4,,-3.19,0.0,0.29,,,,True
01679383,DB Loic,Cameroon,13,60,80,75.0,6.0,5,0,6,lower_middle,28.9,7.5,3.5,13.3,D,C,D,D,Utility Player,2.46,0.4,,,,,,0.39,0.62,0.63,0.1,0.43,0.03,1.3,12,1.11,-2.33,0.33,0.49,-0.16,Tough-Track Star,-0.3,False
4c61a0f9,NW Bracken,Australia,6,15,22,68.18,5.0,1,0,9,lower_order,28.8,20.6,18.6,22.6,C,C,C,C,Utility Player,0.17,0.05,,,,,,,,0.23,-0.17,0.42,,,2,,-1.97,0.0,1.0,,,,True
a09323d8,AM Patel,Panama,7,35,44,79.55,11.67,3,0,9,lower_order,28.8,20.7,37.4,31.4,C+,C,C,C+,Utility Player,3.43,0.55,,,,,,,,0.36,-0.15,0.88,,,7,-0.13,-1.44,0.0,1.0,,,,True
8399a7af,R Dhakal,Nepal,2,6,6,100.0,6.0,0,0,11,tail,28.8,19.4,31.4,28.2,C,C,C,C+,Utility Player,3.0,1.0,,,,,,,,,-0.19,0.41,,,2,,,,,,,,True
a92609f2,Muhammad Burhan,Hungary,9,54,46,117.39,6.0,5,1,8,lower_order,28.8,27.5,20.3,24.8,C,C,C,C,Utility Player,1.89,0.37,,,,,,,,-0.4,0.07,0.88,,,4,,-2.58,0.0,1.0,,,,True
df064e1a,Ravi Bishnoi,India,13,65,52,125.0,9.29,9,1,8,lower_order,28.8,40.8,29.5,31.8,C+,C,C+,C,Utility Player,1.38,0.35,,,,-0.21,0.21,0.47,0.89,0.61,-0.2,0.83,0.06,,3,,-0.76,0.33,0.5,-0.44,Tough-Track Star,-0.45,False
d0042e16,Z Burgess,Bermuda,12,75,54,138.89,9.38,3,7,7,lower_middle,28.8,32.9,0.8,17.3,C,C,C+,D,Utility Player,2.5,0.56,,,,,,0.97,3.01,0.0,-0.39,0.51,0.04,0.98,9,0.23,-3.84,0.0,0.29,-0.05,Conditions-Proof,-0.4,False
ede05b97,HG Kuhn,South Africa,6,49,42,116.67,12.25,3,2,2,top_order,28.7,15.3,42.3,32.5,C+,C,C,C+,Utility Player,4.17,0.6,,,,,,,,,-0.25,0.5,,,1,,-2.52,0.0,1.0,,,,True
23f94c02,J Drysdale,United States of America,3,5,5,100.0,5.0,1,0,11,tail,28.7,30.3,16.7,23.7,C,C,C+,C,Utility Player,1.0,0.6,,,,,,,,,-0.42,0.39,,,2,,,,,,,,True
125853c3,T Kahamker,Israel,3,6,4,150.0,6.0,1,0,10,tail,28.7,28.1,28.5,28.6,C,C,C,C,Utility Player,0.67,0.5,,,,,,,,,0.37,0.92,,,3,,,,,,,,True
9ac1dc9f,Qadeer Ahmed,United Arab Emirates,4,7,12,58.33,7.0,1,0,11,tail,28.7,27.4,23.6,26.2,C,C,C,C,Utility Player,2.25,0.75,,,,,,,,,-0.53,0.43,,,3,,,,,,,,True
ec106638,Rahmatullah Mangal,France,13,77,88,87.5,7.0,4,2,10,tail,28.6,28.8,22.7,26.2,C,C,C,C,Utility Player,2.23,0.33,,,,-0.61,0.61,0.35,0.26,0.13,-0.04,0.98,0.08,-1.38,6,-1.0,-1.57,0.0,0.48,0.28,Flat-Track Bully,0.78,False
795df06c,AS Hansra,Canada,7,76,73,104.11,15.2,4,3,6,lower_middle,28.6,36.0,41.1,36.3,C+,C,C+,C+,Utility Player,4.86,0.47,,,,,,,,,-0.24,0.69,,0.48,5,0.05,-0.49,0.25,0.54,,,,True
68c3f79d,LN Onyango,Kenya,3,12,16,75.0,12.0,0,0,9,lower_order,28.5,16.5,46.5,34.5,C+,C,C,B,Utility Player,1.33,0.25,,,,,,,,,-0.32,0.55,,,1,,,,,,,,True
2619e00c,Kasir Ahmed,Hungary,1,19,21,90.48,19.0,0,0,4,upper_middle,28.5,10.1,32.4,27.5,C,C,D,C+,Utility Player,21.0,1.0,,,,,,,,,-0.3,0.2,,,1,,-0.62,0.0,0.29,,,,True
673be48f,W Nalisa,Vanuatu,13,80,75,106.67,10.0,7,1,10,tail,28.5,20.7,45.0,34.7,C+,C,C,B,Utility Player,2.46,0.43,,,,-0.35,0.35,0.34,0.5,-0.03,-0.23,1.2,0.09,0.21,11,-0.13,-0.35,0.67,0.48,-0.16,Tough-Track Star,-0.07,False
a354c917,NT Broom,New Zealand,7,73,68,107.35,12.17,8,1,6,lower_middle,28.5,36.7,32.4,32.3,C+,C,C+,C+,Utility Player,5.86,0.6,,,,,,,,-0.41,-0.17,0.56,,,2,,-1.17,0.25,0.52,,,,True
c7cf22bf,Khawar Zafar,Saudi Arabia,1,5,3,166.67,5.0,1,0,7,lower_middle,28.5,30.2,23.2,26.5,C,C,C+,C,Utility Player,1.0,0.33,,,,,,,,,0.35,0.29,,,1,,,,,,,,True
626af7ff,C Hinze,Japan,15,132,124,106.45,13.2,11,2,9,lower_order,28.5,34.5,27.1,29.6,C,C,C+,C,Utility Player,2.2,0.27,,,,,,0.48,0.74,0.17,-0.23,0.85,0.06,-0.74,7,-0.43,-1.31,0.29,0.65,-0.2,Tough-Track Star,-0.07,False
8f7a598f,RMS Eranga,Sri Lanka,1,6,7,85.71,6.0,1,0,9,lower_order,28.5,31.3,24.8,27.5,C,C,C+,C,Utility Player,2.0,0.29,,,,,,,,,-0.26,0.14,,,1,,,,,,,,True
c8ad0749,AK Perera,Sri Lanka,5,59,65,90.77,11.8,5,1,5,upper_middle,28.4,29.5,16.6,23.7,C,C,C,C,Utility Player,1.4,0.11,,,,,,,,,-0.22,0.24,,,2,,-1.73,0.0,0.57,,,,True
c27518d2,Ziaur Rahman,Bangladesh,9,94,75,125.33,15.67,2,8,8,lower_order,28.4,44.8,41.2,38.1,C+,C,C+,C+,Utility Player,3.78,0.45,,,,,,,,0.47,-0.27,0.78,,,3,,-1.66,0.0,1.0,,,,True
96a6a7ad,NM Lyon,Australia,1,4,4,100.0,4.0,0,0,11,tail,28.4,25.3,27.7,27.5,C,C,C,C,Utility Player,0.0,0.0,,,,,,,,,-0.12,0.23,,,1,,,,,,,,True
f8ce577b,Aminul Islam,Bangladesh,6,35,41,85.37,11.67,4,0,8,lower_order,28.4,23.2,53.2,38.8,C+,C,C,B,Utility Player,4.83,0.71,,,,,,,,,-0.17,0.88,,,1,,-0.77,0.0,0.46,,,,True
5eef2118,MVT Fernando,Sri Lanka,1,2,2,100.0,2.0,0,0,10,tail,28.2,25.0,21.0,24.3,C,C,C,C,Utility Player,0.0,0.0,,,,,,,,,-0.19,0.12,,,1,,,,,,,,True
c51add25,MB Kruger,Namibia,29,475,436,108.94,17.59,50,15,1,top_order,28.2,43.3,42.4,38.8,C+,C,C+,C+,Utility Player,7.72,0.51,1.02,,1.02,0.15,-0.15,0.62,1.11,0.32,-0.24,0.97,0.03,0.58,14,-0.13,-0.99,0.25,0.72,-0.52,Tough-Track Star,-0.5,False
68019a70,EF Beard,Isle of Man,14,201,174,115.52,18.27,20,5,5,upper_middle,28.2,40.8,9.9,23.5,C,C,C+,D,Utility Player,4.93,0.4,,,,,,0.52,1.67,-0.04,-0.35,0.61,0.04,0.28,9,-0.06,-0.64,0.18,0.69,0.18,Conditions-Proof,-0.7,False
c2fd51b1,K Gilham,Czech Republic,3,15,13,115.38,15.0,1,0,10,tail,28.2,17.5,41.0,32.3,C+,C,C,C+,Utility Player,1.33,0.31,,,,,,,,,-0.27,0.87,,,3,,,,,,,,True
6d9d2de7,AN Aminou,Cameroon,8,59,53,111.32,8.43,1,4,8,lower_order,28.1,18.0,3.9,15.4,C,C,C,D,Utility Player,1.75,0.26,,,,,,,,-0.4,-0.33,0.39,,1.17,7,0.24,-0.31,0.33,0.47,,,,True
8305580c,MA Carberry,England,1,7,7,100.0,7.0,1,0,1,top_order,28.1,28.7,22.8,25.9,C,C,C,C,Utility Player,3.0,0.43,,,,,,,,,-0.31,0.08,,,1,,,,,,,,True
1920c721,WKD Perkins,West Indies,1,9,11,81.82,9.0,1,0,2,top_order,28.1,27.4,28.2,28.2,C,C,C,C,Utility Player,11.0,1.0,,,,,,,,,-0.49,0.06,,,0,,,,,,,,True
175937f6,R Sandeep,Eswatini,6,46,51,90.2,11.5,3,3,7,lower_middle,28.1,34.0,15.9,24.1,C,C,C+,C,Utility Player,7.17,0.84,,,,,,,,0.24,-0.02,0.71,,2.65,5,0.83,-2.32,0.0,0.49,,,,True
9a137157,OO Bascome,Bermuda,2,22,23,95.65,11.0,3,0,2,top_order,28.1,28.8,24.9,27.1,C,C,C,C,Utility Player,6.0,0.52,,,,,,,,,-0.38,0.17,,,2,,-0.09,0.5,0.29,,,,True
1bdbf53b,B George,Malta,27,620,484,128.1,24.8,41,34,3,top_order,28.0,48.6,43.3,41.3,C+,C,B,C+,Utility Player,4.85,0.27,1.08,2.15,1.4,0.31,-0.31,0.53,1.01,-0.27,-0.34,1.18,0.04,0.42,14,0.06,-0.52,0.37,0.77,0.09,Conditions-Proof,0.06,False
4bc0a378,WP Masakadza,Zimbabwe,37,215,240,89.58,8.27,13,5,9,lower_order,28.0,6.8,25.6,23.0,C,C,D,C,Utility Player,4.59,0.71,,,,-0.05,0.05,0.26,0.54,0.02,-0.34,0.89,0.02,0.27,20,-0.03,-1.01,0.29,0.73,0.04,Conditions-Proof,-0.04,False
05e0fab5,CS Martin,New Zealand,1,5,6,83.33,5.0,0,0,11,tail,28.0,25.0,34.6,30.4,C+,C,C,C+,Utility Player,6.0,1.0,,,,,,,,,-0.38,0.31,,,1,,,,,,,,True
d8e48e1b,MFI Assuncao,Brazil,10,96,117,82.05,9.6,6,2,7,lower_middle,28.0,9.2,6.7,14.9,D,C,D,D,Utility Player,5.5,0.47,,,,,,0.49,0.75,0.49,-0.33,0.35,0.04,-0.44,6,-0.31,-1.7,0.0,0.58,-0.09,Conditions-Proof,-0.88,False
395695ce,C Kyewuta,Uganda,20,120,110,109.09,13.33,9,4,9,lower_order,28.0,9.4,51.4,35.3,C+,C,D,B,Utility Player,2.35,0.43,,,,0.05,-0.05,0.42,0.87,0.08,-0.27,1.1,0.05,-0.79,6,-0.24,0.07,0.67,0.5,-0.1,Conditions-Proof,-0.28,False
fa463154,AB Agarkar,India,2,15,11,136.36,7.5,2,0,9,lower_order,28.0,30.7,35.7,32.1,C+,C,C+,C+,Utility Player,2.5,0.45,,,,,,,,,-0.19,0.4,,,1,,,,,,,,True
42537f07,JA Rudolph,South Africa,1,6,7,85.71,6.0,0,0,7,lower_middle,28.0,22.1,35.7,30.3,C+,C,C,C+,Utility Player,7.0,1.0,,,,,,,,,-0.34,0.28,,,1,,,,,,,,True
e64c10dd,VV Morea,Papua New Guinea,3,25,27,92.59,8.33,3,0,2,top_order,28.0,17.9,19.0,22.1,C,C,C,C,Utility Player,1.0,0.11,,,,,,,,,-0.33,0.13,,,0,,-1.9,0.0,0.29,,,,True
c18cecbe,J Barker,Luxembourg,26,409,426,96.01,24.06,29,2,7,lower_middle,27.9,0.2,60.5,39.0,C+,C,D,B+,Utility Player,11.42,0.7,0.93,,0.93,-0.15,0.15,0.32,0.51,-0.15,-0.27,1.48,0.06,-0.6,17,-0.2,-1.34,0.17,0.72,0.37,Flat-Track Bully,0.42,False
a40710b9,Ramanjot Singh,Slovenia,4,87,94,92.55,21.75,8,2,1,top_order,27.9,18.5,40.1,32.9,C+,C,C,C+,Utility Player,8.0,0.34,0.81,,0.81,,,,,,-0.22,0.56,,,4,,-0.86,0.0,0.64,,,,True
a3d329d7,ACL Richards,West Indies,1,10,15,66.67,10.0,1,0,3,top_order,27.9,31.0,27.0,28.3,C,C,C+,C,Utility Player,15.0,1.0,,,,,,,,,-0.52,0.04,,,0,,-2.41,0.0,1.0,,,,True
39086549,JR Philippe,Australia,15,186,172,108.14,12.4,13,5,3,top_order,27.9,8.1,27.6,24.3,C,C,D,C,Utility Player,4.33,0.38,0.58,,0.58,,,0.22,0.25,0.67,-0.22,0.52,0.03,-0.07,7,-0.02,-1.57,0.11,0.71,-0.34,Tough-Track Star,-0.41,False
2f49c897,Mohammed Siraj,India,4,14,16,87.5,7.0,1,0,11,tail,27.9,20.9,27.5,26.4,C,C,C,C,Utility Player,1.0,0.25,,,,,,,,,-0.3,0.42,,,1,,-1.05,0.0,1.0,,,,True
bcb01d8c,RWT Key,England,1,10,8,125.0,10.0,0,0,6,lower_middle,27.8,22.1,38.2,31.5,C+,C,C,C+,Utility Player,0.0,0.0,,,,,,,,,-0.08,0.36,,,0,,,,,,,,True
c3d1402f,RP Singh,India,2,3,3,100.0,3.0,0,0,11,tail,27.8,18.5,36.2,29.7,C,C,C,C+,Utility Player,1.5,1.0,,,,,,,,,-0.19,0.48,,,2,,,,,,,,True
ee9bdbc8,Zulqarnain Haider,Pakistan,2,18,21,85.71,9.0,1,0,8,lower_order,27.8,21.6,27.5,26.6,C,C,C,C,Utility Player,8.5,0.81,,,,,,,,,-0.44,0.17,,,0,,-1.47,0.0,1.0,,,,True
f787e0eb,J Edwards,Australia,1,5,6,83.33,5.0,0,0,8,lower_order,27.8,25.0,21.3,24.4,C,C,C,C,Utility Player,6.0,1.0,,,,,,,,,-0.33,0.06,,,1,,,,,,,,True
27aec396,M Stoman,Portugal,1,6,1,600.0,6.0,0,1,8,lower_order,27.8,28.2,19.8,24.3,C,C,C,C,Utility Player,0.0,0.0,,,,,,,,,3.25,1.49,,,0,,,,,,,,True
6e80042d,Basiru Jaye,Gambia,1,6,4,150.0,6.0,1,0,7,lower_middle,27.8,28.1,16.7,22.9,C,C,C,C,Utility Player,0.0,0.0,,,,,,,,,0.35,0.29,,,1,,,,,,,,True
e741ed8f,Rizwan Butt,Bahrain,41,267,222,120.27,9.54,7,20,8,lower_order,27.7,40.0,13.0,24.0,C,C,C+,D,Utility Player,2.85,0.53,,,,0.16,-0.16,0.62,0.97,0.23,-0.27,1.06,0.03,-0.35,19,0.13,-1.08,0.4,0.7,-0.02,Conditions-Proof,-0.08,False
480ed517,Imran Farhat,Pakistan,7,76,70,108.57,10.86,15,0,2,top_order,27.7,43.0,4.7,20.7,C,C,C+,D,Utility Player,2.14,0.21,,,,,,,,0.19,-0.12,0.43,,,0,,-1.89,0.25,0.57,,,,True
d1761087,RM West,Ireland,4,11,11,100.0,3.67,1,0,10,tail,27.7,25.9,35.8,31.0,C+,C,C,C+,Utility Player,1.0,0.36,,,,,,,,,-0.16,0.62,,,3,,,,,,,,True
87a92b6b,N Pokana,Papua New Guinea,9,39,46,84.78,6.5,0,2,11,tail,27.7,20.0,28.4,26.6,C,C,C,C,Utility Player,3.67,0.72,,,,,,,,-0.02,-0.43,0.73,,0.08,7,0.18,-1.73,0.0,1.0,,,,True
fa859d3c,RI Ahmed,Netherlands,1,13,16,81.25,13.0,0,0,1,top_order,27.7,20.9,32.1,28.7,C,C,C,C+,Utility Player,0.0,0.0,,,,,,,,,-0.29,0.13,,,0,,-2.01,0.0,0.29,,,,True
c5981c9c,JJ Wright,Swaziland,3,32,32,100.0,16.0,1,1,6,lower_middle,27.7,14.0,31.5,27.3,C,C,D,C+,Utility Player,1.33,0.12,,,,,,,,,-0.23,0.42,,,3,,-3.63,0.0,0.29,,,,True
526a1047,MJ Tugaga,Samoa,1,3,2,150.0,3.0,0,0,11,tail,27.6,23.9,29.0,27.5,C,C,C,C,Utility Player,0.0,0.0,,,,,,,,,0.76,0.43,,,1,,,,,,,,True
589f2008,G Bruno,Turks and Caicos Island,2,17,9,188.89,8.5,4,0,1,top_order,27.6,28.0,15.1,22.2,C,C,C,C,Utility Player,0.5,0.11,,,,,,,,,1.03,0.7,,,0,,,,,,,,True
d35a520a,Omar Hayat,Denmark,3,12,8,150.0,4.0,1,0,10,tail,27.6,25.4,24.0,25.6,C,C,C,C,Utility Player,0.67,0.25,,,,,,,,,0.21,0.64,,,3,,,,,,,,True
b2431c60,Sheraz Sirwari,Switzerland,3,32,17,188.24,10.67,0,4,10,tail,27.6,27.8,25.5,27.0,C,C,C,C,Utility Player,3.0,0.53,,,,,,,,,-0.22,0.64,,,1,,2.49,1.0,1.0,,,,True
ef5d54c6,Irfan Sarfraz,Saudi Arabia,3,38,55,69.09,12.67,2,0,7,lower_middle,27.6,15.5,41.0,31.6,C+,C,C,C+,Utility Player,14.0,0.76,,,,,,,,,-0.23,0.46,,,1,,-2.14,0.0,0.29,,,,True
380c2700,Aritra Bhakat,Sweden,2,6,4,150.0,6.0,0,0,9,lower_order,27.6,15.6,22.9,23.1,C,C,C,C,Utility Player,0.0,0.0,,,,,,,,,0.43,0.41,,,1,,,,,,,,True
28b032ac,Lucky Ali,Denmark,14,144,175,82.29,14.4,11,0,9,lower_order,27.6,9.8,42.2,31.2,C+,C,D,C+,Utility Player,7.36,0.59,,,,-0.01,0.01,0.19,0.21,-0.08,-0.26,0.83,0.06,0.14,11,0.09,-1.83,0.0,0.67,0.25,Flat-Track Bully,0.25,False
c06c25fd,Akhil Anil,Tanzania,20,222,192,115.62,13.88,17,10,7,lower_middle,27.6,34.0,27.9,29.7,C,C,C+,C,Utility Player,3.45,0.36,3.46,,3.46,0.18,-0.18,0.62,1.77,0.01,-0.24,0.87,0.04,0.43,14,0.03,-1.23,0.18,0.69,0.0,Conditions-Proof,-0.4,False
45b8f7c8,S Weleilakeba,Fiji,1,8,3,266.67,8.0,0,1,11,tail,27.5,27.3,21.5,24.9,C,C,C,C,Utility Player,0.0,0.0,,,,,,,,,1.33,0.73,,,1,,,,,,,,True
4121a79a,Azmat Ali,Germany,1,17,20,85.0,17.0,0,1,6,lower_middle,27.5,23.8,31.7,29.4,C,C,C,C+,Utility Player,20.0,1.0,,,,,,,,,-0.37,0.21,,,1,,-1.63,0.0,0.29,,,,True
34712b35,M Musinguzi,Uganda,1,4,4,100.0,4.0,0,0,11,tail,27.5,24.2,26.0,26.2,C,C,C,C,Utility Player,2.0,0.5,,,,,,,,,-0.02,0.25,,,0,,,,,,,,True
b9a3d8c6,Inzamam-ul-Haq,Pakistan,1,11,15,73.33,11.0,0,1,6,lower_middle,27.5,32.9,35.8,32.6,C+,C,C+,C+,Utility Player,7.0,0.47,,,,,,,,,-0.43,0.21,,,0,,,,,,,,True
4c72b407,Ahsan Khan,Bulgaria,3,11,9,122.22,11.0,1,0,8,lower_order,27.4,23.4,33.1,29.4,C,C,C,C+,Utility Player,0.0,0.0,,,,,,,,,-0.1,0.67,,,0,,,,,,,,True
4933f499,JP Behrendorff,Australia,2,7,9,77.78,7.0,0,0,9,lower_order,27.4,17.4,39.2,30.8,C+,C,C,C+,Utility Player,2.0,0.44,,,,,,,,,-0.29,0.4,,,2,,-3.3,0.0,1.0,,,,True
3c13fc3b,E Frimpong,Ghana,2,6,4,150.0,6.0,1,0,10,tail,27.4,28.0,22.9,25.6,C,C,C,C,Utility Player,0.5,0.25,,,,,,,,,0.48,0.57,,,2,,,,,,,,True
45c2196c,DE Bollinger,Australia,1,1,1,100.0,1.0,0,0,11,tail,27.4,24.4,30.0,28.0,C,C,C,C+,Utility Player,1.0,1.0,,,,,,,,,-0.11,0.31,,,0,,,,,,,,True
5923eebb,Mohammad Abrar,Qatar,2,9,16,56.25,9.0,1,0,9,lower_order,27.4,27.4,27.1,27.4,C,C,C,C,Utility Player,4.5,0.56,,,,,,,,,-0.52,0.32,,,1,,-4.23,0.0,1.0,,,,True
f71de062,OL Pitcher,Bermuda,1,13,18,72.22,13.0,1,0,2,top_order,27.4,29.8,29.7,29.3,C,C,C,C,Utility Player,0.0,0.0,,,,,,,,,-0.21,0.09,,,1,,-1.47,0.0,0.29,,,,True
c942a53b,WK McCallan,Ireland,3,11,15,73.33,11.0,1,0,9,lower_order,27.4,24.3,24.8,25.9,C,C,C,C,Utility Player,5.0,1.0,,,,,,,,,-0.48,0.22,,,2,,,,,,,,True
7da02d10,Numan Ahmadzai,Switzerland,1,28,32,87.5,28.0,2,1,2,top_order,27.4,33.7,43.4,38.2,C+,C,C+,C+,Utility Player,12.0,0.38,,,,,,,,,-0.18,0.5,,,0,,-1.53,0.0,0.49,,,,True
612a395c,Sukhdeep Singh,Kenya,1,13,15,86.67,13.0,1,0,4,upper_middle,27.3,27.3,27.7,27.8,C,C,C,C,Utility Player,0.0,0.0,,,,,,,,,-0.16,0.2,,,1,,-1.18,0.14,0.79,,,,True
251eb801,Sinan Khan,Greece,4,34,36,94.44,8.5,3,0,6,lower_middle,27.3,20.0,16.5,21.2,C,C,C,C,Utility Player,0.5,0.06,,,,,,,,,0.02,0.33,,,4,,,,,,,,True
8930a2a6,A Kalasi,Thailand,4,14,15,93.33,14.0,0,1,10,tail,27.3,21.8,28.6,27.2,C,C,C,C,Utility Player,2.0,0.53,,,,,,,,,-0.49,0.5,,,2,,-1.36,0.0,1.0,,,,True
97b5f23d,JJ Chicuele,Mozambique,3,15,20,75.0,15.0,2,0,8,lower_order,27.3,29.8,30.9,29.9,C,C,C,C+,Utility Player,5.33,0.8,,,,,,,,,-0.43,0.66,,,3,,-3.01,0.0,1.0,,,,True
d953bf92,A Kirschbaum,Argentina,23,261,287,90.94,13.74,21,3,4,upper_middle,27.3,6.1,23.7,22.1,C,C,D,C,Utility Player,3.96,0.32,,,,0.26,-0.26,0.32,0.64,0.4,-0.13,0.68,0.03,0.14,18,-0.18,-1.15,0.17,0.79,-0.24,Tough-Track Star,-0.49,False
7a27bee5,Parvindar Kumar,Kuwait,4,31,26,119.23,10.33,1,2,9,lower_order,27.2,28.1,32.2,29.9,C,C,C,C+,Utility Player,3.0,0.46,,,,,,,,,-0.26,0.53,,,2,,0.49,1.0,1.0,,,,True
ea0cdc12,BAW Mendis,Sri Lanka,6,8,17,47.06,2.67,1,0,11,tail,27.2,24.7,7.5,17.9,C,C,C,D,Utility Player,2.67,0.94,,,,,,,,0.06,-0.35,0.33,,,4,,,,,,,,True
fc4375ef,BFW de Leede,Netherlands,42,881,826,106.66,26.7,65,24,3,top_order,27.2,3.0,79.9,48.9,B,C,D,A,Strike Rotator,10.74,0.55,1.31,,1.31,0.19,-0.19,0.26,0.56,-0.01,-0.28,1.51,0.04,-0.17,21,-0.1,-0.81,0.27,0.81,0.03,Conditions-Proof,-0.05,False
90bd1f11,B Mahesh,Cyprus,4,16,10,160.0,5.33,0,2,11,tail,27.2,28.4,21.0,24.7,C,C,C,C,Utility Player,1.0,0.4,,,,,,,,,0.08,0.82,,,3,,,,,,,,True
b68a30f0,IG Butler,New Zealand,5,5,10,50.0,5.0,0,0,11,tail,27.2,9.4,33.1,26.3,C,C,D,C+,Utility Player,1.8,0.9,,,,,,,,,-0.45,0.49,,,2,,,,,,,,True
0d38ab25,H Fennell,Argentina,11,57,55,103.64,5.7,4,2,9,lower_order,27.1,20.0,3.0,15.0,C,C,C,D,Utility Player,1.91,0.38,,,,-0.37,0.37,0.44,0.63,0.5,-0.24,0.45,0.04,1.21,9,0.5,-0.91,0.67,0.42,-0.44,Tough-Track Star,-0.66,False
a323465c,RR Joshi,Canada,2,9,8,112.5,4.5,0,1,10,tail,27.1,28.5,22.0,25.1,C,C,C,C,Utility Player,2.5,0.62,,,,,,,,,-0.4,0.34,,,1,,,,,,,,True
0a8fce53,Mustafizur Rahman,Bangladesh,32,91,131,69.47,5.35,4,4,11,tail,27.1,19.4,26.9,25.6,C,C,C,C,Utility Player,3.22,0.79,,,,0.37,-0.37,0.11,0.77,0.08,-0.35,1.06,0.03,0.54,17,0.44,-1.8,0.0,1.0,-0.09,Conditions-Proof,-0.2,False
d1d8b6a2,S Kollery,Botswana,2,31,43,72.09,31.0,4,0,8,lower_order,27.1,34.9,44.2,39.4,C+,C,C+,C+,Utility Player,21.5,1.0,,,,,,,,,-0.21,0.55,,,0,,-1.7,0.0,0.54,,,,True
9025e58f,Junaid Siddiqui,Canada,6,30,33,90.91,10.0,0,1,9,lower_order,27.1,12.0,24.5,23.1,C,C,D,C,Utility Player,4.17,0.76,,,,,,,,0.17,-0.35,0.39,,,6,-0.35,,,,,,,True
e0febd97,Arsalan Ahmed,Greece,3,35,27,129.63,11.67,7,0,5,upper_middle,27.1,29.5,9.7,20.1,C,C,C,D,Utility Player,4.0,0.44,,,,,,,,,-0.13,0.46,,,1,,,,,,,,True
28496266,CT Mumba,Zimbabwe,4,39,38,102.63,13.0,4,1,10,tail,27.1,34.7,39.0,34.4,C+,C,C+,C+,Utility Player,5.25,0.55,,,,,,,,,-0.43,0.59,,,2,,-2.55,0.0,0.43,,,,True
3bea1983,DT Doram,Netherlands,2,4,6,66.67,4.0,0,0,10,tail,27.0,20.3,30.2,27.1,C,C,C,C+,Utility Player,2.5,0.83,,,,,,,,,-0.29,0.37,,,0,,,,,,,,True
62474838,Mohammad Ahsan,Kuwait,2,12,12,100.0,6.0,0,1,9,lower_order,27.0,27.2,22.8,25.2,C,C,C,C,Utility Player,5.0,0.83,,,,,,,,,-0.19,0.29,,,2,,,,,,,,True
5d9ebb3c,Z Abbasi,Botswana,4,21,18,116.67,5.25,2,1,1,top_order,27.0,26.3,5.8,17.4,C,C,C,D,Utility Player,2.75,0.61,,,,,,,,,-0.09,0.32,,,1,,,,,,,,True
f3cb53a1,MV Boucher,South Africa,19,264,269,98.14,18.86,22,2,6,lower_middle,27.0,4.7,67.8,42.1,C+,C,D,B+,Utility Player,7.84,0.55,,,,0.12,-0.12,0.23,0.36,-0.23,-0.25,1.03,0.05,0.36,8,0.23,-0.85,0.21,0.7,0.27,Flat-Track Bully,0.1,False
1d89c232,BV Save,Malaysia,2,16,17,94.12,8.0,3,0,1,top_order,27.0,29.9,16.7,23.1,C,C,C,C,Utility Player,0.0,0.0,,,,,,,,,-0.03,0.23,,,0,,-1.41,0.0,0.29,,,,True
fa23405f,L Yamamoto-Lake,Japan,38,675,527,128.08,19.29,68,25,1,top_order,26.9,43.1,14.1,25.9,C,C,C+,D,Utility Player,3.58,0.26,0.87,,0.87,0.57,-0.57,1.05,2.39,-0.09,-0.28,0.9,0.02,-1.29,18,0.09,-0.87,0.35,0.75,-0.29,Tough-Track Star,-0.3,False
5038c022,Asad Mahmood,Switzerland,5,61,51,119.61,12.2,3,4,5,upper_middle,26.9,20.2,18.2,22.0,C,C,C,C,Utility Player,5.0,0.49,,,,,,,,,-0.31,0.4,,,3,,-0.58,0.25,0.56,,,,True
b4c52f5f,G Oliveira,Brazil,5,18,25,72.0,6.0,0,1,10,tail,26.9,17.5,22.9,23.3,C,C,C,C,Utility Player,2.4,0.48,,,,,,,,,-0.34,0.69,,,3,,-2.99,0.0,1.0,,,,True
035cb925,AG Prince,South Africa,1,5,6,83.33,5.0,0,0,7,lower_middle,26.9,22.7,30.5,27.7,C,C,C,C+,Utility Player,0.0,0.0,,,,,,,,,-0.28,0.18,,,0,,,,,,,,True
9eea360c,Mohammad Salman,Pakistan,1,5,6,83.33,5.0,0,0,7,lower_middle,26.9,22.7,24.4,25.0,C,C,C,C,Utility Player,6.0,1.0,,,,,,,,,-0.31,0.07,,,1,,,,,,,,True
2df874e6,R Kumar,Romania,4,42,28,150.0,14.0,4,1,6,lower_middle,26.8,27.0,28.6,28.1,C,C,C,C,Utility Player,2.25,0.32,,,,,,,,,-0.16,0.52,,,1,,1.03,1.0,1.0,,,,True
c74c583b,R Bakum,Ghana,32,486,446,108.97,16.2,36,20,4,upper_middle,26.8,33.6,34.4,32.6,C+,C,C+,C+,Utility Player,3.81,0.27,2.14,,2.14,-0.2,0.2,0.75,2.31,-0.17,-0.22,0.97,0.03,-0.46,17,0.04,-1.12,0.14,0.77,-0.03,Conditions-Proof,-0.32,False
69e23303,Shahadat Hossain,Bangladesh,2,26,33,78.79,13.0,3,0,6,lower_middle,26.8,24.7,30.6,28.5,C,C,C,C+,Utility Player,5.5,0.33,,,,,,,,,-0.28,0.18,,,0,,-1.37,0.0,0.29,,,,True
1339f52a,M Fontaine,Hungary,7,39,41,95.12,9.75,0,1,10,tail,26.8,9.1,31.9,25.8,C,C,D,C+,Utility Player,2.57,0.44,,,,,,,,-0.17,-0.43,0.73,,0.25,6,-0.12,-0.15,0.0,1.0,,,,True
7213d757,C Bah,Sierra Leone,21,173,165,104.85,8.65,12,6,7,lower_middle,26.8,18.0,12.4,18.9,C,C,C,D,Utility Player,2.43,0.31,0.48,,0.48,-0.12,0.12,0.58,0.93,-0.01,-0.18,0.72,0.03,0.09,13,0.12,-1.61,0.09,0.68,-0.24,Tough-Track Star,,False
d094e7d1,Abdur Rehman,Pakistan,4,18,24,75.0,9.0,0,0,8,lower_order,26.8,13.9,41.6,31.0,C+,C,D,C+,Utility Player,4.25,0.71,,,,,,,,,-0.08,0.5,,,2,,-1.55,0.0,1.0,,,,True
e33a357d,Niaz Ali,Hong Kong,2,12,12,100.0,6.0,1,1,9,lower_order,26.8,31.5,19.0,24.3,C,C,C+,C,Utility Player,2.0,0.33,,,,,,,,,-0.22,0.26,,,1,,-3.22,0.0,1.0,,,,True
a1448a10,JK Vifah,Ghana,28,396,361,109.7,15.84,39,9,1,top_order,26.7,29.8,34.5,31.8,C+,C,C,C+,Utility Player,3.14,0.24,1.1,,1.1,0.06,-0.06,0.55,1.13,-0.05,-0.16,0.93,0.03,0.04,15,-0.16,-1.27,0.15,0.75,-0.25,Tough-Track Star,-0.28,False
1f08084c,J Clough,Isle of Man,1,9,13,69.23,9.0,0,0,5,upper_middle,26.7,22.6,23.6,24.6,C,C,C,C,Utility Player,13.0,1.0,,,,,,,,,-0.39,0.07,,,1,,-3.3,0.0,1.0,,,,True
4dd6a707,Sazzad Hosen,Belgium,7,68,72,94.44,9.71,10,0,2,top_order,26.7,27.9,8.6,19.1,C,C,C,D,Utility Player,4.71,0.46,,,,,,,,-0.39,-0.23,0.46,,,1,,-1.87,0.17,0.61,,,,True
ded9ff1e,JNT Seales,West Indies,2,4,4,100.0,4.0,1,0,11,tail,26.7,31.3,14.1,22.0,C,C,C+,D,Utility Player,1.0,0.5,,,,,,,,,-0.46,0.25,,,1,,,,,,,,True
086f5984,Junaid Khan,Pakistan,1,3,4,75.0,3.0,0,0,11,tail,26.7,23.7,26.4,26.0,C,C,C,C,Utility Player,0.0,0.0,,,,,,,,,-0.37,0.19,,,1,,,,,,,,True
75de770f,T Taibu,Zimbabwe,11,165,155,106.45,23.57,11,2,4,upper_middle,26.7,2.2,68.0,42.1,C+,C,D,B+,Utility Player,4.73,0.34,0.94,,0.94,-0.16,0.16,0.48,0.68,0.05,-0.26,0.84,0.08,,4,,-1.22,0.33,0.68,0.05,Conditions-Proof,-0.08,False
7e439c80,Sohail Ahmad,Croatia,6,51,52,98.08,8.5,1,3,4,upper_middle,26.7,12.1,8.1,15.6,C,C,D,D,Utility Player,5.83,0.67,,,,,,,,0.3,-0.25,0.35,,,3,,-1.25,0.25,0.58,,,,True
9fbc7bc4,KO Meth,Zimbabwe,1,6,6,100.0,6.0,0,0,8,lower_order,26.7,22.8,34.8,29.6,C,C,C,C+,Utility Player,6.0,1.0,,,,,,,,,-0.28,0.26,,,0,,,,,,,,True
221ad9d9,GP Swann,England,15,104,89,116.85,20.8,9,1,9,lower_order,26.7,26.8,69.1,47.0,B,C,C,B+,Utility Player,3.53,0.6,,,,-0.41,0.41,0.32,0.44,-0.14,-0.3,1.2,0.08,,3,,0.61,0.75,0.58,0.06,Conditions-Proof,0.05,False
ffafcfce,Bashir Ahmad,Switzerland,1,5,4,125.0,5.0,1,0,10,tail,26.6,27.6,18.9,23.4,C,C,C,C,Utility Player,1.0,0.25,,,,,,,,,-0.11,0.26,,,1,,,,,,,,True
52b090a6,Lakshit Gupta,Cambodia,28,597,562,106.23,25.96,48,25,2,top_order,26.6,28.3,57.9,43.5,C+,C,C,B,Utility Player,5.64,0.28,1.1,,1.1,-0.13,0.13,0.58,1.45,0.28,-0.25,1.28,0.05,-1.01,8,-0.14,-1.09,0.13,0.74,-0.46,Tough-Track Star,-0.44,False
1e3db5f4,C Bevin,Croatia,3,24,27,88.89,12.0,2,0,8,lower_order,26.6,19.9,30.5,27.3,C,C,C,C+,Utility Player,2.67,0.3,,,,,,,,,-0.04,0.56,,,1,,-1.64,0.0,0.43,,,,True
37312a74,Mudassar Bukhari,Netherlands,18,129,124,104.03,9.92,8,3,7,lower_middle,26.6,21.9,26.0,25.7,C,C,C,C,Utility Player,3.72,0.54,,,,0.32,-0.32,0.66,1.34,-0.09,-0.13,0.73,0.04,1.64,8,0.53,-0.97,0.29,0.61,-0.1,Conditions-Proof,-0.2,False
fbaa61d2,KO Otieno,Kenya,1,7,10,70.0,7.0,0,0,2,top_order,26.6,24.5,22.6,24.5,C,C,C,C,Utility Player,0.0,0.0,,,,,,,,,0.12,0.03,,,1,,-2.99,0.0,1.0,,,,True
241a104c,V Hampihallikar,Singapore,3,15,41,36.59,5.0,1,0,11,tail,26.6,24.3,21.8,24.0,C,C,C,C,Utility Player,13.0,0.95,,,,,,,,,-0.4,0.41,,,2,,-2.85,0.0,0.47,,,,True
5eb51b97,V Sukumaran,United Arab Emirates,8,151,124,121.77,18.88,15,7,3,top_order,26.5,46.9,24.2,30.6,C+,C,B,C,Utility Player,7.75,0.5,1.03,,1.03,,,,,0.19,-0.34,0.57,,,2,,-0.68,0.3,0.67,,,,True
f74a1394,Elias Hasan,Estonia,6,33,37,89.19,8.25,2,2,9,lower_order,26.5,28.8,21.8,25.0,C,C,C,C,Utility Player,4.5,0.73,,,,,,,,0.0,-0.19,0.7,,,6,-0.18,-1.59,0.0,0.29,,,,True
f7bf6004,C Webster,Isle of Man,4,51,34,150.0,12.75,3,4,6,lower_middle,26.5,37.6,8.1,20.8,C,C,C+,D,Utility Player,3.5,0.41,,,,,,,,,-0.51,0.38,,,1,,-1.6,0.0,0.29,,,,True
d1b5efdf,NCK Liyanage,Malaysia,2,8,8,100.0,8.0,1,0,10,tail,26.5,26.5,21.3,24.3,C,C,C,C,Utility Player,0.5,0.12,,,,,,,,,-0.62,0.26,,,1,,,,,,,,True
1ee9a0f6,Syed Ali Gillani,Sweden,2,4,4,100.0,4.0,0,0,11,tail,26.5,16.1,28.2,25.2,C,C,C,C,Utility Player,2.0,1.0,,,,,,,,,-0.23,0.58,,,1,,,,,,,,True
4f21dc48,Ahsan Abbasi,Hong Kong,5,63,69,91.3,12.6,7,0,2,top_order,26.5,13.6,28.0,25.0,C,C,D,C,Utility Player,8.2,0.59,,,,,,,,,-0.19,0.3,,,4,,-1.6,0.0,0.29,,,,True
098a757c,Muhammad Jawadullah,United Arab Emirates,4,12,15,80.0,6.0,1,0,10,tail,26.5,21.8,27.6,26.1,C,C,C,C,Utility Player,2.5,0.67,,,,,,,,,-0.41,0.49,,,2,,,,,,,,True
74a578d0,C Udekwe,Nigeria,9,36,39,92.31,7.2,1,2,10,tail,26.4,19.6,30.7,27.1,C,C,C,C+,Utility Player,1.89,0.44,,,,,,,,0.26,-0.31,0.77,,,4,,,,,,,,True
753c95b9,SS Pathirana,Sri Lanka,5,27,24,112.5,5.4,3,0,8,lower_order,26.4,28.6,18.2,23.2,C,C,C,C,Utility Player,1.0,0.21,,,,,,,,,-0.22,0.37,,,2,,-2.99,0.0,1.0,,,,True
4a36c370,N Madziva,Zimbabwe,8,62,62,100.0,15.5,4,3,9,lower_order,26.3,40.6,50.8,40.8,C+,C,C+,B,Utility Player,6.5,0.84,,,,,,,,0.02,-0.37,0.87,,,4,,-1.29,0.2,0.59,,,,True
3cc13c68,Rahat Ali,Czech Republic,4,27,26,103.85,13.5,3,0,8,lower_order,26.3,29.2,35.6,31.5,C+,C,C,C+,Utility Player,6.0,0.92,,,,,,,,,-0.11,0.79,,,4,,-0.63,0.0,1.0,,,,True
a1cc467d,MJ Scotland,Bermuda,7,123,119,103.36,30.75,9,2,4,upper_middle,26.3,3.2,56.3,38.3,C+,C,D,B,Utility Player,1.0,0.06,1.38,,1.38,,,,,0.05,-0.25,0.93,,,4,,-0.81,0.12,0.66,,,,True
6de51a8e,Ritik Tomar,Czech Republic,21,255,222,114.86,15.0,21,9,5,upper_middle,26.3,12.1,9.3,16.6,C,C,D,D,Utility Player,4.33,0.41,,,,0.15,-0.15,0.54,1.51,-0.12,-0.3,0.55,0.03,-1.01,11,-0.39,-0.69,0.36,0.71,0.01,Conditions-Proof,0.08,False
5190900f,E Haven,Bahamas,5,19,53,35.85,4.75,1,0,8,lower_order,26.3,15.1,15.3,19.2,C,C,C,C,Utility Player,10.2,0.96,,,,,,,,,-0.37,0.36,,,5,-0.36,-1.63,0.0,0.29,,,,True
518a21ed,Awais Ahmad,Sweden,8,116,96,120.83,14.5,10,6,3,top_order,26.2,31.9,13.2,22.1,C,C,C+,D,Utility Player,6.62,0.55,,,,,,,,,-0.22,0.45,,,2,,-0.74,0.0,0.63,,,,True
aab3e7be,MJ Mason,New Zealand,1,2,2,100.0,2.0,0,0,10,tail,26.2,23.4,30.0,27.4,C,C,C,C+,Utility Player,2.0,1.0,,,,,,,,,-0.09,0.26,,,0,,,,,,,,True
711e73ac,Itibarshah Deedar,Austria,2,9,11,81.82,9.0,1,0,10,tail,26.2,25.8,29.5,27.8,C,C,C,C,Utility Player,4.5,0.82,,,,,,,,,0.1,0.7,,,0,,-1.8,0.0,1.0,,,,True
e85d03d6,BM Scholtz,Namibia,20,72,79,91.14,10.29,7,0,9,lower_order,26.2,23.7,44.6,34.3,C+,C,C,C+,Utility Player,2.55,0.65,,,,-0.15,0.15,0.37,0.96,-0.02,-0.2,1.0,0.05,-0.35,10,-0.2,-1.1,0.0,0.49,-0.13,Conditions-Proof,0.04,False
68f500c8,Z Hoque,Thailand,7,95,98,96.94,15.83,6,4,5,upper_middle,26.2,21.9,36.2,30.5,C+,C,C,C+,Utility Player,3.57,0.26,,,,,,,,-0.49,-0.18,0.56,,,1,,-1.11,0.2,0.61,,,,True
6e397f37,Asif Javed,Bahrain,1,5,4,125.0,5.0,1,0,6,lower_middle,26.2,27.4,20.0,23.7,C,C,C,C,Utility Player,1.0,0.25,,,,,,,,,0.43,0.22,,,0,,,,,,,,True
112959b2,A Bagai,Canada,4,165,154,107.14,55.0,14,0,4,upper_middle,26.1,7.4,64.1,44.7,C+,C,D,B+,Utility Player,6.25,0.16,1.07,,1.07,,,,,,-0.2,1.28,,,4,,-0.67,0.17,0.74,,,,True
16ddd36b,TD Chaoana,Lesotho,9,26,40,65.0,5.2,2,0,10,tail,26.1,9.0,20.0,20.0,C,C,D,C,Utility Player,2.89,0.65,,,,,,,,0.63,-0.32,0.68,,,9,-0.3,,,,,,,True
2bfec670,H Kaushik,United Arab Emirates,13,156,120,130.0,17.33,4,12,5,upper_middle,26.1,42.0,24.6,29.5,C,C,C+,C,Utility Player,5.38,0.58,,,,-0.76,0.76,0.61,1.81,0.24,-0.33,0.62,0.05,-0.07,10,-0.22,-0.19,0.29,0.67,0.13,Conditions-Proof,0.32,False
8d0ea930,MS Kasprowicz,Australia,1,3,5,60.0,3.0,0,0,10,tail,26.1,24.5,28.8,27.0,C,C,C,C,Utility Player,5.0,1.0,,,,,,,,,-0.49,0.2,,,1,,,,,,,,True
a86a37ab,Mohammad Ali,Pakistan,1,1,1,100.0,1.0,0,0,11,tail,26.1,23.8,29.5,27.2,C,C,C,C,Utility Player,0.0,0.0,,,,,,,,,-0.05,0.29,,,0,,,,,,,,True
bfe33045,Nawaf Ahmed,Kuwait,3,10,9,111.11,10.0,1,1,10,tail,26.1,31.0,11.4,20.7,C,C,C+,D,Utility Player,2.67,0.89,,,,,,,,,-0.77,0.3,,,1,,,,,,,,True
747209e0,AG Weligamage,Hungary,10,101,92,109.78,16.83,4,8,8,lower_order,26.1,36.7,41.7,36.0,C+,C,C+,C+,Utility Player,3.3,0.36,0.65,,0.65,0.07,-0.07,0.31,0.42,-0.2,-0.23,1.18,0.12,-0.61,6,-0.42,-1.1,0.4,0.6,0.47,Flat-Track Bully,0.61,False
92256e66,D Weston,Germany,2,19,18,105.56,9.5,1,1,1,top_order,26.0,29.8,28.2,27.9,C,C,C,C,Utility Player,3.0,0.33,,,,,,,,,-0.13,0.38,,,1,,-2.3,0.0,1.0,,,,True
9170ff49,Parvez Rasool,India,1,5,6,83.33,5.0,0,0,8,lower_order,26.0,23.0,33.8,29.0,C,C,C,C+,Utility Player,6.0,1.0,,,,,,,,,-0.35,0.23,,,0,,,,,,,,True
2e3c45d3,HJ Patel,Panama,2,25,25,100.0,12.5,2,0,7,lower_middle,26.0,21.4,24.6,24.8,C,C,C,C,Utility Player,0.0,0.0,,,,,,,,,-0.08,0.24,,,2,,-1.64,0.0,0.29,,,,True
f815a3b7,Amir Sharif,Italy,3,28,27,103.7,14.0,1,1,6,lower_middle,26.0,30.8,32.6,30.4,C+,C,C+,C+,Utility Player,2.67,0.3,,,,,,,,,-0.07,0.45,,,3,,-0.55,0.5,0.29,,,,True
70e1b3a8,VRB Arachchige,Malta,1,5,3,166.67,5.0,1,0,10,tail,25.9,26.6,23.6,25.0,C,C,C,C,Utility Player,1.0,0.33,,,,,,,,,0.21,0.47,,,1,,,,,,,,True
e7de4f6b,RR Emrit,West Indies,3,17,27,62.96,5.67,0,1,8,lower_order,25.9,20.9,26.8,25.4,C,C,C,C,Utility Player,7.33,0.81,,,,,,,,,-0.42,0.3,,,3,,-2.56,0.0,0.29,,,,True
29663fda,HL Harji,Seychelles,6,19,29,65.52,3.17,2,1,9,lower_order,25.9,23.1,1.5,14.4,D,C,C,D,Utility Player,3.83,0.79,,,,,,,,0.01,-0.43,0.41,,,6,-0.42,,,,,,,True
dd37da14,UWMBCA Welegedara,Sri Lanka,1,2,3,66.67,2.0,0,0,11,tail,25.9,23.9,28.0,26.5,C,C,C,C,Utility Player,3.0,1.0,,,,,,,,,-0.42,0.21,,,1,,,,,,,,True
e2b86f12,Shan Siddiqui,Gambia,1,4,3,133.33,4.0,1,0,10,tail,25.9,27.6,15.8,21.7,C,C,C,C,Utility Player,1.0,0.33,,,,,,,,,0.2,0.32,,,1,,,,,,,,True
957819df,DK Dahani,Iran,1,4,3,133.33,4.0,1,0,2,top_order,25.9,27.7,15.5,21.6,C,C,C,C,Utility Player,1.0,0.33,,,,,,,,,0.21,0.26,,,0,,,,,,,,True
ee7d0c82,GD McGrath,Australia,1,5,12,41.67,5.0,0,0,11,tail,25.9,24.4,22.8,24.2,C,C,C,C,Utility Player,1.0,0.08,,,,,,,,,-0.63,0.04,,,1,,-2.38,0.0,1.0,,,,True
2e563be8,AR Perez Rivero,Argentina,1,9,10,90.0,9.0,0,0,6,lower_middle,25.9,22.7,26.5,25.7,C,C,C,C,Utility Player,10.0,1.0,,,,,,,,,-0.23,0.14,,,1,,,,,,,,True
99663fa5,D Mongia,India,1,38,45,84.44,38.0,4,1,3,top_order,25.8,47.3,46.1,44.3,C+,C,B,B,Utility Player,5.0,0.11,,,,,,,,,-0.19,0.35,,,0,,-0.81,0.25,0.52,,,,True
039cabd9,TS Waqavakatoga,Fiji,5,43,38,113.16,10.75,2,2,7,lower_middle,25.8,18.1,21.8,22.7,C,C,C,C,Utility Player,3.4,0.45,,,,,,,,,-0.16,0.46,,,5,-0.15,,,,,,,True
0ac067e8,DR Hooper,Guernsey,9,82,103,79.61,13.67,2,1,9,lower_order,25.8,8.0,48.7,33.0,C+,C,D,B,Utility Player,7.78,0.68,,,,,,,,-0.43,-0.13,1.0,,0.07,7,-0.09,-1.29,0.0,0.64,,,,True
835aa08f,R Jones,Belize,1,7,9,77.78,7.0,0,0,8,lower_order,25.8,24.3,22.5,24.1,C,C,C,C,Utility Player,1.0,0.11,,,,,,,,,-0.11,0.13,,,1,,-1.22,0.0,1.0,,,,True
2edb4286,S Varathappan,Kuwait,1,9,10,90.0,9.0,2,0,2,top_order,25.8,29.5,16.6,22.6,C,C,C,C,Utility Player,5.0,0.5,,,,,,,,,-0.26,0.13,,,1,,-1.97,0.0,1.0,,,,True
05ea0342,J Dzulfikar,Indonesia,16,136,172,79.07,10.46,14,2,2,top_order,25.8,4.5,12.1,15.7,C,C,D,D,Utility Player,6.94,0.65,,,,-0.18,0.18,0.29,0.41,-0.42,-0.2,0.45,0.03,-0.45,6,-0.25,-1.8,0.1,0.71,-0.12,Conditions-Proof,0.39,False
16f4cc7e,A Bulow,Denmark,1,11,13,84.62,11.0,0,1,4,upper_middle,25.7,29.0,22.3,25.1,C,C,C,C,Utility Player,0.0,0.0,,,,,,,,,-0.26,0.14,,,1,,,,,,,,True
ce9ee68f,DK Dahyabhai Ahir,Panama,6,34,46,73.91,11.33,1,0,9,lower_order,25.7,14.1,36.0,28.3,C,C,D,C+,Utility Player,3.0,0.39,,,,,,,,0.1,-0.21,0.8,,,6,-0.18,-1.23,0.0,1.0,,,,True
c4bc3b59,D Khanal,Nepal,3,31,35,88.57,10.33,4,1,3,top_order,25.7,30.4,9.4,19.5,C,C,C+,D,Utility Player,3.67,0.31,,,,,,,,,-0.22,0.19,,,0,,-1.32,0.0,0.29,,,,True
643f2e6a,Dharmang Patel,Qatar,1,17,28,60.71,17.0,1,0,8,lower_order,25.7,25.1,37.5,31.6,C+,C,C,C+,Utility Player,28.0,1.0,,,,,,,,,-0.52,0.26,,,0,,-2.08,0.0,0.29,,,,True
4289ccc9,Samader Shadab,Greece,4,26,38,68.42,6.5,0,2,8,lower_order,25.7,26.2,14.1,20.7,C,C,C,D,Utility Player,6.0,0.63,,,,,,,,,-0.1,0.41,,,4,,-2.18,0.25,0.57,,,,True
a94c2947,N Mapunda,Tanzania,1,15,21,71.43,15.0,2,0,6,lower_middle,25.6,29.4,26.2,27.1,C,C,C,C,Utility Player,1.0,0.05,,,,,,,,,-0.4,0.08,,,1,,-1.83,0.0,0.29,,,,True
1ba16d18,Tarun Sharma,Mexico,2,12,13,92.31,12.0,1,0,1,top_order,25.6,14.9,31.1,26.2,C,C,D,C+,Utility Player,2.0,0.31,,,,,,,,,0.07,0.43,,,0,,-2.55,0.0,1.0,,,,True
068c47d2,JJ Davidson,Scotland,2,7,10,70.0,7.0,0,0,10,tail,25.6,20.1,39.5,30.8,C+,C,C,C+,Utility Player,2.5,0.5,,,,,,,,,-0.36,0.48,,,0,,,,,,,,True
29e95537,AM Rahane,India,20,375,331,113.29,20.83,32,6,2,top_order,25.6,3.0,66.7,41.1,C+,C,D,B+,Utility Player,6.4,0.39,0.88,,0.88,0.08,-0.08,0.38,0.62,-0.37,-0.23,0.88,0.04,,2,,-0.84,0.15,0.76,0.02,Conditions-Proof,0.09,False
1d6d8a8b,Zaki Ul Hassan,Belgium,3,12,10,120.0,12.0,1,0,10,tail,25.5,20.4,31.7,27.6,C,C,C,C+,Utility Player,1.33,0.4,,,,,,,,,-0.44,0.54,,,0,,,,,,,,True
6b25ef46,W Wotu,Vanuatu,14,143,136,105.15,11.92,5,11,7,lower_middle,25.5,36.7,7.2,20.0,C,C,C+,D,Utility Player,5.29,0.54,,,,-0.13,0.13,0.33,0.65,0.66,-0.25,0.64,0.05,-0.81,11,-0.61,-1.27,0.11,0.68,-0.45,Tough-Track Star,-0.89,False
9c1ccdea,J Louw,South Africa,1,1,1,100.0,1.0,0,0,9,lower_order,25.5,21.6,28.1,25.9,C,C,C,C,Utility Player,1.0,1.0,,,,,,,,,-0.24,0.25,,,0,,,,,,,,True
22ae3041,Fawad Ahmed,Australia,1,3,5,60.0,3.0,0,0,11,tail,25.5,22.9,29.1,26.6,C,C,C,C,Utility Player,5.0,1.0,,,,,,,,,-0.6,0.2,,,1,,,,,,,,True
72ae14d0,Zeeshan Goraya,Austria,2,17,15,113.33,8.5,1,1,2,top_order,25.5,25.8,19.8,23.1,C,C,C,C,Utility Player,1.5,0.2,,,,,,,,,0.02,0.37,,,0,,,,,,,,True
b67bfaae,GE Mathurin,West Indies,2,4,5,80.0,4.0,0,0,10,tail,25.5,19.0,37.3,29.5,C,C,C,C+,Utility Player,2.5,1.0,,,,,,,,,-0.32,0.44,,,0,,,,,,,,True
823a57a9,S di Bartolomeo,Italy,1,2,2,100.0,2.0,0,0,11,tail,25.5,22.5,23.4,24.0,C,C,C,C,Utility Player,2.0,1.0,,,,,,,,,-0.23,0.16,,,1,,,,,,,,True
f771a151,EC Rainsford,Zimbabwe,1,1,2,50.0,1.0,0,0,10,tail,25.5,22.6,24.3,24.4,C,C,C,C,Utility Player,2.0,1.0,,,,,,,,,-0.52,0.13,,,0,,,,,,,,True
c8c9d60b,BBJL Perera,Italy,12,272,249,109.24,24.73,27,8,2,top_order,25.4,41.0,54.8,43.8,C+,C,C+,B,Utility Player,3.08,0.15,1.11,,1.11,-0.38,0.38,1.35,0.39,-0.27,-0.11,1.09,0.09,-9.63,11,-0.69,-1.0,0.22,0.75,0.08,Conditions-Proof,,False
c01852c6,Junaid Sheikh,Norway,3,19,20,95.0,6.33,1,1,10,tail,25.4,28.6,25.2,26.0,C,C,C,C,Utility Player,5.0,0.75,,,,,,,,,-0.13,0.56,,,3,,,,,,,,True
75ebfe19,Baseer Khan,Austria,11,132,106,124.53,18.86,7,7,5,upper_middle,25.4,38.1,42.3,36.6,C+,C,C+,C+,Utility Player,5.36,0.56,1.34,,1.34,-0.47,0.47,0.42,0.47,-0.1,-0.33,0.97,0.09,,4,,-0.85,0.43,0.64,0.62,Flat-Track Bully,0.34,False
aa76333b,Sikder Billah,Bahrain,5,51,39,130.77,17.0,5,1,8,lower_order,25.4,33.0,23.2,26.7,C,C,C+,C,Utility Player,2.6,0.33,,,,,,,,,-0.49,0.41,,,3,,-0.18,0.5,0.29,,,,True
7a7c7e57,R Pillai,Germany,3,24,31,77.42,12.0,1,0,8,lower_order,25.4,17.0,30.3,26.2,C,C,C,C+,Utility Player,9.0,0.87,,,,,,,,,-0.43,0.35,,,2,,-1.58,0.0,0.29,,,,True
118b0a7c,Aziz Sualley,Ghana,5,9,17,52.94,3.0,1,0,11,tail,25.4,24.1,12.6,19.4,C,C,C,D,Utility Player,2.8,0.82,,,,,,,,,0.1,0.62,,,1,,-5.3,0.0,1.0,,,,True
e13f8b16,AR Leo,St Helena,7,63,81,77.78,12.6,4,1,1,top_order,25.3,11.1,30.6,25.3,C,C,D,C+,Utility Player,10.29,0.89,,,,,,,,0.62,-0.11,0.55,,,7,-0.12,-1.57,0.0,0.58,,,,True
8ea6e670,NM Hauritz,Australia,2,6,10,60.0,3.0,1,0,10,tail,25.3,28.5,15.2,21.4,C,C,C,C,Utility Player,4.0,0.8,,,,,,,,,-0.39,0.2,,,0,,,,,,,,True
54725e8b,IH Romaine,Bermuda,1,8,12,66.67,8.0,0,0,6,lower_middle,25.3,22.6,28.8,26.5,C,C,C,C,Utility Player,0.0,0.0,,,,,,,,,-0.28,0.12,,,1,,,,,,,,True
073ef5a0,S Pokhriyal,Czech Republic,1,13,22,59.09,13.0,1,0,2,top_order,25.3,27.6,21.8,24.6,C,C,C,C,Utility Player,0.0,0.0,,,,,,,,,-0.41,0.12,,,1,,-2.16,0.0,0.29,,,,True
5ab659d9,P Pirabakaran,France,1,13,13,100.0,13.0,2,0,8,lower_order,25.3,26.5,23.8,25.2,C,C,C,C,Utility Player,1.0,0.08,,,,,,,,,0.0,0.31,,,0,,,,,,,,True
43e2e8c3,Neeraj Mishra,Czech Republic,3,4,9,44.44,2.0,1,0,11,tail,25.3,24.5,7.8,17.3,C,C,C,D,Utility Player,2.67,0.89,,,,,,,,,-0.1,0.44,,,1,,,,,,,,True
9853b404,ML Castillo,Belize,11,119,137,86.86,11.9,11,4,3,top_order,25.2,33.6,10.6,20.7,C,C,C+,D,Utility Player,5.36,0.43,,,,,,0.5,0.83,0.27,-0.15,0.55,0.05,,11,-0.15,-1.44,0.2,0.56,0.1,Conditions-Proof,,False
cb4a3840,Charanjeet Singh,Italy,1,8,9,88.89,8.0,1,0,10,tail,25.2,25.9,28.9,27.1,C,C,C,C,Utility Player,0.0,0.0,,,,,,,,,-0.1,0.4,,,1,,,,,,,,True
33742f04,Usman Qadir,Pakistan,7,31,27,114.81,7.75,2,1,9,lower_order,25.2,22.6,22.1,23.4,C,C,C,C,Utility Player,2.71,0.7,,,,,,,,-0.13,-0.31,0.46,,,2,,,,,,,,True
b40ee8a8,PC de Silva,Sri Lanka,2,22,22,100.0,11.0,1,0,7,lower_middle,25.2,16.2,32.9,27.1,C,C,C,C+,Utility Player,2.5,0.23,,,,,,,,,-0.5,0.17,,,2,,-0.3,0.0,1.0,,,,True
fdac5295,JAH Marshall,New Zealand,2,14,15,93.33,7.0,2,0,6,lower_middle,25.2,27.6,16.8,22.0,C,C,C,C,Utility Player,3.0,0.4,,,,,,,,,-0.32,0.1,,,0,,-2.05,0.0,1.0,,,,True
6d2081aa,KA Vimlesh,Romania,6,68,71,95.77,34.0,5,0,3,top_order,25.2,0.3,48.3,34.5,C+,C,D,B,Utility Player,6.67,0.56,,,,,,,,0.0,-0.17,1.07,,,1,,-1.33,0.0,0.6,,,,True
004c9e85,PJ Hughes,Australia,1,6,8,75.0,6.0,1,0,5,upper_middle,25.1,30.2,18.7,23.3,C,C,C+,C,Utility Player,3.0,0.38,,,,,,,,,-0.21,0.09,,,0,,,,,,,,True
8e7e982c,Muhammed Turkmen,Turkey,4,39,27,144.44,9.75,3,3,6,lower_middle,25.1,28.9,15.9,21.9,C,C,C,C,Utility Player,1.5,0.22,,,,,,,,,-0.16,0.52,,,3,,2.01,1.0,1.0,,,,True
d617f2bf,Hardeep Singh,Cyprus,1,4,1,400.0,4.0,1,0,9,lower_order,25.1,25.2,19.0,22.4,C,C,C,C,Utility Player,0.0,0.0,,,,,,,,,2.51,0.99,,,0,,,,,,,,True
87493f1d,Ubaid Minhas,Bahrain,3,24,21,114.29,24.0,1,0,6,lower_middle,25.1,4.3,46.3,32.1,C+,C,D,B,Utility Player,3.0,0.43,,,,,,,,,-0.23,0.61,,,0,,,,,,,,True
024a173d,J Nyumbu,Zimbabwe,2,7,11,63.64,7.0,1,0,10,tail,25.1,29.7,38.0,31.9,C+,C,C,C+,Utility Player,5.5,1.0,,,,,,,,,-0.57,0.46,,,2,,,,,,,,True
e6581a17,CM Akachukwu,Nigeria,9,69,69,100.0,11.5,4,1,10,tail,25.1,22.0,34.7,29.1,C,C,C,C+,Utility Player,1.22,0.16,,,,,,,,0.88,-0.23,0.8,,-2.07,6,-0.77,-1.17,0.0,0.58,,,,True
48f25627,Amjad Mahboob,Singapore,13,35,48,72.92,4.38,1,2,9,lower_order,25.1,9.6,15.4,17.7,C,C,D,C,Utility Player,2.38,0.65,,,,0.12,-0.12,0.11,0.33,-0.06,-0.41,0.57,0.04,0.37,11,0.2,,,,-0.24,Tough-Track Star,-0.19,False
b1ad996b,MP Yadav,India,1,1,1,100.0,1.0,0,0,11,tail,25.1,21.5,28.4,25.9,C,C,C,C,Utility Player,1.0,1.0,,,,,,,,,-0.3,0.26,,,0,,,,,,,,True
72e60730,A Vala,Papua New Guinea,53,1233,1047,117.77,28.02,108,38,2,top_order,25.0,60.6,74.1,57.5,B,C,B+,B+,Utility Player,6.62,0.34,1.43,,1.43,0.03,-0.03,0.59,2.04,0.4,-0.21,1.72,0.03,0.91,32,0.18,-0.71,0.26,0.81,-0.18,Tough-Track Star,-0.19,False
2cdce1be,C Sakariya,India,1,5,9,55.56,5.0,0,0,10,tail,25.0,26.0,33.2,28.9,C,C,C,C+,Utility Player,9.0,1.0,,,,,,,,,-0.3,0.28,,,0,,,,,,,,True
2eb25b39,M Gill,Canada,1,15,20,75.0,15.0,0,0,3,top_order,25.0,14.5,31.9,26.5,C,C,D,C+,Utility Player,20.0,1.0,,,,,,,,,-0.31,0.21,,,0,,-1.13,0.0,1.0,,,,True
dbaaad11,Rizwan Zahoor,Slovenia,2,16,19,84.21,16.0,2,0,10,tail,25.0,27.3,40.3,33.0,C+,C,C,C+,Utility Player,0.5,0.05,,,,,,,,,-0.34,0.96,,,2,,-1.73,0.0,1.0,,,,True
8a686d30,MS Atapattu,Sri Lanka,1,5,8,62.5,5.0,0,0,5,upper_middle,25.0,20.6,22.7,23.1,C,C,C,C,Utility Player,8.0,1.0,,,,,,,,,-0.37,0.02,,,1,,-2.8,0.0,1.0,,,,True
ce820073,Sandeep Sharma,India,1,1,1,100.0,1.0,0,0,11,tail,24.9,22.3,28.0,25.8,C,C,C,C,Utility Player,0.0,0.0,,,,,,,,,-0.14,0.28,,,1,,,,,,,,True
9a8f01b7,W Behr,Germany,4,19,18,105.56,6.33,2,0,7,lower_middle,24.9,22.9,19.6,22.2,C,C,C,C,Utility Player,2.25,0.5,,,,,,,,,0.01,0.42,,,1,,-1.47,0.0,0.29,,,,True
e01d2dae,Ikbal Hossain,France,1,5,3,166.67,5.0,1,0,10,tail,24.9,25.6,22.6,24.0,C,C,C,C,Utility Player,1.0,0.33,,,,,,,,,0.38,0.47,,,0,,,,,,,,True
bddbf5ec,Manuel Iturbe,Argentina,5,42,53,79.25,10.5,3,1,8,lower_order,24.9,17.5,20.8,21.8,C,C,C,C,Utility Player,5.2,0.49,,,,,,,,,-0.19,0.49,,,3,,-1.59,0.0,0.29,,,,True
c38bf66d,JMV Junior,Fiji,2,12,13,92.31,12.0,0,1,9,lower_order,24.9,25.3,26.9,26.2,C,C,C,C,Utility Player,4.0,0.62,,,,,,,,,-0.07,0.43,,,2,,,,,,,,True
b3e5205c,P Kotoisuva,Fiji,6,38,32,118.75,9.5,1,3,8,lower_order,24.9,24.8,11.2,18.9,C,C,C,D,Utility Player,2.67,0.5,,,,,,,,0.0,-0.44,0.44,,,6,-0.44,-1.28,0.33,0.46,,,,True
2b8b75a0,H Osinde,Canada,3,11,14,78.57,5.5,1,0,10,tail,24.9,26.7,25.5,25.6,C,C,C,C,Utility Player,3.0,0.64,,,,,,,,,-0.27,0.42,,,3,,,,,,,,True
fd34bcb0,M Machado,Portugal,11,148,125,118.4,16.44,13,5,3,top_order,24.8,39.3,15.6,24.4,C,C,C+,C,Utility Player,3.09,0.27,2.01,,2.01,,,0.41,0.71,-0.05,-0.27,0.74,0.07,,1,,-1.26,0.27,0.7,-0.23,Conditions-Proof,0.23,False
e51abd5e,LR Gaonkar,Panama,6,67,80,83.75,11.17,4,1,1,top_order,24.8,11.0,17.5,19.1,C,C,D,C,Utility Player,6.67,0.5,,,,,,,,0.12,-0.09,0.27,,,4,,-1.91,0.0,0.64,,,,True
02d0c9ae,Muhammad Asjed,Spain,1,7,7,100.0,7.0,1,0,6,lower_middle,24.8,26.0,18.0,22.1,C,C,C,C,Utility Player,0.0,0.0,,,,,,,,,-0.0,0.15,,,0,,,,,,,,True
3e86080b,Abdul Salman Khan,Saudi Arabia,2,8,11,72.73,8.0,1,0,10,tail,24.8,26.9,23.2,24.6,C,C,C,C,Utility Player,4.5,0.82,,,,,,,,,-0.41,0.29,,,1,,,,,,,,True
71764c46,DS Vosloo,Malta,1,15,17,88.24,15.0,0,0,4,upper_middle,24.8,17.0,26.5,24.5,C,C,C,C,Utility Player,17.0,1.0,,,,,,,,,-0.37,0.14,,,0,,-1.62,0.0,0.29,,,,True
52f08be8,JM Muirhead,Australia,2,4,8,50.0,4.0,0,0,10,tail,24.8,20.1,29.3,25.9,C,C,C,C,Utility Player,4.0,1.0,,,,,,,,,-0.51,0.28,,,0,,,,,,,,True
c6b11959,A Gorawara,Hong Kong,4,38,37,102.7,9.5,2,2,7,lower_middle,24.7,29.8,24.4,25.8,C,C,C,C,Utility Player,4.5,0.49,,,,,,,,,-0.15,0.37,,,0,,-2.38,0.0,0.29,,,,True
eb7af112,Mohammad Tauqir,United Arab Emirates,2,4,6,66.67,4.0,1,0,9,lower_order,24.7,27.4,8.8,18.1,C,C,C,D,Utility Player,1.5,0.5,,,,,,,,,-0.61,0.19,,,2,,,,,,,,True
be0077ba,Junaid Khan,Portugal,5,19,11,172.73,6.33,2,1,10,tail,24.7,28.8,10.2,19.1,C,C,C,D,Utility Player,0.8,0.36,,,,,,,,,-0.23,0.57,,,3,,,,,,,,True
357f5314,A Karn,Nepal,1,4,7,57.14,4.0,0,0,10,tail,24.7,24.1,21.4,23.1,C,C,C,C,Utility Player,7.0,1.0,,,,,,,,,-0.46,0.09,,,1,,-3.47,0.0,1.0,,,,True
ed47a68b,A Sathyan,Croatia,2,10,15,66.67,10.0,1,0,10,tail,24.7,27.2,34.3,29.7,C,C,C,C+,Utility Player,5.5,0.73,,,,,,,,,-0.63,0.47,,,0,,,,,,,,True
927a5ef5,Anam Mollik,Italy,1,9,10,90.0,9.0,1,0,6,lower_middle,24.7,26.0,21.4,23.6,C,C,C,C,Utility Player,0.0,0.0,,,,,,,,,-0.09,0.13,,,1,,,,,,,,True
32332eea,S Tharanga,Cyprus,3,20,17,117.65,10.0,1,2,7,lower_middle,24.6,25.7,12.4,19.5,C,C,C,D,Utility Player,4.67,0.82,,,,,,,,,-0.3,0.36,,,1,,-1.21,0.0,0.29,,,,True
a14b3bc0,Kawsar Khan,Brazil,6,69,72,95.83,13.8,5,2,6,lower_middle,24.6,25.3,25.6,25.7,C,C,C,C,Utility Player,3.5,0.29,,,,,,,,,-0.16,0.53,,-2.26,5,-0.68,-0.71,0.25,0.54,,,,True
770494eb,DAS Gunaratne,Sri Lanka,12,225,178,126.4,25.0,19,6,5,upper_middle,24.6,49.5,66.4,50.4,B,C,B,B+,Utility Player,4.0,0.27,1.36,,1.36,,,0.46,0.94,-0.24,-0.32,1.01,0.08,0.67,7,-0.22,-0.68,0.36,0.68,-0.04,Conditions-Proof,0.21,False
aea11d1d,D Birrell,Jersey,4,14,17,82.35,7.0,0,0,11,tail,24.6,11.4,29.7,24.4,C,C,D,C,Utility Player,3.5,0.82,,,,,,,,,-0.26,0.52,,,2,,,,,,,,True
407d13cc,Ashiqullah Said,Belgium,4,16,13,123.08,5.33,2,0,9,lower_order,24.6,23.0,13.8,19.5,C,C,C,D,Utility Player,0.0,0.0,,,,,,,,,0.26,0.54,,,0,,,,,,,,True
656fc15b,Jobayer Hossen,Seychelles,3,17,23,73.91,8.5,2,0,8,lower_order,24.6,24.5,24.2,24.6,C,C,C,C,Utility Player,4.0,0.52,,,,,,,,,0.07,0.43,,,3,,,,,,,,True
c6614fc0,DNA Ankrah,Ghana,6,46,62,74.19,9.2,4,1,6,lower_middle,24.5,12.4,3.5,12.8,D,C,D,D,Utility Player,7.67,0.74,,,,,,,,0.27,-0.44,0.19,,,6,-0.4,-2.0,0.2,0.63,,,,True
f390904d,GH Bodi,South Africa,1,8,25,32.0,8.0,0,0,5,upper_middle,24.5,21.6,19.1,21.6,C,C,C,C,Utility Player,25.0,1.0,,,,,,,,,-0.63,0.0,,,1,,-2.26,0.0,0.29,,,,True
fdb8ed0d,SD Parry,England,1,1,1,100.0,1.0,0,0,11,tail,24.5,22.4,25.8,24.7,C,C,C,C,Utility Player,0.0,0.0,,,,,,,,,0.02,0.26,,,1,,,,,,,,True
49dcf691,Emran Shahbakhsh,Iran,1,2,2,100.0,2.0,0,0,10,tail,24.5,20.4,21.6,22.4,C,C,C,C,Utility Player,0.0,0.0,,,,,,,,,-0.09,0.19,,,0,,,,,,,,True
b91f2a31,KP Meiyappan,United Arab Emirates,3,19,23,82.61,9.5,2,0,9,lower_order,24.5,29.7,28.6,27.6,C,C,C,C,Utility Player,5.33,0.7,,,,,,,,,-0.32,0.36,,,3,,,,,,,,True
9ffb7550,Nasrulla Rana,Hong Kong,33,217,201,107.96,10.85,13,10,8,lower_order,24.4,25.5,35.0,29.9,C,C,C,C+,Utility Player,3.33,0.55,,,,-0.16,0.16,0.46,2.09,-0.16,-0.23,1.06,0.03,0.38,10,0.12,-0.91,0.33,0.69,0.15,Conditions-Proof,0.39,False
e4f13acd,A Mene-Ejegi,Serbia,10,107,69,155.07,11.89,10,6,4,upper_middle,24.4,30.8,5.4,17.5,C,C,C+,D,Utility Player,0.8,0.12,,,,,,0.83,1.07,-0.14,-0.19,0.53,0.05,0.24,5,0.26,-1.21,0.33,0.62,0.15,Conditions-Proof,0.09,False
89b7e368,Asad Mohammad,Germany,1,5,5,100.0,5.0,1,0,6,lower_middle,24.4,26.6,15.3,20.8,C,C,C,C,Utility Player,0.0,0.0,,,,,,,,,-0.27,0.17,,,1,,,,,,,,True
a19db58e,Umair Sharif,Saudi Arabia,2,14,14,100.0,7.0,0,1,5,upper_middle,24.4,26.5,18.8,22.4,C,C,C,C,Utility Player,6.0,0.86,,,,,,,,,-0.33,0.15,,,2,,,,,,,,True
3abe1ef6,A Ndlovu,Zimbabwe,3,10,13,76.92,5.0,1,0,9,lower_order,24.4,27.8,25.0,25.4,C,C,C,C,Utility Player,2.67,0.62,,,,,,,,,-0.14,0.34,,,1,,,,,,,,True
1e5708ac,Zahid Hussain,Canada,1,1,1,100.0,1.0,0,0,11,tail,24.4,22.5,27.6,25.5,C,C,C,C,Utility Player,1.0,1.0,,,,,,,,,-0.04,0.3,,,1,,,,,,,,True
e3f53051,T Makaya,Malawi,3,4,6,66.67,2.0,1,0,10,tail,24.3,24.7,7.2,16.7,C,C,C,D,Utility Player,1.67,0.83,,,,,,,,,-0.51,0.3,,,0,,,,,,,,True
6eea0b32,Nasir Hossain,Bangladesh,20,308,283,108.83,18.12,24,5,6,lower_middle,24.3,11.3,67.6,42.3,C+,C,D,B+,Utility Player,5.1,0.36,2.76,,2.76,0.09,-0.09,0.22,0.3,0.14,-0.22,1.17,0.06,-0.04,9,-0.05,-0.84,0.06,0.72,0.19,Flat-Track Bully,0.2,False
29b89ae8,WB Rankin,Ireland,12,53,63,84.13,10.6,3,2,10,tail,24.3,17.4,46.9,33.4,C+,C,C,B,Utility Player,3.92,0.75,,,,-0.37,0.37,0.2,-0.02,0.2,-0.45,0.95,0.08,-1.61,9,-0.54,-2.01,0.0,1.0,-0.37,Tough-Track Star,-0.29,False
130d9e0d,Tayyeb Javed,Timor-Leste,1,8,5,160.0,8.0,2,0,8,lower_order,24.3,25.1,18.1,21.8,C,C,C,C,Utility Player,1.0,0.2,,,,,,,,,0.93,0.41,,,1,,,,,,,,True
10962078,U Sofi,Samoa,1,8,6,133.33,8.0,0,1,10,tail,24.3,25.5,21.3,23.3,C,C,C,C,Utility Player,3.0,0.5,,,,,,,,,0.16,0.39,,,1,,,,,,,,True
0837bb5f,Sanjay Kumar,Hungary,2,9,7,128.57,9.0,1,0,10,tail,24.3,22.8,29.5,26.5,C,C,C,C,Utility Player,1.5,0.43,,,,,,,,,-0.23,0.6,,,2,,,,,,,,True
cb263798,DL Hemp,Bermuda,1,20,30,66.67,20.0,2,1,3,top_order,24.2,40.5,32.6,32.3,C+,C,C+,C+,Utility Player,30.0,1.0,,,,,,,,,-0.28,0.17,,,1,,-0.97,0.0,0.29,,,,True
06adaa46,D Siva Kumar,United States of America,1,7,13,53.85,7.0,1,0,5,upper_middle,24.2,26.6,18.4,22.2,C,C,C,C,Utility Player,13.0,1.0,,,,,,,,,-0.56,0.03,,,1,,,,,,,,True
ba7b21fd,A Valthapa,United Arab Emirates,1,5,12,41.67,5.0,1,0,5,upper_middle,24.2,28.6,12.4,19.8,C,C,C,D,Utility Player,12.0,1.0,,,,,,,,,-0.45,0.13,,,1,,-3.03,0.0,1.0,,,,True
526e006d,Jay Odedra,Oman,6,40,42,95.24,40.0,3,1,9,lower_order,24.2,50.3,69.2,54.7,B,C,B,B+,Utility Player,5.5,0.79,,,,,,,,-0.06,-0.4,1.57,,,4,,-1.2,0.0,0.29,,,,True
24bb1c2f,Haris Rauf,Pakistan,28,109,104,104.81,6.81,8,5,10,tail,24.2,20.1,33.8,27.9,C,C,C,C+,Utility Player,1.68,0.45,,,,-0.19,0.19,0.26,0.55,0.19,-0.31,1.05,0.04,-0.26,12,-0.23,-1.98,0.33,0.45,-0.29,Tough-Track Star,-0.08,False
c7530eeb,Bilal Shah,Oman,1,1,1,100.0,1.0,0,0,11,tail,24.2,21.4,27.3,25.0,C,C,C,C,Utility Player,1.0,1.0,,,,,,,,,-0.16,0.28,,,0,,,,,,,,True
bd93fea4,PM Siddle,Australia,1,1,1,100.0,1.0,0,0,9,lower_order,24.2,21.2,29.1,25.8,C,C,C,C,Utility Player,1.0,1.0,,,,,,,,,-0.19,0.21,,,0,,,,,,,,True
c577d7d4,A Chaubey,Croatia,4,14,21,66.67,3.5,0,2,8,lower_order,24.2,28.5,2.5,15.3,C,C,C,D,Utility Player,4.25,0.81,,,,,,,,,-0.36,0.38,,,2,,-3.85,0.0,1.0,,,,True
dd468277,N M'shangwe,Zimbabwe,2,5,4,125.0,5.0,1,0,9,lower_order,24.2,31.1,17.0,22.4,C,C,C+,C,Utility Player,2.0,1.0,,,,,,,,,-0.32,0.2,,,1,,,,,,,,True
5a4c12ab,Sohag Gazi,Bangladesh,6,57,59,96.61,14.25,3,1,8,lower_order,24.1,13.5,51.9,35.0,C+,C,D,B,Utility Player,6.0,0.61,,,,,,,,,-0.32,0.71,,,4,,-2.43,0.0,0.29,,,,True
e796c63a,Z Motara,West Indies,1,3,4,75.0,3.0,0,0,10,tail,24.1,22.5,25.1,24.2,C,C,C,C,Utility Player,4.0,1.0,,,,,,,,,-0.34,0.18,,,1,,,,,,,,True
4f20959c,Mofassar Saeed,Norway,1,17,19,89.47,17.0,2,0,4,upper_middle,24.1,21.9,20.9,22.9,C,C,C,C,Utility Player,19.0,1.0,,,,,,,,,-0.43,0.06,,,1,,-0.76,0.0,0.29,,,,True
3bc18521,VF Bomnyuy,Cameroon,2,4,8,50.0,4.0,0,0,10,tail,24.1,18.5,16.1,19.4,C,C,C,C,Utility Player,2.5,0.62,,,,,,,,,-0.09,0.23,,,2,,,,,,,,True
740a5b6d,Arif Ullah,Malaysia,1,5,6,83.33,5.0,1,0,11,tail,24.1,26.5,23.7,24.4,C,C,C,C,Utility Player,6.0,1.0,,,,,,,,,-0.25,0.27,,,1,,-1.13,0.0,1.0,,,,True
9ec74db8,CM McBride,Scotland,2,13,9,144.44,6.5,2,0,8,lower_order,24.1,29.6,17.4,22.3,C,C,C,C,Utility Player,1.5,0.33,,,,,,,,,-0.35,0.17,,,0,,,,,,,,True
5426de63,HB Shipley,New Zealand,2,2,2,100.0,2.0,0,0,9,lower_order,24.1,14.7,33.6,26.5,C,C,D,C+,Utility Player,1.0,1.0,,,,,,,,,-0.31,0.36,,,2,,,,,,,,True
a5efce80,A Sarma,Germany,2,37,46,80.43,18.5,3,1,3,top_order,24.1,19.1,36.4,29.5,C,C,C,C+,Utility Player,2.5,0.11,,,,,,,,,-0.17,0.27,,,1,,-1.39,0.0,0.48,,,,True
c8ea9add,S Simpson,Jersey,1,8,9,88.89,8.0,1,0,10,tail,24.0,25.7,28.7,26.6,C,C,C,C,Utility Player,2.0,0.22,,,,,,,,,-0.32,0.36,,,0,,,,,,,,True
bb939fa3,Elan Talker,Israel,1,4,3,133.33,4.0,0,0,11,tail,24.0,20.7,23.6,23.2,C,C,C,C,Utility Player,0.0,0.0,,,,,,,,,0.24,0.3,,,1,,,,,,,,True
7b729851,Umer Imtiaz,Bahrain,31,462,403,114.64,15.4,37,25,1,top_order,24.0,44.8,11.3,23.4,C,C,C+,D,Utility Player,5.29,0.41,1.15,,1.15,0.21,-0.21,0.46,0.72,0.4,-0.26,0.8,0.03,-0.45,16,-0.14,-1.03,0.27,0.75,0.0,Conditions-Proof,0.16,False
8a1d0222,Kuldeep Lal,Spain,3,27,26,103.85,13.5,3,0,8,lower_order,24.0,18.6,37.4,29.4,C,C,C,C+,Utility Player,3.0,0.35,,,,,,,,,-0.13,0.52,,,1,,-1.13,0.0,1.0,,,,True
87e87dd2,P Nedeljkovic,Serbia,4,25,35,71.43,12.5,2,1,9,lower_order,24.0,27.2,28.7,27.1,C,C,C,C,Utility Player,4.25,0.49,,,,,,,,,-0.27,0.52,,,3,,-1.22,0.0,1.0,,,,True
cefe0886,E Schiferli,Netherlands,2,7,13,53.85,7.0,0,0,8,lower_order,23.9,18.0,24.2,22.9,C,C,C,C,Utility Player,6.5,1.0,,,,,,,,,-0.57,0.1,,,1,,,,,,,,True
e5b16284,M Manivannan,Cayman Islands,1,4,7,57.14,4.0,1,0,10,tail,23.9,27.2,23.8,24.5,C,C,C,C,Utility Player,7.0,1.0,,,,,,,,,-0.56,0.25,,,1,,,,,,,,True
a830c083,ND McKenzie,South Africa,1,7,8,87.5,7.0,0,0,7,lower_middle,23.9,21.0,36.1,28.9,C,C,C,C+,Utility Player,8.0,1.0,,,,,,,,,-0.32,0.23,,,0,,,,,,,,True
88fccd6c,SM Pollock,South Africa,9,86,70,122.86,12.29,4,4,6,lower_middle,23.9,40.7,15.3,23.8,C,C,C+,C,Utility Player,3.33,0.43,,,,,,,,-0.34,-0.41,0.47,,0.66,5,0.35,0.04,0.5,0.57,,,,True
1c4161b3,Bilal Safdar,Norway,8,73,86,84.88,12.17,7,0,4,upper_middle,23.9,11.0,13.4,17.0,C,C,D,D,Utility Player,6.12,0.57,,,,,,,,0.08,-0.24,0.29,,,1,,-1.54,0.2,0.58,,,,True
e871b2f0,Anser Mehmood,Switzerland,4,73,70,104.29,24.33,4,3,3,top_order,23.9,17.3,36.2,29.9,C,C,C,C+,Utility Player,8.75,0.5,,,,,,,,,-0.35,0.47,,,2,,-0.68,0.0,0.57,,,,True
677c18f9,A Djorovic,Serbia,4,27,47,57.45,13.5,3,0,10,tail,23.9,20.5,34.8,28.5,C,C,C,C+,Utility Player,10.5,0.89,,,,,,,,,-0.47,0.78,,,2,,-2.19,0.0,0.57,,,,True
ae4006ad,Syed Amanullah,Greece,1,11,13,84.62,11.0,0,1,8,lower_order,23.8,26.1,29.0,26.8,C,C,C,C,Utility Player,12.0,0.92,,,,,,,,,-0.44,0.38,,,0,,-1.55,0.0,1.0,,,,True
249d60c9,AU Rashid,England,40,163,182,89.56,7.41,13,1,10,tail,23.8,12.2,51.0,34.0,C+,C,D,B,Utility Player,2.85,0.63,,,,-0.17,0.17,0.16,0.32,0.13,-0.3,1.29,0.03,-0.21,18,-0.22,-1.64,0.2,0.59,-0.23,Tough-Track Star,-0.23,False
1f8b4fec,T Vanuarua,Cook Islands,2,12,12,100.0,6.0,1,1,9,lower_order,23.8,25.1,10.4,18.1,C,C,C,D,Utility Player,3.0,0.5,,,,,,,,,-0.28,0.35,,,2,,,,,,,,True
395179e8,D Parashar,United Arab Emirates,22,216,200,108.0,19.64,9,8,7,lower_middle,23.8,3.5,66.6,40.2,C+,C,D,B+,Utility Player,5.09,0.56,,,,-0.32,0.32,0.48,1.18,0.05,-0.22,1.23,0.06,0.33,14,0.09,-0.94,0.1,0.75,-0.15,Conditions-Proof,-0.04,False
00467a76,S Bodha,Gibraltar,12,77,70,110.0,9.62,7,1,9,lower_order,23.8,12.1,28.5,23.8,C,C,D,C,Utility Player,3.83,0.66,,,,,,0.3,0.46,-0.06,-0.28,0.76,0.06,,4,,-0.29,0.33,0.46,0.23,Conditions-Proof,-0.14,False
28392e11,Zaman Khan,Pakistan,1,0,1,0.0,0.0,0,0,11,tail,23.8,19.8,16.1,19.5,C,C,C,C,Utility Player,1.0,1.0,,,,,,,,,-0.9,0.05,,,0,,,,,,,,True
44d6a8b8,Ayan Khan,Oman,34,540,506,106.72,18.62,33,16,6,lower_middle,23.7,21.5,58.8,40.4,C+,C,C,B,Utility Player,7.47,0.5,1.2,,1.2,-0.24,0.24,0.33,0.58,-0.13,-0.28,1.17,0.03,-0.5,14,-0.16,-0.96,0.24,0.76,0.13,Conditions-Proof,0.15,False
2d4d282d,Shakkir Kassim,Qatar,1,7,8,87.5,7.0,1,0,3,top_order,23.7,25.4,18.5,21.8,C,C,C,C,Utility Player,0.0,0.0,,,,,,,,,-0.22,0.07,,,0,,,,,,,,True
216697bf,Mabsar Abdulla,Maldives,1,11,21,52.38,11.0,0,0,6,lower_middle,23.7,20.8,25.9,24.4,C,C,C,C,Utility Player,21.0,1.0,,,,,,,,,-0.61,0.07,,,1,,-1.23,0.0,1.0,,,,True
dccb802c,Faisal Raza,Norway,11,156,133,117.29,17.33,10,5,5,upper_middle,23.7,8.6,19.7,19.8,C,C,D,C,Utility Player,6.18,0.51,,,,,,0.48,0.61,-0.34,-0.33,0.41,0.04,,3,,-0.78,0.1,0.72,0.46,Flat-Track Bully,0.48,False
f0e722e0,Usman Shinwari,Pakistan,1,2,3,66.67,2.0,0,0,11,tail,23.7,21.0,26.9,24.6,C,C,C,C,Utility Player,3.0,1.0,,,,,,,,,-0.62,0.17,,,1,,,,,,,,True
609d6c7c,W Peatfield,Guernsey,4,14,12,116.67,7.0,2,0,8,lower_order,23.7,25.8,17.6,21.5,C,C,C,C,Utility Player,1.5,0.5,,,,,,,,,-0.42,0.37,,,3,,,,,,,,True
ea6ec2d9,Alex Carthew,Chile,2,12,22,54.55,12.0,0,0,8,lower_order,23.7,23.5,28.1,25.9,C,C,C,C,Utility Player,6.5,0.59,,,,,,,,,-0.08,0.4,,,0,,-1.91,0.0,0.29,,,,True
cd3d4e8c,Brima Ansumana,Sierra Leone,2,19,30,63.33,9.5,0,0,10,tail,23.7,15.5,28.1,24.2,C,C,C,C,Utility Player,10.0,0.67,,,,,,,,,-0.41,0.36,,,1,,-1.88,0.0,0.29,,,,True
ac1ddea1,Garret Banner,Belize,9,98,88,111.36,12.25,6,5,9,lower_order,23.7,32.9,8.3,19.0,C,C,C+,D,Utility Player,7.44,0.76,,,,,,,,0.09,-0.48,0.48,,,9,-0.41,-0.93,0.17,0.66,,,,True
3bf40832,GL Cloete,South Africa,2,15,15,100.0,7.5,2,0,2,top_order,23.7,20.9,22.2,22.6,C,C,C,C,Utility Player,1.5,0.2,,,,,,,,,-0.37,0.06,,,0,,-2.38,0.0,1.0,,,,True
e3c88145,IK Darmawan,Indonesia,2,25,33,75.76,12.5,3,0,2,top_order,23.7,21.4,19.6,21.7,C,C,C,C,Utility Player,13.5,0.82,,,,,,,,,-0.23,0.16,,,2,,-1.58,0.0,0.5,,,,True
f0568f9b,Ben Jones,Estonia,1,40,41,97.56,40.0,3,0,4,upper_middle,23.7,16.7,39.9,34.7,C+,C,C,C+,Utility Player,41.0,1.0,,,,,,,,,-0.23,0.68,,,0,,-0.14,0.33,0.44,,,,True
7a653792,EP Thompson,New Zealand,1,1,1,100.0,1.0,0,0,9,lower_order,23.7,19.8,28.7,25.2,C,C,C,C,Utility Player,1.0,1.0,,,,,,,,,-0.27,0.2,,,0,,,,,,,,True
bc304f82,A Nimaga,Mali,3,11,13,84.62,5.5,1,0,10,tail,23.6,22.8,20.0,21.9,C,C,C,C,Utility Player,0.67,0.15,,,,,,,,,0.42,0.48,,,3,,,,,,,,True
f1c61793,JD Wildermuth,Australia,1,1,1,100.0,1.0,0,0,8,lower_order,23.6,19.4,28.7,25.1,C,C,C,C,Utility Player,1.0,1.0,,,,,,,,,-0.35,0.2,,,0,,,,,,,,True
b708c4ad,S Draunivudi,Fiji,1,6,4,150.0,6.0,1,0,10,tail,23.6,23.3,20.5,22.2,C,C,C,C,Utility Player,0.0,0.0,,,,,,,,,0.31,0.42,,,1,,,,,,,,True
2c997ad3,KMC Bandara,Sri Lanka,1,2,4,50.0,2.0,0,0,10,tail,23.5,23.2,26.1,24.6,C,C,C,C,Utility Player,0.0,0.0,,,,,,,,,-0.57,0.13,,,0,,,,,,,,True
83904270,DBL Powell,West Indies,1,1,1,100.0,1.0,0,0,9,lower_order,23.5,19.5,28.3,24.9,C,C,C,C,Utility Player,1.0,1.0,,,,,,,,,-0.29,0.2,,,0,,,,,,,,True
04855b85,K Vislapuu,Estonia,7,17,19,89.47,4.25,3,0,11,tail,23.5,23.6,4.5,15.0,C,C,C,D,Utility Player,1.0,0.37,,,,,,,,0.01,-0.41,0.43,,0.44,6,0.62,,,,,,,True
61da7440,D Mullen,Guernsey,2,4,5,80.0,4.0,0,0,10,tail,23.5,16.4,25.6,23.1,C,C,C,C,Utility Player,1.0,0.4,,,,,,,,,-0.21,0.41,,,1,,,,,,,,True
1bb0993e,Abu Jayed,Bangladesh,1,2,3,66.67,2.0,0,0,10,tail,23.5,21.4,20.1,21.6,C,C,C,C,Utility Player,3.0,1.0,,,,,,,,,-0.49,0.03,,,1,,,,,,,,True
927694f7,Farhan Ahmed,United Arab Emirates,1,4,8,50.0,4.0,0,0,10,tail,23.5,23.4,22.6,23.1,C,C,C,C,Utility Player,8.0,1.0,,,,,,,,,-0.53,0.09,,,1,,-3.22,0.0,1.0,,,,True
7671203a,M Montgomery,Germany,1,13,19,68.42,13.0,1,0,3,top_order,23.4,23.8,28.6,26.2,C,C,C,C,Utility Player,2.0,0.11,,,,,,,,,-0.42,0.1,,,1,,-1.9,0.0,0.29,,,,True
13bf1d91,Sulaiman Ali,Bulgaria,11,139,132,105.3,13.9,12,4,2,top_order,23.4,18.3,19.6,21.2,C,C,C,C,Utility Player,6.18,0.52,,,,0.2,-0.2,0.62,0.82,0.35,-0.27,0.54,0.05,0.96,5,0.1,-1.5,0.17,0.68,0.21,Flat-Track Bully,0.21,False
4f629497,SE Bond,New Zealand,8,21,21,100.0,4.2,2,0,9,lower_order,23.4,16.9,20.3,20.8,C,C,C,C,Utility Player,1.88,0.71,,,,,,,,-0.36,-0.23,0.47,,,2,,,,,,,,True
84c5c2f2,SK Gedara,Sweden,1,5,5,100.0,5.0,0,0,10,tail,23.4,20.9,26.6,24.4,C,C,C,C,Utility Player,0.0,0.0,,,,,,,,,-0.15,0.33,,,0,,,,,,,,True
cec44e08,SM Sharma,United Arab Emirates,2,6,7,85.71,6.0,0,0,8,lower_order,23.4,15.6,28.1,24.0,C,C,C,C,Utility Player,3.5,1.0,,,,,,,,,-0.38,0.2,,,1,,,,,,,,True
3c4007d3,Sagar Pun,Nepal,7,78,87,89.66,11.14,11,0,1,top_order,23.4,17.2,25.1,23.3,C,C,C,C,Utility Player,6.29,0.51,,,,,,,,0.42,-0.07,0.39,,,3,,-1.11,0.33,0.62,,,,True
3d29b5fc,M Beitaki,Fiji,11,135,134,100.75,13.5,10,6,1,top_order,23.4,17.1,6.5,15.1,C,C,C,D,Utility Player,6.27,0.51,,,,-0.01,0.01,0.75,1.09,0.44,-0.31,0.35,0.03,,11,-0.31,-1.5,0.0,0.71,0.09,Conditions-Proof,0.01,False
d3a3e82d,AB Barath,West Indies,2,23,39,58.97,11.5,3,0,1,top_order,23.3,22.5,26.7,25.0,C,C,C,C,Utility Player,1.5,0.08,,,,,,,,,-0.41,0.08,,,0,,-1.72,0.0,0.59,,,,True
6020a3c6,KU Carty,West Indies,5,70,53,132.08,17.5,5,5,3,top_order,23.3,53.9,20.4,28.9,C,C,B,C,Utility Player,2.2,0.21,,,,,,,,,-0.41,0.62,,,3,,0.73,0.75,0.55,,,,True
96275259,B Ito-Davis,Japan,18,226,202,111.88,16.14,13,5,3,top_order,23.3,8.0,35.2,26.4,C,C,D,C+,Utility Player,5.56,0.5,1.79,,1.79,,,0.4,0.86,0.63,-0.24,0.7,0.04,0.49,7,0.12,-1.15,0.14,0.68,-0.12,Conditions-Proof,-0.12,False
a2c03e90,D Teinaki,Cook Islands,4,36,38,94.74,9.0,2,3,6,lower_middle,23.3,28.7,16.4,21.5,C,C,C,C,Utility Player,7.0,0.74,,,,,,,,,-0.28,0.48,,,4,,-1.87,0.0,0.29,,,,True
15322a7b,TA Dudnath,Suriname,1,14,19,73.68,14.0,0,1,6,lower_middle,23.3,26.0,22.1,23.7,C,C,C,C,Utility Player,19.0,1.0,,,,,,,,,-0.29,0.21,,,1,,-1.97,0.0,0.29,,,,True
22860288,RJ Kirtley,England,1,2,4,50.0,2.0,0,0,11,tail,23.3,23.3,26.1,24.6,C,C,C,C,Utility Player,0.0,0.0,,,,,,,,,-0.59,0.13,,,0,,,,,,,,True
cfcf189f,DA Blignaut,Germany,25,362,393,92.11,18.1,18,15,4,upper_middle,23.3,7.3,43.5,30.3,C+,C,D,C+,Utility Player,7.04,0.45,1.09,,1.09,-0.16,0.16,0.49,0.67,0.38,-0.29,0.79,0.03,-1.04,15,-0.38,-1.3,0.11,0.78,-0.23,Tough-Track Star,-0.27,False
82af7861,LP Kasturiarachchige,Austria,1,5,3,166.67,5.0,1,0,8,lower_order,23.3,24.1,20.1,22.1,C,C,C,C,Utility Player,2.0,0.67,,,,,,,,,0.05,0.37,,,0,,,,,,,,True
20321b0c,K Lake,Japan,1,9,8,112.5,9.0,0,0,8,lower_order,23.2,20.5,25.2,23.7,C,C,C,C,Utility Player,1.0,0.12,,,,,,,,,0.07,0.25,,,0,,,,,,,,True
70542bef,HJH Marshall,New Zealand,3,12,14,85.71,4.0,0,0,7,lower_middle,23.2,10.7,14.8,17.0,C,C,D,D,Utility Player,1.67,0.36,,,,,,,,,-0.35,0.07,,,1,,,,,,,,True
e072b9d5,R Pisal,Romania,3,21,24,87.5,7.0,3,0,10,tail,23.2,24.7,23.1,23.6,C,C,C,C,Utility Player,4.0,0.5,,,,,,,,,-0.32,0.44,,,1,,-1.83,0.0,0.29,,,,True
3cc58287,O Bascome,Bermuda,11,146,144,101.39,13.27,11,8,1,top_order,23.2,34.3,24.2,26.4,C,C,C+,C,Utility Player,7.0,0.53,,,,-0.16,0.16,0.8,1.41,0.29,-0.22,0.58,0.05,,11,-0.22,-1.5,0.14,0.67,-0.25,Tough-Track Star,-0.43,False
6b0db726,J Andrew,West Indies,5,78,80,97.5,15.6,5,4,1,top_order,23.2,20.5,31.5,27.0,C,C,C,C+,Utility Player,5.2,0.32,,,,,,,,,-0.27,0.31,,,3,,-1.17,0.29,0.68,,,,True
ccdd8308,ST Finn,England,3,14,19,73.68,14.0,1,0,10,tail,23.1,26.4,50.2,36.4,C+,C,C,B,Utility Player,3.67,0.58,,,,,,,,,-0.45,0.64,,,3,,,,,,,,True
548d4188,KS Airee,Nepal,3,18,18,100.0,6.0,1,1,8,lower_order,23.1,28.2,24.1,24.7,C,C,C,C,Utility Player,3.0,0.5,,,,,,,,,-0.17,0.33,,,3,,,,,,,,True
599ce28e,Ansh Tandon,United Arab Emirates,5,34,34,100.0,6.8,3,1,5,upper_middle,23.1,12.9,19.9,19.7,C,C,D,C,Utility Player,2.8,0.41,,,,,,,,,-0.3,0.23,,,1,,-0.13,0.5,0.29,,,,True
60ef3ddb,AA Hussein,Tanzania,1,1,1,100.0,1.0,0,0,11,tail,23.1,20.2,26.2,23.9,C,C,C,C,Utility Player,1.0,1.0,,,,,,,,,-0.27,0.27,,,1,,,,,,,,True
d3e83eef,F Mutizwa,Zimbabwe,3,38,36,105.56,12.67,3,0,6,lower_middle,23.1,18.3,32.9,26.9,C,C,C,C+,Utility Player,8.67,0.72,,,,,,,,,-0.45,0.21,,,1,,0.15,1.0,1.0,,,,True
e2abcf16,Niv Nagavkar,Israel,7,96,87,110.34,13.71,8,1,7,lower_middle,23.1,15.3,35.2,27.5,C,C,C,C+,Utility Player,1.71,0.14,,,,,,,,-0.06,-0.13,0.63,,,7,-0.12,-1.01,0.17,0.63,,,,True
5c57229d,Muhammad Fahim,Belgium,3,18,28,64.29,9.0,0,1,11,tail,23.1,27.5,34.0,29.1,C,C,C,C+,Utility Player,3.0,0.32,,,,,,,,,-0.51,0.61,,,2,,-1.48,0.0,1.0,,,,True
21b97584,Mrittunjoy Chowdhury,Bangladesh,1,4,11,36.36,4.0,0,0,8,lower_order,23.1,24.4,22.3,23.0,C,C,C,C,Utility Player,11.0,1.0,,,,,,,,,-0.64,0.0,,,0,,,,,,,,True
28e0f645,Saad Khan,Saudi Arabia,11,168,157,107.01,15.27,15,6,4,upper_middle,23.1,29.2,11.5,19.8,C,C,C,D,Utility Player,4.36,0.31,1.34,,1.34,,,0.33,0.59,0.04,-0.34,0.4,0.04,,4,,-1.3,0.08,0.67,-0.23,Tough-Track Star,-0.07,False
8357fc3e,Ilyas Cetin,Turkey,2,13,15,86.67,6.5,1,1,11,tail,23.1,24.1,14.7,19.6,C,C,C,D,Utility Player,6.5,0.87,,,,,,,,,-0.16,0.51,,,0,,-2.8,0.0,1.0,,,,True
78bb68d4,Y Cariah,West Indies,2,3,4,75.0,3.0,0,0,10,tail,23.0,17.8,30.7,25.4,C,C,C,C+,Utility Player,2.0,1.0,,,,,,,,,-0.41,0.29,,,1,,,,,,,,True
479da8f9,JW Chilia,Vanuatu,3,6,9,66.67,6.0,0,0,10,tail,23.0,14.2,31.6,25.2,C,C,D,C+,Utility Player,1.33,0.44,,,,,,,,,-0.44,0.44,,,2,,,,,,,,True
550c9b2c,O Duff,Bulgaria,2,3,2,150.0,1.5,0,0,11,tail,23.0,14.4,11.6,16.2,C,C,D,D,Utility Player,0.5,0.5,,,,,,,,,0.54,0.27,,,2,,,,,,,,True
b878fc9a,Nestor Dhamba,Oman,1,3,6,50.0,3.0,0,0,9,lower_order,23.0,23.0,20.1,21.7,C,C,C,C,Utility Player,0.0,0.0,,,,,,,,,-0.38,0.05,,,1,,,,,,,,True
2e11c706,BCJ Cutting,Australia,4,40,27,148.15,10.0,2,3,4,upper_middle,23.0,34.7,15.6,22.3,C,C,C+,C,Utility Player,0.75,0.11,,,,,,,,,-0.21,0.22,,,2,,-0.72,0.0,1.0,,,,True
6f14ddcb,Maaz Khan,Lesotho,11,128,104,123.08,11.64,10,7,2,top_order,23.0,35.7,2.6,16.8,C,C,C+,D,Utility Player,3.82,0.4,1.39,,1.39,-0.22,0.22,0.61,1.13,0.4,-0.24,0.57,0.05,,11,-0.22,-0.54,0.67,0.67,-0.15,Conditions-Proof,-0.26,False
f75d4a8d,T Batjargal,Mongolia,2,1,3,33.33,1.0,0,0,10,tail,22.9,20.9,15.8,19.3,C,C,C,C,Utility Player,1.0,0.67,,,,,,,,,0.66,0.25,,,2,,,,,,,,True
865d671f,Tarun Yadav,Bulgaria,2,14,11,127.27,7.0,1,1,7,lower_middle,22.9,23.7,14.2,19.2,C,C,C,D,Utility Player,0.5,0.09,,,,,,,,,-0.01,0.41,,,0,,,,,,,,True
c03449e0,GD Elliott,New Zealand,15,171,157,108.92,15.55,13,2,6,lower_middle,22.9,8.4,63.9,39.2,C+,C,D,B+,Utility Player,5.47,0.52,,,,,,0.32,0.44,0.18,-0.16,1.04,0.07,,3,,-0.6,0.33,0.67,-0.19,Tough-Track Star,-0.28,False
a628a5c8,D Wabwire,Uganda,3,13,8,162.5,13.0,2,0,11,tail,22.9,30.6,17.9,22.6,C,C,C+,C,Utility Player,1.33,0.5,,,,,,,,,-0.49,0.35,,,0,,,,,,,,True
51abacb2,MM Sarwar,Kuwait,1,3,3,100.0,3.0,0,0,10,tail,22.9,20.1,24.1,22.9,C,C,C,C,Utility Player,3.0,1.0,,,,,,,,,-0.25,0.2,,,1,,,,,,,,True
b8fe81be,Ali Hussain,Romania,4,16,18,88.89,5.33,2,0,9,lower_order,22.9,20.0,13.4,18.1,C,C,C,D,Utility Player,3.25,0.72,,,,,,,,,-0.44,0.29,,,3,,-4.47,0.0,1.0,,,,True
51a60c16,CJ Boyce,Australia,2,4,7,57.14,4.0,0,0,10,tail,22.9,19.0,32.8,26.6,C,C,C,C+,Utility Player,3.0,0.86,,,,,,,,,-0.42,0.3,,,1,,,,,,,,True
3f5f39cd,Al-Amin Hossain,Bangladesh,4,7,12,58.33,3.5,1,0,11,tail,22.9,26.4,12.4,18.9,C,C,C,D,Utility Player,2.5,0.83,,,,,,,,,-0.57,0.27,,,2,,,,,,,,True
ca72ea31,SJ Hughes-Pinan,Spain,2,7,11,63.64,7.0,1,0,10,tail,22.9,21.2,27.2,24.6,C,C,C,C,Utility Player,5.5,1.0,,,,,,,,,-0.3,0.54,,,2,,-1.13,0.0,1.0,,,,True
94238673,HK Bennett,New Zealand,1,1,2,50.0,1.0,0,0,11,tail,22.9,22.1,24.1,23.3,C,C,C,C,Utility Player,2.0,1.0,,,,,,,,,-0.51,0.09,,,1,,,,,,,,True
fccf5309,PA Desai,Canada,1,4,7,57.14,4.0,0,0,10,tail,22.9,22.6,29.1,25.7,C,C,C,C,Utility Player,7.0,1.0,,,,,,,,,-0.5,0.21,,,1,,,,,,,,True
5ad8c974,I Kaia,Zimbabwe,16,218,196,111.22,13.62,23,5,2,top_order,22.9,21.4,10.8,17.8,C,C,C,D,Utility Player,6.75,0.55,,,,-0.0,0.0,0.43,0.69,0.28,-0.27,0.46,0.03,-0.02,7,0.22,-0.68,0.4,0.74,0.27,Flat-Track Bully,0.27,False
60fc2c8c,T Shanmugam,Seychelles,1,8,10,80.0,8.0,0,0,10,tail,22.9,21.3,26.6,24.4,C,C,C,C,Utility Player,10.0,1.0,,,,,,,,,-0.27,0.34,,,1,,-1.3,0.0,1.0,,,,True
ecd41f8c,J Yon,St Helena,1,5,5,100.0,5.0,0,0,11,tail,22.8,20.6,25.6,23.7,C,C,C,C,Utility Player,0.0,0.0,,,,,,,,,0.19,0.38,,,1,,,,,,,,True
811425b1,Adnan Mufti,United Arab Emirates,1,7,7,100.0,7.0,0,0,6,lower_middle,22.8,19.6,30.0,25.5,C,C,C,C+,Utility Player,7.0,1.0,,,,,,,,,-0.1,0.19,,,0,,,,,,,,True
b18ba97a,M Joseph,South Africa,1,8,7,114.29,8.0,1,0,1,top_order,22.8,21.6,19.4,21.1,C,C,C,C,Utility Player,1.0,0.14,,,,,,,,,-0.2,0.15,,,0,,-0.13,0.0,1.0,,,,True
57bd3ecc,Hammad Azam,Pakistan,4,34,34,100.0,11.33,3,1,7,lower_middle,22.8,28.7,38.4,31.3,C+,C,C,C+,Utility Player,6.25,0.74,,,,,,,,,-0.19,0.43,,,2,,-0.76,0.0,0.29,,,,True
1efd12d1,PR Brown,England,1,4,9,44.44,4.0,0,0,11,tail,22.8,23.7,30.6,26.5,C,C,C,C+,Utility Player,9.0,1.0,,,,,,,,,-0.65,0.18,,,1,,,,,,,,True
e11bf38a,Maqsood Ahmad,Belgium,1,13,19,68.42,13.0,1,0,4,upper_middle,22.8,24.0,24.1,24.0,C,C,C,C,Utility Player,19.0,1.0,,,,,,,,,-0.47,0.06,,,1,,-2.69,0.0,1.0,,,,True
710e1a5c,Ravinder Singh,Malta,1,9,19,47.37,9.0,0,0,8,lower_order,22.8,23.1,21.8,22.6,C,C,C,C,Utility Player,17.0,0.89,,,,,,,,,-0.46,0.13,,,0,,-2.15,0.0,1.0,,,,True
2957a836,GJP Kruger,South Africa,1,3,5,60.0,3.0,0,0,10,tail,22.8,22.2,23.7,23.1,C,C,C,C,Utility Player,0.0,0.0,,,,,,,,,-0.51,0.05,,,1,,,,,,,,True
09c766ec,Mohsin Zaki,Bahrain,2,5,9,55.56,5.0,0,0,8,lower_order,22.8,16.5,32.5,25.9,C,C,C,C+,Utility Player,4.5,1.0,,,,,,,,,-0.36,0.4,,,0,,,,,,,,True
172dff15,C Bosch,South Africa,14,115,107,107.48,12.78,9,2,8,lower_order,22.7,26.6,49.7,36.1,C+,C,C,B,Utility Player,4.36,0.57,,,,0.29,-0.29,0.24,0.39,0.81,-0.32,0.9,0.06,,4,,-1.37,0.14,0.62,-0.34,Conditions-Proof,0.2,False
753ada66,A Dhingra,Luxembourg,5,8,8,100.0,4.0,1,0,11,tail,22.7,21.1,23.0,22.6,C,C,C,C,Utility Player,1.2,0.75,,,,,,,,,-0.26,0.67,,,2,,,,,,,,True
2c2013a9,A Bhattarai,Nepal,1,2,3,66.67,2.0,0,0,11,tail,22.7,21.8,22.8,22.6,C,C,C,C,Utility Player,3.0,1.0,,,,,,,,,0.1,0.2,,,0,,,,,,,,True
58ccba69,Gaurav Maithani,Malta,1,7,7,100.0,7.0,1,0,9,lower_order,22.7,23.9,18.0,20.9,C,C,C,C,Utility Player,2.0,0.29,,,,,,,,,-0.16,0.17,,,0,,,,,,,,True
e01aafc1,AN Petersen,South Africa,2,14,19,73.68,7.0,1,0,7,lower_middle,22.7,23.9,24.4,23.8,C,C,C,C,Utility Player,8.5,0.89,,,,,,,,,-0.27,0.12,,,0,,-1.01,0.0,1.0,,,,True
aa3a7285,Sharveen Surendran,Malaysia,2,27,31,87.1,27.0,1,0,5,upper_middle,22.7,3.8,34.1,26.2,C,C,D,C+,Utility Player,5.5,0.35,,,,,,,,,-0.15,0.39,,,2,,-2.8,0.0,0.29,,,,True
95c434f7,GDR Eranga,Canada,1,1,1,100.0,1.0,0,0,10,tail,22.6,19.8,25.9,23.5,C,C,C,C,Utility Player,1.0,1.0,,,,,,,,,-0.3,0.24,,,1,,,,,,,,True
52c952d9,T Sangha,Australia,1,2,4,50.0,2.0,0,0,11,tail,22.6,21.2,26.2,23.9,C,C,C,C,Utility Player,4.0,1.0,,,,,,,,,-0.72,0.11,,,1,,,,,,,,True
5ffb535d,Suhail Sattar,Timor-Leste,8,41,55,74.55,5.12,5,1,7,lower_middle,22.6,25.2,0.5,13.3,D,C,C,D,Utility Player,2.0,0.29,,,,,,,,0.0,-0.55,0.47,,,4,,-1.91,0.0,0.29,,,,True
b38a7890,J Ghelzai,Austria,3,10,9,111.11,3.33,0,1,10,tail,22.6,23.4,8.2,16.3,C,C,C,D,Utility Player,2.33,0.78,,,,,,,,,0.18,0.41,,,0,,,,,,,,True
5ac8f17b,GJ Batty,England,1,4,7,57.14,4.0,0,0,8,lower_order,22.6,23.1,25.5,24.0,C,C,C,C,Utility Player,0.0,0.0,,,,,,,,,-0.52,0.06,,,0,,,,,,,,True
44d623c9,J Pakhiaokajee,Thailand,5,30,39,76.92,10.0,2,1,2,top_order,22.6,26.0,9.2,17.5,C,C,C,D,Utility Player,3.8,0.49,,,,,,,,,0.01,0.27,,,1,,-1.88,0.0,0.29,,,,True
40ee633c,S Austin,Cyprus,23,354,344,102.91,16.86,28,5,4,upper_middle,22.5,5.9,33.0,24.9,C,C,D,C+,Utility Player,5.65,0.38,0.58,,0.58,-0.05,0.05,0.51,0.94,0.4,-0.2,0.75,0.03,0.88,10,0.2,-0.84,0.24,0.73,-0.41,Tough-Track Star,-0.3,False
30a307d3,J Baleicikoibia,Fiji,5,61,72,84.72,12.2,4,2,5,upper_middle,22.5,26.6,11.6,18.8,C,C,C,D,Utility Player,10.4,0.72,,,,,,,,,-0.34,0.29,,,5,-0.34,-1.52,0.0,0.58,,,,True
d9a634ef,Sunil,Cayman Islands,1,8,9,88.89,8.0,1,0,6,lower_middle,22.5,26.7,30.7,27.1,C,C,C,C+,Utility Player,2.0,0.22,,,,,,,,,-0.38,0.2,,,1,,,,,,,,True
9f500ddb,L Nou,Papua New Guinea,1,2,3,66.67,2.0,0,0,10,tail,22.5,21.9,26.3,24.1,C,C,C,C,Utility Player,3.0,1.0,,,,,,,,,-0.43,0.17,,,1,,,,,,,,True
1236044e,LR Naylor,Scotland,2,8,13,61.54,4.0,0,0,4,upper_middle,22.5,13.3,22.3,20.6,C,C,D,C,Utility Player,6.0,0.92,,,,,,,,,-0.15,0.1,,,0,,,,,,,,True
d2a989fc,DS Kulkarni,India,1,1,1,100.0,1.0,0,0,8,lower_order,22.5,19.9,27.8,24.4,C,C,C,C,Utility Player,1.0,1.0,,,,,,,,,-0.12,0.2,,,0,,,,,,,,True
4551ed03,Fazil Muhammad,South Korea,4,29,43,67.44,9.67,1,0,10,tail,22.5,14.2,33.1,25.8,C,C,D,C+,Utility Player,5.25,0.49,,,,,,,,,-0.39,0.6,,,4,,-2.09,0.0,0.29,,,,True
3b2ca392,Shunan Ali,Maldives,2,14,27,51.85,14.0,0,0,7,lower_middle,22.5,11.9,43.3,30.2,C+,C,D,C+,Utility Player,1.0,0.07,,,,,,,,,-0.42,0.72,,,1,,-1.65,0.0,0.29,,,,True
3a026eb4,Rizwan Cheema,Canada,16,141,127,111.02,9.4,11,9,2,top_order,22.5,37.0,2.2,16.6,C,C,C+,D,Utility Player,4.06,0.51,,,,-0.02,0.02,0.52,1.71,-0.05,-0.28,0.51,0.03,0.88,14,-0.05,-1.16,0.2,0.72,-0.07,Conditions-Proof,-0.14,False
97e5d4bb,Simranjit Singh,Italy,1,8,9,88.89,8.0,0,0,8,lower_order,22.5,21.8,24.8,23.5,C,C,C,C,Utility Player,3.0,0.33,,,,,,,,,-0.34,0.17,,,1,,,,,,,,True
5500c675,PC Connell,Ireland,1,1,2,50.0,1.0,0,0,11,tail,22.5,21.6,23.8,22.9,C,C,C,C,Utility Player,2.0,1.0,,,,,,,,,-0.65,0.09,,,1,,,,,,,,True
0bb68705,VC Ahir,Panama,3,27,22,122.73,13.5,1,2,5,upper_middle,22.4,27.1,29.0,26.7,C,C,C,C,Utility Player,3.33,0.45,,,,,,,,,-0.22,0.33,,,3,,1.03,1.0,1.0,,,,True
19b9f399,CJ Green,Australia,1,2,3,66.67,2.0,0,0,9,lower_order,22.4,20.8,27.3,24.3,C,C,C,C,Utility Player,3.0,1.0,,,,,,,,,-0.51,0.11,,,1,,,,,,,,True
97d86e77,K Thagunna,Nepal,2,25,41,60.98,12.5,1,0,7,lower_middle,22.4,18.3,34.4,27.3,C,C,C,C+,Utility Player,17.0,0.83,,,,,,,,,-0.4,0.21,,,0,,-1.25,0.0,0.53,,,,True
692ed48b,KAB Hynam-Nyberg,Samoa,2,3,4,75.0,3.0,0,0,11,tail,22.4,17.0,22.3,21.3,C,C,C,C,Utility Player,1.0,0.5,,,,,,,,,-0.25,0.28,,,2,,,,,,,,True
384cebed,Abdul Majid,Bahrain,1,1,1,100.0,1.0,0,0,11,tail,22.4,19.1,25.7,23.2,C,C,C,C,Utility Player,1.0,1.0,,,,,,,,,-0.33,0.26,,,1,,,,,,,,True
7be8a0ed,JW Dernbach,England,9,31,32,96.88,5.17,4,0,11,tail,22.4,31.0,34.2,29.5,C,C,C+,C+,Utility Player,2.22,0.63,,,,,,,,0.18,-0.33,0.8,,0.09,8,-0.16,-3.63,0.0,1.0,,,,True
50955fee,Syed Tameem,Qatar,1,11,22,50.0,11.0,0,0,3,top_order,22.4,17.6,30.2,25.2,C,C,C,C+,Utility Player,22.0,1.0,,,,,,,,,-0.64,0.15,,,1,,-1.7,0.0,0.29,,,,True
2327fdc7,AA Rahayu,Indonesia,16,142,160,88.75,14.2,10,3,6,lower_middle,22.4,9.8,40.5,28.6,C,C,D,C+,Utility Player,5.25,0.52,,,,-0.06,0.06,0.25,0.33,-0.19,-0.28,0.89,0.06,,4,,-1.87,0.0,0.69,0.26,Flat-Track Bully,0.13,False
518d96de,MR Montfort,Canada,1,1,1,100.0,1.0,0,0,9,lower_order,22.4,18.9,27.0,23.8,C,C,C,C,Utility Player,1.0,1.0,,,,,,,,,-0.3,0.2,,,1,,,,,,,,True
3fca55af,S Sohal,United States of America,2,23,29,79.31,11.5,1,1,4,upper_middle,22.4,22.6,19.9,21.6,C,C,C,C,Utility Player,0.5,0.03,,,,,,,,,-0.45,0.05,,,2,,-1.87,0.0,0.5,,,,True
296358c9,Raag Kapur,Hong Kong,3,12,16,75.0,6.0,1,0,8,lower_order,22.3,18.7,25.5,23.1,C,C,C,C,Utility Player,3.0,0.56,,,,,,,,,-0.25,0.27,,,2,,,,,,,,True
e71f511e,Delroy Leo,St Helena,2,44,55,80.0,22.0,1,2,3,top_order,22.3,34.4,41.6,34.7,C+,C,C+,C+,Utility Player,27.5,1.0,,,,,,,,,-0.27,0.74,,,2,,-1.19,0.0,0.55,,,,True
554f19e4,Nishat Sakib,South Korea,7,103,104,99.04,14.71,11,2,4,upper_middle,22.3,30.8,11.4,19.7,C,C,C+,D,Utility Player,5.71,0.38,,,,,,,,0.0,-0.32,0.37,,,4,,-1.06,0.12,0.64,,,,True
dfc4d8b5,KW Richardson,Australia,5,16,16,100.0,5.33,1,0,9,lower_order,22.3,9.8,13.0,15.7,C,C,D,D,Utility Player,1.0,0.31,,,,,,,,,-0.61,0.14,,,4,,,,,,,,True
759ac88f,MM Sharma,India,2,3,7,42.86,3.0,0,0,11,tail,22.2,18.5,24.3,22.4,C,C,C,C,Utility Player,2.5,0.71,,,,,,,,,-0.66,0.2,,,1,,,,,,,,True
300bdcbb,H Srinivasan,Germany,4,35,49,71.43,11.67,1,0,8,lower_order,22.2,10.8,41.3,28.8,C,C,D,C+,Utility Player,7.25,0.59,,,,,,,,,-0.39,0.68,,,0,,-1.94,0.0,0.47,,,,True
6f337915,Madhawa Basnayaka,Finland,4,41,43,95.35,13.67,2,2,8,lower_order,22.2,27.8,26.4,25.7,C,C,C,C,Utility Player,6.0,0.56,,,,,,,,,-0.46,0.44,,,1,,-0.66,0.5,0.29,,,,True
ea0e8ea2,R Mahajan,Philippines,1,1,1,100.0,1.0,0,0,10,tail,22.2,20.2,26.2,23.6,C,C,C,C,Utility Player,1.0,1.0,,,,,,,,,-0.2,0.26,,,1,,,,,,,,True
7ffe4817,C Tear,Scotland,7,87,93,93.55,12.43,9,1,5,upper_middle,22.2,16.9,20.2,20.7,C,C,C,C,Utility Player,4.86,0.37,,,,,,,,0.43,-0.2,0.3,,,4,,-2.02,0.0,0.67,,,,True
488b7e1b,SHT Kandamby,Sri Lanka,2,12,17,70.59,6.0,0,0,5,upper_middle,22.2,13.2,23.4,21.0,C,C,D,C,Utility Player,1.5,0.18,,,,,,,,,-0.43,0.06,,,1,,-1.38,0.0,1.0,,,,True
e97aefe2,SI Mahmood,England,2,1,2,50.0,1.0,0,0,10,tail,22.2,13.9,20.7,19.9,C,C,D,C,Utility Player,1.0,1.0,,,,,,,,,-0.7,0.15,,,1,,,,,,,,True
43c57d62,Asad Rasheed,Hong Kong,2,1,3,33.33,1.0,0,0,11,tail,22.2,14.3,15.2,17.5,C,C,D,C,Utility Player,1.5,1.0,,,,,,,,,-0.74,0.12,,,0,,,,,,,,True
ea5e0599,Jubaid Ahamed,France,7,49,45,108.89,12.25,2,2,6,lower_middle,22.2,11.3,33.4,25.4,C,C,D,C+,Utility Player,3.71,0.58,,,,,,,,-0.76,-0.14,0.54,,-0.45,5,-0.37,-0.36,0.0,0.29,,,,True
909d9fac,Javed Maroofkhail,Norway,8,93,100,93.0,18.6,3,3,6,lower_middle,22.1,9.1,45.9,31.2,C+,C,D,B,Utility Player,9.0,0.72,,,,,,,,-0.4,-0.2,0.75,,0.2,5,-0.03,-1.03,0.25,0.7,,,,True
3b417422,T Panyangara,Zimbabwe,4,6,10,60.0,6.0,1,0,11,tail,22.1,28.6,21.0,23.0,C,C,C,C,Utility Player,2.0,0.8,,,,,,,,,-0.52,0.38,,,2,,,,,,,,True
0331c99a,Hassan Mehmood,Sweden,4,23,30,76.67,11.5,0,1,7,lower_middle,22.1,12.7,29.3,23.8,C,C,D,C,Utility Player,6.25,0.83,,,,,,,,,-0.26,0.38,,,1,,-1.38,0.0,0.29,,,,True
80b92515,Harry Johnson,Guernsey,2,2,3,66.67,2.0,0,0,11,tail,22.1,15.7,25.6,22.4,C,C,C,C,Utility Player,1.0,0.67,,,,,,,,,-0.36,0.33,,,1,,,,,,,,True
82b1e99f,Jakir Patel,Zambia,10,179,158,113.29,17.9,14,8,3,top_order,22.1,41.8,37.2,33.8,C+,C,C+,C+,Utility Player,6.0,0.38,2.94,,2.94,,,0.41,0.52,0.0,-0.2,0.98,0.1,,1,,-1.1,0.18,0.72,0.4,Flat-Track Bully,0.19,False
2064e555,Lucas Rossi,Argentina,11,200,220,90.91,20.0,16,3,1,top_order,22.1,5.8,40.7,28.4,C,C,D,C+,Utility Player,4.82,0.24,2.2,,2.2,-0.28,0.28,0.35,0.42,0.3,-0.17,0.73,0.07,-0.28,7,-0.08,-1.44,0.11,0.76,0.05,Conditions-Proof,,False
70d57519,AAP Atkinson,England,2,10,23,43.48,10.0,0,0,8,lower_order,22.1,17.1,33.2,26.3,C,C,C,C+,Utility Player,11.5,1.0,,,,,,,,,-0.67,0.18,,,1,,-3.74,0.0,1.0,,,,True
1ac8edcf,J Pickering,Cook Islands,5,29,39,74.36,9.67,1,0,9,lower_order,22.0,14.8,28.8,23.8,C,C,D,C,Utility Player,2.2,0.28,,,,,,,,,-0.38,0.51,,,2,,-1.85,0.0,0.29,,,,True
126f1e28,R Nath,Turkey,11,158,177,89.27,15.8,12,6,4,upper_middle,22.0,21.8,29.3,26.0,C,C,C,C,Utility Player,6.82,0.42,,,,,,0.62,1.19,-0.62,-0.29,0.64,0.06,-5.11,9,-0.85,-1.42,0.08,0.74,0.05,Conditions-Proof,-0.07,False
b66201dd,Aarnav Patel,Kenya,2,2,7,28.57,2.0,0,0,11,tail,22.0,15.7,24.5,21.9,C,C,C,C,Utility Player,3.5,1.0,,,,,,,,,-0.75,0.25,,,2,,,,,,,,True
f08adc01,MG Hunter,Gibraltar,2,28,40,70.0,14.0,1,1,6,lower_middle,22.0,22.9,23.9,23.5,C,C,C,C,Utility Player,3.5,0.18,,,,,,,,,-0.44,0.12,,,0,,-1.03,0.0,0.5,,,,True
7a80ddf2,D Bishoo,West Indies,4,17,29,58.62,8.5,2,0,9,lower_order,22.0,23.5,32.5,27.2,C,C,C,C+,Utility Player,7.25,1.0,,,,,,,,,-0.46,0.39,,,2,,-2.09,0.0,0.29,,,,True
523c8494,Walid Sahibzada,Belgium,3,42,45,93.33,14.0,4,1,1,top_order,22.0,13.9,18.8,19.4,C,C,D,C,Utility Player,7.0,0.47,,,,,,,,,-0.42,0.09,,,1,,-0.56,0.33,0.49,,,,True
c2f8f36e,Puneet Arora,Mexico,6,84,96,87.5,21.0,8,2,3,top_order,22.0,36.8,35.6,32.3,C+,C,C+,C+,Utility Player,4.67,0.29,1.33,,1.33,,,,,,-0.15,0.7,,,3,,-1.22,0.12,0.68,,,,True
d482c8b8,Musawar Shah,Qatar,1,1,1,100.0,1.0,0,0,11,tail,22.0,19.8,25.0,22.9,C,C,C,C,Utility Player,1.0,1.0,,,,,,,,,-0.18,0.28,,,0,,,,,,,,True
f467d746,MC Bascombe,West Indies,1,3,7,42.86,3.0,0,0,3,top_order,22.0,19.3,17.7,19.5,C,C,C,C,Utility Player,7.0,1.0,,,,,,,,,-0.51,0.0,,,0,,,,,,,,True
a89730a9,W Viraliliu,Vanuatu,3,8,10,80.0,4.0,0,0,8,lower_order,22.0,13.7,20.9,19.9,C,C,D,C,Utility Player,1.0,0.3,,,,,,,,,-0.3,0.24,,,1,,,,,,,,True
1a9e9efe,Bilal Hassun,Uganda,13,64,62,103.23,8.0,6,2,10,tail,22.0,38.4,18.8,24.0,C,C,C+,C,Utility Player,3.23,0.68,,,,-0.24,0.24,0.29,0.58,-0.32,-0.38,0.96,0.07,-0.73,7,-0.14,-1.22,0.33,0.45,-0.15,Tough-Track Star,-0.67,False
281ce63c,Riaz Afridi,Czech Republic,2,14,14,100.0,7.0,1,1,7,lower_middle,22.0,24.9,13.7,18.9,C,C,C,D,Utility Player,5.0,0.71,,,,,,,,,-0.28,0.21,,,1,,,,,,,,True
e0557f7f,DE Bernard,West Indies,1,1,1,100.0,1.0,0,0,7,lower_middle,21.9,18.2,28.4,24.1,C,C,C,C,Utility Player,0.0,0.0,,,,,,,,,-0.07,0.17,,,0,,,,,,,,True
327fcb33,R Olipa,Uganda,1,3,4,75.0,3.0,0,0,8,lower_order,21.9,20.4,21.3,21.3,C,C,C,C,Utility Player,4.0,1.0,,,,,,,,,-0.38,0.12,,,1,,,,,,,,True
856fc47a,S Bangera,Israel,6,65,77,84.42,10.83,7,0,3,top_order,21.9,8.8,22.3,19.8,C,C,D,C,Utility Player,11.0,0.86,,,,,,,,0.06,-0.26,0.32,,,6,-0.25,-0.7,0.2,0.58,,,,True
91f4a6e5,GPK Wijesingha,Maldives,5,102,102,100.0,20.4,7,3,4,upper_middle,21.9,6.9,37.8,27.2,C,C,D,C+,Utility Player,3.4,0.17,1.67,,1.67,,,,,,-0.27,0.34,,,5,-0.25,-1.19,0.11,0.71,,,,True
a7d6c101,Waseeq Ahmed,Bahrain,2,2,3,66.67,2.0,0,0,11,tail,21.9,14.5,24.6,21.6,C,C,D,C,Utility Player,1.5,1.0,,,,,,,,,-0.52,0.3,,,1,,,,,,,,True
98ae73b1,PP Chawla,India,1,0,1,0.0,0.0,0,0,9,lower_order,21.9,18.3,14.1,17.7,C,C,C,D,Utility Player,1.0,1.0,,,,,,,,,-0.87,0.02,,,0,,,,,,,,True
aa467af0,Tanvir Islam,Bangladesh,3,12,16,75.0,12.0,1,0,11,tail,21.9,25.6,41.7,31.9,C+,C,C,C+,Utility Player,3.0,0.56,,,,,,,,,-0.43,0.5,,,0,,,,,,,,True
f1a042e5,WP Myburgh,Namibia,2,12,18,66.67,6.0,0,0,9,lower_order,21.9,16.0,24.3,21.9,C,C,C,C,Utility Player,9.0,1.0,,,,,,,,,-0.43,0.11,,,1,,-2.94,0.0,1.0,,,,True
46050f42,GA Rogers,Scotland,1,1,3,33.33,1.0,0,0,10,tail,21.9,21.8,21.3,21.6,C,C,C,C,Utility Player,3.0,1.0,,,,,,,,,-0.73,0.04,,,1,,,,,,,,True
68e7e8d5,J Henry,St Helena,3,20,16,125.0,6.67,1,1,4,upper_middle,21.9,21.9,8.0,15.7,C,C,C,D,Utility Player,3.0,0.56,,,,,,,,,-0.29,0.24,,,3,,,,,,,,True
6a986c7c,Bhumeshswar Jagroo,Bahamas,2,4,8,50.0,4.0,1,0,10,tail,21.9,27.4,16.8,20.7,C,C,C,C,Utility Player,3.5,0.88,,,,,,,,,0.04,0.28,,,2,,,,,,,,True
d3016d75,P Taylor,Czech Republic,1,5,7,71.43,5.0,0,0,7,lower_middle,21.8,19.3,17.0,19.2,C,C,C,C,Utility Player,7.0,1.0,,,,,,,,,-0.32,0.05,,,1,,,,,,,,True
8919756f,Mosaddek Hossain,Bangladesh,26,296,264,112.12,16.44,19,10,7,lower_middle,21.8,44.3,49.4,39.6,C+,C,C+,B,Utility Player,6.27,0.62,,,,-0.22,0.22,0.35,0.68,0.14,-0.29,1.0,0.04,-0.85,10,-0.46,-0.89,0.27,0.73,0.25,Flat-Track Bully,0.36,False
ed27d267,Yousif Wali,Bahrain,1,2,2,100.0,2.0,0,0,2,top_order,21.8,15.6,18.3,19.0,C,C,C,C,Utility Player,0.0,0.0,,,,,,,,,-0.16,0.05,,,0,,,,,,,,True
b3540b2a,C Pengkumta,Thailand,19,127,167,76.05,8.47,6,5,8,lower_order,21.8,16.1,5.2,13.5,D,C,C,D,Utility Player,5.74,0.65,,,,-0.11,0.11,0.18,0.51,-0.06,-0.38,0.55,0.03,,3,,-1.46,0.18,0.68,-0.02,Conditions-Proof,,False
8dd02a98,LD Chandimal,Sri Lanka,61,1048,1013,103.46,19.41,89,21,3,top_order,21.8,1.4,75.0,43.5,C+,C,D,A,Strike Rotator,7.28,0.44,1.2,,1.2,-0.07,0.07,0.3,0.66,-0.05,-0.27,1.12,0.02,0.43,11,0.18,-1.06,0.18,0.83,-0.19,Tough-Track Star,-0.08,False
5748e866,TD Paine,Australia,8,82,77,106.49,11.71,7,3,3,top_order,21.8,34.4,19.8,23.8,C,C,C+,C,Utility Player,1.62,0.17,,,,,,,,0.92,-0.28,0.4,,,3,,-1.43,0.0,0.29,,,,True
b0b5d6ba,Aaqib Sulehri,Oman,4,32,33,96.97,8.0,5,0,3,top_order,21.7,28.8,6.7,16.5,C,C,C,D,Utility Player,2.5,0.3,,,,,,,,,-0.23,0.21,,,0,,-1.28,0.0,0.44,,,,True
44321a66,JN Snape,England,1,7,11,63.64,7.0,0,0,7,lower_middle,21.7,23.2,27.7,24.8,C,C,C,C,Utility Player,11.0,1.0,,,,,,,,,-0.45,0.07,,,1,,,,,,,,True
65dadc70,Ankit Dubey,Sweden,1,5,3,166.67,5.0,0,0,8,lower_order,21.7,17.9,23.3,21.7,C,C,C,C,Utility Player,0.0,0.0,,,,,,,,,0.74,0.37,,,1,,,,,,,,True
34ab1e6e,A Gbla,Sierra Leone,29,322,300,107.33,13.42,21,13,7,lower_middle,21.7,24.6,14.1,19.6,C,C,C,D,Utility Player,4.86,0.47,1.49,,1.49,0.21,-0.21,0.68,1.34,0.08,-0.25,0.79,0.03,0.95,17,0.33,-1.0,0.29,0.76,0.13,Conditions-Proof,0.23,False
cc550389,B Keganne,Botswana,2,5,8,62.5,5.0,0,0,10,tail,21.7,15.8,31.4,24.9,C,C,C,C+,Utility Player,4.0,1.0,,,,,,,,,-0.36,0.38,,,2,,,,,,,,True
fcbdc2b0,Syed Rehmatullah,Malaysia,1,1,2,50.0,1.0,0,0,10,tail,21.7,19.2,20.4,20.6,C,C,C,C,Utility Player,2.0,1.0,,,,,,,,,-0.63,0.14,,,0,,,,,,,,True
ad67ab56,S Vaz,Portugal,2,8,11,72.73,8.0,0,0,10,tail,21.6,16.7,29.5,24.3,C,C,C,C,Utility Player,5.5,1.0,,,,,,,,,-0.33,0.37,,,0,,-2.41,0.0,1.0,,,,True
537021f5,JT Brassell,Namibia,5,9,13,69.23,9.0,1,0,10,tail,21.6,18.1,44.5,31.4,C+,C,C,C+,Utility Player,2.0,0.77,,,,,,,,,-0.45,0.71,,,3,,,,,,,,True
6913e38e,Wahidullah Sahak,Norway,14,200,177,112.99,15.38,18,7,8,lower_order,21.6,37.8,37.7,32.8,C+,C,C+,C+,Utility Player,2.86,0.23,2.28,,2.28,,,0.42,1.4,-0.33,-0.31,0.96,0.07,0.72,5,-0.41,-1.01,0.33,0.71,0.37,Flat-Track Bully,0.4,False
80f9fd4f,C Brennan,Jersey,22,289,251,115.14,18.06,18,13,5,upper_middle,21.6,43.0,50.3,39.9,C+,C,C+,B,Utility Player,5.59,0.49,,,,-0.27,0.27,0.57,1.07,-0.16,-0.25,1.13,0.05,1.05,14,0.26,-1.17,0.13,0.77,0.11,Conditions-Proof,0.17,False
d1d83db3,T Gwandu,Zimbabwe,5,16,22,72.73,8.0,1,0,11,tail,21.6,16.2,44.7,31.0,C+,C,C,C+,Utility Player,4.0,0.91,,,,,,,,,-0.54,0.71,,,4,,,,,,,,True
4ed0bf6a,PL Bruno,Argentina,3,23,36,63.89,11.5,1,0,7,lower_middle,21.6,11.8,38.9,27.7,C,C,D,C+,Utility Player,12.0,1.0,,,,,,,,,-0.34,0.44,,,3,,-1.02,0.0,0.29,,,,True
d11e0c76,Sanjay Kumar Ahir,Panama,5,12,20,60.0,6.0,0,0,11,tail,21.6,10.0,23.0,20.0,C,C,D,C,Utility Player,3.2,0.8,,,,,,,,,-0.46,0.52,,,4,,,,,,,,True
c1f05d1d,Jaweed Sadran,Austria,11,71,60,118.33,7.89,6,2,7,lower_middle,21.6,23.9,11.1,17.5,C,C,C,D,Utility Player,2.27,0.42,,,,,,0.48,0.68,0.17,-0.2,0.5,0.05,,3,,-0.37,0.0,0.46,-0.09,Conditions-Proof,-0.15,False
642d2883,Meet Ahir,Panama,4,67,68,98.53,33.5,5,2,2,top_order,21.6,12.0,41.6,32.4,C+,C,D,C+,Utility Player,3.0,0.18,0.61,,0.61,,,,,,-0.29,0.68,,,0,,-0.78,0.17,0.66,,,,True
b76b2d25,Sachin Kumar,Bahrain,4,26,32,81.25,8.67,3,0,9,lower_order,21.6,27.3,28.9,26.2,C,C,C,C,Utility Player,7.25,0.91,,,,,,,,,-0.38,0.44,,,4,,-1.33,0.0,0.29,,,,True
e18e9598,S Vasilakis,Greece,4,12,20,60.0,6.0,1,0,10,tail,21.6,17.4,21.8,20.9,C,C,C,C,Utility Player,4.0,0.8,,,,,,,,,-0.45,0.44,,,4,,,,,,,,True
b75b7b09,Rakibul Hasan,Italy,4,14,17,82.35,4.67,1,0,9,lower_order,21.6,18.7,10.2,15.9,C,C,C,D,Utility Player,1.25,0.29,,,,,,,,,-0.31,0.21,,,3,,,,,,,,True
020e49e9,AD Algar,Spain,2,40,50,80.0,40.0,2,1,3,top_order,21.6,16.0,44.2,35.7,C+,C,C,C+,Utility Player,25.0,1.0,,,,,,,,,-0.43,0.61,,,0,,-1.09,0.0,0.43,,,,True
809ab8d4,S Tarawally,Sierra Leone,2,6,11,54.55,6.0,0,0,11,tail,21.5,18.9,22.3,21.4,C,C,C,C,Utility Player,4.5,0.82,,,,,,,,,-0.35,0.26,,,1,,-3.47,0.0,1.0,,,,True
f3bde2b3,KDK Vithanage,Sri Lanka,3,40,34,117.65,13.33,7,0,3,top_order,21.5,27.9,13.6,19.7,C,C,C,D,Utility Player,8.0,0.71,,,,,,,,,-0.53,0.08,,,1,,0.76,1.0,1.0,,,,True
9dc8bc5c,Ibrar Ahmad,Hungary,2,8,6,133.33,4.0,2,0,9,lower_order,21.5,24.3,9.8,16.8,C,C,C,D,Utility Player,1.0,0.33,,,,,,,,,-0.16,0.29,,,0,,,,,,,,True
7f148ce7,AM McCarthy,West Indies,1,5,8,62.5,5.0,0,0,4,upper_middle,21.5,19.5,22.7,21.7,C,C,C,C,Utility Player,8.0,1.0,,,,,,,,,-0.56,0.0,,,0,,,,,,,,True
75657526,Patrick Nou,Papua New Guinea,2,20,22,90.91,10.0,2,0,4,upper_middle,21.4,20.6,21.8,21.6,C,C,C,C,Utility Player,4.0,0.36,,,,,,,,,-0.21,0.11,,,2,,-0.92,0.0,1.0,,,,True
6d9238ac,Serdar Burak Emir,Turkey,3,42,30,140.0,14.0,5,3,9,lower_order,21.4,31.4,14.1,20.6,C,C,C+,D,Utility Player,2.67,0.27,,,,,,,,,-0.53,0.37,,,1,,0.4,0.5,0.29,,,,True
1bd16445,VM Nyauchi,Zimbabwe,1,1,3,33.33,1.0,0,0,10,tail,21.4,20.6,21.5,21.3,C,C,C,C,Utility Player,3.0,1.0,,,,,,,,,-0.72,0.05,,,0,,,,,,,,True
39181592,PE Kruger,South Africa,5,72,60,120.0,18.0,6,3,7,lower_middle,21.4,40.7,47.9,38.1,C+,C,C+,B,Utility Player,4.8,0.4,0.56,,0.56,,,,,,-0.32,0.58,,,3,,-0.69,0.2,0.62,,,,True
69cccff3,Rashid Khan,Nepal,1,3,5,60.0,3.0,0,0,8,lower_order,21.4,18.9,19.8,20.2,C,C,C,C,Utility Player,5.0,1.0,,,,,,,,,-0.6,0.04,,,1,,,,,,,,True
41eb4a4f,R Vinay Kumar,India,1,2,4,50.0,2.0,0,0,10,tail,21.4,21.5,26.0,23.5,C,C,C,C,Utility Player,4.0,1.0,,,,,,,,,-0.6,0.1,,,0,,,,,,,,True
5044f30d,AS Dean,Canada,1,1,1,100.0,1.0,0,0,10,tail,21.4,19.2,23.9,22.1,C,C,C,C,Utility Player,1.0,1.0,,,,,,,,,-0.13,0.24,,,1,,,,,,,,True
86421172,GA Lamb,Zimbabwe,4,32,54,59.26,16.0,1,0,7,lower_middle,21.4,8.4,47.4,31.1,C+,C,D,B,Utility Player,7.75,0.57,,,,,,,,,-0.33,0.4,,,0,,-1.59,0.0,0.55,,,,True
db218528,GC Galanis,Greece,9,62,51,121.57,10.33,4,3,6,lower_middle,21.3,26.6,15.8,20.2,C,C,C,C,Utility Player,1.56,0.27,,,,,,,,-0.8,-0.23,0.52,,-4.93,8,-1.18,-2.8,0.0,1.0,,,,True
b15eaf77,AO Suji,Kenya,2,11,25,44.0,5.5,0,0,9,lower_order,21.3,18.9,27.8,23.8,C,C,C,C,Utility Player,12.5,1.0,,,,,,,,,-0.43,0.18,,,1,,-1.73,0.0,1.0,,,,True
856dcfa8,A Nagarajan,Qatar,5,69,77,89.61,13.8,8,1,1,top_order,21.3,23.8,26.8,24.8,C,C,C,C,Utility Player,3.8,0.25,,,,,,,,,-0.3,0.32,,,3,,-1.04,0.0,0.49,,,,True
ae380321,F Suluoto,Samoa,21,234,233,100.43,13.76,15,12,7,lower_middle,21.2,30.7,26.0,25.9,C,C,C+,C,Utility Player,5.9,0.53,,,,-0.2,0.2,0.37,0.44,0.13,-0.25,0.81,0.04,0.53,18,0.14,-1.56,0.07,0.69,-0.1,Conditions-Proof,0.01,False
a02a0e07,C Shivakumar,Singapore,3,27,40,67.5,9.0,3,0,7,lower_middle,21.2,17.0,13.2,16.9,C,C,C,D,Utility Player,2.33,0.18,,,,,,,,,-0.42,0.12,,,1,,-2.37,0.0,0.5,,,,True
5a37ec26,MS Panesar,England,1,1,2,50.0,1.0,0,0,10,tail,21.2,20.7,22.5,21.7,C,C,C,C,Utility Player,2.0,1.0,,,,,,,,,-0.63,0.04,,,1,,,,,,,,True
44f11bd0,SV Wiig,United States of America,1,1,1,100.0,1.0,0,0,8,lower_order,21.2,18.6,26.2,22.9,C,C,C,C,Utility Player,1.0,1.0,,,,,,,,,-0.16,0.2,,,0,,,,,,,,True
e86754b2,TK Curran,England,12,64,56,114.29,10.67,1,4,8,lower_order,21.2,25.5,45.5,33.3,C+,C,C,B,Utility Player,2.75,0.59,,,,-0.22,0.22,0.31,0.25,,-0.28,0.82,0.07,,4,,-2.06,0.0,0.29,-0.18,Conditions-Proof,,False
21bfd654,Pratik Agnihotri,Norway,2,25,36,69.44,12.5,2,0,2,top_order,21.2,27.0,23.3,23.7,C,C,C,C,Utility Player,15.5,0.86,,,,,,,,,-0.41,0.15,,,2,,-1.28,0.0,0.29,,,,True
f1c4f2ea,A Nathwani,Austria,7,25,37,67.57,12.5,1,0,11,tail,21.1,13.1,41.2,28.9,C,C,D,C+,Utility Player,3.57,0.68,,,,,,,,0.45,-0.49,0.78,,-0.27,5,-0.35,-1.61,0.0,1.0,,,,True
b506636b,AA Jimoh,Nigeria,4,17,23,73.91,8.5,1,0,11,tail,21.1,22.2,27.3,24.3,C,C,C,C,Utility Player,4.0,0.7,,,,,,,,,-0.42,0.42,,,2,,-1.95,0.0,0.29,,,,True
279d1dc1,Kalyan Manne,Mexico,1,5,3,166.67,5.0,1,0,9,lower_order,21.1,21.2,15.0,18.4,C,C,C,C,Utility Player,0.0,0.0,,,,,,,,,0.52,0.36,,,0,,,,,,,,True
4b51bd51,Mahmudul Hasan Joy,Bangladesh,1,5,10,50.0,5.0,0,0,2,top_order,21.1,19.1,26.3,23.1,C,C,C,C,Utility Player,10.0,1.0,,,,,,,,,-0.52,0.03,,,0,,,,,,,,True
e662b18f,JAR Blain,Scotland,2,3,3,100.0,3.0,0,0,10,tail,21.1,17.6,17.5,18.8,C,C,C,C,Utility Player,1.0,0.67,,,,,,,,,-0.28,0.07,,,2,,,,,,,,True
26534b48,AM Guruge,United Arab Emirates,3,3,8,37.5,3.0,0,0,11,tail,21.1,13.6,32.1,24.6,C,C,D,C+,Utility Player,2.33,0.88,,,,,,,,,-0.39,0.41,,,1,,,,,,,,True
2343b4bf,WT Mubayiwa,Zimbabwe,1,3,4,75.0,3.0,0,0,8,lower_order,21.1,20.6,24.3,22.5,C,C,C,C,Utility Player,0.0,0.0,,,,,,,,,-0.07,0.19,,,0,,,,,,,,True
2af838ee,N Pradeep,Sri Lanka,4,10,15,66.67,10.0,1,0,11,tail,21.1,22.6,42.6,31.3,C+,C,C,C+,Utility Player,2.25,0.6,,,,,,,,,-0.5,0.55,,,2,,,,,,,,True
91056862,SA Jumbe,Tanzania,46,470,449,104.68,14.24,34,23,7,lower_middle,21.1,40.7,7.3,19.7,C,C,C+,D,Utility Player,5.02,0.51,1.09,,1.09,-0.05,0.05,0.51,1.22,0.04,-0.29,0.84,0.02,-0.37,25,-0.35,-1.19,0.29,0.75,0.12,Conditions-Proof,-0.08,False
98dae38e,TK Lal,Czech Republic,1,3,2,150.0,3.0,0,0,10,tail,21.1,18.2,22.2,21.0,C,C,C,C,Utility Player,0.0,0.0,,,,,,,,,0.66,0.37,,,1,,,,,,,,True
ad733e72,DF Watts,Scotland,5,104,93,111.83,20.8,12,1,1,top_order,21.1,32.4,45.9,35.8,C+,C,C+,B,Utility Player,6.2,0.33,0.89,,0.89,,,,,,-0.26,0.49,,,5,-0.25,-1.05,0.0,0.58,,,,True
a3a275ec,K Waiswa,Uganda,47,579,571,101.4,15.24,55,14,4,upper_middle,21.1,44.4,10.8,22.2,C,C,C+,D,Utility Player,6.11,0.5,3.94,,3.94,-0.27,0.27,0.44,0.65,-0.03,-0.25,0.87,0.02,-0.61,14,-0.2,-1.16,0.2,0.83,0.06,Conditions-Proof,-0.03,False
7c7c4988,NL Ujawe,Slovenia,3,3,4,75.0,3.0,0,0,11,tail,21.1,11.9,26.8,21.8,C,C,D,C,Utility Player,0.33,0.25,,,,,,,,,-0.24,0.49,,,3,,,,,,,,True
4286e899,Syed Aqeel Israr,Ghana,7,14,28,50.0,4.67,0,1,11,tail,21.1,17.1,17.4,18.7,C,C,C,C,Utility Player,3.14,0.79,,,,,,,,0.0,-0.33,0.58,,,3,,-2.8,0.0,1.0,,,,True
14ea3348,A Amado,Israel,2,19,28,67.86,9.5,2,0,6,lower_middle,21.0,19.7,20.4,20.7,C,C,C,C,Utility Player,10.5,0.75,,,,,,,,,-0.43,0.13,,,2,,-2.17,0.0,1.0,,,,True
fb3e0d39,C Karunaratne,Sri Lanka,33,272,257,105.84,15.11,13,11,8,lower_order,21.0,12.2,55.0,35.3,C+,C,D,B,Utility Player,3.91,0.5,,,,-0.09,0.09,0.29,0.87,0.22,-0.38,1.06,0.03,-0.08,14,-0.2,-1.05,0.19,0.69,0.03,Conditions-Proof,0.0,False
7d4f6e1f,B Ivanov,Bulgaria,2,15,28,53.57,15.0,1,0,11,tail,21.0,20.5,40.8,30.3,C+,C,C,C+,Utility Player,11.0,0.79,,,,,,,,,-0.5,0.77,,,0,,-1.43,0.0,0.29,,,,True
e613c509,DL Richards,St Helena,2,5,5,100.0,5.0,1,0,8,lower_order,21.0,21.4,19.7,20.5,C,C,C,C,Utility Player,1.0,0.4,,,,,,,,,-0.26,0.38,,,2,,,,,,,,True
3e722460,CR Foggo,Bermuda,1,6,11,54.55,6.0,1,0,1,top_order,21.0,27.0,19.7,21.7,C,C,C,C,Utility Player,3.0,0.27,,,,,,,,,-0.44,0.04,,,1,,-1.24,0.0,1.0,,,,True
4e35e8ea,Y Divekar,Israel,3,13,18,72.22,6.5,0,1,9,lower_order,20.9,16.7,13.0,16.6,C,C,C,D,Utility Player,6.0,1.0,,,,,,,,,-0.55,0.16,,,3,,-1.8,0.0,1.0,,,,True
6ec13131,Shah Abrar Hussain,Cambodia,20,358,345,103.77,22.38,21,19,1,top_order,20.9,17.2,53.1,36.3,C+,C,C,B,Utility Player,10.85,0.63,0.96,,0.96,-0.04,0.04,0.49,0.68,0.39,-0.27,1.06,0.05,-0.5,8,-0.31,-1.05,0.09,0.73,-0.1,Conditions-Proof,-0.11,False
4d83491d,Aftab Kayani,Romania,3,32,32,100.0,10.67,3,0,11,tail,20.9,22.1,27.1,24.2,C,C,C,C,Utility Player,2.67,0.25,,,,,,,,,-0.27,0.59,,,1,,-1.55,0.0,1.0,,,,True
e80ed014,P Desungnoen,Thailand,1,3,4,75.0,3.0,0,0,9,lower_order,20.9,18.4,18.9,19.5,C,C,C,C,Utility Player,0.0,0.0,,,,,,,,,-0.45,0.09,,,1,,,,,,,,True
210b05cb,Ehsan Adil,United States of America,1,1,2,50.0,1.0,0,0,10,tail,20.9,20.3,23.4,21.9,C,C,C,C,Utility Player,2.0,1.0,,,,,,,,,-0.63,0.07,,,1,,,,,,,,True
33ef1bd5,Rajkumar Rajendran,Malaysia,2,10,17,58.82,5.0,0,1,2,top_order,20.9,27.0,11.8,18.1,C,C,C,D,Utility Player,7.0,0.82,,,,,,,,,-0.34,0.16,,,0,,-2.44,0.0,1.0,,,,True
ddcb8503,Asif Iqbal,South Korea,3,36,45,80.0,18.0,3,1,3,top_order,20.9,9.8,34.3,25.5,C,C,D,C+,Utility Player,4.0,0.27,,,,,,,,,-0.17,0.34,,,3,,-1.1,0.0,0.5,,,,True
1c8cd1c3,J Horrocks,Gibraltar,9,53,55,96.36,10.6,1,1,9,lower_order,20.9,5.3,35.2,24.5,C,C,D,C+,Utility Player,3.78,0.62,,,,,,,,0.13,-0.28,0.72,,,4,,-0.73,0.0,0.29,,,,True
9ccb6e52,K Irakoze,Rwanda,40,335,315,106.35,9.31,20,17,9,lower_order,20.8,25.6,5.8,15.5,C,C,C,D,Utility Player,2.95,0.37,,,,0.04,-0.04,0.44,0.65,-0.16,-0.31,0.81,0.02,-0.77,16,-0.15,-1.49,0.2,0.71,0.06,Conditions-Proof,0.08,False
1494a583,Dhiman Ghosh,Bangladesh,1,1,2,50.0,1.0,0,0,7,lower_middle,20.8,19.0,18.3,19.3,C,C,C,C,Utility Player,2.0,1.0,,,,,,,,,-0.66,0.0,,,1,,,,,,,,True
da39f141,S Sengupta,Czech Republic,4,27,25,108.0,9.0,3,0,8,lower_order,20.8,23.2,24.6,23.2,C,C,C,C,Utility Player,3.0,0.48,,,,,,,,,-0.25,0.49,,,3,,,,,,,,True
c449944c,P Karoho,Papua New Guinea,1,7,10,70.0,7.0,1,0,2,top_order,20.8,22.4,19.2,20.5,C,C,C,C,Utility Player,10.0,1.0,,,,,,,,,-0.5,0.02,,,0,,,,,,,,True
2ecd844a,BJ Currie,Scotland,6,19,32,59.38,9.5,0,0,11,tail,20.8,8.6,56.4,34.6,C+,C,D,B,Utility Player,5.17,0.97,,,,,,,,0.77,-0.44,1.09,,,3,,-2.24,0.0,1.0,,,,True
43247512,Vinay Iyer,Japan,1,6,10,60.0,6.0,1,0,4,upper_middle,20.7,21.9,13.8,17.9,C,C,C,D,Utility Player,10.0,1.0,,,,,,,,,-0.29,0.1,,,0,,-2.8,0.0,1.0,,,,True
4a461c24,LA Dawson,England,9,79,69,114.49,11.29,9,2,8,lower_order,20.7,15.7,51.1,33.7,C+,C,C,B,Utility Player,3.0,0.39,,,,,,,,-0.64,-0.28,0.82,,,3,,-1.34,0.25,0.53,,,,True
68c56d09,KA Jamieson,New Zealand,10,76,59,128.81,10.86,10,0,9,lower_order,20.7,17.9,41.0,29.6,C,C,C,C+,Utility Player,3.5,0.59,,,,,,0.41,0.06,0.71,-0.43,0.67,0.07,0.2,6,0.23,-0.38,0.5,0.29,-0.57,Tough-Track Star,-0.95,False
6a868271,J Cama,Fiji,5,31,28,110.71,6.2,0,3,6,lower_middle,20.7,18.7,4.6,13.2,D,C,C,D,Utility Player,1.8,0.32,,,,,,,,,-0.35,0.26,,,5,-0.35,,,,,,,True
44afbf2d,NJ Maddinson,Australia,4,45,35,128.57,11.25,6,1,5,upper_middle,20.7,28.3,21.4,22.8,C,C,C,C,Utility Player,3.0,0.34,,,,,,,,,-0.31,0.19,,,1,,,,,,,,True
adbba8db,G Cupido,Switzerland,3,10,11,90.91,5.0,0,1,2,top_order,20.6,16.0,4.4,12.4,D,C,C,D,Utility Player,2.33,0.64,,,,,,,,,-0.5,0.15,,,0,,,,,,,,True
c2409632,ML Bojang,Gambia,5,32,32,100.0,6.4,2,1,8,lower_order,20.6,22.6,7.0,15.0,C,C,C,D,Utility Player,3.8,0.59,,,,,,,,,-0.14,0.33,,,5,-0.14,-2.12,0.0,0.29,,,,True
95382501,SN Swamy,Sweden,1,1,1,100.0,1.0,0,0,11,tail,20.6,18.5,23.3,21.4,C,C,C,C,Utility Player,0.0,0.0,,,,,,,,,-0.18,0.28,,,0,,,,,,,,True
6d1db278,V Nagpaul,Singapore,2,4,6,66.67,4.0,0,0,11,tail,20.6,16.4,23.2,21.0,C,C,C,C,Utility Player,1.5,0.5,,,,,,,,,-0.39,0.28,,,0,,,,,,,,True
b8396e67,Cihan Altun,Turkey,1,4,2,200.0,4.0,1,0,7,lower_middle,20.5,21.5,10.7,16.3,C,C,C,D,Utility Player,0.0,0.0,,,,,,,,,0.41,0.45,,,0,,,,,,,,True
42581e6d,K Kubota,Japan,2,1,2,50.0,1.0,0,0,10,tail,20.5,15.0,18.5,18.5,C,C,C,C,Utility Player,0.5,0.5,,,,,,,,,-0.63,0.22,,,1,,,,,,,,True
08a4f9ad,DC Thomas,West Indies,7,51,54,94.44,8.5,4,2,4,upper_middle,20.5,40.9,4.8,17.7,C,C,C+,D,Utility Player,4.57,0.59,,,,,,,,0.17,-0.4,0.41,,-1.92,5,-0.79,-2.21,0.33,0.5,,,,True
ac5a9d43,CM Rocca,Gibraltar,1,14,19,73.68,14.0,2,0,3,top_order,20.5,23.3,23.4,22.8,C,C,C,C,Utility Player,2.0,0.11,,,,,,,,,-0.49,0.06,,,0,,,,,,,,True
f566cd7d,Hafiz Qaleem,United Arab Emirates,1,2,4,50.0,2.0,0,0,1,top_order,20.5,17.7,15.8,17.8,C,C,C,C,Utility Player,0.0,0.0,,,,,,,,,-0.53,0.0,,,1,,,,,,,,True
7f87204d,SP Terry,Ireland,1,4,6,66.67,4.0,0,0,3,top_order,20.5,16.5,18.9,19.0,C,C,C,C,Utility Player,6.0,1.0,,,,,,,,,-0.47,0.0,,,1,,,,,,,,True
d09615c8,Mansoor Shah,Norway,1,2,2,100.0,2.0,0,0,11,tail,20.5,18.7,17.3,18.7,C,C,C,C,Utility Player,0.0,0.0,,,,,,,,,0.11,0.15,,,0,,,,,,,,True
7dfb8890,S Muthusamy,South Africa,5,24,23,104.35,6.0,2,1,8,lower_order,20.5,30.6,7.0,16.5,C,C,C+,D,Utility Player,3.8,0.83,,,,,,,,,-0.42,0.24,,,3,,,,,,,,True
9f4aeb13,Bilal Aftab,Denmark,2,2,3,66.67,2.0,0,0,11,tail,20.4,16.6,24.1,21.3,C,C,C,C,Utility Player,1.5,1.0,,,,,,,,,-0.33,0.3,,,2,,,,,,,,True
59ddd811,NE Bonner,West Indies,2,27,38,71.05,13.5,2,0,3,top_order,20.4,15.6,24.9,21.9,C,C,C,C,Utility Player,19.0,1.0,,,,,,,,,-0.46,0.01,,,0,,-0.64,0.0,0.29,,,,True
5b8e8294,K Joshi,Austria,1,14,22,63.64,14.0,0,0,4,upper_middle,20.4,15.7,24.9,21.9,C,C,C,C,Utility Player,22.0,1.0,,,,,,,,,-0.39,0.09,,,0,,-1.35,0.0,1.0,,,,True
5941e35c,Simba Mbaki,Tanzania,1,4,7,57.14,4.0,0,0,7,lower_middle,20.4,19.2,16.9,18.6,C,C,C,C,Utility Player,2.0,0.29,,,,,,,,,-0.44,0.01,,,1,,,,,,,,True
0fa92a21,C Bayraktar,Turkey,3,26,34,76.47,8.67,0,2,4,upper_middle,20.4,25.8,8.3,16.2,C,C,C,D,Utility Player,7.67,0.68,,,,,,,,,-0.2,0.27,,,3,,-2.22,0.0,1.0,,,,True
0f6ffe16,Mokbul Ahammed,Qatar,1,5,16,31.25,5.0,0,0,8,lower_order,20.4,20.7,20.4,20.5,C,C,C,C,Utility Player,0.0,0.0,,,,,,,,,-0.65,0.01,,,0,,-2.8,0.0,1.0,,,,True
88ee683b,Z Arinaitwe,Uganda,3,22,26,84.62,7.33,3,1,1,top_order,20.4,28.5,10.3,17.6,C,C,C,D,Utility Player,4.33,0.5,,,,,,,,,-0.26,0.21,,,3,,,,,,,,True
bd3cecc6,Zohaib Sarwar,Portugal,9,80,72,111.11,13.33,2,6,7,lower_middle,20.4,28.1,18.3,21.5,C,C,C,C,Utility Player,2.56,0.32,,,,,,,,-0.28,-0.35,0.52,,,3,,-0.92,0.2,0.6,,,,True
8787dd53,Husnain Kabeer,Germany,1,5,6,83.33,5.0,0,0,1,top_order,20.3,15.4,19.5,19.0,C,C,C,C,Utility Player,0.0,0.0,,,,,,,,,-0.38,0.03,,,1,,,,,,,,True
83f0b848,C Liebenberg,Isle of Man,1,1,1,100.0,1.0,0,0,10,tail,20.3,18.4,22.9,21.1,C,C,C,C,Utility Player,0.0,0.0,,,,,,,,,-0.07,0.24,,,0,,,,,,,,True
0a15f357,Prashant Shukla,Sweden,1,3,4,75.0,3.0,0,0,11,tail,20.3,19.3,20.5,20.2,C,C,C,C,Utility Player,2.0,0.5,,,,,,,,,-0.19,0.21,,,0,,,,,,,,True
024fe464,PD McGlashan,New Zealand,9,61,64,95.31,7.62,6,2,7,lower_middle,20.3,17.0,16.7,18.2,C,C,C,C,Utility Player,5.33,0.75,,,,,,,,-0.44,-0.25,0.39,,,2,,-1.3,0.33,0.49,,,,True
5995707a,R Ankad,Mexico,9,71,100,71.0,10.14,5,0,6,lower_middle,20.3,6.4,18.1,16.8,C,C,D,C,Utility Player,6.89,0.62,,,,,,,,,-0.15,0.42,,-0.58,5,-0.3,-1.78,0.0,0.66,,,,True
bc6f8328,RJG Palmer,Jersey,3,11,23,47.83,11.0,0,0,11,tail,20.3,18.0,48.0,32.6,C+,C,C,B,Utility Player,3.67,0.48,,,,,,,,,-0.48,0.89,,,3,,-2.44,0.0,1.0,,,,True
8f5313ce,WJ Malinda,Maldives,7,24,32,75.0,4.8,0,1,7,lower_middle,20.3,5.2,13.1,14.1,D,C,D,D,Utility Player,3.43,0.75,,,,,,,,0.3,-0.23,0.23,,0.64,6,0.6,,,,,,,True
6779e840,R Cunningham,Gibraltar,2,10,13,76.92,10.0,0,0,10,tail,20.3,16.1,34.3,26.0,C,C,C,C+,Utility Player,6.5,1.0,,,,,,,,,-0.44,0.52,,,2,,-1.09,0.0,1.0,,,,True
9206e859,Jason Lui,Hong Kong,1,12,16,75.0,12.0,2,0,2,top_order,20.2,22.4,22.4,21.9,C,C,C,C,Utility Player,6.0,0.38,,,,,,,,,-0.04,0.28,,,0,,-0.87,0.0,1.0,,,,True
e8637dc9,O Stewart,Bahamas,3,12,9,133.33,4.0,1,1,7,lower_middle,20.2,25.4,3.0,13.5,D,C,C,D,Utility Player,2.33,0.78,,,,,,,,,-0.49,0.29,,,3,,,,,,,,True
b16ddb79,W McClintock,Ireland,4,34,38,89.47,11.33,4,0,7,lower_middle,20.2,22.5,22.8,22.1,C,C,C,C,Utility Player,6.25,0.66,,,,,,,,,-0.3,0.22,,,2,,-1.41,0.0,0.45,,,,True
d4e70d7c,Kapil Kumar,Philippines,5,71,105,67.62,14.2,6,2,2,top_order,20.2,20.2,19.0,20.2,C,C,C,C,Utility Player,11.2,0.53,,,,,,,,,-0.37,0.22,,,5,-0.35,-1.93,0.0,0.68,,,,True
7572bf45,EHSN Silva,United Arab Emirates,2,16,22,72.73,16.0,1,0,9,lower_order,20.2,18.5,51.6,34.6,C+,C,C,B,Utility Player,11.0,1.0,,,,,,,,,-0.44,0.66,,,0,,-1.37,0.0,1.0,,,,True
d12143bf,JM Anderson,England,2,1,2,50.0,1.0,0,0,11,tail,20.2,17.0,20.6,19.7,C,C,C,C,Utility Player,1.0,1.0,,,,,,,,,-0.64,0.12,,,1,,,,,,,,True
c46e9e56,CJO Smith,Scotland,5,57,52,109.62,14.25,6,0,4,upper_middle,20.2,11.0,3.6,11.4,D,C,D,D,Utility Player,3.4,0.33,1.82,,1.82,,,,,,-0.57,0.06,,,4,,-0.68,0.2,0.6,,,,True
a73321d3,A Shahzad,England,1,0,3,0.0,0.0,0,0,11,tail,20.2,20.2,17.2,18.8,C,C,C,C,Utility Player,3.0,1.0,,,,,,,,,-0.94,0.0,,,0,,,,,,,,True
dabbd0ae,B Fernando,Sri Lanka,7,43,47,91.49,14.33,3,1,9,lower_order,20.1,21.0,42.5,30.9,C+,C,C,C+,Utility Player,6.43,0.96,,,,,,,,-0.75,-0.51,0.56,,0.43,6,0.61,0.03,1.0,1.0,,,,True
e88468b7,Mujibur Ali,Oman,3,26,33,78.79,8.67,2,0,3,top_order,20.1,13.5,22.3,19.9,C,C,D,C,Utility Player,5.67,0.52,,,,,,,,,-0.39,0.11,,,0,,-1.76,0.0,0.29,,,,True
576d6fdf,SS Shukla,Bahrain,2,6,11,54.55,6.0,0,0,7,lower_middle,20.1,13.4,17.0,17.4,C,C,D,C,Utility Player,5.5,1.0,,,,,,,,,-0.23,0.07,,,0,,,,,,,,True
d5bbb6a2,J Anderson,Ireland,1,3,5,60.0,3.0,0,0,2,top_order,20.1,15.9,17.5,18.1,C,C,C,C,Utility Player,0.0,0.0,,,,,,,,,-0.59,0.0,,,0,,,,,,,,True
5892ac75,R Kalimuthu,Singapore,7,27,27,100.0,13.5,2,1,11,tail,20.1,18.2,45.3,31.5,C+,C,C,B,Utility Player,1.57,0.41,,,,,,,,0.59,-0.37,0.92,,-1.21,5,-0.73,-0.59,0.0,1.0,,,,True
82e81007,Hamza Tariq,Canada,18,207,145,142.76,18.82,13,10,6,lower_middle,20.1,55.9,58.1,45.5,B,C,B,B,Utility Player,2.89,0.36,2.8,,2.8,-0.01,0.01,0.65,2.13,-0.17,-0.22,1.57,0.09,,18,-0.21,0.65,0.71,0.63,-0.02,Conditions-Proof,-0.2,False
e1891e00,BV Sears,New Zealand,7,21,25,84.0,7.0,2,0,10,tail,20.1,17.0,40.0,28.5,C,C,C,C+,Utility Player,2.29,0.64,,,,,,,,,-0.45,0.68,,,2,,-0.13,0.0,1.0,,,,True
d0178c53,S Kubheka,Swaziland,4,7,14,50.0,2.33,0,0,10,tail,20.1,9.5,12.1,14.4,D,C,D,D,Utility Player,1.75,0.5,,,,,,,,,-0.5,0.24,,,3,,,,,,,,True
00075cb5,MCE Manalo,Philippines,1,12,14,85.71,12.0,0,0,8,lower_order,20.1,17.1,22.8,21.0,C,C,C,C,Utility Player,14.0,1.0,,,,,,,,,-0.41,0.21,,,1,,-0.97,0.0,1.0,,,,True
c7bdb5b5,NJ Reardon,Australia,1,4,8,50.0,4.0,0,0,5,upper_middle,20.1,20.2,20.7,20.4,C,C,C,C,Utility Player,8.0,1.0,,,,,,,,,-0.56,0.0,,,0,,,,,,,,True
34e36b65,AM Kimote,Tanzania,39,295,304,97.04,11.8,24,6,8,lower_order,20.1,18.6,43.4,30.9,C+,C,C,C+,Utility Player,2.62,0.34,,,,0.09,-0.09,0.38,0.78,0.1,-0.27,1.15,0.03,0.09,21,-0.03,-1.2,0.21,0.77,-0.0,Conditions-Proof,-0.16,False
f8279d15,Sajid Patel,Lesotho,4,53,59,89.83,13.25,7,0,3,top_order,20.1,15.9,13.2,16.6,C,C,C,D,Utility Player,4.75,0.32,0.45,,0.45,,,,,,-0.33,0.15,,,4,,-0.77,0.0,0.47,,,,True
2fd4669a,Waqas Ali,Belgium,2,18,24,75.0,9.0,0,0,8,lower_order,20.1,14.1,25.5,21.5,C,C,D,C,Utility Player,8.5,0.71,,,,,,,,,-0.4,0.25,,,0,,,,,,,,True
63f3e7f2,JC Martin,Guernsey,3,35,36,97.22,35.0,1,1,7,lower_middle,20.0,22.9,42.8,35.0,C+,C,C,C+,Utility Player,7.67,0.64,,,,,,,,,-0.19,0.67,,,3,,-1.01,0.0,0.29,,,,True
f957f558,Baljinder Singh,Romania,1,6,7,85.71,6.0,1,0,10,tail,20.0,21.7,19.0,20.0,C,C,C,C,Utility Player,2.0,0.29,,,,,,,,,-0.36,0.23,,,0,,,,,,,,True
90839a03,Safvan Patel,Panama,1,9,12,75.0,9.0,0,0,1,top_order,20.0,17.2,22.7,20.8,C,C,C,C,Utility Player,0.0,0.0,,,,,,,,,-0.1,0.19,,,0,,,,,,,,True
6de4e430,Washeem Abbas,Malta,28,124,103,120.39,7.29,8,8,10,tail,20.0,27.4,19.3,21.4,C,C,C,C,Utility Player,1.89,0.51,,,,-0.43,0.43,0.32,0.52,-0.04,-0.35,1.06,0.04,-0.31,12,-0.18,-1.92,0.25,0.58,0.16,Flat-Track Bully,0.25,False
8ca63417,MY Bawa,Panama,1,5,5,100.0,5.0,0,0,4,upper_middle,20.0,16.5,16.3,17.7,C,C,C,C,Utility Player,0.0,0.0,,,,,,,,,0.2,0.09,,,0,,,,,,,,True
5ef3c310,M Shahbaz Butt,Norway,8,55,65,84.62,9.17,4,0,6,lower_middle,20.0,23.5,15.6,18.9,C,C,C,C,Utility Player,6.0,0.74,,,,,,,,-0.38,-0.28,0.46,,,4,,-2.0,0.0,0.57,,,,True
3b50c63a,KS Lokuarachchi,Sri Lanka,2,11,13,84.62,5.5,1,0,7,lower_middle,20.0,24.3,17.2,19.7,C,C,C,C,Utility Player,1.5,0.23,,,,,,,,,-0.47,0.05,,,1,,0.12,1.0,1.0,,,,True
d146924b,Raza-ur-Rehman,Canada,4,25,29,86.21,6.25,3,0,5,upper_middle,19.9,17.3,10.9,15.4,C,C,C,D,Utility Player,4.25,0.59,,,,,,,,,-0.3,0.15,,,2,,-1.68,0.33,0.45,,,,True
43b36ccf,Yadwinder Singh,Hungary,1,9,13,69.23,9.0,1,0,5,upper_middle,19.9,20.7,20.4,20.4,C,C,C,C,Utility Player,0.0,0.0,,,,,,,,,-0.23,0.13,,,1,,,,,,,,True
e75cb073,UNGB Thenannahelage,Czech Republic,3,21,24,87.5,10.5,0,0,8,lower_order,19.9,12.7,36.2,26.0,C,C,D,C+,Utility Player,6.67,0.83,,,,,,,,,-0.14,0.76,,,3,,,,,,,,True
e191bf68,Rameez Raja (2),Pakistan,2,24,29,82.76,12.0,2,0,3,top_order,19.9,16.1,30.9,24.4,C,C,C,C+,Utility Player,13.5,0.93,,,,,,,,,-0.48,0.13,,,0,,-0.92,0.0,1.0,,,,True
1cb14aa4,CJ Dala,South Africa,4,19,28,67.86,19.0,1,0,9,lower_order,19.9,17.3,56.7,36.9,C+,C,C,B,Utility Player,7.0,1.0,,,,,,,,,-0.54,0.65,,,2,,-1.13,0.0,0.29,,,,True
8cf9814c,Mohammed Shami,India,3,7,10,70.0,3.5,0,1,9,lower_order,19.8,29.1,10.1,17.3,C,C,C,D,Utility Player,2.33,0.7,,,,,,,,,-0.37,0.18,,,1,,,,,,,,True
324edd0c,Jandu Hamoud,Kuwait,1,2,4,50.0,2.0,0,0,10,tail,19.8,19.6,21.8,20.7,C,C,C,C,Utility Player,4.0,1.0,,,,,,,,,-0.6,0.05,,,1,,,,,,,,True
0d4d3cb1,R Dhiman,Bulgaria,3,17,17,100.0,8.5,1,0,7,lower_middle,19.8,15.2,22.6,20.3,C,C,C,C,Utility Player,1.0,0.18,,,,,,,,,-0.14,0.27,,,3,,,,,,,,True
a2ef4337,Aminul Islam Chowdhury,Cyprus,1,7,6,116.67,7.0,1,0,8,lower_order,19.8,21.2,22.2,21.2,C,C,C,C,Utility Player,6.0,1.0,,,,,,,,,-0.17,0.28,,,0,,,,,,,,True
adb2f841,Ali Ivan,Maldives,1,11,39,28.21,11.0,0,0,2,top_order,19.8,19.1,28.9,24.0,C,C,C,C,Utility Player,39.0,1.0,,,,,,,,,-0.72,0.08,,,1,,-2.58,0.0,0.58,,,,True
d613f046,M Whelan,Gibraltar,8,79,71,111.27,13.17,6,2,7,lower_middle,19.8,16.5,27.3,23.0,C,C,C,C,Utility Player,6.38,0.72,,,,,,,,-0.63,-0.32,0.58,,,3,,-0.49,0.5,0.29,,,,True
79aad751,PADLR Sandakan,Sri Lanka,7,23,38,60.53,7.67,2,0,11,tail,19.8,12.1,40.6,27.8,C,C,D,C+,Utility Player,4.71,0.87,,,,,,,,0.11,-0.52,0.62,,-0.14,5,-0.22,-1.91,0.0,0.29,,,,True
4cc968c5,Abdullah Mohd Yousaf,Bahrain,1,6,8,75.0,6.0,0,0,8,lower_order,19.8,19.3,26.9,23.0,C,C,C,C,Utility Player,8.0,1.0,,,,,,,,,-0.5,0.15,,,1,,,,,,,,True
45c008f4,P Danci,Romania,1,12,15,80.0,12.0,2,0,2,top_order,19.8,21.5,18.8,20.0,C,C,C,C,Utility Player,0.0,0.0,,,,,,,,,-0.04,0.12,,,0,,-2.15,0.0,0.29,,,,True
641ac5ff,IS Sodhi,New Zealand,40,243,223,108.97,8.68,13,13,9,lower_order,19.8,10.7,35.1,25.3,C,C,D,C+,Utility Player,3.15,0.57,,,,0.02,-0.02,0.19,0.66,-0.14,-0.37,0.97,0.02,0.21,16,0.12,-1.23,0.2,0.68,0.02,Conditions-Proof,0.28,False
9a28e6e1,AJA Samuels,Cook Islands,2,14,29,48.28,14.0,0,0,10,tail,19.8,19.4,40.9,29.7,C,C,C,C+,Utility Player,11.5,0.79,,,,,,,,,-0.53,0.91,,,2,,-1.79,0.0,0.49,,,,True
ec02b798,WTS Porterfield,Ireland,41,720,694,103.75,20.57,77,14,1,top_order,19.7,21.2,64.9,42.1,C+,C,C,B+,Utility Player,6.29,0.37,1.54,,1.54,0.35,-0.35,0.51,2.46,0.11,-0.24,1.17,0.03,0.92,16,0.12,-0.84,0.21,0.82,-0.06,Conditions-Proof,-0.05,False
5c2f10ed,Q Utmanzai,Austria,1,6,9,66.67,6.0,0,0,8,lower_order,19.7,18.8,18.5,19.0,C,C,C,C,Utility Player,0.0,0.0,,,,,,,,,-0.29,0.1,,,0,,,,,,,,True
6d5bdc43,Nazril Rahman,Malaysia,6,65,63,103.17,13.0,5,1,7,lower_middle,19.7,16.1,29.4,23.8,C,C,C,C,Utility Player,4.33,0.41,,,,,,,,0.61,-0.2,0.49,,,2,,-1.2,0.2,0.58,,,,True
52e8dd6b,Zaheer Maqsood,United Arab Emirates,1,2,5,40.0,2.0,0,0,10,tail,19.7,21.6,20.9,20.6,C,C,C,C,Utility Player,5.0,1.0,,,,,,,,,-0.64,0.02,,,1,,,,,,,,True
d3fcb126,E Hasahya,Uganda,4,16,24,66.67,4.0,2,0,3,top_order,19.7,13.2,6.8,12.6,D,C,D,D,Utility Player,5.0,0.83,,,,,,,,,-0.23,0.16,,,0,,,,,,,,True
8831b92e,Raunaq Kapur,Hong Kong,1,3,5,60.0,3.0,0,0,9,lower_order,19.7,18.1,20.5,19.8,C,C,C,C,Utility Player,5.0,1.0,,,,,,,,,-0.59,0.05,,,1,,,,,,,,True
0f6db197,S Mahmood,England,9,35,45,77.78,7.0,2,1,10,tail,19.7,28.9,34.2,28.2,C,C,C,C+,Utility Player,4.78,0.96,,,,,,,,,-0.52,0.72,,-0.37,6,-0.41,-2.76,0.0,0.29,,,,True
f7ce2ff9,J Ramanandi,Oman,13,86,97,88.66,8.6,6,2,8,lower_order,19.7,7.1,4.8,10.7,D,C,D,D,Utility Player,4.69,0.63,,,,0.14,-0.14,0.29,0.72,0.43,-0.39,0.29,0.02,0.69,8,0.33,-1.47,0.17,0.68,-0.05,Conditions-Proof,0.02,False
ada72696,Sukhjinder Singh,Canada,1,1,4,25.0,1.0,0,0,11,tail,19.6,19.9,20.2,19.9,C,C,C,C,Utility Player,4.0,1.0,,,,,,,,,-0.88,0.03,,,0,,,,,,,,True
4a70ca45,Ashish Bam,Cyprus,3,10,7,142.86,10.0,1,0,5,upper_middle,19.6,17.0,14.8,17.1,C,C,C,D,Utility Player,1.33,0.57,,,,,,,,,-0.23,0.21,,,0,,,,,,,,True
740d29d5,Sai Hla Htwe,Myanmar,2,6,10,60.0,6.0,0,0,9,lower_order,19.6,16.1,26.9,22.2,C,C,C,C,Utility Player,5.0,1.0,,,,,,,,,-0.35,0.38,,,0,,-1.38,0.0,1.0,,,,True
74ef405a,MBS Jonkman,Netherlands,1,1,8,12.5,1.0,0,0,9,lower_order,19.6,20.6,14.3,17.4,C,C,C,D,Utility Player,8.0,1.0,,,,,,,,,-0.91,0.0,,,1,,,,,,,,True
018f6488,M Gouws,Gibraltar,7,82,58,141.38,11.71,5,5,2,top_order,19.6,32.7,9.6,18.1,C,C,C+,D,Utility Player,4.29,0.52,,,,,,,,-0.53,-0.23,0.47,,,3,,-0.25,0.5,0.29,,,,True
7370ca3d,JH Kiani,Philippines,2,25,36,69.44,12.5,2,0,1,top_order,19.6,17.3,21.3,20.3,C,C,C,C,Utility Player,8.5,0.47,,,,,,,,,-0.38,0.04,,,2,,-2.01,0.0,0.56,,,,True
7b9b9aef,Abdul Shakoor,United Arab Emirates,3,15,21,71.43,7.5,1,0,5,upper_middle,19.6,16.5,19.6,19.1,C,C,C,C,Utility Player,7.0,1.0,,,,,,,,,-0.44,0.08,,,2,,-3.63,0.0,1.0,,,,True
eaeb065e,TCW Veillard,Guernsey,1,3,5,60.0,3.0,0,0,10,tail,19.5,19.9,23.8,21.5,C,C,C,C,Utility Player,5.0,1.0,,,,,,,,,-0.57,0.19,,,1,,,,,,,,True
c10747c3,Imran Arif,Saudi Arabia,2,27,38,71.05,13.5,1,2,4,upper_middle,19.5,24.5,16.6,19.6,C,C,C,C,Utility Player,5.5,0.29,,,,,,,,,-0.46,0.06,,,2,,-1.22,0.25,0.56,,,,True
8ce2080b,TJG Pringle,Netherlands,15,121,124,97.58,9.31,5,5,8,lower_order,19.5,29.3,22.6,23.2,C,C,C,C,Utility Player,5.33,0.65,,,,,,0.48,1.17,-0.23,-0.39,0.69,0.05,1.4,10,0.07,0.42,0.5,0.53,0.12,Conditions-Proof,-0.01,False
ea1c36cf,B Wentzel,Guernsey,1,1,2,50.0,1.0,0,0,8,lower_order,19.5,19.4,16.5,18.1,C,C,C,C,Utility Player,0.0,0.0,,,,,,,,,-0.49,0.03,,,0,,,,,,,,True
18675d8d,Mihir Patel,Canada,1,2,2,100.0,2.0,0,0,3,top_order,19.5,14.6,16.0,17.0,C,C,D,C,Utility Player,0.0,0.0,,,,,,,,,-0.31,0.04,,,0,,,,,,,,True
64457c72,Kamal Soukhiya,Luxembourg,5,33,32,103.12,6.6,1,2,9,lower_order,19.5,24.8,12.0,17.3,C,C,C,D,Utility Player,2.4,0.37,,,,,,,,,-0.22,0.39,,,5,-0.22,-1.76,0.0,1.0,,,,True
033e9d59,Arjun Vinod,Switzerland,25,513,466,110.09,25.65,45,13,4,upper_middle,19.5,34.4,52.6,39.7,C+,C,C+,B,Utility Player,6.0,0.32,1.27,,1.27,0.23,-0.23,0.56,1.65,-0.48,-0.24,1.21,0.05,-0.23,12,-0.18,-0.75,0.17,0.81,-0.38,Tough-Track Star,-0.45,False
ab591e7d,E Isaneez,Uganda,2,8,13,61.54,8.0,0,0,9,lower_order,19.5,15.8,37.5,27.0,C,C,C,C+,Utility Player,6.5,1.0,,,,,,,,,-0.54,0.49,,,2,,-1.13,0.0,1.0,,,,True
87ffd217,ZK Shem,Vanuatu,1,1,3,33.33,1.0,0,0,10,tail,19.5,20.1,19.2,19.5,C,C,C,C,Utility Player,3.0,1.0,,,,,,,,,-0.72,0.05,,,1,,,,,,,,True
d1c94b25,CK Langeveldt,South Africa,3,4,8,50.0,4.0,0,0,11,tail,19.4,13.8,22.4,19.7,C,C,D,C,Utility Player,1.33,0.5,,,,,,,,,-0.65,0.19,,,1,,,,,,,,True
b4296080,Milind Kumar,United States of America,21,416,385,108.05,29.71,25,9,4,upper_middle,19.4,3.2,74.2,43.9,C+,C,D,B+,Accumulator,11.24,0.61,1.08,,1.08,-0.03,0.03,0.33,0.45,0.25,-0.22,1.41,0.07,-0.23,6,0.13,-1.01,0.04,0.81,0.14,Conditions-Proof,0.48,False
e6b3c3cc,Parveen Kumar,Canada,4,27,32,84.38,6.75,0,2,9,lower_order,19.4,15.9,14.2,16.5,C,C,C,D,Utility Player,5.5,0.69,,,,,,,,,-0.37,0.15,,,1,,-0.63,0.0,1.0,,,,True
e68dd455,JS Foster,England,5,37,32,115.62,12.33,0,1,7,lower_middle,19.4,7.9,46.6,29.7,C,C,D,B,Utility Player,4.4,0.69,,,,,,,,,-0.19,0.48,,,0,,,,,,,,True
d3d096f5,DGAPD Wiswi,Indonesia,9,82,94,87.23,11.71,7,1,9,lower_order,19.4,14.6,35.0,25.8,C,C,D,C+,Utility Player,4.22,0.4,,,,,,,,-0.42,-0.2,0.74,,,3,,-0.94,0.0,0.61,,,,True
5a42db78,Abdullah Jasat,Panama,7,35,29,120.69,7.0,2,2,10,tail,19.4,25.3,13.5,18.1,C,C,C,D,Utility Player,2.0,0.48,,,,,,,,-0.23,-0.37,0.49,,,7,-0.34,0.03,1.0,1.0,,,,True
7f46e127,Rohan Bhavesh Patel,Bulgaria,2,5,8,62.5,5.0,0,0,11,tail,19.4,15.5,27.0,22.1,C,C,C,C,Utility Player,2.5,0.62,,,,,,,,,-0.27,0.46,,,0,,,,,,,,True
7429c452,I Wardlaw,Scotland,1,1,3,33.33,1.0,0,0,11,tail,19.3,18.6,14.3,16.9,C,C,C,D,Utility Player,3.0,1.0,,,,,,,,,-0.77,0.03,,,1,,,,,,,,True
76b19864,Murid Ekrami,Belgium,12,79,76,103.95,8.78,9,1,9,lower_order,19.3,10.7,13.4,15.2,C,C,D,D,Utility Player,2.67,0.42,,,,,,0.75,1.77,0.2,-0.38,0.52,0.04,,3,,-3.22,0.0,0.45,-0.21,Tough-Track Star,-0.59,False
670e6804,Junaid Khan,Finland,1,1,1,100.0,1.0,0,0,11,tail,19.3,17.4,20.8,19.6,C,C,C,C,Utility Player,0.0,0.0,,,,,,,,,0.15,0.33,,,0,,,,,,,,True
b64e3749,E Ochieng,Kenya,3,18,19,94.74,9.0,1,1,8,lower_order,19.3,24.1,18.8,20.2,C,C,C,C,Utility Player,2.33,0.37,,,,,,,,,-0.52,0.2,,,1,,0.03,1.0,1.0,,,,True
91f0792f,GJ Thompson,Ireland,4,93,78,119.23,23.25,13,1,6,lower_middle,19.3,51.5,48.0,40.2,C+,C,B,B,Utility Player,11.5,0.59,,,,,,,,,-0.33,0.68,,,1,,-0.53,0.29,0.68,,,,True
5d36377e,D Simpson,Cook Islands,1,4,5,80.0,4.0,0,0,7,lower_middle,19.3,15.3,15.1,16.6,C,C,C,C,Utility Player,5.0,1.0,,,,,,,,,-0.49,0.04,,,1,,,,,,,,True
083ffc5d,Komang Putra,Indonesia,1,4,6,66.67,4.0,0,0,9,lower_order,19.2,16.9,19.7,19.0,C,C,C,C,Utility Player,6.0,1.0,,,,,,,,,-0.61,0.12,,,0,,,,,,,,True
25e26a23,Najeeb Amar,Hong Kong,1,2,9,22.22,2.0,0,0,9,lower_order,19.2,21.0,13.8,17.1,C,C,C,D,Utility Player,1.0,0.11,,,,,,,,,-0.78,0.01,,,1,,,,,,,,True
a7c226e1,FH Edwards,West Indies,6,11,14,78.57,5.5,1,0,11,tail,19.2,14.8,31.4,23.9,C,C,D,C+,Utility Player,1.67,0.71,,,,,,,,0.15,-0.61,0.51,,,4,,,,,,,,True
22fb205e,Praveen Santhanakrishnan,Mexico,16,191,209,91.39,12.73,22,4,3,top_order,19.2,28.7,6.6,16.0,C,C,C,D,Utility Player,2.88,0.22,1.46,,1.46,-0.03,0.03,0.54,0.59,0.12,-0.2,0.51,0.03,-0.91,6,-0.04,-1.36,0.08,0.7,0.56,Flat-Track Bully,,False
1500d104,Imtiaz Khan,Saudi Arabia,1,1,1,100.0,1.0,0,0,11,tail,19.2,17.3,21.6,19.9,C,C,C,C,Utility Player,1.0,1.0,,,,,,,,,-0.13,0.28,,,0,,,,,,,,True
e94d1dcd,Usman Tariq,Pakistan,1,0,3,0.0,0.0,0,0,11,tail,19.2,20.7,14.6,17.4,C,C,C,D,Utility Player,3.0,1.0,,,,,,,,,-1.02,0.0,,,1,,,,,,,,True
61763f48,Franz Bur,Argentina,1,2,7,28.57,2.0,0,0,10,tail,19.1,19.5,21.6,20.3,C,C,C,C,Utility Player,7.0,1.0,,,,,,,,,-0.9,0.11,,,1,,,,,,,,True
2d46e8ed,Zulqarnain Haider,Spain,3,8,12,66.67,4.0,0,0,9,lower_order,19.1,11.5,15.4,16.0,C,C,D,C,Utility Player,3.0,0.75,,,,,,,,,-0.35,0.15,,,2,,,,,,,,True
a8e3170f,Mohammad Irfan,Pakistan,3,4,8,50.0,4.0,0,0,11,tail,19.1,15.4,37.1,26.5,C,C,C,C+,Utility Player,2.67,1.0,,,,,,,,,-0.54,0.45,,,1,,,,,,,,True
fa433be6,M Labuschagne,Australia,1,2,4,50.0,2.0,0,0,4,upper_middle,19.1,17.7,19.3,18.9,C,C,C,C,Utility Player,4.0,1.0,,,,,,,,,-0.58,0.0,,,0,,,,,,,,True
fe11e1a3,K Kekez,Croatia,3,8,19,42.11,4.0,1,0,11,tail,19.1,19.4,13.6,16.7,C,C,C,D,Utility Player,6.33,1.0,,,,,,,,,-0.7,0.18,,,2,,-2.22,0.0,1.0,,,,True
7516045a,WT Gavera,Papua New Guinea,2,3,6,50.0,1.5,0,0,11,tail,19.1,17.1,16.1,17.4,C,C,C,C,Utility Player,2.0,0.67,,,,,,,,,-0.5,0.06,,,1,,,,,,,,True
8f77af6b,Vinod Kumar,Spain,1,3,4,75.0,3.0,0,0,4,upper_middle,19.1,16.0,20.9,19.3,C,C,C,C,Utility Player,4.0,1.0,,,,,,,,,-0.4,0.06,,,1,,,,,,,,True
101373a3,Shehzad Patel,Swaziland,5,35,42,83.33,8.75,3,1,7,lower_middle,19.1,18.6,11.4,15.7,C,C,C,D,Utility Player,3.8,0.45,,,,,,,,,-0.28,0.22,,,5,-0.27,,,,,,,True
43420e97,Naiem Bameri,Iran,1,4,15,26.67,4.0,0,0,6,lower_middle,19.1,17.0,16.7,17.6,C,C,C,C,Utility Player,15.0,1.0,,,,,,,,,-0.75,0.0,,,0,,-3.3,0.0,1.0,,,,True
7143efc1,LK Sharma,Mexico,1,10,14,71.43,10.0,2,0,10,tail,19.1,22.1,19.8,20.2,C,C,C,C,Utility Player,7.0,0.5,,,,,,,,,-0.35,0.25,,,1,,-0.3,0.0,1.0,,,,True
63249474,O Davidson,Scotland,3,21,17,123.53,21.0,2,1,9,lower_order,19.1,44.8,46.5,37.7,C+,C,C+,B,Utility Player,2.0,0.35,,,,,,,,,-0.35,0.49,,,1,,-0.3,0.0,1.0,,,,True
4751caa3,CBRLS Kumara,Sri Lanka,5,10,11,90.91,3.33,2,0,11,tail,19.1,31.9,11.2,18.1,C,C,C+,D,Utility Player,1.0,0.45,,,,,,,,,-0.49,0.36,,,4,,-3.51,0.0,1.0,,,,True
7c70083d,DR Brown,Scotland,1,1,5,20.0,1.0,0,0,6,lower_middle,19.1,18.4,12.5,16.0,C,C,C,D,Utility Player,5.0,1.0,,,,,,,,,-0.8,0.0,,,1,,,,,,,,True
113880da,RA Bhatti,Canada,3,14,15,93.33,4.67,1,0,8,lower_order,19.0,22.2,15.3,18.0,C,C,C,C,Utility Player,1.33,0.27,,,,,,,,,-0.41,0.13,,,3,,,,,,,,True
19845ff5,Areeb Quadir,Finland,2,15,16,93.75,7.5,0,0,8,lower_order,19.0,14.9,20.4,18.9,C,C,D,C,Utility Player,0.0,0.0,,,,,,,,,-0.43,0.11,,,0,,-1.37,0.0,1.0,,,,True
37753749,Shahid Mahmood,Bahrain,4,21,26,80.77,21.0,0,2,11,tail,19.0,17.3,54.6,35.9,C+,C,C,B,Utility Player,2.25,0.35,,,,,,,,,-0.54,0.85,,,2,,,,,,,,True
58b5299f,H Ivanov,Bulgaria,3,14,18,77.78,4.67,2,0,8,lower_order,19.0,24.3,5.8,14.2,D,C,C,D,Utility Player,2.0,0.33,,,,,,,,,-0.55,0.3,,,0,,,,,,,,True
6ef9a32f,Abdulla Bhoola,Panama,3,8,15,53.33,4.0,1,0,8,lower_order,18.9,18.2,6.6,13.3,D,C,C,D,Utility Player,3.0,0.6,,,,,,,,,-0.65,0.15,,,2,,,,,,,,True
fa4f5a0b,Ali Sheikh,United States of America,3,22,20,110.0,11.0,1,0,7,lower_middle,18.9,12.8,39.5,27.2,C,C,D,C+,Utility Player,3.67,0.55,,,,,,,,,-0.25,0.44,,,1,,,,,,,,True
3fb19989,MA Starc,Australia,19,98,100,98.0,9.8,4,2,9,lower_order,18.9,4.1,53.5,31.8,C+,C,D,B,Utility Player,3.32,0.63,,,,-0.51,0.51,0.31,0.56,0.35,-0.25,0.93,0.05,-0.67,9,-0.39,-0.56,0.33,0.5,-0.09,Conditions-Proof,0.06,False
6fd0c8e1,JD Campbell,West Indies,2,11,16,68.75,5.5,2,0,1,top_order,18.9,27.1,9.1,16.2,C,C,C,D,Utility Player,8.0,1.0,,,,,,,,,-0.67,0.05,,,0,,-3.74,0.0,1.0,,,,True
c07a1f41,NM Odhiambo,Kenya,31,359,338,106.21,14.36,25,12,4,upper_middle,18.9,12.6,8.0,13.5,D,C,D,D,Utility Player,6.55,0.6,2.28,,2.28,-0.43,0.43,0.51,1.71,0.25,-0.3,0.55,0.02,-0.15,12,-0.41,-0.98,0.23,0.76,-0.07,Conditions-Proof,-0.23,False
390721b3,IIR Bhana,Panama,1,1,3,33.33,1.0,0,0,8,lower_order,18.9,19.0,14.8,17.1,C,C,C,D,Utility Player,3.0,1.0,,,,,,,,,-0.8,0.0,,,1,,,,,,,,True
090f9211,Shahadat Hossain,Bangladesh,3,5,8,62.5,2.5,0,0,9,lower_order,18.9,13.4,9.3,13.5,D,C,D,D,Utility Player,1.67,0.63,,,,,,,,,-0.61,0.06,,,1,,,,,,,,True
26ff4c29,RJ Peterson,South Africa,12,124,113,109.73,15.5,13,2,8,lower_order,18.9,47.8,55.1,41.7,C+,C,B,B,Utility Player,4.17,0.44,,,,,,0.32,0.49,0.22,-0.28,1.02,0.08,,2,,-1.32,0.0,0.65,-0.45,Tough-Track Star,-0.21,False
3b22ee4e,P Gheewala,Estonia,4,15,19,78.95,5.0,0,1,10,tail,18.8,22.0,11.5,16.2,C,C,C,D,Utility Player,2.75,0.58,,,,,,,,,-0.33,0.31,,,2,,,,,,,,True
bb9b51f4,JOA Gordon,Canada,3,4,8,50.0,4.0,0,0,11,tail,18.8,12.7,26.0,20.8,C,C,D,C,Utility Player,2.67,1.0,,,,,,,,,-0.63,0.33,,,3,,,,,,,,True
b471ff6c,K Fubler,Bermuda,1,2,2,100.0,2.0,0,0,11,tail,18.8,17.1,16.9,17.6,C,C,C,C,Utility Player,1.0,0.5,,,,,,,,,0.23,0.2,,,1,,,,,,,,True
56f53516,DAP Darrell,Bermuda,9,75,85,88.24,9.38,1,5,6,lower_middle,18.8,20.6,11.1,16.0,C,C,C,D,Utility Player,5.78,0.61,,,,,,,,-0.01,-0.44,0.35,,,9,-0.43,-0.41,0.5,0.55,,,,True
4fc516bd,HMCM Bandara,Sri Lanka,3,12,15,80.0,6.0,0,0,9,lower_order,18.8,13.8,28.2,22.1,C,C,D,C,Utility Player,0.67,0.13,,,,,,,,,-0.35,0.2,,,1,,-1.11,0.0,1.0,,,,True
1e50426a,M Kristensen,Denmark,1,6,10,60.0,6.0,1,0,5,upper_middle,18.8,22.5,13.1,17.0,C,C,C,D,Utility Player,2.0,0.2,,,,,,,,,-0.5,0.07,,,1,,-1.13,0.0,1.0,,,,True
0e93ef92,SJ French,Samoa,7,70,89,78.65,11.67,3,3,2,top_order,18.8,9.9,22.0,18.8,C,C,D,C,Utility Player,6.71,0.53,,,,,,,,0.54,-0.35,0.3,,0.37,5,0.44,-1.4,0.0,0.54,,,,True
04ed04d2,Ali Zaheer,Kuwait,7,95,96,98.96,19.0,8,1,4,upper_middle,18.8,12.9,44.9,30.4,C+,C,D,C+,Utility Player,11.29,0.82,,,,,,,,-0.13,-0.29,0.53,,,2,,-0.86,0.2,0.57,,,,True
bbfdb0c8,Mobashar Ashraf,France,1,2,4,50.0,2.0,0,0,9,lower_order,18.8,18.4,16.9,17.9,C,C,C,C,Utility Player,4.0,1.0,,,,,,,,,-0.54,0.02,,,0,,,,,,,,True
5b531900,LF Mavume,Mozambique,3,27,40,67.5,9.0,3,1,8,lower_order,18.7,24.8,12.1,17.1,C,C,C,D,Utility Player,13.33,1.0,,,,,,,,,-0.5,0.23,,,2,,-2.06,0.0,0.5,,,,True
55a73018,Waqar Ali,Cyprus,1,2,2,100.0,2.0,0,0,10,tail,18.7,16.8,21.9,19.8,C,C,C,C,Utility Player,0.0,0.0,,,,,,,,,-0.15,0.29,,,0,,,,,,,,True
0fc88c2a,SMK Waththage,Czech Republic,3,9,16,56.25,9.0,0,0,11,tail,18.7,14.7,32.0,24.0,C,C,D,C+,Utility Player,4.0,0.75,,,,,,,,,-0.31,0.52,,,3,,,,,,,,True
402f8494,RJ Gleeson,England,2,2,4,50.0,1.0,0,0,10,tail,18.7,16.4,9.3,14.0,D,C,C,D,Utility Player,0.5,0.25,,,,,,,,,-0.69,0.02,,,2,,,,,,,,True
6a685375,JB Reva,Papua New Guinea,4,16,22,72.73,4.0,1,1,8,lower_order,18.7,28.1,5.8,14.8,D,C,C,D,Utility Player,1.5,0.27,,,,,,,,,-0.43,0.23,,,2,,-2.44,0.0,1.0,,,,True
2c789867,T Misi,Samoa,1,1,1,100.0,1.0,0,0,11,tail,18.7,16.4,20.5,19.1,C,C,C,C,Utility Player,1.0,1.0,,,,,,,,,-0.29,0.25,,,1,,,,,,,,True
3e326efc,JNT Vare,Papua New Guinea,5,52,57,91.23,10.4,3,0,6,lower_middle,18.7,14.6,21.7,19.5,C,C,D,C,Utility Player,3.6,0.32,,,,,,,,,-0.38,0.23,,,3,,-0.99,0.0,0.57,,,,True
273be75a,D Traore,Mali,2,10,21,47.62,10.0,1,0,3,top_order,18.6,24.5,11.6,16.8,C,C,C,D,Utility Player,7.5,0.71,,,,,,,,,-0.5,0.09,,,2,,-2.31,0.0,0.29,,,,True
05c2ca46,RE van der Merwe,Netherlands,42,532,419,126.97,19.7,40,15,6,lower_middle,18.6,54.9,68.7,49.9,B,C,B,B+,Utility Player,3.84,0.38,1.58,,1.58,-0.1,0.1,0.5,1.27,-0.08,-0.33,1.48,0.04,-0.35,16,-0.11,-0.51,0.38,0.74,0.19,Flat-Track Bully,0.3,False
3296507e,M Smith,Turks and Caicos Island,3,40,48,83.33,13.33,2,3,3,top_order,18.6,25.7,13.2,18.0,C,C,C,D,Utility Player,4.0,0.25,,,,,,,,,-0.23,0.19,,,0,,-1.76,0.25,0.59,,,,True
b05cfcec,Sajid Cheema,Saudi Arabia,4,39,47,82.98,9.75,3,2,1,top_order,18.5,26.2,8.0,15.5,C,C,C,D,Utility Player,8.0,0.68,,,,,,,,,-0.38,0.17,,,4,,-1.11,0.0,0.55,,,,True
d43f2b7a,JF Bangura,Sierra Leone,1,4,10,40.0,4.0,0,0,11,tail,18.5,20.4,20.3,19.7,C,C,C,C,Utility Player,10.0,1.0,,,,,,,,,-0.68,0.08,,,0,,-3.88,0.0,1.0,,,,True
f91f59f3,K Hardat,Suriname,7,50,57,87.72,8.33,7,0,1,top_order,18.5,18.7,10.4,15.1,C,C,C,D,Utility Player,5.14,0.63,,,,,,,,-0.51,-0.28,0.29,,,7,-0.23,-1.71,0.0,0.54,,,,True
ae8ee4cc,R Tanna,Estonia,1,2,3,66.67,2.0,0,0,11,tail,18.4,17.9,20.5,19.3,C,C,C,C,Utility Player,3.0,1.0,,,,,,,,,-0.34,0.2,,,1,,,,,,,,True
f6e46de7,BS Sandhu,Slovenia,1,2,5,40.0,2.0,0,0,9,lower_order,18.4,19.3,14.5,16.8,C,C,C,D,Utility Player,4.0,0.8,,,,,,,,,-0.6,0.03,,,1,,,,,,,,True
2a13e6b1,Muhammad Shoaib Ahmed,Cyprus,5,90,84,107.14,18.0,10,2,1,top_order,18.4,30.2,25.7,24.9,C,C,C+,C,Utility Player,8.8,0.52,,,,,,,,,-0.32,0.44,,,5,-0.3,-0.58,0.29,0.64,,,,True
6dd8b88c,Usama Mir,Pakistan,4,7,7,100.0,2.33,1,0,9,lower_order,18.4,22.6,14.5,17.5,C,C,C,D,Utility Player,1.25,0.71,,,,,,,,,-0.35,0.2,,,3,,,,,,,,True
f8e3c0f8,Omair Yousuf,Pakistan,6,67,64,104.69,16.75,6,2,1,top_order,18.4,9.1,35.8,25.1,C,C,D,C+,Utility Player,6.17,0.58,,,,,,,,,-0.37,0.29,,,0,,-1.59,0.0,0.54,,,,True
c5d7b244,Mohammad Nadeem,Oman,45,756,729,103.7,22.91,45,20,5,upper_middle,18.4,0.8,75.1,42.5,C+,C,D,A,Strike Rotator,7.31,0.45,1.37,,1.37,0.02,-0.02,0.43,1.19,-0.08,-0.27,1.24,0.03,0.36,23,-0.01,-1.14,0.16,0.79,-0.02,Conditions-Proof,-0.1,False
1f5622a9,M Kulfiwala,Eswatini,2,22,21,104.76,11.0,4,0,2,top_order,18.4,24.0,17.6,19.4,C,C,C,C,Utility Player,1.5,0.14,,,,,,,,,-0.4,0.15,,,0,,-2.59,0.0,1.0,,,,True
5299063a,CK Jasmat,Samoa,22,350,320,109.38,19.44,25,17,6,lower_middle,18.4,49.8,48.3,39.4,C+,C,B,B,Utility Player,5.18,0.36,,,,0.13,-0.13,0.42,0.64,0.01,-0.33,1.23,0.06,-1.75,19,-0.29,-0.98,0.21,0.7,0.34,Flat-Track Bully,0.16,False
ae1300a0,Lwin Maw,Myanmar,1,3,5,60.0,3.0,0,0,10,tail,18.4,17.6,16.4,17.4,C,C,C,C,Utility Player,5.0,1.0,,,,,,,,,-0.48,0.07,,,1,,,,,,,,True
c60361d7,Harprit Singh,Mexico,1,1,1,100.0,1.0,0,0,9,lower_order,18.4,16.0,22.1,19.6,C,C,C,C,Utility Player,0.0,0.0,,,,,,,,,-0.19,0.21,,,0,,,,,,,,True
c9c356e2,P Florin,Romania,5,23,29,79.31,11.5,2,0,10,tail,18.4,12.6,33.5,24.3,C,C,D,C+,Utility Player,2.6,0.45,,,,,,,,,-0.26,0.76,,,1,,-1.22,0.0,1.0,,,,True
c9473a95,SRMJJ Arachchilage,Cyprus,2,6,12,50.0,6.0,0,0,11,tail,18.3,14.4,18.6,17.7,C,C,D,C,Utility Player,5.0,0.83,,,,,,,,,-0.77,0.21,,,2,,-3.47,0.0,1.0,,,,True
a591a202,Sufyan Yousaf,Oman,1,2,4,50.0,2.0,0,0,2,top_order,18.3,15.5,20.0,18.5,C,C,C,C,Utility Player,4.0,1.0,,,,,,,,,-0.61,0.0,,,0,,,,,,,,True
383dd431,TD Astle,New Zealand,2,4,10,40.0,2.0,0,0,8,lower_order,18.3,16.4,9.4,13.9,D,C,C,D,Utility Player,2.5,0.5,,,,,,,,,-0.54,0.02,,,1,,,,,,,,True
0e34c23a,Adnan Idrees,Kuwait,29,374,281,133.1,13.36,48,15,3,top_order,18.3,49.2,0.3,17.1,C,C,B,D,Utility Player,4.86,0.5,0.75,,0.75,0.05,-0.05,0.6,1.26,-0.28,-0.3,0.77,0.03,-0.21,13,-0.31,-0.99,0.32,0.7,-0.05,Conditions-Proof,-0.42,False
705b8c5c,Mohammad Atif,Spain,1,1,2,50.0,1.0,0,0,10,tail,18.3,18.5,19.3,18.8,C,C,C,C,Utility Player,2.0,1.0,,,,,,,,,-0.6,0.05,,,0,,,,,,,,True
62d3f506,SD Valjalo,Croatia,5,42,54,77.78,10.5,4,0,5,upper_middle,18.3,24.4,16.3,18.9,C,C,C,C,Utility Player,6.2,0.57,,,,,,,,,-0.07,0.29,,,5,-0.07,-0.55,0.0,0.29,,,,True
e09a869b,S Barnett,Isle of Man,1,3,10,30.0,3.0,0,0,2,top_order,18.3,13.2,13.5,15.1,C,C,D,D,Utility Player,10.0,1.0,,,,,,,,,-0.79,0.03,,,1,,-3.88,0.0,1.0,,,,True
49118dc7,SO Ngoche,Kenya,50,523,453,115.45,15.85,43,17,7,lower_middle,18.2,17.7,46.1,31.7,C+,C,C,B,Utility Player,4.76,0.53,,,,-0.17,0.17,0.58,1.37,-0.09,-0.26,1.08,0.02,0.18,31,-0.11,-0.87,0.22,0.79,0.19,Flat-Track Bully,0.32,False
050bdc77,Azin Rafeeg,Maldives,1,2,5,40.0,2.0,0,0,9,lower_order,18.2,19.6,21.7,20.1,C,C,C,C,Utility Player,5.0,1.0,,,,,,,,,-0.72,0.06,,,1,,,,,,,,True
8fb49ef8,Suhrawadi Shuvo,Bangladesh,1,1,3,33.33,1.0,0,0,9,lower_order,18.2,19.3,20.7,19.5,C,C,C,C,Utility Player,3.0,1.0,,,,,,,,,-0.72,0.0,,,1,,,,,,,,True
16d52916,Aqif Farooq,Kuwait,1,1,4,25.0,1.0,0,0,11,tail,18.2,20.8,17.9,18.6,C,C,C,C,Utility Player,4.0,1.0,,,,,,,,,-0.74,0.0,,,1,,,,,,,,True
f1c8a09b,SA Pradhan,Singapore,1,2,6,33.33,2.0,0,0,11,tail,18.2,19.5,21.5,20.0,C,C,C,C,Utility Player,6.0,1.0,,,,,,,,,-0.76,0.1,,,1,,,,,,,,True
4d9dfc7f,S Banamali,Singapore,2,9,15,60.0,9.0,0,0,9,lower_order,18.2,18.8,26.6,22.3,C,C,C,C,Utility Player,7.5,1.0,,,,,,,,,-0.49,0.31,,,0,,-1.59,0.0,1.0,,,,True
b7db83eb,Jitin Singh,Tanzania,15,196,180,108.89,13.07,26,1,4,upper_middle,18.2,18.6,3.0,12.0,D,C,C,D,Utility Player,5.27,0.44,1.01,,1.01,-0.5,0.5,0.47,0.72,0.37,-0.33,0.37,0.02,0.69,10,0.15,-1.4,0.31,0.71,0.25,Flat-Track Bully,0.38,False
f8dcfe4e,JK Mukhiya,Nepal,2,6,12,50.0,6.0,0,0,11,tail,18.2,19.2,30.8,24.1,C,C,C,C+,Utility Player,6.0,1.0,,,,,,,,,-0.54,0.25,,,2,,-3.51,0.0,1.0,,,,True
e1370b54,WJR Robertson,Jersey,1,1,2,50.0,1.0,0,0,11,tail,18.1,18.1,18.8,18.4,C,C,C,C,Utility Player,2.0,1.0,,,,,,,,,-0.66,0.1,,,1,,,,,,,,True
7f8ecc51,AM Phangiso,South Africa,3,19,29,65.52,6.33,1,0,9,lower_order,18.1,15.4,35.0,25.3,C,C,C,C+,Utility Player,9.67,1.0,,,,,,,,,-0.4,0.31,,,1,,-1.01,0.0,1.0,,,,True
6d99dc44,Nouman Butt,Norway,1,5,10,50.0,5.0,1,0,2,top_order,18.1,21.8,14.9,17.4,C,C,C,D,Utility Player,10.0,1.0,,,,,,,,,-0.63,0.03,,,0,,-2.8,0.0,1.0,,,,True
62b2aa65,M Dale-Bradley,Guernsey,10,94,94,100.0,10.44,9,1,7,lower_middle,18.1,13.7,34.3,24.8,C,C,D,C+,Utility Player,3.8,0.4,,,,0.32,-0.32,0.38,0.79,0.49,-0.18,0.6,0.06,0.53,5,0.33,-1.59,0.14,0.63,-0.35,Conditions-Proof,-0.05,False
03b9ec54,E Packard,Gibraltar,5,45,58,77.59,9.0,3,1,3,top_order,18.1,16.1,6.4,12.6,D,C,C,D,Utility Player,3.0,0.26,,,,,,,,,-0.22,0.17,,,1,,-1.86,0.0,0.57,,,,True
48fd691d,Dayal Joy,Slovenia,3,12,13,92.31,4.0,0,1,8,lower_order,18.1,18.5,8.5,13.9,D,C,C,D,Utility Player,2.33,0.54,,,,,,,,,-0.37,0.18,,,2,,-2.01,0.0,1.0,,,,True
26a85969,R Dhawan,India,1,1,2,50.0,1.0,0,0,8,lower_order,18.1,18.4,21.7,19.8,C,C,C,C,Utility Player,2.0,1.0,,,,,,,,,-0.63,0.03,,,1,,,,,,,,True
deb4469d,AT Chuvale,Mozambique,1,3,8,37.5,3.0,0,0,10,tail,18.1,19.7,23.1,20.7,C,C,C,C,Utility Player,8.0,1.0,,,,,,,,,-0.59,0.16,,,1,,,,,,,,True
dd968a7b,Naveena Shetty,Bahrain,8,46,32,143.75,7.67,5,2,2,top_order,18.1,27.1,2.8,13.2,D,C,C,D,Utility Player,1.25,0.31,,,,,,,,0.07,-0.24,0.38,,,0,,-0.42,0.0,0.29,,,,True
d9cdf81e,GY Prastama,Indonesia,3,9,13,69.23,9.0,0,0,10,tail,18.0,11.9,30.3,22.5,C,C,D,C+,Utility Player,4.0,0.92,,,,,,,,,-0.4,0.45,,,1,,-0.8,0.0,1.0,,,,True
4a2ce060,M Jobarteh,Gambia,6,26,27,96.3,5.2,2,1,9,lower_order,18.0,13.3,1.2,9.6,D,C,D,D,Utility Player,2.67,0.59,,,,,,,,0.41,-0.6,0.22,,,6,-0.6,,,,,,,True
ac6be7ed,J Alegra,Philippines,11,168,193,87.05,16.8,9,4,3,top_order,18.0,11.9,38.8,27.0,C,C,D,C+,Utility Player,9.36,0.53,,,,-0.12,0.12,0.27,0.48,0.6,-0.2,0.62,0.06,0.52,8,0.45,-1.32,0.06,0.75,-0.45,Tough-Track Star,,False
fbd4f01f,AY Patel,New Zealand,2,7,14,50.0,3.5,0,0,9,lower_order,18.0,18.8,18.5,18.4,C,C,C,C,Utility Player,3.0,0.43,,,,,,,,,-0.31,0.02,,,0,,-1.23,0.0,1.0,,,,True
24c1844e,S Chaudhary,Czech Republic,4,23,27,85.19,7.67,1,1,10,tail,18.0,24.7,17.5,19.2,C,C,C,C,Utility Player,3.5,0.52,,,,,,,,,-0.45,0.38,,,2,,-2.44,0.0,1.0,,,,True
7e6825be,Saif Ullah Malik,Malaysia,1,2,3,66.67,2.0,0,0,7,lower_middle,18.0,16.6,16.2,16.9,C,C,C,C,Utility Player,3.0,1.0,,,,,,,,,-0.48,0.0,,,1,,,,,,,,True
d019608b,D Nath,Nepal,3,15,11,136.36,7.5,3,0,7,lower_middle,18.0,30.1,7.1,15.6,C,C,C+,D,Utility Player,1.33,0.36,,,,,,,,,-0.37,0.2,,,0,,,,,,,,True
0ec6a7c3,N Khanna,Malta,20,213,161,132.3,15.21,24,4,7,lower_middle,18.0,32.5,29.0,26.6,C,C,C+,C,Utility Player,2.55,0.32,,,,0.16,-0.16,0.89,1.52,-0.52,-0.27,0.86,0.04,-1.21,5,-0.45,-0.55,0.42,0.71,-0.08,Conditions-Proof,-0.06,False
3951be49,AB Kamara,Sierra Leone,16,203,206,98.54,15.62,7,8,5,upper_middle,18.0,11.8,22.2,19.4,C,C,D,C,Utility Player,2.25,0.17,,,,-0.22,0.22,0.31,0.54,-0.02,-0.3,0.56,0.03,-0.56,7,0.16,-1.04,0.13,0.75,0.04,Conditions-Proof,-0.23,False
06b8bdb3,AM Rajpurohit,Gambia,3,26,34,76.47,8.67,3,1,2,top_order,17.9,22.5,5.2,13.3,D,C,C,D,Utility Player,9.0,0.79,,,,,,,,,-0.66,0.1,,,3,,-2.35,0.0,0.5,,,,True
0e3552e2,S Franklin,Switzerland,1,5,6,83.33,5.0,0,0,9,lower_order,17.9,16.4,19.8,18.5,C,C,C,C,Utility Player,6.0,1.0,,,,,,,,,-0.3,0.12,,,0,,,,,,,,True
6b429231,Rohit Limbu,Bhutan,1,12,25,48.0,12.0,1,0,2,top_order,17.9,19.9,19.2,19.2,C,C,C,C,Utility Player,25.0,1.0,,,,,,,,,-0.73,0.02,,,0,,-2.73,0.0,0.29,,,,True
58edb974,Irshad Mubbashar,Saudi Arabia,4,64,75,85.33,16.0,2,2,7,lower_middle,17.9,21.6,42.9,30.6,C+,C,C,C+,Utility Player,11.25,0.6,,,,,,,,,-0.3,0.49,,,2,,-1.17,0.0,0.63,,,,True
addfb70e,SW Tait,Australia,6,11,15,73.33,2.75,0,1,11,tail,17.9,24.8,15.4,18.2,C,C,C,C,Utility Player,2.0,0.8,,,,,,,,-0.37,-0.44,0.4,,,3,,,,,,,,True
67fedcb4,Fayaz Mohammad,Bulgaria,3,21,17,123.53,7.0,3,0,7,lower_middle,17.9,20.4,17.2,18.2,C,C,C,C,Utility Player,1.0,0.18,,,,,,,,,-0.17,0.32,,,1,,-1.37,0.0,1.0,,,,True
3ec513ea,A Maheshwari,Croatia,9,40,65,61.54,4.44,3,2,7,lower_middle,17.9,19.6,0.5,10.5,D,C,C,D,Utility Player,6.11,0.85,,,,,,,,0.07,-0.21,0.33,,-2.22,6,-0.38,-2.87,0.0,0.52,,,,True
e6a7c6e2,G Axtell,Bahrain,1,0,2,0.0,0.0,0,0,10,tail,17.8,17.6,15.0,16.5,C,C,C,C,Utility Player,2.0,1.0,,,,,,,,,-1.0,0.0,,,1,,,,,,,,True
e4271302,Amjad Ali,United Arab Emirates,5,42,52,80.77,10.5,6,0,1,top_order,17.8,23.2,18.0,19.2,C,C,C,C,Utility Player,9.0,0.87,,,,,,,,,-0.36,0.2,,,1,,-0.3,0.0,1.0,,,,True
eac5f67f,Ravinder Gill,Romania,1,1,1,100.0,1.0,0,0,9,lower_order,17.8,14.9,21.5,18.9,C,C,D,C,Utility Player,1.0,1.0,,,,,,,,,-0.24,0.21,,,0,,,,,,,,True
e48f748b,Abhilash Patil,Mexico,1,12,28,42.86,12.0,0,0,1,top_order,17.8,16.4,23.8,20.5,C,C,C,C,Utility Player,28.0,1.0,,,,,,,,,-0.65,0.08,,,0,,-1.91,0.0,0.29,,,,True
039f8170,K Takahashi,Japan,1,2,3,66.67,2.0,0,0,7,lower_middle,17.8,16.9,15.8,16.7,C,C,C,C,Utility Player,0.0,0.0,,,,,,,,,-0.13,0.04,,,0,,,,,,,,True
92c43fac,RD McCann,Ireland,1,1,2,50.0,1.0,0,0,9,lower_order,17.8,18.4,18.0,18.0,C,C,C,C,Utility Player,0.0,0.0,,,,,,,,,-0.43,0.0,,,0,,,,,,,,True
460fc0ba,Muhammad Salman,Bahrain,3,7,12,58.33,3.5,1,0,11,tail,17.8,21.2,13.9,16.8,C,C,C,D,Utility Player,2.0,0.5,,,,,,,,,-0.63,0.2,,,2,,,,,,,,True
f5bd70f2,NM Salonen,Finland,13,124,137,90.51,10.33,9,2,5,upper_middle,17.8,5.6,1.4,8.3,D,C,D,D,Utility Player,6.15,0.58,,,,-0.24,0.24,0.37,0.42,-0.05,-0.45,0.25,0.02,-1.36,7,-0.19,-0.27,0.5,0.62,0.61,Flat-Track Bully,,False
402ea377,Ronitkumar Ahir,Panama,2,8,10,80.0,4.0,0,0,7,lower_middle,17.8,11.9,17.1,16.3,C,C,D,C,Utility Player,0.0,0.0,,,,,,,,,-0.28,0.16,,,0,,,,,,,,True
0e5ccbb4,Usman Mushtaq,United Arab Emirates,2,13,24,54.17,13.0,1,0,5,upper_middle,17.8,20.0,36.5,27.0,C,C,C,C+,Utility Player,4.5,0.38,,,,,,,,,-0.45,0.19,,,1,,-2.3,0.0,0.45,,,,True
1c366af1,E Batkhuyag,Mongolia,4,6,13,46.15,2.0,1,0,11,tail,17.8,25.4,5.9,14.0,D,C,C,D,Utility Player,1.25,0.38,,,,,,,,,-0.18,0.31,,,4,,,,,,,,True
e2ee90d9,MA Aponso,Sri Lanka,1,0,2,0.0,0.0,0,0,9,lower_order,17.8,19.3,12.1,15.5,C,C,C,D,Utility Player,2.0,1.0,,,,,,,,,-0.93,0.0,,,1,,,,,,,,True
e401f8a5,Mayank Nagayach,Luxembourg,7,39,38,102.63,6.5,4,1,2,top_order,17.8,12.1,2.8,10.0,D,C,D,D,Utility Player,1.14,0.21,,,,,,,,0.13,-0.27,0.23,,0.31,5,-0.04,-0.41,0.0,0.29,,,,True
be869ccf,GHS Garton,England,1,2,4,50.0,2.0,0,0,8,lower_order,17.7,18.7,22.1,19.9,C,C,C,C,Utility Player,4.0,1.0,,,,,,,,,-0.67,0.01,,,1,,,,,,,,True
7c5d046a,Faizal Salehji,Panama,1,2,2,100.0,2.0,0,0,10,tail,17.7,16.3,14.4,15.9,C,C,C,D,Utility Player,0.0,0.0,,,,,,,,,0.07,0.1,,,0,,,,,,,,True
ab54f9e7,J Jarvis,Scotland,7,60,67,89.55,10.0,4,1,6,lower_middle,17.7,14.3,26.3,21.2,C,C,D,C,Utility Player,3.71,0.39,,,,,,,,0.09,-0.22,0.37,,,0,,-1.86,0.0,0.44,,,,True
d55474ac,AK Mohan,Finland,22,377,423,89.13,17.95,24,15,3,top_order,17.7,35.2,20.8,23.7,C,C,C+,C,Utility Player,9.36,0.49,1.17,,1.17,0.01,-0.01,0.17,0.35,-0.24,-0.27,0.73,0.03,-0.09,11,-0.09,-1.45,0.03,0.8,-0.1,Conditions-Proof,-0.02,False
0abb2525,M Heingo,Namibia,1,0,2,0.0,0.0,0,0,11,tail,17.7,20.1,16.9,17.8,C,C,C,C,Utility Player,2.0,1.0,,,,,,,,,-0.91,0.0,,,1,,,,,,,,True
e141fddd,EB Knowles,Czech Republic,4,50,55,90.91,12.5,6,0,3,top_order,17.7,9.8,18.7,17.0,C,C,D,C,Utility Player,2.25,0.16,,,,,,,,,-0.4,0.14,,,0,,-0.53,0.67,0.46,,,,True
f892fcf9,L Sipamla,South Africa,4,13,20,65.0,4.33,1,0,10,tail,17.7,13.5,13.4,15.0,C,C,D,D,Utility Player,5.0,1.0,,,,,,,,,-0.61,0.13,,,3,,,,,,,,True
6efdad14,F Baleri,Ghana,7,69,92,75.0,11.5,6,0,1,top_order,17.7,5.3,33.0,22.5,C,C,D,C+,Utility Player,5.57,0.42,,,,,,,,0.32,-0.2,0.4,,,7,-0.16,-1.7,0.0,0.63,,,,True
19758a47,CG Osborne,Croatia,2,11,25,44.0,11.0,0,0,8,lower_order,17.7,14.0,26.2,21.0,C,C,D,C,Utility Player,12.0,0.96,,,,,,,,,-0.56,0.25,,,1,,-1.83,0.0,0.29,,,,True
a945bb28,T Muzarabani,Zimbabwe,1,0,2,0.0,0.0,0,0,11,tail,17.7,21.4,16.9,18.1,C,C,C,C,Utility Player,2.0,1.0,,,,,,,,,-0.98,0.0,,,0,,,,,,,,True
243a2cf1,H Isorena,Philippines,2,9,21,42.86,4.5,1,0,5,upper_middle,17.7,25.7,8.0,15.0,C,C,C,D,Utility Player,9.5,0.9,,,,,,,,,-0.65,0.1,,,2,,-2.8,0.0,1.0,,,,True
f6c411db,Adnan Tahir,Spain,1,4,5,80.0,4.0,0,0,1,top_order,17.6,13.8,17.8,17.0,C,C,D,C,Utility Player,2.0,0.4,,,,,,,,,-0.02,0.08,,,0,,,,,,,,True
b94827f0,AR Menon,Singapore,1,2,5,40.0,2.0,0,0,10,tail,17.6,18.4,18.9,18.4,C,C,C,C,Utility Player,5.0,1.0,,,,,,,,,-0.67,0.02,,,1,,,,,,,,True
c3564c2d,G Toka,Papua New Guinea,2,31,27,114.81,15.5,3,1,2,top_order,17.6,23.1,33.0,26.2,C,C,C,C+,Utility Player,4.0,0.3,,,,,,,,,-0.32,0.23,,,2,,-1.24,0.0,1.0,,,,True
48ad3373,BM Tickner,New Zealand,4,11,23,47.83,5.5,0,0,10,tail,17.6,12.9,18.8,17.3,C,C,D,C,Utility Player,5.0,0.87,,,,,,,,,-0.54,0.19,,,2,,-3.11,0.0,1.0,,,,True
39e6bad7,Saqib Naveed,Estonia,1,4,14,28.57,4.0,0,0,9,lower_order,17.5,18.8,20.6,19.2,C,C,C,C,Utility Player,14.0,1.0,,,,,,,,,-0.8,0.07,,,1,,,,,,,,True
69caf2be,G Ngegba,Sierra Leone,20,322,314,102.55,21.47,32,3,1,top_order,17.5,5.0,49.3,30.8,C+,C,D,B,Utility Player,2.85,0.18,2.6,,2.6,0.1,-0.1,0.56,0.75,-0.06,-0.25,0.9,0.04,0.83,12,0.18,-0.95,0.25,0.76,0.28,Flat-Track Bully,0.08,False
eceeb63a,Ignacio Lisboa,Chile,1,2,6,33.33,2.0,0,0,11,tail,17.5,18.9,15.6,16.9,C,C,C,C,Utility Player,0.0,0.0,,,,,,,,,-0.51,0.05,,,0,,,,,,,,True
601544aa,Osama Mahmood,Switzerland,12,263,225,116.89,26.3,25,7,2,top_order,17.5,33.1,46.7,36.0,C+,C,C+,B,Utility Player,3.25,0.17,1.11,,1.11,,,0.33,0.4,-0.91,-0.26,0.98,0.08,,4,,-0.47,0.22,0.71,0.19,Flat-Track Bully,0.15,False
d68e7f48,R Rampaul,West Indies,5,15,29,51.72,7.5,0,0,10,tail,17.5,11.2,27.9,21.0,C,C,D,C,Utility Player,5.8,1.0,,,,,,,,,-0.57,0.34,,,1,,-2.72,0.0,1.0,,,,True
d18d3a0f,Selim Salau,Nigeria,32,793,716,110.75,25.58,74,18,2,top_order,17.5,3.9,62.0,37.4,C+,C,D,B+,Utility Player,4.88,0.22,1.5,1.66,1.55,-0.17,0.17,0.61,1.05,0.06,-0.22,1.2,0.04,0.3,10,-0.08,-0.86,0.21,0.79,0.0,Conditions-Proof,-0.22,False
c90346a0,D Jansen,Isle of Man,6,89,99,89.9,14.83,5,2,3,top_order,17.5,10.9,28.8,21.9,C,C,D,C,Utility Player,11.17,0.68,,,,,,,,-0.71,-0.35,0.33,,,4,,-1.06,0.17,0.63,,,,True
2f9d0389,LH Ferguson,New Zealand,11,30,35,85.71,3.75,0,2,11,tail,17.5,7.4,7.7,11.1,D,C,D,D,Utility Player,2.55,0.8,,,,,,0.11,0.32,-0.13,-0.52,0.36,0.03,-0.35,8,-0.56,1.41,1.0,1.0,0.11,Conditions-Proof,0.63,False
1f28fdfd,GR Russ,Philippines,19,203,239,84.94,18.45,18,2,2,top_order,17.5,2.4,51.2,30.7,C+,C,D,B,Utility Player,5.79,0.46,0.88,,0.88,-0.25,0.25,0.21,0.43,-0.09,-0.38,0.86,0.05,0.81,12,0.1,-1.15,0.17,0.75,-0.15,Tough-Track Star,-0.5,False
11cebda3,Shafiq Jan,Oman,1,0,1,0.0,0.0,0,0,11,tail,17.5,19.7,13.2,16.0,C,C,C,D,Utility Player,0.0,0.0,,,,,,,,,-0.94,0.0,,,0,,,,,,,,True
b3ba0c35,Kamal Raiz,Cyprus,1,5,10,50.0,5.0,0,0,11,tail,17.5,17.2,20.4,18.8,C,C,C,C,Utility Player,10.0,1.0,,,,,,,,,-0.65,0.15,,,1,,,,,,,,True
f0f628c7,MM Patel,India,1,0,1,0.0,0.0,0,0,11,tail,17.5,20.0,15.3,17.0,C,C,C,C,Utility Player,1.0,1.0,,,,,,,,,-0.92,0.0,,,0,,,,,,,,True
151e8077,CS Baugh,West Indies,3,10,12,83.33,3.33,1,0,8,lower_order,17.5,19.3,25.6,21.5,C,C,C,C,Utility Player,1.33,0.33,,,,,,,,,-0.29,0.23,,,0,,,,,,,,True
195fb6db,Imran Khan (1),Pakistan,1,0,1,0.0,0.0,0,0,11,tail,17.5,20.4,15.3,17.1,C,C,C,C,Utility Player,1.0,1.0,,,,,,,,,-1.02,0.0,,,1,,,,,,,,True
244048f6,Arshdeep Singh,India,26,87,84,103.57,6.21,9,3,9,lower_order,17.5,20.6,7.1,13.6,D,C,C,D,Utility Player,1.58,0.49,,,,-0.23,0.23,0.28,0.62,0.08,-0.34,0.65,0.02,-0.2,5,-0.27,-1.06,0.0,0.5,-0.25,Tough-Track Star,-0.47,False
7805af0f,NM Carter,Scotland,1,1,6,16.67,1.0,0,0,10,tail,17.5,18.1,13.0,15.6,C,C,C,D,Utility Player,6.0,1.0,,,,,,,,,-0.9,0.0,,,1,,,,,,,,True
5441db8c,Aizaz Cheema,Pakistan,1,0,3,0.0,0.0,0,0,11,tail,17.5,20.8,17.2,18.0,C,C,C,C,Utility Player,3.0,1.0,,,,,,,,,-1.02,0.0,,,1,,,,,,,,True
9b75e4f1,M Zondeki,South Africa,1,0,1,0.0,0.0,0,0,11,tail,17.5,20.0,14.5,16.6,C,C,C,D,Utility Player,1.0,1.0,,,,,,,,,-0.89,0.0,,,1,,,,,,,,True
5470418a,T Rossi,Argentina,15,151,162,93.21,11.62,10,5,6,lower_middle,17.4,8.8,19.3,17.0,C,C,D,C,Utility Player,3.47,0.32,1.07,,1.07,-0.3,0.3,0.34,0.99,0.46,-0.24,0.55,0.04,-2.13,11,-0.51,-1.39,0.1,0.73,-0.28,Tough-Track Star,-0.6,False
d792374d,KK Dobell,Japan,2,3,6,50.0,3.0,0,0,10,tail,17.4,14.7,14.6,15.6,C,C,D,D,Utility Player,3.0,1.0,,,,,,,,,-0.64,0.14,,,1,,,,,,,,True
53967e23,Nazmus Sakib,Malaysia,4,15,18,83.33,7.5,0,1,7,lower_middle,17.4,15.3,25.1,20.6,C,C,C,C,Utility Player,3.5,0.78,,,,,,,,,-0.26,0.27,,,0,,,,,,,,True
2503e881,A Nel,South Africa,1,0,2,0.0,0.0,0,0,11,tail,17.4,20.3,16.6,17.6,C,C,C,C,Utility Player,2.0,1.0,,,,,,,,,-0.94,0.0,,,0,,,,,,,,True
fa308279,A Paul,Estonia,5,28,36,77.78,9.33,1,0,9,lower_order,17.4,10.0,22.2,18.3,C,C,D,C,Utility Player,5.2,0.72,,,,,,,,,-0.5,0.36,,,4,,,,,,,,True
9bf987fc,Kaung Ko Ko,Myanmar,2,4,6,66.67,4.0,0,0,11,tail,17.4,15.0,14.4,15.6,C,C,C,D,Utility Player,2.0,0.67,,,,,,,,,-0.35,0.17,,,1,,,,,,,,True
905c09dd,TNM Soleh,Indonesia,1,9,21,42.86,9.0,0,0,2,top_order,17.4,14.8,21.1,18.7,C,C,D,C,Utility Player,21.0,1.0,,,,,,,,,-0.64,0.06,,,0,,-1.77,0.0,0.29,,,,True
20ac8219,S Vashisht,Romania,18,163,168,97.02,11.64,13,5,8,lower_order,17.4,17.2,35.9,26.1,C,C,C,C+,Utility Player,4.5,0.48,,,,-0.04,0.04,0.32,0.56,-0.14,-0.29,0.95,0.05,-0.74,9,-0.34,-1.61,0.15,0.73,0.28,Flat-Track Bully,0.58,False
edfe226f,Omid Shafi Rahman,United Arab Emirates,1,0,6,0.0,0.0,0,0,10,tail,17.4,20.7,12.0,15.6,C,C,C,D,Utility Player,6.0,1.0,,,,,,,,,-1.02,0.01,,,0,,,,,,,,True
679302a1,Z McLaughlin,Cayman Islands,2,6,16,37.5,6.0,0,0,9,lower_order,17.3,18.7,37.3,26.6,C,C,C,C+,Utility Player,7.0,0.88,,,,,,,,,-0.55,0.46,,,2,,-2.09,0.0,1.0,,,,True
972f217b,BJ Jacobs,New Zealand,4,71,64,110.94,23.67,3,3,6,lower_middle,17.3,10.9,58.7,36.3,C+,C,D,B,Utility Player,11.25,0.7,,,,,,,,,-0.52,0.55,,,1,,-0.99,0.4,0.62,,,,True
2bae86b6,Sameer Patel,Lesotho,7,98,113,86.73,16.33,6,4,5,upper_middle,17.3,15.6,17.2,17.7,C,C,C,C,Utility Player,10.14,0.63,,,,,,,,0.54,-0.44,0.28,,,7,-0.42,-1.2,0.3,0.67,,,,True
f5821615,JS Patel,New Zealand,3,9,14,64.29,3.0,1,0,11,tail,17.3,21.5,10.6,15.2,C,C,C,D,Utility Player,3.0,0.64,,,,,,,,,-0.65,0.1,,,2,,-3.11,0.0,1.0,,,,True
40f1590c,M Yambayamba,Zambia,4,7,13,53.85,7.0,0,0,10,tail,17.3,11.6,37.6,25.4,C,C,D,C+,Utility Player,3.25,1.0,,,,,,,,,-0.4,0.82,,,2,,-2.38,0.0,1.0,,,,True
30291c08,H Beresford-Peirse,Croatia,2,10,13,76.92,5.0,0,0,8,lower_order,17.3,13.1,18.2,16.9,C,C,D,C,Utility Player,1.5,0.23,,,,,,,,,-0.43,0.15,,,1,,,,,,,,True
d2fcce2f,HMRKB Herath,Sri Lanka,5,8,12,66.67,2.67,0,0,9,lower_order,17.3,8.2,27.4,20.0,C,C,D,C,Utility Player,1.8,0.75,,,,,,,,,-0.28,0.31,,,1,,,,,,,,True
a300e810,PRP Boissevain,Netherlands,2,7,14,50.0,3.5,0,0,9,lower_order,17.3,20.1,9.6,14.4,D,C,C,D,Utility Player,7.0,1.0,,,,,,,,,-0.69,0.04,,,1,,-4.05,0.0,1.0,,,,True
1d45c01a,A Andrews,Switzerland,1,4,6,66.67,4.0,1,0,2,top_order,17.3,21.5,12.1,15.8,C,C,C,D,Utility Player,1.0,0.17,,,,,,,,,-0.56,0.07,,,1,,,,,,,,True
baa7dd37,V Ganesan,Germany,32,492,468,105.13,18.92,51,1,1,top_order,17.3,0.8,60.3,34.7,C+,C,D,B+,Utility Player,5.22,0.36,1.52,,1.52,-0.1,0.1,0.39,0.73,0.1,-0.21,1.06,0.03,-1.09,17,-0.4,-1.06,0.17,0.74,-0.35,Tough-Track Star,-0.12,False
a0a27cd4,J Jagroo,Bahamas,3,26,27,96.3,8.67,1,1,2,top_order,17.3,24.0,11.2,16.1,C,C,C,D,Utility Player,1.0,0.11,,,,,,,,,-0.41,0.14,,,3,,-0.39,0.5,0.29,,,,True
e7a0cb9a,M Leporoporo,Lesotho,1,0,4,0.0,0.0,0,0,11,tail,17.3,20.0,14.7,16.7,C,C,C,D,Utility Player,4.0,1.0,,,,,,,,,-1.04,0.01,,,1,,,,,,,,True
3b53243a,XC Bartlett,Australia,11,73,70,104.29,10.43,7,3,8,lower_order,17.3,39.0,29.9,27.6,C,C,C+,C,Utility Player,4.64,0.73,,,,-0.12,0.12,0.06,0.14,-0.02,-0.5,0.69,0.06,,3,,-0.67,0.5,0.54,0.1,Conditions-Proof,,False
a6e4e6f9,A Govorko,Croatia,1,1,1,100.0,1.0,0,0,11,tail,17.3,15.8,19.3,17.9,C,C,C,C,Utility Player,0.0,0.0,,,,,,,,,0.22,0.31,,,1,,,,,,,,True
926c6d3c,Abdullah Mahmood,Denmark,7,15,22,68.18,3.0,0,0,9,lower_order,17.2,5.2,13.8,13.3,D,C,D,D,Utility Player,2.14,0.68,,,,,,,,-0.61,-0.35,0.27,,-0.05,6,-0.19,,,,,,,True
f3a9aadf,Acrey Hugo,Tanzania,2,10,12,83.33,10.0,1,0,9,lower_order,17.2,22.1,31.5,24.8,C,C,C,C+,Utility Player,4.5,0.75,,,,,,,,,-0.65,0.29,,,0,,,,,,,,True
4909a5f6,Salman Patel,Zambia,6,32,35,91.43,8.0,3,1,8,lower_order,17.2,17.4,10.7,14.5,D,C,C,D,Utility Player,4.0,0.69,,,,,,,,0.0,-0.39,0.31,,,1,,-4.88,0.0,1.0,,,,True
c1c47acd,MR Kumar,United Arab Emirates,6,60,66,90.91,12.0,4,2,3,top_order,17.2,13.6,24.2,20.0,C,C,D,C,Utility Player,9.17,0.83,,,,,,,,-0.65,-0.39,0.28,,,4,,-1.22,0.0,0.29,,,,True
5db10a22,Anmoldeep Singh,Italy,1,2,7,28.57,2.0,0,0,11,tail,17.1,18.8,18.2,17.9,C,C,C,C,Utility Player,7.0,1.0,,,,,,,,,-0.85,0.03,,,0,,,,,,,,True
bcf325d2,Dhruv Jurel,India,3,12,23,52.17,4.0,1,0,8,lower_order,17.1,25.2,18.8,19.5,C,C,C,C,Utility Player,7.67,1.0,,,,,,,,,-0.49,0.16,,,1,,-2.8,0.0,1.0,,,,True
44f5a3e4,Mohamed Mahfooz,Maldives,6,45,68,66.18,11.25,2,0,7,lower_middle,17.1,6.7,42.1,26.6,C,C,D,C+,Utility Player,1.67,0.15,,,,,,,,,-0.27,0.57,,0.02,5,-0.07,-2.05,0.0,0.58,,,,True
5b7efabe,Aviel Warsulkar,Israel,2,2,3,66.67,2.0,0,0,9,lower_order,17.1,11.7,11.7,13.6,D,C,D,D,Utility Player,0.5,0.33,,,,,,,,,-0.56,0.06,,,2,,,,,,,,True
3eb2a27b,V Hirlal,Suriname,7,56,82,68.29,9.33,4,2,2,top_order,17.1,20.3,9.8,14.7,D,C,C,D,Utility Player,8.29,0.71,,,,,,,,0.56,-0.29,0.28,,,7,-0.26,-2.16,0.0,0.59,,,,True
d4f2a7b0,Toqeer Ahmad,Denmark,2,1,4,25.0,0.5,0,0,11,tail,17.1,15.4,15.7,16.1,C,C,C,C,Utility Player,2.0,1.0,,,,,,,,,-0.66,0.09,,,1,,,,,,,,True
27f77bd6,Abu Zar,Sweden,1,2,3,66.67,2.0,0,0,3,top_order,17.1,14.0,12.5,14.4,D,C,D,D,Utility Player,0.0,0.0,,,,,,,,,-0.28,0.01,,,0,,,,,,,,True
3852600a,Qasim Anwar,Cyprus,1,1,2,50.0,1.0,0,0,11,tail,17.1,17.0,16.8,16.9,C,C,C,C,Utility Player,2.0,1.0,,,,,,,,,-0.49,0.08,,,0,,,,,,,,True
38952986,H Virdee,Luxembourg,1,1,1,100.0,1.0,0,0,10,tail,17.1,15.3,20.0,18.0,C,C,C,C,Utility Player,1.0,1.0,,,,,,,,,-0.25,0.25,,,1,,,,,,,,True
d76ab352,Jaspreet Singh,Italy,12,80,75,106.67,8.89,6,2,9,lower_order,17.1,18.0,23.7,20.5,C,C,C,C,Utility Player,2.83,0.45,,,,-0.32,0.32,0.23,0.83,-0.31,-0.32,0.61,0.05,0.67,11,0.88,-2.05,0.0,0.47,0.45,Flat-Track Bully,1.05,False
6b64e7a3,J Mulder,Ireland,1,1,5,20.0,1.0,0,0,9,lower_order,17.1,17.3,15.5,16.4,C,C,C,C,Utility Player,5.0,1.0,,,,,,,,,-0.84,0.0,,,1,,,,,,,,True
82a33cac,W Kokaua,Cook Islands,1,2,4,50.0,2.0,0,0,9,lower_order,17.1,15.3,17.6,17.0,C,C,C,C,Utility Player,4.0,1.0,,,,,,,,,-0.68,0.07,,,1,,,,,,,,True
e9a870ed,AC Evans,Scotland,7,10,14,71.43,1.67,1,0,10,tail,17.0,14.9,5.5,11.4,D,C,D,D,Utility Player,1.29,0.64,,,,,,,,,-0.48,0.23,,0.41,6,0.73,,,,,,,True
032c7eab,Khaibar Deldar,Hungary,12,162,138,117.39,13.5,17,7,1,top_order,17.0,31.7,5.8,15.5,C,C,C+,D,Utility Player,7.42,0.64,1.99,,1.99,-0.11,0.11,0.14,0.34,-0.01,-0.33,0.44,0.04,-0.4,5,-0.53,-0.93,0.25,0.7,-0.22,Conditions-Proof,0.39,False
de3acffe,AJ McKay,New Zealand,1,0,1,0.0,0.0,0,0,11,tail,17.0,21.0,13.6,16.3,C,C,C,D,Utility Player,1.0,1.0,,,,,,,,,-1.0,0.0,,,0,,,,,,,,True
69c994e4,SHA Rance,New Zealand,3,10,21,47.62,3.33,0,0,11,tail,17.0,13.6,18.2,16.9,C,C,D,C,Utility Player,2.33,0.33,,,,,,,,,-0.57,0.12,,,2,,-1.3,0.0,1.0,,,,True
4043e3b0,SPS Shikongo,Namibia,3,6,8,75.0,6.0,0,0,7,lower_middle,16.9,9.3,33.1,22.7,C,C,D,C+,Utility Player,2.67,1.0,,,,,,,,,-0.38,0.27,,,1,,,,,,,,True
8e5a1a7a,Talha Khan,Germany,26,486,470,103.4,22.09,39,11,2,top_order,16.9,1.8,60.1,35.1,C+,C,D,B+,Utility Player,5.77,0.32,1.36,,1.36,-0.16,0.16,0.49,0.71,0.09,-0.19,0.95,0.04,-1.01,9,-0.5,-1.13,0.08,0.76,-0.29,Tough-Track Star,-0.38,False
22d73540,Jahandad Khan,Pakistan,5,29,34,85.29,7.25,0,2,8,lower_order,16.9,20.4,14.7,16.7,C,C,C,D,Utility Player,3.2,0.47,,,,,,,,,-0.36,0.2,,,0,,-0.23,0.0,1.0,,,,True
50250426,Asad Shafiq,Pakistan,10,192,185,103.78,19.2,19,2,3,top_order,16.9,5.6,53.9,32.4,C+,C,D,B,Utility Player,4.9,0.26,,,,-0.13,0.13,0.33,0.52,0.22,-0.24,0.54,0.05,,1,,-0.91,0.14,0.78,-0.05,Conditions-Proof,-0.21,False
1294ee6d,Muhammad Arfan,United Arab Emirates,8,91,80,113.75,18.2,7,2,7,lower_middle,16.9,19.6,56.2,36.0,C+,C,C,B,Utility Player,5.5,0.55,,,,,,,,0.86,-0.2,0.81,,,4,,-0.64,0.25,0.57,,,,True
6ddaee2d,Abrar Bilal,Austria,6,64,72,88.89,12.8,3,1,5,upper_middle,16.9,7.9,22.4,18.0,C,C,D,C,Utility Player,6.33,0.53,,,,,,,,-0.49,-0.32,0.25,,,3,,-1.15,0.2,0.58,,,,True
d4aa6a65,S Rengarajan,Czech Republic,1,6,12,50.0,6.0,0,0,9,lower_order,16.9,17.2,27.5,21.8,C,C,C,C,Utility Player,12.0,1.0,,,,,,,,,-0.5,0.25,,,1,,,,,,,,True
a43f5e2b,S Savkovic,Serbia,2,7,11,63.64,3.5,0,0,9,lower_order,16.9,12.9,13.0,14.4,D,C,D,D,Utility Player,4.5,0.82,,,,,,,,,-0.29,0.08,,,1,,,,,,,,True
835a58da,NA Karnik,Singapore,3,23,45,51.11,11.5,1,0,10,tail,16.9,18.0,42.8,29.1,C,C,C,C+,Utility Player,15.0,1.0,,,,,,,,,-0.54,0.73,,,1,,-2.63,0.0,0.48,,,,True
11406bad,Mohammad Asaduzzaman,Finland,2,1,2,50.0,1.0,0,0,11,tail,16.9,14.9,11.6,14.1,D,C,D,D,Utility Player,1.0,1.0,,,,,,,,,-0.56,0.08,,,2,,,,,,,,True
be3bdc15,NG Collins,Finland,15,311,339,91.74,22.21,29,4,1,top_order,16.9,10.3,47.3,30.9,C+,C,D,B,Utility Player,11.33,0.5,1.21,,1.21,0.15,-0.15,0.3,0.68,-0.09,-0.33,0.8,0.05,-0.19,7,-0.05,-1.27,0.09,0.79,0.03,Conditions-Proof,0.17,False
2c13defe,TM Odoyo,Kenya,6,58,74,78.38,9.67,6,1,6,lower_middle,16.9,17.8,6.3,12.6,D,C,C,D,Utility Player,7.17,0.58,,,,,,,,,-0.3,0.16,,,4,,-1.27,0.2,0.62,,,,True
465fd722,A Chaudhary,Singapore,4,42,44,95.45,10.5,5,0,8,lower_order,16.8,17.7,23.2,20.1,C,C,C,C,Utility Player,6.5,0.59,,,,,,,,,-0.59,0.24,,,4,,-2.02,0.0,0.44,,,,True
acaf467d,E Munkhbat,Mongolia,1,0,5,0.0,0.0,0,0,9,lower_order,16.8,17.7,10.1,14.0,D,C,C,D,Utility Player,5.0,1.0,,,,,,,,,-0.96,0.0,,,1,,,,,,,,True
5be810ba,MD Dai,Papua New Guinea,6,92,108,85.19,15.33,3,0,4,upper_middle,16.8,1.8,44.5,26.9,C,C,D,C+,Utility Player,10.5,0.58,,,,,,,,,-0.3,0.41,,,2,,-1.58,0.0,0.69,,,,True
7f784eb8,V Zimonjic,Serbia,22,220,199,110.55,14.67,22,3,8,lower_order,16.8,21.4,38.7,28.3,C,C,C,C+,Utility Player,4.27,0.47,,,,-0.12,0.12,0.24,0.44,-0.2,-0.31,1.06,0.05,-0.52,11,-0.28,-0.74,0.25,0.73,-0.07,Conditions-Proof,-0.03,False
5d534cff,Haris Karim,Slovenia,1,1,3,33.33,1.0,0,0,9,lower_order,16.8,15.9,12.7,14.8,D,C,C,D,Utility Player,3.0,1.0,,,,,,,,,-0.78,0.0,,,1,,,,,,,,True
59fa2bbc,OJ Herrington,Belgium,5,72,70,102.86,18.0,1,5,7,lower_middle,16.8,39.0,30.5,28.3,C,C,C+,C+,Utility Player,9.2,0.66,0.78,,0.78,,,,,,-0.3,0.59,,,0,,-0.57,0.2,0.59,,,,True
5eea345c,Khalid Latif,Pakistan,12,237,225,105.33,23.7,25,6,3,top_order,16.8,54.2,61.9,46.4,B,C,B,B+,Utility Player,5.5,0.29,0.97,,0.97,-0.01,0.01,0.3,0.39,-0.42,-0.28,0.92,0.08,,1,,-1.0,0.27,0.77,0.47,Flat-Track Bully,0.18,False
0ed66ce6,C Forshaw,Guernsey,4,21,26,80.77,10.5,0,1,10,tail,16.8,17.0,33.1,24.4,C,C,C,C+,Utility Player,4.25,0.65,,,,,,,,,-0.63,0.44,,,3,,,,,,,,True
a3ae63f4,GJ Snyman,South Africa,1,2,6,33.33,2.0,0,0,3,top_order,16.8,16.7,17.6,17.1,C,C,C,C,Utility Player,6.0,1.0,,,,,,,,,-0.7,0.0,,,1,,,,,,,,True
0095a0e3,Noah Mead,Samoa,4,13,20,65.0,4.33,1,0,10,tail,16.8,18.4,18.4,17.9,C,C,C,C,Utility Player,3.25,0.65,,,,,,,,,-0.43,0.37,,,4,,,,,,,,True
fd8f11e9,JM How,New Zealand,5,56,67,83.58,11.2,5,1,4,upper_middle,16.8,14.2,11.5,14.2,D,C,D,D,Utility Player,8.2,0.61,,,,,,,,,-0.4,0.07,,,3,,-1.48,0.0,0.61,,,,True
1636356e,Zuber Sunasara,Saudi Arabia,1,1,7,14.29,1.0,0,0,8,lower_order,16.8,18.1,13.6,15.6,C,C,C,D,Utility Player,7.0,1.0,,,,,,,,,-0.9,0.0,,,0,,,,,,,,True
89ce57a8,S Fouché,Namibia,3,43,51,84.31,21.5,5,0,8,lower_order,16.8,23.2,50.9,34.7,C+,C,C,B,Utility Player,1.0,0.06,,,,,,,,,-0.5,0.56,,,2,,-0.98,0.0,0.5,,,,True
dbfbaba1,S Kimura,Japan,4,34,38,89.47,8.5,1,1,5,upper_middle,16.8,10.3,18.4,16.4,C,C,D,C,Utility Player,3.0,0.32,,,,,,,,,-0.24,0.2,,,2,,-1.68,0.25,0.56,,,,True
ba603555,MNK Fernando,Sri Lanka,2,8,12,66.67,4.0,0,0,4,upper_middle,16.8,12.9,13.1,14.4,D,C,D,D,Utility Player,4.5,0.75,,,,,,,,,-0.53,0.0,,,1,,,,,,,,True
c8281df7,Adnan Shnwarei,Norway,1,1,3,33.33,1.0,0,0,11,tail,16.8,17.3,16.1,16.6,C,C,C,C,Utility Player,3.0,1.0,,,,,,,,,-0.71,0.01,,,0,,,,,,,,True
d7e51f87,GM Muthui,Kenya,3,8,13,61.54,8.0,0,0,9,lower_order,16.8,11.3,26.2,20.0,C,C,D,C,Utility Player,4.33,1.0,,,,,,,,,-0.59,0.26,,,2,,,,,,,,True
6b46ce43,EJB Miles,Jersey,7,20,26,76.92,5.0,2,0,11,tail,16.8,16.1,10.7,14.0,D,C,C,D,Utility Player,2.43,0.65,,,,,,,,0.76,-0.66,0.36,,,7,-0.66,-1.45,0.0,0.29,,,,True
c6e87b1c,Kashif Khan,Singapore,4,34,51,66.67,8.5,0,1,7,lower_middle,16.7,10.1,30.0,21.5,C,C,D,C+,Utility Player,9.5,0.75,,,,,,,,,-0.32,0.34,,,1,,-1.96,0.0,0.5,,,,True
f99a219a,E Sebareme,Rwanda,40,356,366,97.27,11.87,22,11,8,lower_order,16.7,19.7,25.0,21.7,C,C,C,C,Utility Player,3.3,0.36,,,,-0.2,0.2,0.32,1.11,0.31,-0.28,0.98,0.02,0.23,24,0.11,-1.78,0.12,0.7,-0.05,Conditions-Proof,-0.11,False
a819f6c8,Zahid Zadran,Germany,3,8,11,72.73,2.67,0,0,10,tail,16.7,11.1,14.8,14.7,D,C,D,D,Utility Player,3.0,0.82,,,,,,,,,-0.38,0.14,,,3,,,,,,,,True
48301a4b,D la Cock,Namibia,5,98,84,116.67,19.6,8,5,2,top_order,16.7,46.6,37.3,33.0,C+,C,B,C+,Utility Player,7.0,0.42,1.07,,1.07,,,,,,-0.32,0.45,,,1,,-0.88,0.17,0.65,,,,True
a18461a2,KD Mehta,Czech Republic,1,1,2,50.0,1.0,0,0,11,tail,16.7,15.6,16.6,16.4,C,C,C,C,Utility Player,2.0,1.0,,,,,,,,,-0.64,0.06,,,1,,,,,,,,True
de6ad58b,P Pustoslemsek,Slovenia,5,43,65,66.15,8.6,4,1,6,lower_middle,16.7,27.2,7.2,14.7,D,C,C,D,Utility Player,11.8,0.91,,,,,,,,,-0.33,0.29,,,5,-0.31,-1.92,0.0,0.62,,,,True
7c4e8e13,P Sadev,Italy,1,1,4,25.0,1.0,0,0,8,lower_order,16.7,17.9,13.6,15.5,C,C,C,D,Utility Player,4.0,1.0,,,,,,,,,-0.88,0.0,,,0,,,,,,,,True
5278cecc,Muhammed Imran,Oman,2,1,2,50.0,1.0,0,0,10,tail,16.7,15.4,18.0,17.0,C,C,C,C,Utility Player,1.0,1.0,,,,,,,,,-0.6,0.08,,,0,,,,,,,,True
3676b91f,D Kegasitswe,Botswana,2,5,11,45.45,5.0,0,0,9,lower_order,16.7,15.4,33.9,24.2,C,C,C,C+,Utility Player,5.5,1.0,,,,,,,,,-0.51,0.3,,,2,,-2.13,0.0,1.0,,,,True
934b36a6,Khawar Ali,Oman,27,452,445,101.57,17.38,47,14,1,top_order,16.7,27.3,25.2,23.8,C,C,C,C,Utility Player,8.0,0.49,0.89,,0.89,0.2,-0.2,0.39,0.63,0.14,-0.31,0.71,0.03,0.33,11,0.15,-1.17,0.29,0.74,-0.1,Conditions-Proof,-0.16,False
8981deb8,Phon Bunthean,Cambodia,1,0,1,0.0,0.0,0,0,11,tail,16.7,17.8,13.8,15.6,C,C,C,D,Utility Player,1.0,1.0,,,,,,,,,-1.01,0.0,,,1,,,,,,,,True
5e67d4e0,Imran Yousaf,Saudi Arabia,2,3,6,50.0,3.0,0,0,9,lower_order,16.6,14.5,30.3,22.4,C,C,D,C+,Utility Player,3.0,1.0,,,,,,,,,-0.38,0.29,,,1,,,,,,,,True
72caebdc,GI Gokoel,Suriname,3,11,27,40.74,11.0,1,0,10,tail,16.6,26.7,19.3,20.1,C,C,C,C,Utility Player,8.0,0.89,,,,,,,,,-0.75,0.35,,,3,,-2.35,0.0,0.5,,,,True
f68bac56,B Lewis,Belize,3,3,8,37.5,3.0,0,0,11,tail,16.6,13.9,20.2,17.7,C,C,D,C,Utility Player,1.67,0.63,,,,,,,,,-0.66,0.28,,,3,,,,,,,,True
709cb7f0,Hwanhee Lee,South Korea,1,3,6,50.0,3.0,0,0,7,lower_middle,16.6,15.7,14.7,15.6,C,C,C,D,Utility Player,6.0,1.0,,,,,,,,,-0.51,0.0,,,1,,,,,,,,True
8d646b49,Soyeb Pendi,Zambia,7,31,28,110.71,7.75,2,3,8,lower_order,16.6,30.2,4.9,14.2,D,C,C+,D,Utility Player,1.71,0.43,,,,,,,,0.0,-0.19,0.42,,,3,,,,,,,,True
10f7b52b,JD Baker,Samoa,5,50,48,104.17,16.67,2,3,9,lower_order,16.5,29.6,28.3,25.1,C,C,C,C,Utility Player,6.8,0.71,,,,,,,,,-0.49,0.51,,,5,-0.48,-0.74,0.33,0.49,,,,True
3ed4e2ad,C Rumistrzewicz,Spain,7,18,29,62.07,9.0,0,0,9,lower_order,16.5,5.0,32.7,21.7,C,C,D,C+,Utility Player,3.86,0.93,,,,,,,,-0.04,-0.4,0.48,,,2,,-2.09,0.0,1.0,,,,True
1afdbdbf,JWM Dalrymple,England,3,60,57,105.26,20.0,6,0,5,upper_middle,16.5,12.1,49.0,31.3,C+,C,D,B,Utility Player,4.33,0.23,,,,,,,,,-0.34,0.34,,,2,,-1.16,0.2,0.58,,,,True
4948a447,Farhad Reza,Bangladesh,8,65,83,78.31,8.12,3,2,8,lower_order,16.5,13.5,24.7,19.8,C,C,D,C,Utility Player,5.38,0.52,,,,,,,,0.07,-0.41,0.42,,,4,,-2.11,0.0,0.59,,,,True
1581c6be,T Ulutuna,Turkey,1,1,2,50.0,1.0,0,0,9,lower_order,16.5,16.0,12.8,14.7,D,C,C,D,Utility Player,2.0,1.0,,,,,,,,,-0.64,0.04,,,1,,,,,,,,True
87046e99,Gagandeep Singh,Ghana,2,4,6,66.67,4.0,0,0,8,lower_order,16.5,14.0,26.6,20.6,C,C,D,C,Utility Player,3.0,1.0,,,,,,,,,-0.4,0.25,,,0,,,,,,,,True
fd94c29f,L Bonner,Belize,7,123,99,124.24,20.5,10,5,2,top_order,16.5,43.0,19.0,24.1,C,C,C+,C,Utility Player,6.14,0.43,2.15,,2.15,,,,,-0.32,-0.42,0.58,,,7,-0.33,0.13,0.71,0.69,,,,True
5da43a10,R Sekaran,Estonia,2,5,8,62.5,5.0,0,0,9,lower_order,16.5,13.0,27.5,20.8,C,C,D,C,Utility Player,4.0,1.0,,,,,,,,,-0.48,0.35,,,1,,,,,,,,True
57427d9e,O Touray,Gambia,2,6,8,75.0,3.0,0,0,11,tail,16.4,15.3,12.7,14.5,D,C,C,D,Utility Player,1.5,0.38,,,,,,,,,-0.78,0.05,,,2,,,,,,,,True
2a853aa5,U Shahid,France,4,96,90,106.67,24.0,5,3,1,top_order,16.4,7.5,46.2,29.7,C,C,D,B,Utility Player,3.0,0.13,1.15,,1.15,,,,,,-0.29,0.48,,,1,,-0.77,0.14,0.7,,,,True
a80cc0cc,Shahrukh Quddus,Kuwait,3,2,5,40.0,2.0,0,0,11,tail,16.4,11.9,13.7,14.3,D,C,D,D,Utility Player,1.67,1.0,,,,,,,,,-0.74,0.1,,,3,,,,,,,,True
efbd35a9,LA Musiani,Argentina,10,118,116,101.72,13.11,7,1,2,top_order,16.4,1.9,22.7,16.8,C,C,D,C,Utility Player,3.2,0.28,0.98,,0.98,,,0.51,0.76,-0.14,-0.32,0.33,0.03,,10,-0.3,-1.42,0.0,0.62,-0.37,Tough-Track Star,-0.39,False
59f509ed,G Goudie,Scotland,1,1,3,33.33,1.0,0,0,7,lower_middle,16.4,15.6,12.8,14.6,D,C,C,D,Utility Player,3.0,1.0,,,,,,,,,-0.77,0.0,,,1,,,,,,,,True
b2ae53f5,T Thushara,Sri Lanka,2,4,8,50.0,2.0,0,0,10,tail,16.4,17.1,20.9,18.6,C,C,C,C,Utility Player,4.0,1.0,,,,,,,,,-0.59,0.08,,,1,,,,,,,,True
3ee0050f,PM Liyanagamage,Sri Lanka,2,2,4,50.0,2.0,0,0,9,lower_order,16.4,14.5,20.8,18.0,C,C,D,C,Utility Player,2.0,1.0,,,,,,,,,-0.5,0.06,,,0,,,,,,,,True
c725d464,A Gavde,Cayman Islands,1,1,6,16.67,1.0,0,0,6,lower_middle,16.4,19.6,12.6,15.3,C,C,C,D,Utility Player,0.0,0.0,,,,,,,,,-0.74,0.0,,,1,,,,,,,,True
b84be97f,Khan Arbaaz,Lesotho,2,17,23,73.91,8.5,2,0,8,lower_order,16.4,18.3,12.8,15.3,C,C,C,D,Utility Player,11.5,1.0,,,,,,,,,-0.65,0.07,,,2,,-1.73,0.0,1.0,,,,True
fc30a5b7,RP Mitchell,Bahamas,2,2,5,40.0,2.0,0,0,11,tail,16.3,14.3,22.9,18.9,C,C,D,C,Utility Player,2.5,1.0,,,,,,,,,-0.34,0.34,,,2,,,,,,,,True
2d03c3f8,C Cassell,Scotland,2,3,6,50.0,3.0,0,0,9,lower_order,16.3,13.5,22.6,18.6,C,C,D,C,Utility Player,3.0,1.0,,,,,,,,,-0.66,0.08,,,1,,,,,,,,True
a91e7c2f,SA van Breda,Jersey,1,3,8,37.5,3.0,0,0,9,lower_order,16.3,18.2,19.1,18.0,C,C,C,C,Utility Player,8.0,1.0,,,,,,,,,-0.63,0.03,,,0,,,,,,,,True
6cc4d322,GC Murtaza,Cambodia,16,120,132,90.91,9.23,10,4,6,lower_middle,16.3,31.8,7.3,15.6,C,C,C+,D,Utility Player,7.5,0.91,,,,-0.26,0.26,0.32,0.54,0.25,-0.32,0.59,0.04,-0.99,8,-0.51,-1.6,0.12,0.7,0.24,Flat-Track Bully,0.18,False
d754fde8,Zaheer Ibrahim,Qatar,6,36,39,92.31,6.0,4,1,1,top_order,16.3,24.7,1.6,11.5,D,C,C,D,Utility Player,2.5,0.38,,,,,,,,-0.57,-0.44,0.24,,,4,,-1.99,0.25,0.56,,,,True
cbd91942,M Taniyama,Japan,15,97,115,84.35,9.7,3,3,9,lower_order,16.3,4.9,39.4,24.7,C,C,D,C+,Utility Player,4.07,0.53,,,,,,0.27,0.41,-0.39,-0.26,0.87,0.06,-0.12,8,-0.33,-1.52,0.0,0.54,0.27,Flat-Track Bully,0.69,False
6c75310b,J Lewis,England,1,1,4,25.0,1.0,0,0,9,lower_order,16.2,19.1,18.3,17.7,C,C,C,C,Utility Player,4.0,1.0,,,,,,,,,-0.78,0.0,,,1,,,,,,,,True
676aeb1b,D Dawa,Bhutan,2,3,7,42.86,3.0,0,0,11,tail,16.2,14.4,25.1,19.9,C,C,D,C,Utility Player,3.0,0.86,,,,,,,,,-0.37,0.36,,,1,,,,,,,,True
60aa2db3,LG Pretorius,South Africa,13,201,157,128.03,15.46,27,4,3,top_order,16.2,40.3,15.1,21.3,C,C,C+,C,Utility Player,2.38,0.2,0.78,,0.78,0.24,-0.24,0.22,0.3,0.46,-0.36,0.45,0.03,,2,,-0.79,0.25,0.74,-0.0,Conditions-Proof,-0.05,False
03d3dd8e,AF Buurman,Netherlands,1,0,2,0.0,0.0,0,0,8,lower_order,16.2,19.4,10.7,14.4,D,C,C,D,Utility Player,2.0,1.0,,,,,,,,,-1.02,0.0,,,1,,,,,,,,True
75224f22,KMA Paul,West Indies,14,172,150,114.67,21.5,10,10,9,lower_order,16.2,58.4,64.5,47.8,B,C,B,B+,Utility Player,8.57,0.8,,,,0.22,-0.22,0.33,0.7,0.07,-0.48,1.18,0.08,-0.3,8,-0.0,-1.07,0.36,0.72,-0.11,Conditions-Proof,-0.0,False
b7d1eadd,P Jayawickrama,Sri Lanka,1,0,5,0.0,0.0,0,0,11,tail,16.2,20.9,18.4,18.1,C,C,C,C,Utility Player,5.0,1.0,,,,,,,,,-1.02,0.0,,,0,,,,,,,,True
c4441675,Hisham Sheikh,Saudi Arabia,23,375,410,91.46,19.74,20,3,6,lower_middle,16.2,0.3,62.9,35.4,C+,C,D,B+,Utility Player,12.0,0.67,0.96,,0.96,-0.1,0.1,0.29,0.39,-0.07,-0.27,1.13,0.05,-0.16,8,-0.08,-1.2,0.14,0.8,0.14,Conditions-Proof,0.19,False
d047f983,P Sharma,Kenya,25,369,344,107.27,16.77,41,7,1,top_order,16.1,14.8,27.7,22.1,C,C,D,C,Utility Player,7.56,0.55,,,,-0.11,0.11,0.55,1.7,0.08,-0.25,0.69,0.03,-0.43,16,-0.32,-1.05,0.12,0.75,-0.33,Tough-Track Star,-0.47,False
59e99272,L Zulu,Swaziland,1,2,5,40.0,2.0,0,0,8,lower_order,16.1,16.9,13.9,15.3,C,C,C,D,Utility Player,2.0,0.4,,,,,,,,,-0.53,0.03,,,1,,,,,,,,True
02b87bde,LW Potthoff,Croatia,1,5,9,55.56,5.0,0,0,10,tail,16.1,17.1,20.7,18.4,C,C,C,C,Utility Player,1.0,0.11,,,,,,,,,-0.34,0.22,,,1,,,,,,,,True
33328ec7,Fakhrul Mohon,Portugal,2,8,9,88.89,8.0,0,1,7,lower_middle,16.1,23.4,8.9,14.4,D,C,C,D,Utility Player,1.5,0.33,,,,,,,,,-0.55,0.09,,,2,,,,,,,,True
2d1b6dee,GK Ghalley,Bhutan,30,338,357,94.68,13.52,23,15,7,lower_middle,16.1,38.1,12.1,19.4,C,C,C+,D,Utility Player,7.0,0.59,,,,-0.11,0.11,0.54,0.86,-0.04,-0.29,0.82,0.03,-1.48,17,-0.09,-1.46,0.14,0.8,0.15,Flat-Track Bully,1.15,False
b4706200,Adil Khan,Germany,2,17,23,73.91,8.5,0,2,11,tail,16.0,25.0,18.7,19.2,C,C,C,C,Utility Player,11.5,1.0,,,,,,,,,-0.7,0.15,,,1,,-1.55,0.0,1.0,,,,True
126c3f6f,Ashish Rana,Estonia,2,5,8,62.5,5.0,0,0,9,lower_order,16.0,14.3,17.6,16.4,C,C,D,C,Utility Player,1.5,0.38,,,,,,,,,-0.47,0.1,,,0,,,,,,,,True
cc796077,Ghulam Abbas Butt,Finland,13,151,127,118.9,11.62,18,5,1,top_order,16.0,29.7,4.0,13.8,D,C,C,D,Utility Player,3.08,0.31,0.56,,0.56,0.11,-0.11,0.72,1.78,0.28,-0.26,0.4,0.03,0.53,6,0.55,-0.84,0.22,0.68,0.21,Conditions-Proof,,False
1bada9da,Ainool Hafizs,Malaysia,29,184,192,95.83,7.67,12,4,9,lower_order,16.0,5.8,15.4,14.0,D,C,D,C,Utility Player,2.48,0.38,,,,-0.09,0.09,0.27,0.32,0.07,-0.23,0.71,0.02,-0.36,13,-0.45,-2.16,0.12,0.68,-0.3,Tough-Track Star,-0.27,False
336a85f6,Abdullah Sheikh,Norway,4,16,25,64.0,5.33,1,0,8,lower_order,16.0,17.2,15.6,16.1,C,C,C,C,Utility Player,5.0,0.8,,,,,,,,,-0.48,0.22,,,3,,-1.24,0.0,0.29,,,,True
3f951265,R Galgalikar,Mexico,2,18,20,90.0,9.0,1,0,8,lower_order,16.0,19.3,16.4,17.0,C,C,C,C,Utility Player,3.0,0.3,,,,,,,,,-0.61,0.1,,,1,,-1.63,0.0,1.0,,,,True
12678cc7,T Cross,Estonia,1,5,10,50.0,5.0,0,0,9,lower_order,16.0,17.4,19.2,17.8,C,C,C,C,Utility Player,10.0,1.0,,,,,,,,,-0.45,0.07,,,0,,,,,,,,True
1be67d37,RTM Mendis,Sri Lanka,3,17,21,80.95,5.67,0,1,6,lower_middle,16.0,18.4,21.5,19.0,C,C,C,C,Utility Player,2.33,0.33,,,,,,,,,-0.4,0.09,,,1,,-1.8,0.0,1.0,,,,True
9f038761,J Figy John,United Arab Emirates,2,19,30,63.33,9.5,1,1,1,top_order,16.0,21.7,16.4,17.5,C,C,C,C,Utility Player,15.0,1.0,,,,,,,,,-0.7,0.02,,,2,,-2.62,0.0,0.29,,,,True
adc96559,D Mogan,Malaysia,1,2,8,25.0,2.0,0,0,9,lower_order,16.0,18.5,17.9,17.4,C,C,C,C,Utility Player,8.0,1.0,,,,,,,,,-0.77,0.0,,,1,,,,,,,,True
f3a5c378,Aritra Dutta,Singapore,37,712,551,129.22,19.78,71,35,1,top_order,15.9,61.5,41.9,38.3,C+,C,B+,C+,Utility Player,6.11,0.41,1.05,2.58,1.51,0.03,-0.03,0.56,1.18,0.05,-0.29,1.43,0.04,-0.03,22,0.04,-0.49,0.37,0.74,0.12,Conditions-Proof,0.15,False
ff722bc8,C Outerbridge,Bermuda,1,0,3,0.0,0.0,0,0,11,tail,15.9,18.9,12.6,15.0,C,C,C,D,Utility Player,3.0,1.0,,,,,,,,,-1.07,0.0,,,1,,,,,,,,True
307684f3,T Wuatai,Cook Islands,4,10,29,34.48,5.0,1,0,11,tail,15.9,18.9,24.3,20.3,C,C,C,C,Utility Player,6.5,0.9,,,,,,,,,-0.25,0.48,,,3,,-1.99,0.0,0.29,,,,True
83c3e8e3,SH Johnson,Australia,1,0,1,0.0,0.0,0,0,10,tail,15.9,19.8,15.0,16.3,C,C,C,C,Utility Player,1.0,1.0,,,,,,,,,-0.94,0.0,,,0,,,,,,,,True
e214be36,Alfredo Puentes,Chile,1,4,14,28.57,4.0,0,0,9,lower_order,15.9,17.5,20.1,18.1,C,C,C,C,Utility Player,1.0,0.07,,,,,,,,,-0.58,0.08,,,0,,-2.24,0.0,1.0,,,,True
3f659464,OP Stone,England,1,0,1,0.0,0.0,0,0,10,tail,15.9,19.2,14.5,15.9,C,C,C,D,Utility Player,1.0,1.0,,,,,,,,,-0.84,0.0,,,0,,,,,,,,True
d9a7ca8e,T Chopel,Bhutan,1,0,1,0.0,0.0,0,0,10,tail,15.9,17.0,10.3,13.6,D,C,C,D,Utility Player,1.0,1.0,,,,,,,,,-1.06,0.0,,,1,,,,,,,,True
90f9aedf,RGA Amah,Cameroon,10,119,166,71.69,11.9,10,1,4,upper_middle,15.9,8.7,24.5,18.8,C,C,D,C,Utility Player,5.1,0.31,,,,,,0.24,0.23,-0.04,-0.23,0.45,0.04,-0.16,9,-0.35,-1.4,0.23,0.7,-0.15,Tough-Track Star,-0.21,False
0a4ebc61,T Henderson,South Africa,1,0,2,0.0,0.0,0,0,9,lower_order,15.9,19.5,14.2,15.9,C,C,C,D,Utility Player,2.0,1.0,,,,,,,,,-0.94,0.0,,,0,,,,,,,,True
0226b73a,Imran Haider,United Arab Emirates,2,4,8,50.0,4.0,0,0,10,tail,15.9,15.9,26.0,20.5,C,C,C,C,Utility Player,4.0,1.0,,,,,,,,,-0.7,0.18,,,0,,,,,,,,True
67d40eaa,D Bourne,Turks and Caicos Island,1,3,6,50.0,3.0,0,0,10,tail,15.8,16.3,16.9,16.4,C,C,C,C,Utility Player,6.0,1.0,,,,,,,,,-0.65,0.08,,,1,,,,,,,,True
e454c356,T Singye,Bhutan,2,17,25,68.0,8.5,2,0,6,lower_middle,15.8,17.0,19.9,18.0,C,C,C,C,Utility Player,11.0,0.88,,,,,,,,,-0.42,0.04,,,1,,-1.79,0.0,0.29,,,,True
e6127436,S Cotter,Samoa,13,212,210,100.95,17.67,24,3,1,top_order,15.8,9.9,25.7,20.1,C,C,D,C,Utility Player,8.92,0.55,1.1,,1.1,,,0.43,0.86,0.19,-0.31,0.5,0.04,0.8,11,0.2,-1.21,0.25,0.68,-0.37,Tough-Track Star,-0.47,False
ff13b10c,Mohamed Shafeeq,Kuwait,11,27,29,93.1,2.7,3,0,10,tail,15.8,23.2,3.7,11.9,D,C,C,D,Utility Player,2.09,0.79,,,,,,0.31,0.62,-0.04,-0.36,0.41,0.04,,4,,-2.37,0.0,1.0,0.24,Flat-Track Bully,0.67,False
bdadf7da,JL Denly,England,12,125,118,105.93,12.5,15,1,5,upper_middle,15.8,7.5,27.0,19.6,C,C,D,C,Utility Player,6.17,0.63,,,,0.04,-0.04,0.19,0.41,-0.01,-0.39,0.38,0.03,,3,,-0.95,0.33,0.65,-0.01,Conditions-Proof,0.29,False
2f28dc94,RAS Lakmal,Sri Lanka,5,7,11,63.64,2.33,1,0,10,tail,15.8,17.5,10.8,13.9,D,C,C,D,Utility Player,1.4,0.64,,,,,,,,,-0.6,0.21,,,3,,,,,,,,True
f55c526f,T Maruma,Zimbabwe,9,86,88,97.73,14.33,5,4,7,lower_middle,15.8,17.4,37.0,26.2,C,C,C,C+,Utility Player,6.67,0.68,,,,,,,,-0.22,-0.33,0.5,,,4,,-1.41,0.0,0.42,,,,True
31ca7a9c,Ethan D'Souza,United Arab Emirates,7,107,101,105.94,15.29,10,1,3,top_order,15.8,10.0,38.5,25.5,C,C,D,C+,Utility Player,4.29,0.3,,,,,,,,0.74,-0.27,0.38,,,4,,-1.01,0.3,0.63,,,,True
20d948ae,B Maphosa,Botswana,4,30,39,76.92,15.0,0,1,8,lower_order,15.8,8.9,42.6,27.0,C,C,D,C+,Utility Player,7.5,0.77,,,,,,,,,-0.29,0.52,,,2,,-0.97,0.0,0.29,,,,True
6bfa638b,Ahmad Raza,Saudi Arabia,2,2,4,50.0,2.0,0,0,11,tail,15.8,15.5,19.5,17.4,C,C,C,C,Utility Player,2.0,1.0,,,,,,,,,-0.66,0.13,,,1,,,,,,,,True
63b1093f,N Ndzeute,Mozambique,1,1,2,50.0,1.0,0,0,11,tail,15.8,15.2,16.7,16.1,C,C,C,C,Utility Player,2.0,1.0,,,,,,,,,-0.6,0.09,,,1,,,,,,,,True
5ce3fe3f,N Nankov,Bulgaria,1,1,5,20.0,1.0,0,0,10,tail,15.8,17.3,12.1,14.4,D,C,C,D,Utility Player,5.0,1.0,,,,,,,,,-0.76,0.02,,,0,,,,,,,,True
d0111079,IGTR Kumara,Maldives,1,3,12,25.0,3.0,0,0,2,top_order,15.7,14.2,16.1,15.6,C,C,D,C,Utility Player,12.0,1.0,,,,,,,,,-0.8,0.0,,,0,,-4.05,0.0,1.0,,,,True
60bb8160,RHO Saunders,Norway,2,15,23,65.22,7.5,2,0,7,lower_middle,15.7,17.2,9.2,13.2,D,C,C,D,Utility Player,11.5,1.0,,,,,,,,,-0.68,0.02,,,2,,-1.86,0.0,0.29,,,,True
a1aeb715,J Hurley,Argentina,1,0,1,0.0,0.0,0,0,11,tail,15.7,17.8,12.5,14.7,D,C,C,D,Utility Player,1.0,1.0,,,,,,,,,-1.0,0.0,,,1,,,,,,,,True
06907633,AR Nair,Bahamas,2,1,2,50.0,0.5,0,0,11,tail,15.7,14.8,8.8,12.4,D,C,D,D,Utility Player,0.5,0.5,,,,,,,,,-0.63,0.06,,,1,,,,,,,,True
977b841a,SSJ Brooks,West Indies,12,218,212,102.83,19.82,15,11,2,top_order,15.7,48.1,37.9,33.4,C+,C,B,C+,Utility Player,6.08,0.34,1.08,,1.08,,,0.27,0.39,-0.25,-0.29,0.63,0.05,-0.2,6,0.07,-1.13,0.14,0.72,0.2,Conditions-Proof,,False
74d82e24,SKR Mallidi,Sweden,2,13,20,65.0,6.5,0,1,5,upper_middle,15.7,13.5,9.3,12.5,D,C,D,D,Utility Player,10.0,1.0,,,,,,,,,-0.72,0.0,,,2,,-2.3,0.0,1.0,,,,True
dd14abf5,R Sakurano-Thomas,Japan,24,235,250,94.0,13.06,11,2,8,lower_order,15.7,7.1,41.4,26.2,C,C,D,C+,Utility Player,4.04,0.39,,,,,,0.35,0.5,0.17,-0.2,0.97,0.04,-0.07,16,-0.14,-1.32,0.16,0.75,0.3,Flat-Track Bully,0.68,False
fd3c5c00,AAA Patel,Lesotho,4,32,31,103.23,8.0,4,1,8,lower_order,15.6,25.2,4.1,12.5,D,C,C,D,Utility Player,2.75,0.35,,,,,,,,,-0.5,0.2,,,4,,-0.36,0.0,1.0,,,,True
5b8fffb4,GD Drummond,Scotland,3,38,48,79.17,12.67,3,0,7,lower_middle,15.6,15.6,27.4,21.3,C,C,C,C,Utility Player,3.33,0.21,,,,,,,,,-0.49,0.11,,,3,,-0.89,0.0,0.57,,,,True
80b544e7,V Hettiarachchi,Estonia,1,1,2,50.0,1.0,0,0,8,lower_order,15.6,14.4,14.7,15.0,C,C,D,D,Utility Player,2.0,1.0,,,,,,,,,-0.72,0.0,,,1,,,,,,,,True
89e17934,Ali Waqar,Czech Republic,3,23,30,76.67,7.67,2,0,7,lower_middle,15.6,17.1,17.4,16.8,C,C,C,C,Utility Player,6.0,0.6,,,,,,,,,-0.42,0.17,,,2,,,,,,,,True
2b8123ff,Muhammad Tahir,Greece,1,3,10,30.0,3.0,0,0,8,lower_order,15.6,19.6,18.6,17.8,C,C,C,C,Utility Player,1.0,0.1,,,,,,,,,-0.75,0.0,,,1,,-2.22,0.0,1.0,,,,True
9c48bdee,H Khuttan,Portugal,1,1,2,50.0,1.0,0,0,6,lower_middle,15.6,14.2,14.6,14.9,D,C,D,D,Utility Player,2.0,1.0,,,,,,,,,-0.63,0.0,,,0,,,,,,,,True
090f96e4,Muhammad Nadir,Rwanda,28,148,197,75.13,8.22,10,5,9,lower_order,15.6,8.2,11.0,12.3,D,C,D,D,Utility Player,5.39,0.77,,,,-0.69,0.69,0.41,1.49,0.36,-0.25,0.68,0.02,0.14,20,0.06,-2.34,0.0,0.72,-0.4,Tough-Track Star,-0.42,False
98ecf62a,HH Dippenaar,South Africa,1,1,5,20.0,1.0,0,0,2,top_order,15.6,15.2,16.1,15.7,C,C,C,C,Utility Player,5.0,1.0,,,,,,,,,-0.76,0.0,,,1,,,,,,,,True
7e64e33f,L Smith,France,3,16,22,72.73,5.33,2,0,7,lower_middle,15.6,14.9,8.9,12.5,D,C,D,D,Utility Player,5.0,0.68,,,,,,,,,-0.41,0.08,,,0,,-3.87,0.0,1.0,,,,True
e1846e12,T Mpatane,Botswana,1,0,1,0.0,0.0,0,0,11,tail,15.5,18.5,13.6,15.2,C,C,C,D,Utility Player,1.0,1.0,,,,,,,,,-1.02,0.0,,,1,,,,,,,,True
d365d463,Nurul Hasan,Bangladesh,46,494,428,115.42,15.94,27,19,7,lower_middle,15.5,10.0,63.3,37.0,C+,C,D,B+,Utility Player,5.15,0.55,0.0,,0.0,-0.07,0.07,0.49,0.92,0.13,-0.25,1.15,0.02,-0.72,15,-0.28,-0.88,0.26,0.78,-0.01,Conditions-Proof,-0.07,False
4c4fa80b,SMSM Senanayake,Sri Lanka,11,56,66,84.85,9.33,3,1,9,lower_order,15.5,9.1,43.5,27.1,C,C,D,C+,Utility Player,4.36,0.73,,,,,,0.32,0.77,0.15,-0.35,0.65,0.06,-0.97,7,-0.49,-2.11,0.0,0.29,-0.23,Tough-Track Star,-0.38,False
4ae44aec,G Singhdeo,Costa Rica,4,20,28,71.43,5.0,3,0,1,top_order,15.5,17.7,5.5,11.5,D,C,C,D,Utility Player,1.5,0.21,,,,,,,,,0.01,0.19,,,0,,-1.75,0.0,1.0,,,,True
872d51a6,P Gopalkrishnan,Qatar,1,0,2,0.0,0.0,0,0,9,lower_order,15.5,17.4,9.4,13.1,D,C,C,D,Utility Player,2.0,1.0,,,,,,,,,-1.0,0.0,,,0,,,,,,,,True
e1bd3e2e,Kaung Htet Kyaw,Myanmar,2,4,10,40.0,2.0,0,0,11,tail,15.5,13.7,12.6,13.8,D,C,D,D,Utility Player,4.5,0.9,,,,,,,,,-0.57,0.11,,,0,,,,,,,,True
fc75bbba,M Cohen,Israel,2,33,31,106.45,16.5,3,1,5,upper_middle,15.5,20.3,26.5,22.1,C,C,C,C,Utility Player,8.0,0.52,,,,,,,,,-0.38,0.11,,,2,,-1.97,0.0,0.29,,,,True
9dad0f2e,Mahedi Hasan,Bangladesh,43,408,402,101.49,12.75,29,14,8,lower_order,15.5,40.2,32.4,28.8,C,C,C+,C+,Utility Player,5.91,0.63,,,,0.04,-0.04,0.39,0.71,0.24,-0.33,1.03,0.02,-0.39,14,-0.31,-1.39,0.07,0.75,-0.32,Tough-Track Star,-0.43,False
4631be71,M Charlie,Papua New Guinea,1,0,2,0.0,0.0,0,0,9,lower_order,15.5,18.4,10.5,13.8,D,C,C,D,Utility Player,2.0,1.0,,,,,,,,,-1.09,0.0,,,0,,,,,,,,True
a049c39b,Tariq Aziz,Portugal,3,27,36,75.0,9.0,1,1,3,top_order,15.4,16.1,7.4,12.1,D,C,C,D,Utility Player,0.33,0.03,,,,,,,,,-0.42,0.05,,,0,,-1.25,0.33,0.5,,,,True
ec064d97,A Dowling,Bulgaria,1,2,3,66.67,2.0,0,0,9,lower_order,15.4,14.1,16.9,15.8,C,C,D,C,Utility Player,3.0,1.0,,,,,,,,,-0.55,0.05,,,1,,,,,,,,True
f0f20cf8,Ibrahim Kursad Dalyan,Turkey,3,9,14,64.29,4.5,1,0,11,tail,15.4,20.7,22.4,19.7,C,C,C,C,Utility Player,1.67,0.36,,,,,,,,,-0.4,0.36,,,3,,-1.37,0.0,1.0,,,,True
34b8b1b5,Mohammed Awais,Qatar,3,11,16,68.75,3.67,1,0,9,lower_order,15.4,18.1,14.8,15.7,C,C,C,D,Utility Player,5.33,1.0,,,,,,,,,-0.42,0.11,,,2,,-1.97,0.0,1.0,,,,True
f0db5e13,P Baghel,Czech Republic,3,41,53,77.36,13.67,7,0,6,lower_middle,15.4,27.5,15.0,18.1,C,C,C,C,Utility Player,1.67,0.09,,,,,,,,,-0.5,0.1,,,2,,-1.31,0.0,0.56,,,,True
ab343e93,P Kerai,Kenya,1,0,1,0.0,0.0,0,0,11,tail,15.4,19.1,12.8,15.0,C,C,C,D,Utility Player,1.0,1.0,,,,,,,,,-1.02,0.0,,,1,,,,,,,,True
13bc54a8,U Aryaman Sunil,Singapore,21,191,152,125.66,11.94,11,12,7,lower_middle,15.4,37.4,12.9,19.2,C,C,C+,D,Utility Player,3.52,0.49,,,,0.01,-0.01,0.49,1.18,0.04,-0.3,0.68,0.03,-0.31,12,-0.23,-1.12,0.11,0.7,-0.08,Conditions-Proof,-0.15,False
2306b48a,Kuldeep Gurjar,South Korea,8,49,79,62.03,6.12,0,3,7,lower_middle,15.3,8.3,4.6,9.2,D,C,D,D,Utility Player,6.0,0.61,,,,,,,,-0.22,-0.44,0.2,,-0.95,5,-0.46,-1.94,0.17,0.68,,,,True
7adc2d68,Yash Singh,Malta,1,3,12,25.0,3.0,0,0,9,lower_order,15.3,15.1,13.2,14.3,D,C,C,D,Utility Player,12.0,1.0,,,,,,,,,-0.76,0.0,,,1,,,,,,,,True
492ff0c2,R Mondol,Bangladesh,1,0,7,0.0,0.0,0,0,10,tail,15.3,20.4,17.4,17.3,C,C,C,C,Utility Player,7.0,1.0,,,,,,,,,-0.96,0.0,,,0,,,,,,,,True
5c124657,Irfan Ahmed,Hong Kong,6,60,71,84.51,10.0,4,4,1,top_order,15.3,19.7,4.7,11.7,D,C,C,D,Utility Player,3.67,0.31,,,,,,,,,-0.35,0.16,,,4,,-1.58,0.2,0.58,,,,True
cfbd3998,Naseem Khan,Croatia,5,49,56,87.5,9.8,5,2,2,top_order,15.3,23.5,6.2,13.1,D,C,C,D,Utility Player,2.0,0.18,,,,,,,,,-0.3,0.25,,,1,,-1.22,0.0,0.54,,,,True
91cf746e,Absar Khan,Denmark,2,6,9,66.67,6.0,0,0,9,lower_order,15.3,14.4,30.1,21.8,C,C,D,C+,Utility Player,4.5,1.0,,,,,,,,,-0.41,0.27,,,2,,,,,,,,True
a9a4df9f,JO Ngoche,Kenya,2,3,16,18.75,3.0,0,0,11,tail,15.3,16.5,25.5,20.1,C,C,C,C,Utility Player,1.0,0.12,,,,,,,,,-0.69,0.17,,,1,,-3.42,0.0,0.29,,,,True
3a7ea906,VJ Kingma,Netherlands,5,9,17,52.94,3.0,0,0,11,tail,15.3,10.0,26.1,19.1,C,C,D,C,Utility Player,3.4,1.0,,,,,,,,,-0.52,0.38,,,3,,-2.36,0.0,1.0,,,,True
9a54c30a,Mirza Ahmed,Kuwait,2,1,2,50.0,1.0,0,0,11,tail,15.3,15.4,16.2,15.7,C,C,C,C,Utility Player,0.5,0.5,,,,,,,,,-0.68,0.08,,,1,,,,,,,,True
4b2d6789,TS Chisoro,Zimbabwe,6,33,40,82.5,11.0,1,2,8,lower_order,15.3,19.8,37.6,26.5,C,C,C,C+,Utility Player,5.17,0.78,,,,,,,,,-0.45,0.46,,,3,,,,,,,,True
da3b91fd,Imran Khan,Bahrain,12,10,20,50.0,1.25,0,0,10,tail,15.2,4.2,22.0,16.1,C,C,D,C,Utility Player,1.42,0.85,,,,0.18,-0.18,0.11,0.23,0.15,-0.27,0.6,0.05,0.27,6,0.32,,,,-0.23,Tough-Track Star,-0.29,False
6cd3a166,B Williams,Sierra Leone,1,1,3,33.33,1.0,0,0,11,tail,15.2,16.6,15.8,15.8,C,C,C,C,Utility Player,3.0,1.0,,,,,,,,,-0.69,0.06,,,0,,,,,,,,True
ee86a890,Rameez Khan,Romania,8,55,51,107.84,9.17,4,3,7,lower_middle,15.2,11.1,2.8,9.0,D,C,D,D,Utility Player,1.62,0.25,,,,,,,,0.67,-0.46,0.21,,,4,,-1.12,0.33,0.48,,,,True
7c38942a,Zahir Mohammed,Hungary,28,365,265,137.74,13.04,29,22,3,top_order,15.2,41.1,1.4,14.9,D,C,C+,D,Utility Player,4.29,0.45,1.45,,1.45,0.43,-0.43,0.71,1.36,0.16,-0.29,0.75,0.03,0.27,13,0.09,-0.56,0.38,0.68,-0.16,Conditions-Proof,-0.02,False
928670cc,BJ Watling,New Zealand,4,38,58,65.52,9.5,3,0,7,lower_middle,15.2,14.9,21.8,18.3,C,C,D,C,Utility Player,14.5,1.0,,,,,,,,,-0.41,0.11,,,2,,-1.7,0.0,0.61,,,,True
dce01d1e,Zahid Abbas,Kenya,2,11,15,73.33,5.5,1,0,5,upper_middle,15.2,17.0,19.6,17.6,C,C,C,C,Utility Player,7.5,1.0,,,,,,,,,-0.48,0.04,,,0,,,,,,,,True
4cc59a40,Said Hakim,Belgium,1,6,12,50.0,6.0,0,0,1,top_order,15.2,14.4,19.3,16.9,C,C,D,C,Utility Player,12.0,1.0,,,,,,,,,-0.43,0.06,,,0,,-1.95,0.0,1.0,,,,True
b17d629e,Shadnan Khan,Austria,1,3,4,75.0,3.0,0,0,7,lower_middle,15.2,13.6,16.6,15.5,C,C,D,C,Utility Player,4.0,1.0,,,,,,,,,-0.5,0.0,,,1,,,,,,,,True
e1481606,JM Polarouthu,Hungary,3,38,41,92.68,38.0,1,1,8,lower_order,15.2,8.0,45.1,32.3,C+,C,D,B,Utility Player,13.67,1.0,,,,,,,,,-0.37,0.77,,,1,,-1.2,0.0,0.48,,,,True
219a417a,Assad Borham,Qatar,3,11,19,57.89,5.5,1,0,6,lower_middle,15.1,12.9,9.7,12.3,D,C,D,D,Utility Player,6.33,1.0,,,,,,,,,-0.62,0.03,,,1,,,,,,,,True
b794a78d,T Sandeep,Eswatini,10,174,177,98.31,21.75,23,1,1,top_order,15.1,7.7,43.4,27.8,C,C,D,C+,Utility Player,9.7,0.55,2.54,,2.54,,,0.47,0.57,0.03,-0.28,0.63,0.06,,10,-0.25,-1.23,0.15,0.73,-0.8,Tough-Track Star,-1.04,False
2af28253,Vraj Patel,Kenya,6,10,16,62.5,5.0,0,0,11,tail,15.1,9.1,24.4,18.1,C,C,D,C,Utility Player,1.83,0.69,,,,,,,,0.14,-0.42,0.4,,,4,,,,,,,,True
d92d4f5e,Choudhry Md Imran,Saudi Arabia,2,2,3,66.67,1.0,0,0,5,upper_middle,15.1,10.9,6.4,10.4,D,C,D,D,Utility Player,0.5,0.33,,,,,,,,,-0.6,0.0,,,0,,,,,,,,True
00755e00,S Delai,Fiji,1,16,29,55.17,16.0,3,0,2,top_order,15.1,23.8,23.1,21.0,C,C,C,C,Utility Player,0.0,0.0,,,,,,,,,-0.57,0.05,,,1,,-1.97,0.0,1.0,,,,True
657c4b12,M Altankhuyag,Mongolia,1,0,9,0.0,0.0,0,0,8,lower_order,15.1,17.5,10.8,13.6,D,C,C,D,Utility Player,9.0,1.0,,,,,,,,,-0.96,0.0,,,1,,,,,,,,True
469ea22b,KMDN Kulasekara,Sri Lanka,29,196,178,110.11,9.33,14,5,8,lower_order,15.1,21.2,39.7,27.8,C,C,C,C+,Utility Player,4.31,0.7,,,,-0.04,0.04,0.3,0.94,0.04,-0.33,0.94,0.03,0.46,11,0.12,-0.41,0.44,0.67,0.15,Conditions-Proof,0.23,False
6892f9c3,Waji Ul Hassan,Saudi Arabia,28,571,470,121.49,24.83,40,22,4,upper_middle,15.1,18.2,57.7,37.1,C+,C,C,B,Utility Player,8.0,0.48,1.43,3.02,1.9,-0.38,0.38,0.64,2.01,0.1,-0.35,1.06,0.04,0.19,9,-0.07,-0.67,0.18,0.8,-0.12,Conditions-Proof,0.11,False
68be5567,JS Jesani,Kenya,1,1,5,20.0,1.0,0,0,2,top_order,15.1,15.2,15.5,15.3,C,C,C,C,Utility Player,5.0,1.0,,,,,,,,,-0.84,0.0,,,0,,,,,,,,True
da738783,FN Walsh,Philippines,2,4,7,57.14,4.0,0,0,9,lower_order,15.1,12.9,19.7,16.8,C,C,D,C,Utility Player,3.5,1.0,,,,,,,,,-0.64,0.1,,,1,,,,,,,,True
defd49f6,AK Mandal,Nepal,1,2,9,22.22,2.0,0,0,2,top_order,15.1,16.6,17.0,16.3,C,C,C,C,Utility Player,0.0,0.0,,,,,,,,,-0.83,0.0,,,1,,-3.74,0.0,1.0,,,,True
f2c0c73d,R Parkin,Estonia,2,4,4,100.0,2.0,1,0,10,tail,15.1,21.6,8.5,13.4,D,C,C,D,Utility Player,0.5,0.25,,,,,,,,,-0.49,0.2,,,1,,,,,,,,True
1f3e41fe,A Rajshekara,Romania,7,106,110,96.36,21.2,9,4,2,top_order,15.1,14.9,25.7,21.1,C,C,D,C,Utility Player,9.29,0.59,1.33,,1.33,,,,,-0.17,-0.31,0.33,,,4,,-0.83,0.17,0.62,,,,True
740a5494,B Leo,St Helena,1,0,1,0.0,0.0,0,0,10,tail,15.1,17.3,9.4,13.0,D,C,C,D,Utility Player,1.0,1.0,,,,,,,,,-1.16,0.0,,,1,,,,,,,,True
2e3dc859,YYM Jakda,Lesotho,7,22,19,115.79,3.14,1,2,6,lower_middle,15.1,24.9,0.7,10.6,D,C,C,D,Utility Player,1.29,0.47,,,,,,,,-0.38,-0.28,0.36,,,7,-0.27,-1.13,0.0,1.0,,,,True
02fa5417,R Vishwanath,Luxembourg,1,2,3,66.67,2.0,0,0,7,lower_middle,15.1,14.0,20.7,17.4,C,C,D,C,Utility Player,3.0,1.0,,,,,,,,,-0.53,0.08,,,1,,,,,,,,True
65a60be7,V Ateak,Ghana,2,6,15,40.0,6.0,0,0,7,lower_middle,15.1,12.8,13.6,14.0,D,C,D,D,Utility Player,7.5,1.0,,,,,,,,,-0.7,0.0,,,2,,-2.63,0.0,0.29,,,,True
9211d267,Rafatullah Mohmand,Pakistan,3,39,45,86.67,13.0,4,0,2,top_order,15.1,13.7,15.7,15.5,C,C,D,C,Utility Player,2.67,0.18,,,,,,,,,-0.57,0.0,,,0,,-0.96,0.0,0.61,,,,True
019d7ef5,Mohamed Turay,Sierra Leone,7,16,22,72.73,5.33,1,0,11,tail,15.1,10.0,29.5,20.6,C,C,D,C,Utility Player,2.29,0.73,,,,,,,,0.0,-0.34,0.66,,,4,,,,,,,,True
321fcf79,S Singh,Portugal,1,0,9,0.0,0.0,0,0,9,lower_order,15.1,17.3,12.9,14.6,D,C,C,D,Utility Player,9.0,1.0,,,,,,,,,-1.08,0.0,,,1,,,,,,,,True
69362253,RN Lewis,West Indies,1,0,4,0.0,0.0,0,0,7,lower_middle,15.1,18.1,11.0,13.9,D,C,C,D,Utility Player,4.0,1.0,,,,,,,,,-0.94,0.0,,,0,,,,,,,,True
f4a2d087,Bukhar Illikkal,Qatar,4,32,32,100.0,8.0,2,1,9,lower_order,15.0,18.6,30.9,23.0,C,C,C,C+,Utility Player,2.75,0.34,,,,,,,,,-0.37,0.37,,,2,,-0.72,0.0,1.0,,,,True
0996f198,Luka Woods,Serbia,5,82,78,105.13,16.4,4,6,3,top_order,15.0,31.6,21.2,21.8,C,C,C+,C,Utility Player,7.0,0.45,,,,,,,,,-0.26,0.35,,,3,,-1.18,0.2,0.61,,,,True
9c33091b,SL Perera,Ghana,2,10,23,43.48,5.0,0,0,6,lower_middle,15.0,13.1,13.7,14.1,D,C,D,D,Utility Player,10.5,0.91,,,,,,,,,-0.6,0.0,,,2,,-1.86,0.0,1.0,,,,True
7b953689,MP Kuhnemann,Australia,3,7,13,53.85,2.33,0,0,10,tail,15.0,13.6,12.2,13.5,D,C,D,D,Utility Player,4.33,1.0,,,,,,,,,-0.68,0.02,,,3,,,,,,,,True
d85d52c2,M Dixit,Luxembourg,11,78,72,108.33,8.67,3,2,9,lower_order,15.0,9.1,17.4,15.1,C,C,D,C,Utility Player,5.91,0.9,,,,-0.0,0.0,0.07,0.16,-0.73,-0.44,0.52,0.05,-0.08,7,-0.2,-0.87,0.2,0.62,0.42,Flat-Track Bully,0.31,False
0f9c9d1d,DC Delany,Ireland,1,0,1,0.0,0.0,0,0,10,tail,15.0,18.3,14.1,15.3,C,C,C,D,Utility Player,1.0,1.0,,,,,,,,,-1.07,0.0,,,1,,,,,,,,True
20494202,V Hristov,Bulgaria,2,7,11,63.64,3.5,0,0,6,lower_middle,15.0,10.0,7.8,10.8,D,C,D,D,Utility Player,2.0,0.36,,,,,,,,,-0.47,0.03,,,1,,,,,,,,True
71ad618b,Saqlain Arshad,Qatar,35,589,464,126.94,17.85,73,17,1,top_order,15.0,47.7,36.8,32.6,C+,C,B,C+,Utility Player,4.11,0.31,0.82,,0.82,0.06,-0.06,0.38,1.06,0.27,-0.26,0.99,0.03,0.21,15,0.12,-0.67,0.29,0.75,-0.22,Tough-Track Star,-0.27,False
febfa931,Nader Zahadiafzal,Iran,1,0,3,0.0,0.0,0,0,8,lower_order,14.9,17.2,10.0,13.2,D,D,C,D,Utility Player,3.0,1.0,,,,,,,,,-0.99,0.0,,,0,,,,,,,,True
aeb893b4,GG Banner,Belize,11,91,98,92.86,8.27,8,4,10,tail,14.9,26.7,9.5,15.1,C,D,C,D,Utility Player,3.36,0.38,,,,,,0.27,0.91,-0.15,-0.41,0.56,0.05,,11,-0.33,-1.86,0.2,0.61,-0.2,Tough-Track Star,-0.73,False
441c1b67,Uzair Amir,Qatar,2,10,14,71.43,5.0,0,0,8,lower_order,14.9,16.1,17.2,16.2,C,D,C,C,Utility Player,7.0,1.0,,,,,,,,,-0.63,0.0,,,1,,-2.41,0.0,1.0,,,,True
33ab1f1c,B Khumalo,Botswana,8,22,35,62.86,7.33,1,0,11,tail,14.9,9.6,32.5,21.9,C,D,D,C+,Utility Player,3.75,0.86,,,,,,,,-0.44,-0.43,0.63,,0.27,6,0.51,-2.33,0.0,0.49,,,,True
e0672ff4,RR Behera,United States of America,2,16,27,59.26,8.0,1,0,1,top_order,14.9,11.1,12.0,13.0,D,D,D,D,Utility Player,13.5,1.0,,,,,,,,,-0.69,0.0,,,0,,-2.71,0.0,0.29,,,,True
279c51f0,Aakash Chand,Nepal,2,2,6,33.33,2.0,0,0,11,tail,14.9,14.3,15.3,15.0,C,D,D,C,Utility Player,3.0,1.0,,,,,,,,,-0.85,0.02,,,2,,,,,,,,True
adca37a2,Jaspal Singh,Malta,34,509,466,109.23,18.85,40,23,4,upper_middle,14.9,45.8,31.8,30.0,C+,D,B,C+,Utility Player,7.35,0.54,1.88,,1.88,-0.25,0.25,0.4,0.69,0.0,-0.32,1.08,0.03,0.28,10,-0.0,-1.19,0.18,0.79,-0.07,Conditions-Proof,-0.22,False
79f8472d,Mohammad Mohsin,United States of America,3,9,11,81.82,4.5,1,0,8,lower_order,14.9,18.4,18.9,17.4,C,D,C,C,Utility Player,3.67,1.0,,,,,,,,,-0.5,0.1,,,2,,,,,,,,True
6798b28e,Sumit Singh,Finland,1,2,7,28.57,2.0,0,0,10,tail,14.9,17.3,15.3,15.6,C,D,C,C,Utility Player,1.0,0.14,,,,,,,,,-0.69,0.0,,,0,,,,,,,,True
5f5e0c8c,ML Udawatte,Sri Lanka,7,71,72,98.61,10.14,8,1,2,top_order,14.9,11.3,8.8,11.7,D,D,D,D,Utility Player,5.0,0.49,,,,,,,,,-0.37,0.11,,,1,,-1.88,0.17,0.62,,,,True
7d7ab238,MR Gillespie,New Zealand,6,21,29,72.41,10.5,0,0,10,tail,14.9,8.7,45.1,27.5,C,D,D,B,Utility Player,4.5,0.93,,,,,,,,,-0.47,0.55,,,1,,,,,,,,True
5af743d0,Sohail Khan,Pakistan,1,1,1,100.0,1.0,0,0,7,lower_middle,14.9,12.1,20.0,16.6,C,D,D,C,Utility Player,1.0,1.0,,,,,,,,,-0.29,0.16,,,0,,,,,,,,True
de063a39,LD Madushanka,Sri Lanka,3,22,29,75.86,7.33,1,0,5,upper_middle,14.9,9.4,11.9,12.6,D,D,D,D,Utility Player,7.33,0.76,,,,,,,,,-0.57,0.0,,,0,,-1.69,0.0,0.29,,,,True
86ac0262,S Mills,Isle of Man,1,1,3,33.33,1.0,0,0,9,lower_order,14.9,15.9,16.9,16.0,C,D,C,C,Utility Player,3.0,1.0,,,,,,,,,-0.78,0.0,,,0,,,,,,,,True
8c2aa0f9,PKD Chase,Ireland,2,2,9,22.22,2.0,0,0,11,tail,14.8,16.3,23.7,19.1,C,D,C,C,Utility Player,4.5,1.0,,,,,,,,,-0.87,0.12,,,2,,-2.44,0.0,1.0,,,,True
d504bc4c,C Brown,Belize,4,46,61,75.41,11.5,6,0,5,upper_middle,14.8,15.6,12.9,14.4,D,D,C,D,Utility Player,4.0,0.26,,,,,,,,,-0.49,0.06,,,4,,-0.59,0.4,0.57,,,,True
98e3f1de,S Burdekin,Cyprus,14,191,180,106.11,14.69,16,8,1,top_order,14.8,16.2,9.2,13.2,D,D,C,D,Utility Player,8.43,0.66,1.32,,1.32,-0.0,0.0,0.42,0.62,-0.17,-0.36,0.42,0.03,-0.37,5,-0.0,-1.43,0.13,0.7,0.05,Conditions-Proof,-0.16,False
a7de8e39,F Thorpe,Gambia,1,0,1,0.0,0.0,0,0,9,lower_order,14.8,17.0,9.9,13.0,D,D,C,D,Utility Player,1.0,1.0,,,,,,,,,-1.05,0.0,,,1,,,,,,,,True
41eb66fd,Muhammad Younis,Bahrain,11,147,139,105.76,13.36,15,5,1,top_order,14.8,10.4,14.1,14.2,D,D,D,D,Utility Player,5.91,0.47,,,,0.05,-0.05,0.39,1.42,0.38,-0.32,0.3,0.03,0.59,9,0.24,-1.18,0.09,0.71,-0.29,Tough-Track Star,-0.51,False
414d8a10,J Miyaji,Uganda,27,233,218,106.88,10.59,5,14,7,lower_middle,14.8,13.1,24.1,19.1,C,D,D,C,Utility Player,3.81,0.47,,,,0.07,-0.07,0.56,1.17,0.3,-0.17,0.74,0.03,-1.5,9,-0.74,-1.18,0.1,0.71,0.1,Conditions-Proof,-0.18,False
3b1fa4cb,DO Christian,West Indies,1,0,2,0.0,0.0,0,0,8,lower_order,14.8,18.7,13.6,15.0,C,D,C,D,Utility Player,2.0,1.0,,,,,,,,,-0.96,0.0,,,0,,,,,,,,True
8187519b,GM Hamilton,Scotland,4,19,24,79.17,4.75,2,0,5,upper_middle,14.8,18.7,10.1,13.5,D,D,C,D,Utility Player,4.5,0.75,,,,,,,,,-0.2,0.1,,,4,,-3.05,0.0,1.0,,,,True
3c5df172,JKC Ahir,Panama,2,20,50,40.0,10.0,1,0,6,lower_middle,14.8,16.5,28.2,21.4,C,D,C,C,Utility Player,18.0,0.72,,,,,,,,,-0.66,0.16,,,2,,-2.25,0.0,0.56,,,,True
34b332d3,DC Drakes,West Indies,5,15,19,78.95,3.0,3,0,8,lower_order,14.8,29.8,3.6,12.8,D,D,C,D,Utility Player,3.8,1.0,,,,,,,,,-0.47,0.24,,,5,-0.52,,,,,,,True
c4a60a7b,Mohammad Ayaz,United Arab Emirates,1,0,2,0.0,0.0,0,0,11,tail,14.8,17.4,12.6,14.3,D,D,C,D,Utility Player,2.0,1.0,,,,,,,,,-0.99,0.0,,,0,,,,,,,,True
76917ef1,JB Richards,Botswana,2,8,15,53.33,8.0,0,0,8,lower_order,14.7,18.9,35.3,24.9,C,D,C,C+,Utility Player,7.5,1.0,,,,,,,,,-0.61,0.41,,,2,,-1.97,0.0,1.0,,,,True
2c54c49b,MJ Humphreys,Ireland,6,12,16,75.0,3.0,1,0,9,lower_order,14.7,10.6,10.9,12.2,D,D,D,D,Utility Player,2.0,0.75,,,,,,,,,-0.56,0.16,,,2,,,,,,,,True
c4d28aa3,MS Aulakh,Canada,1,0,2,0.0,0.0,0,0,11,tail,14.7,17.7,12.5,14.3,D,D,C,D,Utility Player,2.0,1.0,,,,,,,,,-1.0,0.0,,,1,,,,,,,,True
58431ca0,MADI Hemantha,Sri Lanka,5,29,34,85.29,7.25,2,0,8,lower_order,14.7,14.5,21.9,18.0,C,D,D,C,Utility Player,4.6,0.68,,,,,,,,,-0.46,0.24,,,2,,,,,,,,True
d24ad3e5,Danish Jasnaik,Bahrain,3,6,13,46.15,2.0,0,0,8,lower_order,14.7,10.0,10.0,11.7,D,D,D,D,Utility Player,4.33,1.0,,,,,,,,,-0.57,0.03,,,2,,,,,,,,True
5b351aff,Pratik Singh Bais,Mexico,10,30,50,60.0,10.0,0,0,11,tail,14.7,6.4,37.9,23.7,C,D,D,C+,Utility Player,1.6,0.32,,,,-0.13,0.13,0.2,0.22,0.25,-0.23,0.91,0.09,0.17,8,0.01,-0.85,0.0,1.0,0.14,Conditions-Proof,,False
6876264c,Santiago Duggan,Argentina,1,1,3,33.33,1.0,0,0,11,tail,14.7,16.0,15.3,15.2,C,D,C,C,Utility Player,3.0,1.0,,,,,,,,,-0.79,0.06,,,1,,,,,,,,True
9d6cba1d,TJ Ramphoma,Lesotho,2,5,8,62.5,2.5,0,0,11,tail,14.7,13.0,9.3,11.9,D,D,D,D,Utility Player,1.0,0.25,,,,,,,,,-0.76,0.06,,,2,,,,,,,,True
a8ffa2da,Sajid Safi,Belgium,1,1,3,33.33,1.0,0,0,9,lower_order,14.7,15.6,15.4,15.2,C,D,C,C,Utility Player,3.0,1.0,,,,,,,,,-0.69,0.0,,,0,,,,,,,,True
75be3b2a,JC Balt,Namibia,6,65,86,75.58,13.0,2,1,8,lower_order,14.7,8.7,42.2,26.3,C,D,D,C+,Utility Player,8.33,0.58,,,,,,,,-0.51,-0.39,0.48,,,1,,-1.73,0.17,0.65,,,,True
faff7eac,G Kuthalingham,Turks and Caicos Island,2,7,12,58.33,7.0,0,0,9,lower_order,14.6,13.1,21.0,17.3,C,D,D,C,Utility Player,2.0,0.33,,,,,,,,,-0.55,0.18,,,1,,,,,,,,True
2d645c00,A Bushell,Guernsey,2,13,22,59.09,6.5,1,0,2,top_order,14.6,15.6,12.8,14.1,D,D,C,D,Utility Player,0.0,0.0,,,,,,,,,-0.51,0.0,,,0,,-2.8,0.0,1.0,,,,True
8bbb89ab,Ahmed Baladraf,Saudi Arabia,1,0,1,0.0,0.0,0,0,8,lower_order,14.6,17.3,10.4,13.2,D,D,C,D,Utility Player,1.0,1.0,,,,,,,,,-1.0,0.0,,,0,,,,,,,,True
bbd365ad,S Ogundipe,Nigeria,1,1,3,33.33,1.0,0,0,11,tail,14.6,16.0,15.1,15.1,C,D,C,C,Utility Player,3.0,1.0,,,,,,,,,-0.65,0.06,,,0,,,,,,,,True
027662be,J Evans,Israel,8,92,88,104.55,11.5,10,2,4,upper_middle,14.6,27.5,9.2,15.1,C,D,C,D,Utility Player,4.38,0.4,,,,,,,,0.53,-0.33,0.31,,,8,-0.32,-1.36,0.0,0.49,,,,True
bf09f51d,ADL Stokoe,Isle of Man,1,4,9,44.44,4.0,0,0,8,lower_order,14.6,16.4,15.1,15.2,C,D,C,C,Utility Player,9.0,1.0,,,,,,,,,-0.65,0.0,,,0,,,,,,,,True
732c9016,JE Scott,Bahamas,2,4,7,57.14,2.0,0,0,9,lower_order,14.6,14.1,8.0,11.5,D,D,D,D,Utility Player,2.5,0.71,,,,,,,,,-0.77,0.02,,,2,,,,,,,,True
3086f7a4,Mohammad Nawaz (3),Pakistan,9,70,70,100.0,11.67,4,3,8,lower_order,14.6,43.5,40.5,32.4,C+,D,C+,C+,Utility Player,7.0,0.9,,,,,,,,0.2,-0.36,0.76,,,2,,-0.36,0.43,0.75,,,,True
aeab0d4f,D Klein,Germany,17,123,99,124.24,10.25,10,5,7,lower_middle,14.6,37.4,4.6,15.0,C,D,C+,D,Utility Player,3.06,0.53,,,,0.26,-0.26,0.64,1.92,0.32,-0.33,0.51,0.03,-0.75,14,0.18,0.36,0.5,0.55,-0.19,Tough-Track Star,-0.69,False
818aef9a,Ali Abdulla Popalzae,Greece,1,0,3,0.0,0.0,0,0,11,tail,14.6,16.3,8.5,12.2,D,D,C,D,Utility Player,3.0,1.0,,,,,,,,,-1.14,0.0,,,1,,,,,,,,True
03a83c50,V Viyaskanth,Sri Lanka,1,0,2,0.0,0.0,0,0,9,lower_order,14.6,18.4,15.1,15.6,C,D,C,C,Utility Player,2.0,1.0,,,,,,,,,-0.98,0.0,,,0,,,,,,,,True
f094e3b8,Muhammad Saqlain,Hungary,1,0,4,0.0,0.0,0,0,11,tail,14.5,15.5,9.6,12.5,D,D,C,D,Utility Player,4.0,1.0,,,,,,,,,-0.95,0.0,,,0,,,,,,,,True
caa18d8b,Ismail Sardar,Thailand,2,5,16,31.25,2.5,0,0,7,lower_middle,14.5,13.6,9.0,11.9,D,D,D,D,Utility Player,8.0,1.0,,,,,,,,,-0.69,0.0,,,0,,,,,,,,True
fabbb9e0,R Johnson,Turks and Caicos Island,2,5,10,50.0,2.5,1,0,11,tail,14.5,18.6,9.7,13.2,D,D,C,D,Utility Player,5.0,1.0,,,,,,,,,-0.75,0.13,,,1,,,,,,,,True
5e5eab39,Nazmul Hossain,Bangladesh,2,3,15,20.0,3.0,0,0,10,tail,14.5,17.3,21.5,18.2,C,D,C,C,Utility Player,7.5,1.0,,,,,,,,,-0.83,0.09,,,0,,,,,,,,True
29f0e3c3,Fahad Tariq,United Arab Emirates,4,19,24,79.17,4.75,1,1,8,lower_order,14.5,30.6,4.4,13.2,D,D,C+,D,Utility Player,4.25,0.71,,,,,,,,,-0.56,0.2,,,3,,-1.09,0.5,0.29,,,,True
754b6bd9,L Mutale,Zambia,2,3,5,60.0,3.0,0,0,7,lower_middle,14.4,11.4,14.1,13.7,D,D,D,D,Utility Player,1.5,0.6,,,,,,,,,-0.49,0.01,,,0,,,,,,,,True
03ecfde2,Shoaib Khan,Germany,4,20,25,80.0,6.67,1,0,5,upper_middle,14.4,13.0,17.9,15.8,C,D,D,C,Utility Player,4.25,0.68,,,,,,,,,-0.38,0.12,,,2,,-2.09,0.0,1.0,,,,True
1b62ed99,Anskumar Ahir,Panama,1,2,6,33.33,2.0,0,0,11,tail,14.4,15.8,16.9,15.8,C,D,C,C,Utility Player,6.0,1.0,,,,,,,,,-0.78,0.1,,,0,,,,,,,,True
637c65f1,H Elder,Switzerland,2,2,3,66.67,2.0,0,0,11,tail,14.4,12.4,14.7,14.1,D,D,D,D,Utility Player,1.5,1.0,,,,,,,,,-0.63,0.09,,,1,,,,,,,,True
d376bbaa,Adnan Ilyas,Oman,8,150,146,102.74,18.75,11,3,4,upper_middle,14.4,9.1,44.8,28.1,C,D,D,C+,Utility Player,13.75,0.75,0.97,,0.97,,,,,0.22,-0.33,0.44,,,0,,-1.15,0.0,0.66,,,,True
0ab42b8d,J Kemp,Jersey,2,4,7,57.14,2.0,0,0,8,lower_order,14.4,12.9,16.1,14.9,D,D,D,C,Utility Player,3.5,1.0,,,,,,,,,-0.57,0.02,,,0,,,,,,,,True
1e1a8922,KDC Clarke,New Zealand,1,0,1,0.0,0.0,0,0,8,lower_order,14.4,17.4,13.9,14.8,D,D,C,D,Utility Player,1.0,1.0,,,,,,,,,-1.0,0.0,,,1,,,,,,,,True
704e0160,A Nanda,Luxembourg,12,62,64,96.88,8.86,3,3,10,tail,14.4,25.3,25.4,21.8,C,D,C,C,Utility Player,2.67,0.5,,,,,,0.23,0.42,-0.11,-0.36,0.8,0.07,0.72,8,0.6,,,,0.3,Flat-Track Bully,0.41,False
3a44a4e4,PSRK Sudarshan,Singapore,5,20,20,100.0,5.0,1,1,10,tail,14.4,23.5,9.2,13.9,D,D,C,D,Utility Player,2.8,0.7,,,,,,,,,-0.42,0.25,,,1,,-1.8,0.0,0.29,,,,True
350bb1b1,AF Milne,New Zealand,19,83,86,96.51,8.3,1,6,8,lower_order,14.4,47.7,5.0,17.1,C,D,B,D,Utility Player,3.53,0.78,,,,-0.19,0.19,0.08,0.23,0.38,-0.49,0.74,0.04,-0.1,8,-0.05,-2.68,0.0,0.29,-0.33,Tough-Track Star,,False
1a597e24,HAG Madhushanka,Seychelles,1,0,1,0.0,0.0,0,0,8,lower_order,14.4,16.5,9.8,12.8,D,D,C,D,Utility Player,1.0,1.0,,,,,,,,,-0.99,0.0,,,1,,,,,,,,True
67af6f81,RW Price,Zimbabwe,5,14,24,58.33,3.5,1,0,9,lower_order,14.4,14.1,6.1,10.6,D,D,D,D,Utility Player,3.2,0.67,,,,,,,,,-0.46,0.11,,,2,,-1.97,0.0,1.0,,,,True
c4281e43,Waleed Rana,Italy,3,37,48,77.08,12.33,2,1,2,top_order,14.3,13.8,21.2,17.7,C,D,D,C,Utility Player,13.0,0.81,,,,,,,,,-0.58,0.06,,,0,,-1.69,0.0,0.48,,,,True
e3fe4b49,F Hand,Ireland,8,27,29,93.1,5.4,4,0,9,lower_order,14.3,22.8,8.5,13.5,D,D,C,D,Utility Player,2.88,0.79,,,,,,,,-0.16,-0.46,0.28,,,3,,,,,,,,True
80de053e,B Siddharth,Oman,3,5,10,50.0,1.67,1,0,10,tail,14.3,24.3,7.0,13.0,D,D,C,D,Utility Player,2.67,0.8,,,,,,,,,-0.52,0.13,,,0,,,,,,,,True
bc02b37a,Sana Ullah,South Korea,1,0,2,0.0,0.0,0,0,11,tail,14.3,15.8,9.1,12.3,D,D,C,D,Utility Player,2.0,1.0,,,,,,,,,-1.05,0.0,,,1,,,,,,,,True
ada15e88,PSP Handscomb,Australia,2,33,33,100.0,33.0,1,0,5,upper_middle,14.3,3.3,57.2,35.0,C+,D,D,B,Utility Player,12.0,0.73,,,,,,,,,-0.24,0.5,,,1,,-1.13,0.0,0.46,,,,True
fd67025d,Masood Jayezeh,Iran,1,1,4,25.0,1.0,0,0,1,top_order,14.3,14.0,12.7,13.5,D,D,D,D,Utility Player,4.0,1.0,,,,,,,,,-0.77,0.0,,,0,,,,,,,,True
59e1abef,A Gupta,Norway,2,4,6,66.67,4.0,0,0,5,upper_middle,14.3,9.3,13.9,13.1,D,D,D,D,Utility Player,3.0,1.0,,,,,,,,,-0.51,0.01,,,1,,,,,,,,True
1e78c51c,J Sebanja,Uganda,4,5,8,62.5,1.67,0,0,9,lower_order,14.3,7.5,21.8,16.3,C,D,D,C,Utility Player,1.75,0.88,,,,,,,,,-0.44,0.25,,,1,,,,,,,,True
caf1b14c,N Deonarine,West Indies,6,55,53,103.77,13.75,5,0,5,upper_middle,14.3,12.6,33.5,23.1,C,D,D,C+,Utility Player,1.33,0.15,,,,,,,,,-0.3,0.26,,,2,,-1.64,0.0,0.52,,,,True
083e01d9,Matiullah Khan,United Arab Emirates,2,1,5,20.0,1.0,0,0,10,tail,14.3,13.9,25.3,19.2,C,D,D,C,Utility Player,2.5,1.0,,,,,,,,,-0.7,0.17,,,1,,,,,,,,True
93c8799e,N Acawei,Fiji,5,51,68,75.0,10.2,4,2,1,top_order,14.3,18.2,9.9,13.4,D,D,C,D,Utility Player,9.8,0.72,,,,,,,,,-0.39,0.17,,,5,-0.39,-1.88,0.0,0.64,,,,True
33f28243,Naved-ul-Hasan,Pakistan,1,1,9,11.11,1.0,0,0,8,lower_order,14.3,19.7,17.5,16.8,C,D,C,C,Utility Player,9.0,1.0,,,,,,,,,-0.91,0.0,,,0,,-2.8,0.0,1.0,,,,True
04df9697,JAM Henri,Portugal,6,44,38,115.79,8.8,2,1,9,lower_order,14.3,11.3,15.1,14.3,D,D,D,C,Utility Player,1.83,0.29,,,,,,,,0.39,-0.36,0.27,,0.69,5,0.8,-0.51,0.0,1.0,,,,True
f6c2659d,Aizaz Khan,Hong Kong,79,1021,924,110.5,15.47,73,27,5,upper_middle,14.2,4.2,48.3,28.9,C,D,D,B,Utility Player,6.32,0.54,0.6,,0.6,0.1,-0.1,0.48,1.08,0.19,-0.27,0.96,0.01,-0.26,40,0.04,-0.97,0.24,0.79,-0.16,Tough-Track Star,-0.07,False
af4a9a0a,J Blades,West Indies,3,5,13,38.46,5.0,0,0,11,tail,14.2,12.8,29.6,20.9,C,D,D,C,Utility Player,4.33,1.0,,,,,,,,,-0.69,0.24,,,1,,-2.38,0.0,1.0,,,,True
8d4a236d,AD Fofana,Mali,3,3,18,16.67,1.0,0,0,11,tail,14.2,14.9,7.2,11.2,D,D,D,D,Utility Player,5.67,0.94,,,,,,,,,-0.54,0.14,,,3,,-2.44,0.0,1.0,,,,True
35cfc769,Benjamin Constanzo,Chile,1,1,5,20.0,1.0,0,0,10,tail,14.2,17.6,14.2,14.9,D,D,C,D,Utility Player,5.0,1.0,,,,,,,,,-0.71,0.01,,,0,,,,,,,,True
d7f1fe76,S Tobgay,Bhutan,2,39,58,67.24,19.5,1,0,4,upper_middle,14.2,5.8,45.3,27.5,C,D,D,B,Utility Player,29.0,1.0,,,,,,,,,-0.49,0.52,,,1,,-1.48,0.0,0.56,,,,True
342d8ade,CRD Fernando,Sri Lanka,5,25,27,92.59,5.0,4,0,11,tail,14.2,26.3,10.8,15.2,C,D,C,D,Utility Player,3.2,0.59,,,,,,,,,-0.58,0.22,,,0,,,,,,,,True
ddc2613d,Sachin Ganpat Shinde,Serbia,1,6,16,37.5,6.0,0,0,6,lower_middle,14.2,13.4,12.6,13.4,D,D,D,D,Utility Player,16.0,1.0,,,,,,,,,-0.65,0.0,,,1,,,,,,,,True
47fe8c33,TM Anker,Cook Islands,1,1,7,14.29,1.0,0,0,11,tail,14.2,15.9,16.3,15.5,C,D,C,C,Utility Player,0.0,0.0,,,,,,,,,-0.87,0.04,,,1,,-2.8,0.0,1.0,,,,True
fb2d1dda,N Rana,India,2,15,27,55.56,7.5,0,0,5,upper_middle,14.2,14.3,25.6,19.5,C,D,D,C,Utility Player,6.0,0.44,,,,,,,,,-0.42,0.06,,,0,,-1.88,0.0,0.49,,,,True
a14b5f3c,Aslan Jafri,Singapore,9,77,84,91.67,8.56,4,3,3,top_order,14.2,6.1,7.5,9.8,D,D,D,D,Utility Player,5.0,0.54,,,,,,,,-0.4,-0.37,0.15,,,1,,-1.55,0.0,0.62,,,,True
c160db98,C Smith,Malaysia,4,27,27,100.0,6.75,2,1,5,upper_middle,14.1,18.0,6.7,11.7,D,D,C,D,Utility Player,5.25,0.78,,,,,,,,,-0.47,0.12,,,0,,-0.13,0.0,1.0,,,,True
af76af63,K Loday,Bhutan,1,0,1,0.0,0.0,0,0,9,lower_order,14.1,12.5,9.3,11.6,D,D,D,D,Utility Player,1.0,1.0,,,,,,,,,-1.0,0.02,,,0,,,,,,,,True
b70ec03e,S Gulecha,Singapore,3,25,32,78.12,8.33,1,2,7,lower_middle,14.1,13.7,17.2,15.6,C,D,D,C,Utility Player,10.0,0.94,,,,,,,,,-0.5,0.02,,,0,,-2.34,0.0,0.48,,,,True
6755b6c7,Merwais Shinwari,Slovenia,2,12,21,57.14,6.0,0,1,11,tail,14.1,21.0,15.3,16.1,C,D,C,C,Utility Player,4.0,0.38,,,,,,,,,-0.79,0.08,,,2,,-1.88,0.0,0.29,,,,True
ceec82cd,G Johnson,St Helena,1,2,10,20.0,2.0,0,0,10,tail,14.1,17.1,18.4,16.6,C,D,C,C,Utility Player,2.0,0.2,,,,,,,,,-0.8,0.1,,,1,,-2.22,0.0,1.0,,,,True
1a710f40,Ali Rasool,Bulgaria,3,10,21,47.62,5.0,0,0,8,lower_order,14.1,10.3,14.8,13.7,D,D,D,D,Utility Player,5.33,0.76,,,,,,,,,-0.62,0.1,,,3,,,,,,,,True
66a7f213,Anas Khan,Hong Kong,9,69,80,86.25,11.5,5,2,9,lower_order,14.1,14.2,20.9,17.5,C,D,D,C,Utility Player,4.56,0.51,,,,,,,,0.37,-0.44,0.42,,1.35,6,0.69,-2.06,0.0,0.54,,,,True
a5bdacc3,Mohamed Miuvaan,Maldives,1,0,1,0.0,0.0,0,0,10,tail,14.1,17.4,12.8,14.2,D,D,C,D,Utility Player,1.0,1.0,,,,,,,,,-1.08,0.0,,,1,,,,,,,,True
77eb2d60,MA Sherry,Singapore,7,68,78,87.18,11.33,4,1,7,lower_middle,14.1,10.9,26.1,19.2,C,D,D,C,Utility Player,5.29,0.47,,,,,,,,-0.45,-0.43,0.36,,0.28,5,0.43,-0.99,0.0,0.58,,,,True
7d32d965,RT Lyons,Scotland,1,0,2,0.0,0.0,0,0,9,lower_order,14.0,18.2,12.4,14.1,D,D,C,D,Utility Player,2.0,1.0,,,,,,,,,-1.02,0.0,,,1,,,,,,,,True
8a00eec1,AN Hyobeom,South Korea,3,9,17,52.94,3.0,1,0,11,tail,14.0,16.5,11.0,13.2,D,D,C,D,Utility Player,3.33,0.59,,,,,,,,,-0.58,0.14,,,3,,-3.3,0.0,1.0,,,,True
c821e504,Bipin Kumar,Qatar,2,5,12,41.67,2.5,0,0,10,tail,14.0,14.4,17.7,15.8,C,D,D,C,Utility Player,3.0,0.5,,,,,,,,,-0.68,0.07,,,1,,,,,,,,True
1e43a8c8,Sukhkaran Sahi,Romania,1,1,2,50.0,1.0,0,0,9,lower_order,14.0,13.5,14.6,14.2,D,D,D,D,Utility Player,2.0,1.0,,,,,,,,,-0.6,0.0,,,0,,,,,,,,True
45d0af7e,R Brar,Cyprus,3,3,7,42.86,1.5,0,0,10,tail,14.0,9.8,18.8,15.3,C,D,D,C,Utility Player,2.33,1.0,,,,,,,,,-0.5,0.29,,,1,,,,,,,,True
aa86d9d4,Shahnawaz Patel,Zambia,8,82,81,101.23,13.67,7,1,8,lower_order,14.0,11.7,35.8,23.9,C,D,D,C+,Utility Player,4.38,0.43,,,,,,,,0.0,-0.28,0.66,,,1,,-0.99,0.0,0.64,,,,True
dacf556b,D Ramani,Czech Republic,2,5,11,45.45,5.0,0,0,9,lower_order,14.0,12.8,14.2,13.9,D,D,D,D,Utility Player,5.5,1.0,,,,,,,,,-0.77,0.0,,,2,,-1.59,0.0,1.0,,,,True
415ed107,K Nima,Bhutan,1,2,3,66.67,2.0,0,0,8,lower_order,14.0,14.0,17.3,15.5,C,D,D,C,Utility Player,3.0,1.0,,,,,,,,,-0.4,0.1,,,0,,,,,,,,True
5eba6319,Faisal Safi,France,3,50,45,111.11,16.67,10,0,1,top_order,14.0,34.5,17.0,20.2,C,D,C+,C,Utility Player,6.33,0.42,,,,,,,,,-0.46,0.2,,,0,,-0.39,0.75,0.55,,,,True
05cf8905,Shakerullah Safi,Denmark,1,0,1,0.0,0.0,0,0,10,tail,14.0,18.0,14.0,14.8,D,D,C,D,Utility Player,1.0,1.0,,,,,,,,,-1.16,0.0,,,1,,,,,,,,True
2a7a3137,S Arachchige,Italy,1,0,2,0.0,0.0,0,0,11,tail,14.0,16.8,12.6,13.9,D,D,C,D,Utility Player,2.0,1.0,,,,,,,,,-1.13,0.0,,,1,,,,,,,,True
a2369eaf,Hasan Cakir,Turkey,1,0,2,0.0,0.0,0,0,11,tail,14.0,15.6,8.7,11.9,D,D,C,D,Utility Player,2.0,1.0,,,,,,,,,-1.14,0.0,,,1,,,,,,,,True
abca6c23,CJ Stamp,Philippines,3,27,29,93.1,27.0,3,0,7,lower_middle,14.0,10.2,46.5,30.0,C+,D,D,B,Utility Player,3.67,0.38,,,,,,,,,-0.38,0.63,,,1,,-1.37,0.0,1.0,,,,True
6c6d83ef,S Clarke,Isle of Man,1,0,3,0.0,0.0,0,0,10,tail,14.0,17.7,12.3,14.0,D,D,C,D,Utility Player,3.0,1.0,,,,,,,,,-1.07,0.0,,,1,,,,,,,,True
9bb259b4,Ashraful Shuvo,Estonia,2,7,12,58.33,3.5,0,0,10,tail,14.0,15.8,15.2,14.9,D,D,C,C,Utility Player,2.0,0.33,,,,,,,,,-0.45,0.1,,,0,,,,,,,,True
2dcac6ff,E Niyomugabo,Rwanda,35,317,324,97.84,9.91,18,11,6,lower_middle,14.0,7.0,1.9,7.7,D,D,D,D,Utility Player,3.2,0.35,1.18,,1.18,0.02,-0.02,0.33,0.52,0.15,-0.25,0.41,0.01,0.02,22,-0.02,-1.74,0.1,0.71,0.05,Conditions-Proof,-0.14,False
fc963b23,Junaed Mullah,Slovenia,1,2,12,16.67,2.0,0,0,7,lower_middle,13.9,15.6,12.8,13.8,D,D,C,D,Utility Player,12.0,1.0,,,,,,,,,-0.8,0.0,,,1,,-3.87,0.0,1.0,,,,True
9b4935c8,CJ Ferguson,Australia,3,16,19,84.21,5.33,1,0,6,lower_middle,13.9,16.6,9.7,12.6,D,D,C,D,Utility Player,4.67,0.74,,,,,,,,,-0.44,0.02,,,1,,,,,,,,True
34cb2f69,Hamza Tahir,Scotland,2,3,7,42.86,3.0,0,0,11,tail,13.9,16.7,17.6,16.1,C,D,C,C,Utility Player,3.5,1.0,,,,,,,,,-0.87,0.02,,,1,,,,,,,,True
cdb2858d,S Bevin,Croatia,3,14,15,93.33,7.0,1,1,9,lower_order,13.9,20.7,9.0,13.2,D,D,C,D,Utility Player,5.0,1.0,,,,,,,,,-0.7,0.12,,,2,,,,,,,,True
9d1f42c6,Ashfaq Ahmed,United Arab Emirates,10,128,109,117.43,12.8,16,4,1,top_order,13.9,34.7,10.5,17.0,C,D,C+,D,Utility Player,3.6,0.33,0.62,,0.62,0.24,-0.24,0.24,0.31,-0.25,-0.36,0.32,0.03,,2,,-0.52,0.29,0.65,0.01,Conditions-Proof,0.13,False
3b282e51,Bashir Shah,Denmark,4,3,7,42.86,3.0,0,0,11,tail,13.9,12.4,25.3,18.7,C,D,D,C,Utility Player,1.25,0.71,,,,,,,,,-0.42,0.38,,,4,,,,,,,,True
71686118,Abdullah Shahid,Maldives,2,11,17,64.71,5.5,1,0,1,top_order,13.9,12.6,11.3,12.5,D,D,D,D,Utility Player,6.5,0.76,,,,,,,,,-0.55,0.0,,,0,,,,,,,,True
eea27fb2,CA Liyanage,Maldives,1,0,1,0.0,0.0,0,0,10,tail,13.9,16.6,13.1,14.1,D,D,C,D,Utility Player,1.0,1.0,,,,,,,,,-1.0,0.0,,,1,,,,,,,,True
5faa30f7,Amir Hayat,United Arab Emirates,2,3,6,50.0,1.5,0,0,7,lower_middle,13.8,12.4,5.8,9.9,D,D,D,D,Utility Player,0.5,0.17,,,,,,,,,-0.7,0.0,,,0,,,,,,,,True
11b785d6,J Thomas,St Helena,2,7,15,46.67,3.5,0,0,7,lower_middle,13.8,11.2,9.4,11.3,D,D,D,D,Utility Player,6.0,0.8,,,,,,,,,-0.64,0.0,,,2,,-2.99,0.0,1.0,,,,True
c654af19,R McLaren,South Africa,4,9,13,69.23,9.0,0,0,8,lower_order,13.8,9.8,41.4,25.6,C,D,D,C+,Utility Player,0.75,0.23,,,,,,,,,-0.44,0.37,,,0,,,,,,,,True
d406e303,D Johnson,Cayman Islands,7,30,42,71.43,6.0,0,2,8,lower_order,13.8,14.6,4.6,9.9,D,D,D,D,Utility Player,4.43,0.74,,,,,,,,-0.19,-0.59,0.2,,,7,-0.53,-2.09,0.0,1.0,,,,True
b9b194d6,Altaf Gill,South Korea,2,4,18,22.22,2.0,0,0,9,lower_order,13.8,14.0,7.0,10.8,D,D,D,D,Utility Player,9.0,1.0,,,,,,,,,-0.86,0.02,,,2,,-3.61,0.0,1.0,,,,True
220d2ac0,G Campbell,Turks and Caicos Island,1,2,8,25.0,2.0,0,0,8,lower_order,13.8,15.4,12.4,13.5,D,D,C,D,Utility Player,8.0,1.0,,,,,,,,,-0.93,0.0,,,1,,,,,,,,True
84012d7f,J Essex,St Helena,2,9,17,52.94,4.5,0,0,5,upper_middle,13.8,11.0,11.4,12.2,D,D,D,D,Utility Player,4.0,0.47,,,,,,,,,-0.62,0.0,,,2,,,,,,,,True
4233080d,Faraaz Mehti Abbas,Finland,6,65,76,85.53,10.83,5,0,4,upper_middle,13.8,10.0,5.8,9.8,D,D,D,D,Utility Player,5.17,0.41,,,,,,,,-0.45,-0.34,0.12,,,2,,-0.98,0.2,0.61,,,,True
ee229588,S Movva,Canada,22,376,352,106.82,22.12,29,8,5,upper_middle,13.8,14.1,60.4,36.5,C+,D,D,B+,Utility Player,9.45,0.59,,,,-0.21,0.21,0.31,0.41,0.1,-0.21,0.91,0.04,-0.41,5,-0.32,-0.73,0.19,0.78,-0.14,Conditions-Proof,-0.23,False
a89433c5,K Boniface,Nigeria,3,10,20,50.0,10.0,0,0,8,lower_order,13.8,12.1,29.3,20.6,C,D,D,C,Utility Player,4.0,0.6,,,,,,,,,-0.47,0.35,,,1,,-2.05,0.0,1.0,,,,True
b58316de,P Sapesa,Malawi,1,0,1,0.0,0.0,0,0,10,tail,13.8,16.8,12.6,13.9,D,D,C,D,Utility Player,1.0,1.0,,,,,,,,,-1.02,0.0,,,1,,,,,,,,True
72ef2c6b,V Jatinder Kumar,Germany,4,18,21,85.71,4.5,3,0,9,lower_order,13.8,23.1,7.1,12.7,D,D,C,D,Utility Player,1.5,0.29,,,,,,,,,-0.39,0.17,,,1,,-0.72,0.0,0.29,,,,True
20e3030d,P Ayoleyine,Ghana,1,0,1,0.0,0.0,0,0,8,lower_order,13.7,15.9,9.4,12.2,D,D,C,D,Utility Player,1.0,1.0,,,,,,,,,-1.05,0.0,,,1,,,,,,,,True
449d4f17,Iftikhar Kankhel,Belgium,4,9,13,69.23,4.5,1,0,11,tail,13.7,15.5,12.5,13.6,D,D,C,D,Utility Player,2.5,0.77,,,,,,,,,-0.6,0.21,,,0,,-4.23,0.0,1.0,,,,True
191ee2f2,J Khadka,Romania,3,2,4,50.0,2.0,0,0,11,tail,13.7,9.7,16.1,14.0,D,D,D,C,Utility Player,1.33,1.0,,,,,,,,,-0.62,0.17,,,1,,,,,,,,True
8fd1a8f5,DW Steyn,South Africa,10,20,25,80.0,3.33,2,0,8,lower_order,13.7,11.9,5.8,9.8,D,D,D,D,Utility Player,1.5,0.6,,,,-0.71,0.71,0.14,,0.29,-0.36,0.24,0.02,,3,,,,,-0.11,Conditions-Proof,-0.61,False
fe3e9880,SG Diaby,Mali,3,9,15,60.0,3.0,0,0,10,tail,13.7,11.5,6.6,10.1,D,D,D,D,Utility Player,4.67,0.93,,,,,,,,,-0.48,0.06,,,3,,,,,,,,True
890946a0,NV Ojha,India,2,12,27,44.44,6.0,2,0,1,top_order,13.7,16.9,12.8,14.0,D,D,C,D,Utility Player,13.5,1.0,,,,,,,,,-0.66,0.0,,,0,,-2.73,0.0,0.45,,,,True
716bd716,I Bardis,Greece,2,2,6,33.33,2.0,0,0,10,tail,13.7,13.5,11.2,12.5,D,D,D,D,Utility Player,3.0,1.0,,,,,,,,,-0.85,0.02,,,2,,,,,,,,True
447bf58e,K Jack,Turks and Caicos Island,2,8,13,61.54,4.0,0,0,5,upper_middle,13.7,10.0,8.9,10.8,D,D,D,D,Utility Player,4.5,0.69,,,,,,,,,-0.36,0.02,,,0,,,,,,,,True
4c7df2c8,Mohammad Shahzad,United Arab Emirates,14,189,175,108.0,14.54,19,5,3,top_order,13.7,30.6,8.6,15.5,C,D,C+,D,Utility Player,3.36,0.27,1.04,,1.04,-0.26,0.26,0.32,0.46,-0.07,-0.24,0.35,0.03,,3,,-0.86,0.09,0.75,0.45,Flat-Track Bully,,False
231daa19,Asif Shaikh,Bahrain,4,11,13,84.62,5.5,0,1,9,lower_order,13.7,18.5,8.2,12.2,D,D,C,D,Utility Player,1.0,0.31,,,,,,,,,-0.46,0.15,,,1,,,,,,,,True
492c17f0,JWN Moses,Botswana,6,45,50,90.0,7.5,4,1,7,lower_middle,13.7,14.6,12.0,13.3,D,D,D,D,Utility Player,4.83,0.58,,,,,,,,,-0.21,0.2,,,6,-0.18,-2.49,0.0,0.51,,,,True
d0d9790b,Nurudeen Ibrahim,Ghana,1,0,2,0.0,0.0,0,0,10,tail,13.7,16.1,9.1,12.1,D,D,C,D,Utility Player,2.0,1.0,,,,,,,,,-1.13,0.01,,,0,,,,,,,,True
f4a0a615,P Koech,Kenya,7,17,24,70.83,5.67,0,0,10,tail,13.7,7.3,31.7,20.6,C,D,D,C+,Utility Player,2.57,0.75,,,,,,,,0.32,-0.42,0.55,,-0.09,5,-0.18,-1.23,0.0,1.0,,,,True
a03bba42,T Shamsi,South Africa,13,10,27,37.04,2.0,0,0,11,tail,13.6,3.1,7.7,8.9,D,D,D,D,Utility Player,1.85,0.89,,,,,,-0.13,0.03,0.13,-0.54,0.33,0.03,0.07,9,0.11,-1.97,0.0,1.0,0.04,Conditions-Proof,0.35,False
085071f2,Amit Uniyal,Chile,2,11,26,42.31,5.5,0,0,1,top_order,13.6,10.7,10.9,11.9,D,D,D,D,Utility Player,12.0,0.92,,,,,,,,,-0.42,0.0,,,0,,-2.75,0.0,0.43,,,,True
4f6d5f87,N Gnanapragasam,Seychelles,1,0,3,0.0,0.0,0,0,10,tail,13.6,17.2,12.0,13.6,D,D,C,D,Utility Player,3.0,1.0,,,,,,,,,-0.99,0.0,,,1,,,,,,,,True
3ddd957f,OSB Tilley,Croatia,5,30,38,78.95,7.5,5,0,2,top_order,13.6,15.9,8.8,12.0,D,D,C,D,Utility Player,7.2,0.95,,,,,,,,,-0.45,0.15,,,3,,-2.02,0.0,0.55,,,,True
5c842df4,P Yevugah,Ghana,4,17,28,60.71,4.25,1,0,7,lower_middle,13.6,10.3,9.5,11.1,D,D,D,D,Utility Player,3.75,0.54,,,,,,,,,-0.36,0.07,,,3,,,,,,,,True
56153e74,TV Valivarthi,Hungary,3,15,27,55.56,7.5,0,1,7,lower_middle,13.6,11.9,17.8,15.3,C,D,D,C,Utility Player,7.0,0.78,,,,,,,,,-0.49,0.09,,,0,,-3.39,0.0,1.0,,,,True
44c69e2b,S Vijayakumar,Singapore,2,2,5,40.0,1.0,0,0,8,lower_order,13.6,13.0,18.6,15.7,C,D,D,C,Utility Player,2.5,1.0,,,,,,,,,-0.57,0.03,,,1,,,,,,,,True
28442755,RJ Ramjiawan,Suriname,1,4,8,50.0,4.0,0,0,9,lower_order,13.6,14.6,15.7,14.8,D,D,D,C,Utility Player,8.0,1.0,,,,,,,,,-0.49,0.04,,,1,,,,,,,,True
9f16f7c8,J Dowling,Bulgaria,4,11,19,57.89,5.5,0,0,10,tail,13.6,9.3,26.4,18.6,C,D,D,C,Utility Player,4.75,1.0,,,,,,,,,-0.38,0.47,,,2,,,,,,,,True
e6bf8162,H Klazinge,Namibia,5,4,8,50.0,2.0,0,0,9,lower_order,13.5,6.2,20.7,15.3,C,D,D,C,Utility Player,1.2,0.75,,,,,,,,,-0.59,0.24,,,0,,,,,,,,True
b0b80a99,CV Harrison,Gibraltar,1,2,4,50.0,2.0,0,0,10,tail,13.5,14.1,15.9,14.7,D,D,D,C,Utility Player,4.0,1.0,,,,,,,,,-0.63,0.09,,,0,,,,,,,,True
d88f9163,ST Yalimaiwai,Fiji,2,1,2,50.0,1.0,0,0,9,lower_order,13.5,11.5,12.2,12.5,D,D,D,D,Utility Player,1.0,1.0,,,,,,,,,-0.46,0.02,,,2,,,,,,,,True
1f490b28,AR Puri,Singapore,14,41,77,53.25,4.56,1,1,10,tail,13.5,3.4,15.4,12.4,D,D,D,C,Utility Player,5.07,0.92,,,,-0.32,0.32,-0.02,0.04,-0.32,-0.61,0.51,0.04,0.17,8,0.11,-2.27,0.0,0.5,0.36,Flat-Track Bully,0.34,False
e7e86505,B Evans,Zimbabwe,13,103,93,110.75,10.3,3,7,8,lower_order,13.5,38.6,27.8,25.3,C,D,C+,C,Utility Player,4.85,0.68,,,,0.01,-0.01,0.2,0.28,-0.13,-0.43,0.69,0.05,0.54,5,0.16,-0.35,0.5,0.57,-0.15,Conditions-Proof,-0.32,False
a268c07b,K Hinds,Bahamas,26,346,339,102.06,13.31,24,20,4,upper_middle,13.5,37.5,1.4,13.6,D,D,C+,D,Utility Player,3.73,0.29,1.25,,1.25,-0.1,0.1,0.61,1.49,0.08,-0.34,0.53,0.02,1.16,24,0.44,-1.58,0.21,0.72,0.19,Flat-Track Bully,0.27,False
4d9e5ec8,M Martin,Switzerland,1,2,6,33.33,2.0,0,0,6,lower_middle,13.5,14.0,10.0,12.0,D,D,D,D,Utility Player,1.0,0.17,,,,,,,,,-0.69,0.0,,,0,,-3.88,0.0,1.0,,,,True
79f5bc26,BG Lister,New Zealand,3,1,6,16.67,0.5,0,0,11,tail,13.5,12.8,7.7,10.8,D,D,D,D,Utility Player,1.33,0.67,,,,,,,,,-0.7,0.01,,,2,,,,,,,,True
1c8ada57,T Ritawa,Cook Islands,3,8,10,80.0,2.67,1,0,8,lower_order,13.4,16.2,5.3,10.3,D,D,C,D,Utility Player,2.33,0.7,,,,,,,,,-0.57,0.12,,,3,,,,,,,,True
fdd87c7c,D Mutu,Turkey,1,0,3,0.0,0.0,0,0,10,tail,13.4,15.4,11.9,13.1,D,D,C,D,Utility Player,3.0,1.0,,,,,,,,,-1.14,0.0,,,1,,,,,,,,True
37a1766e,SP Guzman,Panama,3,21,29,72.41,7.0,3,0,1,top_order,13.4,18.0,9.4,12.6,D,D,C,D,Utility Player,2.67,0.28,,,,,,,,,-0.45,0.06,,,3,,-2.86,0.0,0.43,,,,True
344292b2,Sivakumar,Cambodia,2,5,10,50.0,5.0,0,0,10,tail,13.4,13.0,25.9,19.0,C,D,D,C,Utility Player,3.0,0.6,,,,,,,,,-0.64,0.31,,,1,,,,,,,,True
f0fbdf0a,Mario Ovalle,Chile,1,2,8,25.0,2.0,0,0,6,lower_middle,13.4,16.6,12.6,13.7,D,D,C,D,Utility Player,1.0,0.12,,,,,,,,,-0.63,0.0,,,0,,,,,,,,True
e086735b,Umair Qasim,Eswatini,16,98,112,87.5,7.0,6,3,7,lower_middle,13.4,25.3,4.8,12.1,D,D,C,D,Utility Player,5.25,0.75,,,,-0.15,0.15,0.16,0.4,-0.52,-0.38,0.47,0.03,-1.08,13,-0.66,-1.86,0.0,0.65,0.24,Flat-Track Bully,0.37,False
72c38d77,Rasheed Ali Mamadkhel,Slovenia,11,147,120,122.5,13.36,10,8,6,lower_middle,13.4,28.0,8.2,14.5,D,D,C,D,Utility Player,3.55,0.32,,,,0.0,-0.0,0.35,0.41,-0.19,-0.33,0.4,0.04,-0.78,8,0.06,-0.24,0.4,0.62,0.38,Flat-Track Bully,0.49,False
e7db2a56,CM Mbebe,Mozambique,1,1,5,20.0,1.0,0,0,11,tail,13.4,14.6,15.2,14.5,D,D,D,C,Utility Player,5.0,1.0,,,,,,,,,-0.81,0.03,,,1,,,,,,,,True
8e367d57,Arshad Mazarzei,Iran,1,1,11,9.09,1.0,0,0,5,upper_middle,13.4,15.2,10.6,12.5,D,D,C,D,Utility Player,11.0,1.0,,,,,,,,,-0.91,0.0,,,1,,-4.05,0.0,1.0,,,,True
438aef39,ZR Jaboneke,Tanzania,5,32,44,72.73,16.0,0,1,8,lower_order,13.4,10.0,41.5,26.0,C,D,D,C+,Utility Player,2.4,0.27,,,,,,,,,-0.2,0.42,,,2,,-2.17,0.0,1.0,,,,True
e112732d,L Denny,Cook Islands,11,141,144,97.92,14.1,10,1,6,lower_middle,13.4,6.2,37.5,23.4,C,D,D,C+,Utility Player,4.91,0.38,1.02,,1.02,,,0.39,0.63,-0.1,-0.18,0.64,0.06,0.45,7,0.25,-1.03,0.17,0.72,0.22,Flat-Track Bully,0.64,False
21d6eb6a,Shakeel Ansar,Pakistan,1,0,1,0.0,0.0,0,0,3,top_order,13.4,15.5,9.1,11.9,D,D,C,D,Utility Player,1.0,1.0,,,,,,,,,-1.04,0.0,,,0,,,,,,,,True
7f3f0c0d,Niyas Pullariyil,Malta,2,17,18,94.44,17.0,0,1,8,lower_order,13.4,16.0,39.7,26.5,C,D,C,C+,Utility Player,5.5,0.61,,,,,,,,,-0.39,0.54,,,0,,-0.22,0.0,1.0,,,,True
08fda2e1,Shoaib Khan jnr,Pakistan,2,6,12,50.0,3.0,0,0,2,top_order,13.4,10.7,10.2,11.4,D,D,D,D,Utility Player,6.0,1.0,,,,,,,,,-0.62,0.0,,,0,,-1.05,0.0,1.0,,,,True
469ccead,CB Sole,Scotland,7,21,25,84.0,7.0,2,0,9,lower_order,13.4,11.4,17.0,14.7,D,D,D,C,Utility Player,2.57,0.72,,,,,,,,0.27,-0.48,0.26,,,4,,,,,,,,True
56c0966b,T Phaswana,Botswana,1,0,3,0.0,0.0,0,0,4,upper_middle,13.4,14.5,8.4,11.4,D,D,D,D,Utility Player,3.0,1.0,,,,,,,,,-1.23,0.0,,,1,,,,,,,,True
0ee7ede5,Mahmad Data,Panama,1,0,1,0.0,0.0,0,0,9,lower_order,13.4,16.5,11.5,13.2,D,D,C,D,Utility Player,1.0,1.0,,,,,,,,,-1.07,0.0,,,1,,,,,,,,True
e64c35df,A Johnmary,France,3,19,25,76.0,6.33,2,0,6,lower_middle,13.4,14.0,10.1,12.1,D,D,D,D,Utility Player,7.0,0.84,,,,,,,,,-0.4,0.04,,,1,,,,,,,,True
5b16a806,A Dananjaya,Sri Lanka,14,61,71,85.92,7.62,6,0,9,lower_order,13.3,11.7,34.7,22.8,C,D,D,C+,Utility Player,4.14,0.82,,,,-0.07,0.07,0.22,0.47,0.03,-0.35,0.64,0.05,,4,,-2.8,0.0,0.49,0.04,Conditions-Proof,0.15,False
fbd96cb6,Mehran Siasar,Iran,1,0,3,0.0,0.0,0,0,7,lower_middle,13.3,15.6,8.7,11.7,D,D,C,D,Utility Player,3.0,1.0,,,,,,,,,-0.99,0.0,,,0,,,,,,,,True
4a1a45f1,Ibrahim Karim,Sierra Leone,2,3,6,50.0,1.5,0,0,10,tail,13.3,13.0,12.8,13.0,D,D,D,D,Utility Player,2.0,0.67,,,,,,,,,-0.48,0.04,,,1,,,,,,,,True
6af31962,JS Iggo,Singapore,6,64,79,81.01,10.67,4,1,2,top_order,13.3,8.4,14.9,13.3,D,D,D,D,Utility Player,8.0,0.61,,,,,,,,0.0,-0.37,0.12,,,2,,-2.08,0.0,0.58,,,,True
eb6d1f4d,R Theruvath,Qatar,6,40,41,97.56,6.67,4,1,2,top_order,13.2,10.5,11.6,12.1,D,D,D,D,Utility Player,3.17,0.46,,,,,,,,0.08,-0.38,0.1,,,4,,-2.25,0.0,0.47,,,,True
b9b65f93,A Lazic,Serbia,2,2,3,66.67,2.0,0,0,11,tail,13.2,12.7,13.2,13.1,D,D,D,D,Utility Player,0.5,0.33,,,,,,,,,-0.59,0.09,,,1,,,,,,,,True
3b572f28,Sikander Zulfiqar,Netherlands,7,43,44,97.73,6.14,3,0,7,lower_middle,13.2,4.5,1.6,6.4,D,D,D,D,Utility Player,4.86,0.77,,,,,,,,,-0.34,0.07,,,0,,-0.64,0.0,0.29,,,,True
a1cdd009,TW Dlamini,Eswatini,1,0,1,0.0,0.0,0,0,11,tail,13.2,14.6,7.7,11.0,D,D,D,D,Utility Player,1.0,1.0,,,,,,,,,-1.13,0.0,,,1,,,,,,,,True
f3171936,BW Hilfenhaus,Australia,3,2,10,20.0,1.0,0,0,11,tail,13.2,13.2,7.4,10.6,D,D,D,D,Utility Player,3.33,1.0,,,,,,,,,-0.93,0.01,,,0,,,,,,,,True
2d02f041,S Sugaya-Slater,Japan,4,13,21,61.9,6.5,1,0,10,tail,13.2,15.2,16.5,15.2,C,D,C,C,Utility Player,4.5,0.86,,,,,,,,,-0.55,0.25,,,1,,-0.3,0.0,1.0,,,,True
4040951f,S Crowie,St Helena,8,152,195,77.95,30.4,15,1,1,top_order,13.2,2.3,50.2,30.7,C+,D,D,B,Utility Player,19.88,0.82,1.71,,1.71,,,,,0.06,-0.03,0.87,,,8,-0.03,-1.27,0.0,0.75,,,,True
00c98c78,NH Ekanayake,Bahamas,4,30,43,69.77,10.0,3,1,2,top_order,13.2,17.4,18.9,16.8,C,D,C,C,Utility Player,9.75,0.91,,,,,,,,,-0.47,0.17,,,4,,-2.55,0.0,0.49,,,,True
65cd62a9,A Martel,Guernsey,12,97,92,105.43,12.12,11,3,2,top_order,13.2,19.8,4.6,11.1,D,D,C,D,Utility Player,4.25,0.55,,,,,,0.29,0.73,0.17,-0.39,0.28,0.02,-0.11,5,-0.3,-0.78,0.29,0.65,-0.2,Tough-Track Star,-0.26,False
ffbbf432,F Choudary,Sweden,1,0,1,0.0,0.0,0,0,10,tail,13.2,16.7,13.2,13.9,D,D,C,D,Utility Player,1.0,1.0,,,,,,,,,-1.03,0.0,,,1,,,,,,,,True
842b7388,MR Dorgan,Serbia,1,4,9,44.44,4.0,0,0,9,lower_order,13.2,14.7,16.2,14.9,D,D,D,C,Utility Player,9.0,1.0,,,,,,,,,-0.64,0.02,,,0,,,,,,,,True
fc362c5d,Qamar Mushtaque,Norway,18,187,184,101.63,15.58,13,6,8,lower_order,13.2,28.8,49.2,33.3,C+,D,C,B,Utility Player,7.22,0.71,0.25,,0.25,-0.4,0.4,0.36,0.91,0.19,-0.31,1.18,0.07,0.38,8,0.2,-1.05,0.08,0.77,0.17,Conditions-Proof,0.04,False
c2233c17,Andrey Lilov,Bulgaria,1,0,2,0.0,0.0,0,0,11,tail,13.1,15.6,11.8,13.0,D,D,C,D,Utility Player,2.0,1.0,,,,,,,,,-0.95,0.0,,,0,,,,,,,,True
2df62c48,Sefu Athumani,Tanzania,1,1,6,16.67,1.0,0,0,8,lower_order,13.1,17.2,18.1,16.2,C,D,C,C,Utility Player,6.0,1.0,,,,,,,,,-0.89,0.0,,,0,,,,,,,,True
fb0d3749,Zameer Khan,Denmark,5,66,92,71.74,13.2,5,0,1,top_order,13.1,7.4,35.3,22.4,C,D,D,C+,Utility Player,5.0,0.27,,,,,,,,,-0.29,0.32,,,4,,-1.4,0.0,0.69,,,,True
089ebf89,K Juma,Tanzania,5,6,9,66.67,1.5,1,0,11,tail,13.1,20.4,3.8,10.4,D,D,C,D,Utility Player,1.4,0.78,,,,,,,,,-0.67,0.19,,,4,,,,,,,,True
6af3f1e6,Karweng NG,Philippines,3,21,30,70.0,7.0,0,1,4,upper_middle,13.1,10.2,11.3,11.8,D,D,D,D,Utility Player,3.67,0.37,,,,,,,,,-0.42,0.0,,,3,,-1.74,0.0,1.0,,,,True
dd572696,Haider Ali,United Arab Emirates,11,45,41,109.76,5.62,2,1,9,lower_order,13.1,10.8,20.5,16.1,C,D,D,C,Utility Player,2.36,0.63,,,,,,0.21,0.4,0.17,-0.37,0.46,0.04,0.27,10,0.21,1.37,1.0,1.0,0.23,Conditions-Proof,-0.08,False
46d037eb,Ammar Zuhdi Hazalan,Malaysia,1,0,3,0.0,0.0,0,0,8,lower_order,13.1,16.9,12.9,13.8,D,D,C,D,Utility Player,3.0,1.0,,,,,,,,,-0.91,0.0,,,0,,,,,,,,True
1fbef290,G Wijekoon,Sri Lanka,2,1,5,20.0,1.0,0,0,8,lower_order,13.1,13.3,10.5,12.0,D,D,D,D,Utility Player,2.5,1.0,,,,,,,,,-0.75,0.0,,,1,,,,,,,,True
367f4efa,Samiallah Khalil,Sweden,2,3,6,50.0,1.5,0,0,6,lower_middle,13.1,12.0,8.1,10.6,D,D,D,D,Utility Player,1.5,0.5,,,,,,,,,-0.5,0.0,,,0,,,,,,,,True
68f24545,S Maduranga,South Korea,14,200,232,86.21,20.0,20,5,8,lower_order,13.1,38.3,52.2,37.0,C+,D,C+,B,Utility Player,8.0,0.48,0.53,,0.53,0.02,-0.02,0.25,0.38,-0.05,-0.28,1.3,0.09,0.31,10,0.08,-1.47,0.12,0.73,0.11,Conditions-Proof,0.01,False
94ed8d37,Aftab Ahmed,Denmark,1,3,11,27.27,3.0,0,0,1,top_order,13.1,13.2,14.7,13.9,D,D,D,D,Utility Player,11.0,1.0,,,,,,,,,-0.84,0.0,,,0,,-2.38,0.0,1.0,,,,True
3ee90b67,Khalid Kail,Oman,18,294,266,110.53,21.0,22,11,5,upper_middle,13.1,46.5,55.8,40.4,C+,D,B,B,Utility Player,3.94,0.27,2.17,,2.17,-0.07,0.07,0.33,0.53,0.07,-0.25,0.94,0.05,-0.27,6,0.02,-0.76,0.35,0.67,0.19,Flat-Track Bully,0.13,False
8d8c24fd,RJ Nicol,New Zealand,19,327,296,110.47,17.21,33,11,1,top_order,13.0,10.9,41.7,26.5,C,D,D,C+,Utility Player,10.58,0.68,1.96,,1.96,0.29,-0.29,0.22,0.54,-0.5,-0.33,0.6,0.03,-0.02,6,0.19,-0.84,0.15,0.78,0.52,Flat-Track Bully,0.48,False
0cea2730,J Pakeman,Belize,2,10,24,41.67,5.0,1,0,4,upper_middle,13.0,14.3,7.0,10.6,D,D,D,D,Utility Player,9.0,0.75,,,,,,,,,-0.68,0.01,,,2,,-1.39,0.0,0.29,,,,True
6e61adb8,JWW Gardner,Papua New Guinea,2,0,3,0.0,0.0,0,0,11,tail,13.0,14.4,8.0,11.0,D,D,D,D,Utility Player,1.5,1.0,,,,,,,,,-1.02,0.0,,,2,,,,,,,,True
1f4a78c5,Utkarsh Jain,Cambodia,11,73,78,93.59,18.25,5,1,9,lower_order,13.0,24.8,51.7,33.7,C+,D,C,B,Utility Player,3.64,0.51,,,,-0.01,0.01,0.21,0.35,-0.12,-0.34,0.98,0.09,0.6,5,0.44,-0.96,0.0,0.6,0.3,Flat-Track Bully,0.3,False
a2f46292,KK Ahmed,India,2,1,2,50.0,1.0,0,0,11,tail,13.0,15.7,12.2,13.2,D,D,C,D,Utility Player,1.0,1.0,,,,,,,,,-0.92,0.0,,,2,,,,,,,,True
b7062209,D Polpitiya,Eswatini,1,0,1,0.0,0.0,0,0,10,tail,13.0,15.7,12.3,13.2,D,D,C,D,Utility Player,1.0,1.0,,,,,,,,,-1.04,0.0,,,1,,,,,,,,True
136848e6,J Dunn,Vanuatu,3,36,41,87.8,12.0,0,1,4,upper_middle,13.0,22.8,24.7,20.6,C,D,C,C,Utility Player,2.0,0.15,,,,,,,,,-0.35,0.17,,,3,,-1.58,0.0,0.29,,,,True
90ddee48,I Master,Botswana,6,49,51,96.08,9.8,3,0,8,lower_order,13.0,8.1,13.6,12.5,D,D,D,D,Utility Player,2.33,0.27,,,,,,,,,-0.41,0.17,,,2,,-1.79,0.25,0.59,,,,True
97555d44,R Aurora,Botswana,1,0,1,0.0,0.0,0,0,11,tail,13.0,16.1,12.1,13.2,D,D,C,D,Utility Player,1.0,1.0,,,,,,,,,-1.07,0.0,,,1,,,,,,,,True
8b39d02a,H McAleer,Isle of Man,5,54,75,72.0,10.8,3,0,6,lower_middle,13.0,8.0,20.1,15.5,C,D,D,C,Utility Player,4.6,0.31,,,,,,,,,-0.44,0.2,,,5,-0.41,-1.24,0.0,0.57,,,,True
1bc71d98,Izhar Hussain,Switzerland,1,1,5,20.0,1.0,0,0,5,upper_middle,13.0,13.2,10.2,11.8,D,D,D,D,Utility Player,5.0,1.0,,,,,,,,,-0.8,0.0,,,0,,,,,,,,True
35f622e6,YJC Altamirano,Costa Rica,2,1,2,50.0,1.0,0,0,11,tail,13.0,13.0,11.1,12.1,D,D,D,D,Utility Player,1.0,1.0,,,,,,,,,-0.44,0.05,,,0,,,,,,,,True
c6c117f3,Lee Hyosin,South Korea,2,7,14,50.0,7.0,0,0,9,lower_order,13.0,13.4,16.4,14.7,D,D,D,C,Utility Player,0.5,0.07,,,,,,,,,-0.8,0.04,,,0,,-1.74,0.0,1.0,,,,True
6c18c062,KA Jadhav,Cameroon,1,2,14,14.29,2.0,0,0,2,top_order,13.0,13.1,13.8,13.4,D,D,D,D,Utility Player,14.0,1.0,,,,,,,,,-0.89,0.0,,,0,,-2.8,0.0,1.0,,,,True
2f3b270e,H Pile,Gibraltar,1,2,6,33.33,2.0,0,0,2,top_order,13.0,12.2,11.9,12.4,D,D,D,D,Utility Player,6.0,1.0,,,,,,,,,-0.71,0.0,,,0,,,,,,,,True
cde067e1,J Kariko,Papua New Guinea,6,14,23,60.87,4.67,0,1,10,tail,13.0,15.5,9.9,12.2,D,D,C,D,Utility Player,2.17,0.57,,,,,,,,0.51,-0.58,0.27,,,4,,-0.63,0.0,1.0,,,,True
dfcdb11e,LT Bichard,Guernsey,8,46,58,79.31,11.5,4,0,8,lower_order,13.0,15.2,30.2,21.5,C,D,C,C+,Utility Player,7.0,0.97,,,,,,,,-0.22,-0.49,0.51,,0.05,5,-0.15,-1.34,0.0,0.48,,,,True
94eac556,CJ McKay,Australia,4,19,22,86.36,9.5,1,1,9,lower_order,13.0,29.1,25.0,21.8,C,D,C,C,Utility Player,4.25,0.77,,,,,,,,,-0.5,0.25,,,2,,,,,,,,True
91633ba5,C Rathanak,Cambodia,1,0,1,0.0,0.0,0,0,9,lower_order,13.0,14.5,8.6,11.3,D,D,D,D,Utility Player,1.0,1.0,,,,,,,,,-1.05,0.0,,,1,,,,,,,,True
7fcaa9f4,Z Makadji,Mali,4,2,11,18.18,0.67,0,0,7,lower_middle,13.0,8.6,3.8,8.0,D,D,D,D,Utility Player,1.25,0.45,,,,,,,,,-0.07,0.08,,,4,,,,,,,,True
8b3e9c7c,PP Shaw,India,1,0,1,0.0,0.0,0,0,1,top_order,12.9,14.6,10.8,12.3,D,D,D,D,Utility Player,1.0,1.0,,,,,,,,,-1.02,0.0,,,0,,,,,,,,True
1f74f675,T Yotharat,Thailand,3,10,24,41.67,10.0,0,0,10,tail,12.9,20.2,38.5,26.1,C,D,C,C+,Utility Player,6.33,0.79,,,,,,,,,-0.75,0.72,,,1,,-1.59,0.0,1.0,,,,True
53d0b0dc,A Kaul,Singapore,8,51,58,87.93,7.29,7,0,1,top_order,12.9,9.6,5.4,9.0,D,D,D,D,Utility Player,5.5,0.76,,,,,,,,0.54,-0.44,0.16,,0.14,6,0.0,-1.47,0.33,0.49,,,,True
863bfcc9,J Long,Philippines,1,2,6,33.33,2.0,0,0,9,lower_order,12.9,15.3,17.8,15.6,C,D,C,C,Utility Player,6.0,1.0,,,,,,,,,-0.67,0.05,,,1,,,,,,,,True
7503149b,Nawazish Akhtar,Saudi Arabia,6,65,69,94.2,16.25,4,1,5,upper_middle,12.9,8.8,30.0,20.5,C,D,D,C+,Utility Player,6.0,0.52,,,,,,,,0.17,-0.37,0.23,,,0,,-0.88,0.0,0.62,,,,True
9e76cdb3,Ansh Patel,Canada,1,0,1,0.0,0.0,0,0,11,tail,12.9,14.6,11.7,12.7,D,D,D,D,Utility Player,1.0,1.0,,,,,,,,,-1.0,0.0,,,0,,,,,,,,True
5abb0f07,TAW Patterson,Belize,3,23,47,48.94,7.67,2,0,7,lower_middle,12.9,11.7,16.2,14.3,D,D,D,C,Utility Player,15.67,1.0,,,,,,,,,-0.65,0.01,,,3,,-1.78,0.0,0.45,,,,True
1c5c65d6,S Jele,Eswatini,2,1,3,33.33,0.5,0,0,10,tail,12.9,12.0,10.4,11.6,D,D,D,D,Utility Player,1.5,1.0,,,,,,,,,-0.7,0.04,,,2,,,,,,,,True
af4c15c5,DV Macome,Mozambique,3,6,10,60.0,6.0,1,0,11,tail,12.9,20.6,11.4,13.8,D,D,C,D,Utility Player,1.33,0.4,,,,,,,,,-0.89,0.06,,,3,,,,,,,,True
0544b8a9,SMHH Aung,Myanmar,1,0,1,0.0,0.0,0,0,11,tail,12.8,14.9,10.2,12.0,D,D,D,D,Utility Player,1.0,1.0,,,,,,,,,-1.05,0.0,,,1,,,,,,,,True
f11f5a92,K Burrows,Bahamas,1,0,1,0.0,0.0,0,0,8,lower_order,12.8,16.0,12.3,13.2,D,D,C,D,Utility Player,1.0,1.0,,,,,,,,,-1.0,0.0,,,1,,,,,,,,True
dfa6db1a,Vichanath Singh,Thailand,9,54,95,56.84,6.75,1,0,10,tail,12.8,10.8,31.7,21.1,C,D,D,C+,Utility Player,5.89,0.56,,,,,,,,-0.24,-0.27,0.66,,,3,,-2.24,0.11,0.7,,,,True
bbf5da29,Khandubhai Ahir,Panama,3,26,42,61.9,13.0,1,1,8,lower_order,12.8,14.8,27.4,20.2,C,D,D,C,Utility Player,12.67,0.9,,,,,,,,,-0.61,0.24,,,3,,-1.27,0.0,1.0,,,,True
f6aed283,CN Kakuru,Uganda,24,209,208,100.48,11.0,19,2,7,lower_middle,12.8,9.3,9.7,11.2,D,D,D,D,Utility Player,2.25,0.26,,,,,,0.35,0.81,-0.12,-0.3,0.52,0.02,-0.26,5,-0.1,-1.31,0.23,0.66,-0.0,Conditions-Proof,-0.12,False
9d0e7c58,DM Richards,West Indies,1,0,1,0.0,0.0,0,0,1,top_order,12.8,14.6,10.7,12.2,D,D,D,D,Utility Player,1.0,1.0,,,,,,,,,-1.0,0.0,,,0,,,,,,,,True
f6657f66,P Sua,Samoa,1,0,2,0.0,0.0,0,0,11,tail,12.8,15.3,10.9,12.4,D,D,C,D,Utility Player,2.0,1.0,,,,,,,,,-1.0,0.0,,,1,,,,,,,,True
501fca0d,Sachin Mandy,Germany,14,166,153,108.5,12.77,11,10,7,lower_middle,12.7,31.2,8.6,15.1,C,D,C+,D,Utility Player,4.86,0.44,1.49,,1.49,0.19,-0.19,0.16,0.25,0.38,-0.38,0.47,0.03,0.45,6,0.21,-1.08,0.18,0.72,-0.11,Conditions-Proof,0.06,False
0e4de7de,J Kunnanchirakkal,Malta,4,4,6,66.67,2.0,0,0,9,lower_order,12.7,6.5,13.3,11.7,D,D,D,D,Utility Player,1.25,0.83,,,,,,,,,-0.48,0.13,,,1,,,,,,,,True
85b592a7,PF Ravarua,Cook Islands,1,0,2,0.0,0.0,0,0,10,tail,12.7,16.0,10.9,12.6,D,D,C,D,Utility Player,2.0,1.0,,,,,,,,,-1.05,0.0,,,1,,,,,,,,True
c3c30109,AS Hundal,Canada,1,0,4,0.0,0.0,0,0,2,top_order,12.7,14.8,9.2,11.5,D,D,D,D,Utility Player,4.0,1.0,,,,,,,,,-1.0,0.0,,,0,,,,,,,,True
bceb1b07,JJ Tucker,Bermuda,5,94,97,96.91,23.5,11,1,5,upper_middle,12.7,46.9,36.3,31.8,C+,D,B,C+,Utility Player,6.6,0.34,1.29,,1.29,,,,,,-0.31,0.45,,,5,-0.31,-0.6,0.33,0.65,,,,True
9a6b71d1,SP Khakurel,Nepal,6,54,79,68.35,9.0,4,0,1,top_order,12.7,3.3,13.9,11.6,D,D,D,D,Utility Player,8.0,0.61,,,,,,,,,-0.37,0.07,,,3,,-1.54,0.0,0.66,,,,True
832b77c6,DKD Warnakulasuriya,Italy,2,2,13,15.38,2.0,0,0,11,tail,12.7,14.4,14.9,14.0,D,D,D,D,Utility Player,6.5,1.0,,,,,,,,,-1.0,0.02,,,1,,,,,,,,True
495ded1c,N Katechis,Greece,2,4,17,23.53,4.0,0,0,10,tail,12.7,14.5,17.8,15.4,C,D,D,C,Utility Player,3.5,0.41,,,,,,,,,-0.75,0.13,,,2,,-2.8,0.0,1.0,,,,True
e57d25fa,Jaison Jerome,Malta,2,1,5,20.0,0.5,0,0,11,tail,12.7,13.0,8.7,11.0,D,D,D,D,Utility Player,2.5,1.0,,,,,,,,,-0.81,0.02,,,2,,,,,,,,True
dd98b22f,Munim Shahriar,Bangladesh,3,13,19,68.42,4.33,1,0,1,top_order,12.7,9.8,12.8,12.2,D,D,D,D,Utility Player,4.0,0.63,,,,,,,,,-0.49,0.0,,,1,,-2.58,0.0,0.29,,,,True
43f3c050,Shahzeb Choudhry,Sweden,1,0,5,0.0,0.0,0,0,6,lower_middle,12.7,13.9,6.7,10.2,D,D,D,D,Utility Player,5.0,1.0,,,,,,,,,-1.0,0.0,,,1,,,,,,,,True
4c4d245a,T Zotos,Greece,4,7,9,77.78,2.33,1,0,10,tail,12.7,18.9,4.2,10.1,D,D,C,D,Utility Player,1.75,0.78,,,,,,,,,-0.71,0.18,,,3,,,,,,,,True
da21531c,Waqar Khan,Slovenia,10,83,75,110.67,9.22,7,4,7,lower_middle,12.7,25.2,4.1,11.6,D,D,C,D,Utility Player,3.3,0.44,,,,,,0.25,0.53,0.23,-0.4,0.34,0.03,0.01,9,-0.1,-1.29,0.0,0.53,0.1,Conditions-Proof,0.32,False
20ab5aad,PD Blignaut,Namibia,1,0,1,0.0,0.0,0,0,8,lower_order,12.6,17.0,12.2,13.3,D,D,C,D,Utility Player,1.0,1.0,,,,,,,,,-1.04,0.0,,,0,,,,,,,,True
529eb9e0,OC McCoy,West Indies,14,68,67,101.49,9.71,7,4,11,tail,12.6,27.9,13.1,16.1,C,D,C,D,Utility Player,2.93,0.61,,,,,,0.46,1.35,0.07,-0.67,0.58,0.04,-0.09,12,-0.04,0.51,0.5,0.29,-0.05,Conditions-Proof,-0.13,False
3d9cd1b1,Kau Qalo,Fiji,2,26,30,86.67,13.0,2,1,3,top_order,12.6,15.8,12.6,13.6,D,D,C,D,Utility Player,1.5,0.1,,,,,,,,,-0.56,0.0,,,2,,-1.33,0.0,0.29,,,,True
24776ac5,GH Smit,Guernsey,3,62,57,108.77,20.67,5,1,1,top_order,12.6,6.8,33.5,22.0,C,D,D,C+,Utility Player,14.33,0.75,1.2,,1.2,,,,,,-0.43,0.2,,,0,,-1.23,0.2,0.58,,,,True
5750bcb4,E Malinga,Sri Lanka,2,1,7,14.29,1.0,0,0,10,tail,12.6,16.4,11.4,12.8,D,D,C,D,Utility Player,3.5,1.0,,,,,,,,,-0.91,0.0,,,1,,,,,,,,True
2f1c0815,D Cato,Cayman Islands,3,30,59,50.85,10.0,2,0,2,top_order,12.6,11.1,14.7,13.5,D,D,D,D,Utility Player,10.33,0.53,,,,,,,,,-0.58,0.0,,,3,,-2.4,0.0,0.56,,,,True
073126d6,LS Barkania,Tanzania,4,14,25,56.0,14.0,0,0,11,tail,12.6,8.5,44.9,26.8,C,D,D,C+,Utility Player,1.0,0.16,,,,,,,,,-0.51,0.63,,,3,,,,,,,,True
391d8a48,Dane Leo,St Helena,1,0,5,0.0,0.0,0,0,9,lower_order,12.5,15.3,9.7,11.8,D,D,C,D,Utility Player,5.0,1.0,,,,,,,,,-1.09,0.0,,,1,,,,,,,,True
692d4cbe,M Gherasim,Romania,2,2,6,33.33,2.0,0,0,10,tail,12.5,12.2,15.6,13.8,D,D,D,C,Utility Player,3.0,1.0,,,,,,,,,-0.63,0.13,,,2,,,,,,,,True
245c97cb,TS Mills,England,4,8,12,66.67,2.67,0,1,11,tail,12.5,23.5,8.1,12.7,D,D,C,D,Utility Player,1.25,0.42,,,,,,,,,-0.67,0.11,,,3,,,,,,,,True
0730a707,SI Kamea,Papua New Guinea,7,6,16,37.5,2.0,0,0,11,tail,12.5,7.9,14.6,12.5,D,D,D,D,Utility Player,1.29,0.56,,,,,,,,0.12,-0.42,0.32,,,4,,,,,,,,True
5a0dbdeb,A Dhabe,Sweden,5,32,42,76.19,10.67,1,1,11,tail,12.5,13.9,31.1,21.4,C,D,D,C+,Utility Player,4.0,0.48,,,,,,,,,-0.56,0.47,,,2,,-1.95,0.0,0.29,,,,True
c1077ba3,Pratis GC,Nepal,5,7,11,63.64,3.5,0,0,10,tail,12.5,7.1,12.5,11.4,D,D,D,D,Utility Player,2.2,1.0,,,,,,,,,-0.65,0.15,,,3,,,,,,,,True
61a7d6e9,DA Mehta,Tanzania,9,110,108,101.85,13.75,17,2,2,top_order,12.5,31.2,12.9,17.0,C,D,C+,D,Utility Player,5.89,0.49,,,,,,,,0.48,-0.37,0.31,,,4,,-1.08,0.29,0.66,,,,True
452024ef,Humayun Kabir,Sweden,2,9,16,56.25,4.5,0,0,7,lower_middle,12.4,12.0,11.8,12.1,D,D,D,D,Utility Player,3.5,0.44,,,,,,,,,-0.64,0.0,,,0,,,,,,,,True
9adb9f71,Edward Taylor,Chile,2,17,52,32.69,8.5,1,0,6,lower_middle,12.4,15.1,20.1,16.6,C,D,C,C,Utility Player,13.0,0.5,,,,,,,,,-0.56,0.1,,,0,,-2.22,0.0,0.56,,,,True
e5b4e363,R Limbu,Bhutan,3,32,47,68.09,10.67,4,1,2,top_order,12.4,16.0,10.2,12.4,D,D,C,D,Utility Player,11.33,0.72,,,,,,,,,-0.69,0.01,,,1,,-1.89,0.0,0.46,,,,True
e0c9637f,Zahoor Ahmad,Saudi Arabia,2,7,20,35.0,3.5,0,0,8,lower_order,12.4,12.5,13.7,13.0,D,D,D,D,Utility Player,2.5,0.25,,,,,,,,,-0.75,0.0,,,1,,,,,,,,True
45b5ce8d,Nyeing Cham Soe,Myanmar,16,82,106,77.36,9.11,5,2,8,lower_order,12.4,14.7,21.9,17.4,C,D,D,C,Utility Player,1.75,0.26,,,,-0.36,0.36,0.19,0.26,-0.05,-0.3,0.72,0.04,-0.5,7,-0.32,-1.45,0.17,0.63,-0.02,Conditions-Proof,,False
00321fff,Mohammad Ghazanfar,Hong Kong,11,30,48,62.5,5.0,2,0,10,tail,12.4,6.5,18.2,13.9,D,D,D,C,Utility Player,3.09,0.71,,,,,,0.07,0.24,0.1,-0.46,0.47,0.04,-0.53,10,-0.85,,,,-0.32,Tough-Track Star,-0.49,False
177009a5,LA Collado,Gibraltar,4,17,27,62.96,8.5,1,0,7,lower_middle,12.4,10.5,19.1,15.2,C,D,D,C,Utility Player,2.25,0.33,,,,,,,,,-0.49,0.15,,,0,,-1.97,0.0,0.29,,,,True
c8c4709d,Hasan Yanar,Turkey,4,16,29,55.17,16.0,1,0,11,tail,12.4,3.7,32.8,20.4,C,D,D,C+,Utility Player,5.5,0.76,,,,,,,,,-0.47,0.52,,,0,,-1.95,0.0,0.29,,,,True
abee08c7,JO Adedeji,Nigeria,43,748,866,86.37,20.78,60,16,4,upper_middle,12.4,1.1,56.4,31.7,C+,D,D,B,Utility Player,8.74,0.43,1.0,,1.0,-0.03,0.03,0.28,0.53,0.16,-0.28,0.85,0.02,-0.21,26,-0.09,-1.28,0.09,0.82,-0.04,Conditions-Proof,-0.2,False
84d0b84c,Tauqeer Hussain,Spain,2,6,10,60.0,6.0,0,0,8,lower_order,12.4,12.6,21.4,16.6,C,D,D,C,Utility Player,1.5,0.3,,,,,,,,,-0.45,0.11,,,1,,,,,,,,True
1ca51098,Hassan Rasheed,Maldives,15,173,201,86.07,11.53,9,6,5,upper_middle,12.4,3.1,5.0,7.7,D,D,D,D,Utility Player,6.8,0.51,,,,-0.0,0.0,0.39,1.12,-0.22,-0.44,0.17,0.01,0.02,7,-0.05,-1.51,0.07,0.71,-0.23,Tough-Track Star,-0.06,False
526fe472,DE Martel,Guernsey,2,4,8,50.0,4.0,0,0,7,lower_middle,12.4,12.2,15.9,14.0,D,D,D,C,Utility Player,4.0,1.0,,,,,,,,,-0.61,0.0,,,1,,,,,,,,True
7239b60d,CAH Stevenson,United States of America,3,13,19,68.42,4.33,0,0,9,lower_order,12.3,12.3,16.6,14.3,D,D,D,C,Utility Player,2.67,0.42,,,,,,,,,-0.58,0.03,,,3,,,,,,,,True
019e7a95,GO Sopinho,Mozambique,1,0,1,0.0,0.0,0,0,9,lower_order,12.3,14.7,10.4,11.9,D,D,D,D,Utility Player,1.0,1.0,,,,,,,,,-1.05,0.0,,,1,,,,,,,,True
62708dce,S Tabuisulu,Fiji,3,4,11,36.36,2.0,0,0,11,tail,12.3,10.2,8.3,10.1,D,D,D,D,Utility Player,1.67,0.45,,,,,,,,,-0.71,0.05,,,3,,,,,,,,True
4e1b7998,Chare Smith,Bermuda,2,1,4,25.0,1.0,0,0,10,tail,12.3,13.5,12.6,12.7,D,D,D,D,Utility Player,2.0,1.0,,,,,,,,,-0.88,0.0,,,2,,,,,,,,True
03ef382c,ZE Matsinhe,Mozambique,3,8,18,44.44,4.0,0,0,11,tail,12.3,11.9,17.6,14.6,D,D,D,C,Utility Player,5.67,0.94,,,,,,,,,-0.5,0.21,,,3,,-4.47,0.0,1.0,,,,True
6ae9c751,JJ Celestine,Bermuda,1,0,1,0.0,0.0,0,0,4,upper_middle,12.2,16.4,9.2,11.7,D,D,C,D,Utility Player,1.0,1.0,,,,,,,,,-1.15,0.0,,,1,,,,,,,,True
baf3cf01,I Uboh,Nigeria,2,1,4,25.0,1.0,0,0,10,tail,12.2,14.7,12.6,12.9,D,D,D,D,Utility Player,2.0,1.0,,,,,,,,,-0.85,0.0,,,1,,,,,,,,True
4a0a532f,O Isiyaku,Nigeria,2,5,14,35.71,5.0,0,0,10,tail,12.2,13.8,26.4,19.0,C,D,D,C,Utility Player,7.0,1.0,,,,,,,,,-0.73,0.34,,,1,,,,,,,,True
6a84b40e,Davion Codner,Cayman Islands,3,8,15,53.33,2.67,0,0,6,lower_middle,12.2,10.2,10.3,11.0,D,D,D,D,Utility Player,5.0,1.0,,,,,,,,,-0.53,0.0,,,3,,-1.8,0.0,1.0,,,,True
f104c434,Muhammad Wafiq,Malaysia,17,66,81,81.48,6.0,3,4,10,tail,12.2,34.9,9.5,15.7,C,D,C+,D,Utility Player,3.06,0.64,,,,-0.34,0.34,0.12,0.77,0.22,-0.5,0.81,0.05,-1.33,9,-0.5,-1.15,0.0,0.5,-0.14,Conditions-Proof,-0.39,False
a12e1d51,SL Malinga,Sri Lanka,31,136,161,84.47,6.48,9,5,10,tail,12.1,20.8,15.4,15.6,C,D,C,C,Utility Player,3.65,0.7,,,,-0.44,0.44,0.16,0.44,-0.36,-0.43,0.86,0.03,-0.53,16,-0.44,-1.3,0.29,0.65,0.06,Conditions-Proof,0.03,False
21526a38,E Jabarkhel,Luxembourg,7,41,44,93.18,8.2,5,0,8,lower_order,12.1,14.1,27.6,19.6,C,D,D,C,Utility Player,3.57,0.57,,,,,,,,0.0,-0.32,0.55,,,4,,-1.34,0.25,0.55,,,,True
a46de6e0,Hassan Khan Mohammad,Hong Kong,4,22,29,75.86,7.33,2,0,9,lower_order,12.1,23.2,14.8,15.7,C,D,C,D,Utility Player,7.25,1.0,,,,,,,,,-0.52,0.15,,,1,,-2.59,0.0,0.29,,,,True
123e663a,S Dhaniram,Canada,2,5,8,62.5,2.5,0,0,7,lower_middle,12.1,11.2,18.9,15.0,C,D,D,C,Utility Player,4.0,1.0,,,,,,,,,-0.53,0.04,,,2,,,,,,,,True
16c50be4,P Dhiman,Spain,4,41,55,74.55,10.25,0,1,4,upper_middle,12.1,6.3,14.0,12.0,D,D,D,D,Utility Player,11.75,0.85,,,,,,,,,-0.61,0.0,,,1,,-1.14,0.0,0.45,,,,True
1439a13c,VE Tembo,Mozambique,14,138,131,105.34,11.5,12,6,3,top_order,12.1,15.9,0.9,8.2,D,D,C,D,Utility Player,4.93,0.53,,,,,,0.32,0.7,0.25,-0.34,0.3,0.02,0.89,11,0.31,-1.04,0.17,0.62,-0.14,Conditions-Proof,-0.57,False
0c95e20e,F Clarke,Isle of Man,4,12,25,48.0,4.0,0,1,9,lower_order,12.1,13.4,4.3,8.9,D,D,D,D,Utility Player,2.75,0.44,,,,,,,,,-0.61,0.08,,,1,,-3.63,0.0,1.0,,,,True
5afc0b37,Yusuf Bhoola,Panama,3,21,30,70.0,7.0,3,0,2,top_order,12.1,10.3,10.9,11.3,D,D,D,D,Utility Player,2.67,0.27,,,,,,,,,-0.53,0.0,,,3,,-2.8,0.0,0.47,,,,True
69997d9d,S Sankar,Saudi Arabia,5,52,59,88.14,13.0,4,0,4,upper_middle,12.1,6.4,24.5,17.0,C,D,D,C,Utility Player,8.8,0.75,,,,,,,,,-0.51,0.18,,,4,,-1.57,0.0,0.55,,,,True
4edfc785,A Modi,Singapore,5,48,76,63.16,12.0,1,0,6,lower_middle,12.1,5.1,33.1,20.5,C,D,D,C+,Utility Player,15.2,1.0,,,,,,,,,-0.55,0.28,,,2,,-1.67,0.0,0.54,,,,True
acf2b680,Muhammad Afis,Indonesia,1,0,1,0.0,0.0,0,0,10,tail,12.0,14.9,11.4,12.3,D,D,D,D,Utility Player,1.0,1.0,,,,,,,,,-1.05,0.0,,,0,,,,,,,,True
f58295c2,JM Iradukunda,Rwanda,7,42,41,102.44,7.0,0,4,8,lower_order,12.0,17.4,5.4,10.2,D,D,C,D,Utility Player,1.43,0.24,,,,,,,,0.26,-0.39,0.21,,,4,,-1.07,0.0,0.29,,,,True
f3e65a4b,E Ndubudem,Nigeria,4,7,11,63.64,3.5,0,0,9,lower_order,12.0,8.3,7.8,9.4,D,D,D,D,Utility Player,2.5,0.91,,,,,,,,,-0.41,0.07,,,1,,,,,,,,True
6d8b7ac4,Abdullah Khan Lodhi,Turkey,4,95,109,87.16,23.75,10,0,1,top_order,12.0,12.4,40.7,26.7,C,D,D,C+,Utility Player,6.5,0.24,,,,,,,,,-0.24,0.37,,,4,,-1.14,0.1,0.74,,,,True
8b0b3bba,SA Mohandas,Hungary,12,64,64,100.0,12.8,5,0,10,tail,12.0,20.2,30.8,22.5,C,D,C,C+,Utility Player,2.08,0.39,,,,,,0.2,0.45,-0.34,-0.4,0.79,0.07,-0.46,5,-0.6,-0.44,0.5,0.29,-0.35,Tough-Track Star,-0.58,False
8b6aebf7,SF Nhavotso,Mozambique,3,12,26,46.15,4.0,0,0,9,lower_order,12.0,9.5,10.8,11.0,D,D,D,D,Utility Player,7.0,0.81,,,,,,,,,-0.61,0.01,,,3,,-2.22,0.0,1.0,,,,True
727b313a,Rashid Hashmi,Croatia,1,1,14,7.14,1.0,0,0,2,top_order,11.9,12.9,13.3,12.7,D,D,D,D,Utility Player,14.0,1.0,,,,,,,,,-0.96,0.0,,,0,,-2.38,0.0,1.0,,,,True
b6004a31,Mohamed Fadiga,Mali,1,0,4,0.0,0.0,0,0,10,tail,11.9,14.0,8.6,10.8,D,D,D,D,Utility Player,4.0,1.0,,,,,,,,,-1.27,0.01,,,1,,,,,,,,True
990f1424,YP Dayal,Suriname,8,83,112,74.11,10.38,2,1,4,upper_middle,11.9,5.0,17.2,13.2,D,D,D,C,Utility Player,6.62,0.47,,,,,,,,0.63,-0.26,0.23,,,8,-0.23,-1.96,0.0,0.68,,,,True
aac584a8,S Hunter,Turks and Caicos Island,3,25,34,73.53,8.33,2,1,4,upper_middle,11.9,21.9,6.0,11.4,D,D,C,D,Utility Player,9.67,0.85,,,,,,,,,-0.53,0.12,,,0,,1.28,1.0,1.0,,,,True
bed90114,JA Clarkson,New Zealand,5,75,71,105.63,18.75,4,4,7,lower_middle,11.9,44.5,39.7,31.9,C+,D,C+,C+,Utility Player,7.0,0.49,,,,,,,,,-0.34,0.44,,,2,,-1.65,0.0,0.61,,,,True
01127aa9,J Buchanan,Cayman Islands,2,11,16,68.75,5.5,0,0,7,lower_middle,11.9,11.3,11.9,11.8,D,D,D,D,Utility Player,8.0,1.0,,,,,,,,,-0.74,0.0,,,2,,,,,,,,True
324e00a9,Danyal Raja,Bulgaria,13,119,132,90.15,11.9,11,1,8,lower_order,11.9,7.8,37.4,23.0,C,D,D,C+,Utility Player,4.46,0.44,,,,-0.21,0.21,0.18,0.21,0.41,-0.3,0.82,0.06,-0.23,7,-0.22,-1.25,0.2,0.7,-0.5,Tough-Track Star,-0.2,False
f1e7f97c,Ziaurahman Shinwari,Austria,1,0,1,0.0,0.0,0,0,11,tail,11.9,14.4,10.4,11.7,D,D,D,D,Utility Player,1.0,1.0,,,,,,,,,-0.95,0.0,,,0,,,,,,,,True
356bf068,Shamsullah Ehsan,Turkey,8,71,98,72.45,8.88,7,0,2,top_order,11.9,5.3,21.8,15.3,C,D,D,C,Utility Player,7.5,0.61,,,,,,,,-0.41,-0.31,0.3,,,8,-0.29,-1.51,0.0,0.65,,,,True
1a2676c5,SA Abbott,Australia,13,50,49,102.04,7.14,4,1,9,lower_order,11.9,9.7,22.5,16.4,C,D,D,C,Utility Player,2.15,0.57,,,,,,0.16,0.22,-0.03,-0.39,0.49,0.04,,4,,-3.63,0.0,1.0,-0.33,Tough-Track Star,,False
ee7abb32,Gershon Yusuf,Nigeria,1,0,1,0.0,0.0,0,0,5,upper_middle,11.9,15.0,7.6,10.6,D,D,C,D,Utility Player,1.0,1.0,,,,,,,,,-1.08,0.0,,,1,,,,,,,,True
bf60e1d2,BI Dilruksha,South Korea,13,265,248,106.85,20.38,26,9,2,top_order,11.9,43.0,37.9,31.2,C+,D,C+,C+,Utility Player,6.08,0.32,0.99,,0.99,-0.2,0.2,0.42,0.54,-0.15,-0.32,0.86,0.07,-1.14,8,-0.21,-1.0,0.13,0.7,0.21,Flat-Track Bully,0.38,False
e6082b10,BP Adapaka,Hungary,4,2,4,50.0,2.0,0,0,11,tail,11.8,8.4,14.7,12.4,D,D,D,D,Utility Player,1.0,1.0,,,,,,,,,-0.53,0.22,,,2,,,,,,,,True
a1e80d06,A Shukla,Hong Kong,16,34,51,66.67,3.4,2,1,10,tail,11.8,13.4,5.0,9.1,D,D,D,D,Utility Player,2.75,0.86,,,,-0.15,0.15,0.06,0.27,-0.02,-0.42,0.49,0.03,-0.5,7,-0.37,,,,0.24,Flat-Track Bully,0.08,False
059ec7a5,B Kgosiemang,Botswana,6,19,42,45.24,19.0,1,0,10,tail,11.8,17.0,56.0,33.6,C+,D,C,B,Utility Player,6.67,0.95,,,,,,,,-0.56,-0.49,1.24,,0.26,5,0.2,,,,,,,True
9d75aec7,J Marples,Gibraltar,7,34,42,80.95,8.5,2,0,8,lower_order,11.8,7.7,28.0,18.4,C,D,D,C,Utility Player,4.86,0.81,,,,,,,,-0.33,-0.46,0.47,,,3,,-1.63,0.0,0.29,,,,True
4a4991c1,Mian Mehmood,Portugal,4,28,33,84.85,7.0,2,0,1,top_order,11.8,8.6,9.9,10.4,D,D,D,D,Utility Player,5.5,0.67,,,,,,,,,-0.48,0.02,,,0,,-0.52,0.0,0.29,,,,True
5f0f398d,D Mauro,Argentina,3,17,24,70.83,17.0,0,0,6,lower_middle,11.8,5.3,51.1,28.9,C,D,D,B,Utility Player,8.0,1.0,,,,,,,,,-0.64,0.91,,,3,,,,,,,,True
547408c8,NL Smith,Italy,6,90,111,81.08,22.5,4,4,1,top_order,11.8,11.9,50.1,30.5,C+,D,D,B,Utility Player,10.33,0.56,,,,,,,,0.0,-0.14,0.58,,,6,-0.12,-1.5,0.0,0.62,,,,True
5531248e,MDK Perera,Sri Lanka,2,1,6,16.67,0.5,0,0,8,lower_order,11.8,13.1,9.4,11.0,D,D,D,D,Utility Player,3.0,1.0,,,,,,,,,-0.86,0.0,,,0,,,,,,,,True
94113d54,AJ Parmar,Norway,5,2,8,25.0,2.0,0,0,11,tail,11.8,7.0,7.1,8.7,D,D,D,D,Utility Player,1.6,1.0,,,,,,,,,-0.84,0.09,,,3,,,,,,,,True
ca673cff,Sapan Mehta,Finland,5,74,82,90.24,14.8,3,0,1,top_order,11.8,2.2,39.2,22.8,C,D,D,C+,Utility Player,4.0,0.24,,,,,,,,,-0.34,0.41,,,3,,-1.23,0.0,0.62,,,,True
26b59073,C Dickson,Cook Islands,13,164,197,83.25,16.4,10,3,5,upper_middle,11.7,10.8,20.8,16.4,C,D,D,C,Utility Player,10.62,0.7,,,,,,0.26,0.41,-0.13,-0.22,0.44,0.03,0.37,9,0.26,-1.61,0.06,0.77,0.07,Conditions-Proof,0.28,False
4c5d73db,CR Woakes,England,16,147,117,125.64,18.38,9,7,8,lower_order,11.7,57.9,63.4,45.2,B,D,B,B+,Utility Player,4.38,0.6,,,,0.27,-0.27,0.65,0.77,0.28,-0.29,1.3,0.08,-0.09,6,0.14,-0.21,0.5,0.67,0.33,Flat-Track Bully,0.89,False
30b902a3,P Heron,Cayman Islands,6,66,90,73.33,13.2,3,2,2,top_order,11.7,6.3,12.3,11.3,D,D,D,D,Utility Player,3.17,0.21,,,,,,,,-0.52,-0.4,0.03,,,6,-0.36,-0.98,0.2,0.61,,,,True
3e46c4f3,Junaid Mehmood,Norway,8,81,91,89.01,11.57,6,2,5,upper_middle,11.7,19.2,12.1,13.7,D,D,C,D,Utility Player,7.12,0.63,,,,,,,,-0.46,-0.4,0.26,,,2,,-1.0,0.14,0.68,,,,True
ab6b1c45,AL Phehlukwayo,South Africa,25,166,153,108.5,9.22,16,5,7,lower_middle,11.7,10.3,5.5,9.0,D,D,D,D,Utility Player,2.72,0.44,,,,0.11,-0.11,0.18,0.3,0.12,-0.36,0.41,0.02,-0.74,10,-0.57,-1.09,0.1,0.74,0.19,Flat-Track Bully,0.61,False
25640e61,N Ndouteng,Cameroon,2,1,5,20.0,1.0,0,0,11,tail,11.7,12.8,6.5,9.6,D,D,D,D,Utility Player,2.5,1.0,,,,,,,,,-0.9,0.0,,,2,,,,,,,,True
1b77c4c6,Shaik Basha,Tanzania,9,101,104,97.12,12.62,3,5,7,lower_middle,11.7,11.1,27.9,19.3,C,D,D,C,Utility Player,3.11,0.27,0.0,,0.0,,,,,0.22,-0.38,0.42,,,3,,-1.59,0.0,0.66,,,,True
58a7f842,Baz Aybui,Sweden,3,8,24,33.33,8.0,0,0,10,tail,11.7,13.2,31.5,21.0,C,D,D,C+,Utility Player,8.0,1.0,,,,,,,,,-0.78,0.34,,,1,,-2.21,0.0,0.29,,,,True
e1fe58ad,S Chilemanya,Nigeria,6,48,63,76.19,8.0,1,1,2,top_order,11.7,7.3,5.8,8.3,D,D,D,D,Utility Player,3.17,0.3,,,,,,,,-0.23,-0.46,0.04,,,2,,-1.32,0.0,0.49,,,,True
e7e14ecc,A Chenthamara,Kuwait,2,3,12,25.0,3.0,0,0,10,tail,11.7,15.9,23.7,18.0,C,D,C,C,Utility Player,6.0,1.0,,,,,,,,,-0.83,0.16,,,2,,-2.36,0.0,1.0,,,,True
04628837,Sagor Hossain,Czech Republic,2,5,12,41.67,2.5,0,0,6,lower_middle,11.7,9.2,9.4,10.2,D,D,D,D,Utility Player,6.0,1.0,,,,,,,,,-0.66,0.0,,,1,,,,,,,,True
ca47f0fb,Asim Ashraf,Gambia,3,42,76,55.26,14.0,5,0,3,top_order,11.6,9.3,19.3,15.1,C,D,D,C,Utility Player,18.0,0.71,,,,,,,,,-0.64,0.02,,,3,,-2.31,0.0,0.62,,,,True
1fbc10cd,S Kruger,Argentina,1,0,3,0.0,0.0,0,0,5,upper_middle,11.6,15.0,8.3,10.8,D,D,C,D,Utility Player,3.0,1.0,,,,,,,,,-1.22,0.0,,,1,,,,,,,,True
ffe659ae,Ali Abbas,Saudi Arabia,2,12,17,70.59,6.0,2,0,3,top_order,11.6,14.7,8.4,10.9,D,D,D,D,Utility Player,8.0,0.94,,,,,,,,,-0.63,0.0,,,0,,,,,,,,True
6a7239a7,ES Szwarczynski,Netherlands,7,96,110,87.27,16.0,9,0,2,top_order,11.6,2.0,45.2,25.5,C,D,D,B,Utility Player,6.43,0.41,,,,,,,,,-0.31,0.4,,0.44,5,0.44,-1.21,0.12,0.68,,,,True
6ed3d5ac,DO Obuya,Kenya,7,84,123,68.29,12.0,8,0,1,top_order,11.6,6.7,15.3,12.7,D,D,D,C,Utility Player,6.43,0.37,,,,,,,,,-0.39,0.07,,,2,,-1.65,0.11,0.72,,,,True
7c6293d1,A Orfila,Gibraltar,2,2,9,22.22,1.0,0,0,10,tail,11.6,13.6,9.5,11.1,D,D,D,D,Utility Player,4.5,1.0,,,,,,,,,-0.9,0.0,,,1,,,,,,,,True
374bb5e7,K Klein,Netherlands,11,50,64,78.12,6.25,2,0,10,tail,11.6,7.2,37.4,22.5,C,D,D,C+,Utility Player,4.09,0.7,,,,,,0.07,0.07,0.3,-0.37,0.67,0.06,,4,,-0.51,0.0,1.0,-0.01,Conditions-Proof,-0.16,False
ddb41291,L Sreekumar,United Arab Emirates,1,0,1,0.0,0.0,0,0,2,top_order,11.6,13.9,9.7,11.2,D,D,D,D,Utility Player,1.0,1.0,,,,,,,,,-1.07,0.0,,,0,,,,,,,,True
d73891ad,PK Mohanarangam,Mexico,6,58,74,78.38,9.67,4,1,8,lower_order,11.6,15.5,19.8,16.3,C,D,C,C,Utility Player,3.5,0.28,,,,,,,,-0.81,-0.64,0.35,,,6,-0.5,-2.07,0.0,0.57,,,,True
d68f4aa1,AJ Michael,Samoa,5,66,80,82.5,13.2,5,1,5,upper_middle,11.6,9.7,32.5,21.1,C,D,D,C+,Utility Player,11.8,0.74,,,,,,,,,-0.3,0.38,,,5,-0.3,-0.89,0.14,0.58,,,,True
cdc9bbec,H Deshan,Switzerland,11,222,166,133.73,20.18,27,5,2,top_order,11.6,41.8,33.8,28.9,C,D,C+,C+,Utility Player,4.18,0.28,1.12,,1.12,0.08,-0.08,0.53,0.83,-0.31,-0.26,0.75,0.07,,3,,-0.58,0.38,0.68,-0.06,Conditions-Proof,,False
ffb65f46,Ugyen Dorji,Bhutan,1,0,5,0.0,0.0,0,0,9,lower_order,11.6,13.7,8.9,10.8,D,D,D,D,Utility Player,5.0,1.0,,,,,,,,,-1.14,0.0,,,0,,,,,,,,True
b9e07e44,R Abdulkareem,Nigeria,30,267,311,85.85,12.71,19,9,6,lower_middle,11.5,18.5,27.4,20.7,C,D,C,C,Utility Player,5.63,0.54,,,,-0.02,0.02,0.33,0.5,0.04,-0.26,0.8,0.03,-0.62,18,-0.37,-1.28,0.0,0.74,0.04,Conditions-Proof,-0.48,False
5592153b,Kamran Wahid,Hungary,3,4,6,66.67,4.0,0,0,11,tail,11.5,10.0,18.7,14.5,D,D,D,C,Utility Player,2.0,1.0,,,,,,,,,-0.63,0.18,,,3,,,,,,,,True
f15d17c7,Sarfaraj Patel,Lesotho,3,19,36,52.78,9.5,0,0,6,lower_middle,11.5,10.4,18.6,14.7,D,D,D,C,Utility Player,4.67,0.39,,,,,,,,,-0.49,0.07,,,3,,-2.33,0.0,0.29,,,,True
3ec178e7,Sohel Ebrahim Desai,Panama,5,11,18,61.11,2.75,0,0,8,lower_order,11.5,7.5,4.5,7.6,D,D,D,D,Utility Player,2.2,0.61,,,,,,,,,-0.52,0.1,,,5,-0.42,,,,,,,True
797ee165,SS Kang,United Arab Emirates,2,2,9,22.22,1.0,0,0,8,lower_order,11.5,15.5,9.0,11.2,D,D,C,D,Utility Player,4.5,1.0,,,,,,,,,-0.82,0.0,,,1,,,,,,,,True
e6a6888f,O Tuyisenge,Rwanda,68,988,981,100.71,15.68,91,27,1,top_order,11.5,8.4,42.3,26.1,C,D,D,C+,Utility Player,5.57,0.39,1.24,,1.24,0.02,-0.02,0.53,1.47,0.32,-0.2,0.98,0.01,-0.12,31,-0.25,-1.42,0.05,0.82,-0.32,Tough-Track Star,-0.13,False
32074eb3,D Hardware,Turks and Caicos Island,2,9,24,37.5,9.0,0,0,2,top_order,11.4,8.0,17.7,13.7,D,D,D,C,Utility Player,12.0,1.0,,,,,,,,,-0.76,0.05,,,0,,-2.72,0.0,0.29,,,,True
86f471ae,Murat Ipek,Turkey,2,1,2,50.0,0.5,0,0,11,tail,11.4,10.2,12.3,11.6,D,D,D,D,Utility Player,0.5,0.5,,,,,,,,,-0.54,0.07,,,1,,,,,,,,True
19708692,MW Parkinson,England,4,5,11,45.45,1.25,1,0,11,tail,11.4,17.1,3.5,9.0,D,D,C,D,Utility Player,2.25,0.82,,,,,,,,,-0.83,0.07,,,3,,,,,,,,True
a07c24ea,F Pieters,South Korea,1,0,2,0.0,0.0,0,0,5,upper_middle,11.4,13.0,6.1,9.3,D,D,D,D,Utility Player,2.0,1.0,,,,,,,,,-1.18,0.0,,,1,,,,,,,,True
68408eff,Yin Chenhao,China,2,2,13,15.38,1.0,0,0,5,upper_middle,11.4,14.4,3.0,8.2,D,D,D,D,Utility Player,5.0,0.77,,,,,,,,,-0.4,0.01,,,2,,-2.8,0.0,1.0,,,,True
4373c57e,JH Stander,Scotland,4,25,24,104.17,8.33,1,1,4,upper_middle,11.4,14.7,2.7,8.3,D,D,D,D,Utility Player,4.0,0.67,,,,,,,,,-0.54,0.02,,,3,,-1.47,0.0,1.0,,,,True
58cb36aa,S Nsubuga,Uganda,3,2,6,33.33,1.0,0,0,10,tail,11.4,10.0,10.3,10.6,D,D,D,D,Utility Player,2.0,1.0,,,,,,,,,-0.74,0.02,,,0,,,,,,,,True
1c014a94,K Dasan,Bulgaria,3,8,13,61.54,2.67,0,0,1,top_order,11.4,6.1,11.0,10.2,D,D,D,D,Utility Player,0.0,0.0,,,,,,,,,-0.42,0.01,,,1,,,,,,,,True
0d9d3baa,GF Gomes,Mozambique,1,0,1,0.0,0.0,0,0,7,lower_middle,11.4,13.7,7.4,10.1,D,D,D,D,Utility Player,1.0,1.0,,,,,,,,,-1.05,0.0,,,1,,,,,,,,True
879095b0,SL Clephane,Czech Republic,1,1,6,16.67,1.0,0,0,6,lower_middle,11.4,13.0,10.1,11.1,D,D,D,D,Utility Player,6.0,1.0,,,,,,,,,-0.8,0.0,,,0,,,,,,,,True
6113433c,Akbar Khan,Hong Kong,4,20,37,54.05,5.0,1,0,5,upper_middle,11.4,9.8,5.2,8.4,D,D,D,D,Utility Player,5.0,0.54,,,,,,,,,-0.49,0.0,,,3,,-2.63,0.0,0.47,,,,True
79e23cc5,ML Kostic,Serbia,7,37,45,82.22,6.17,5,0,5,upper_middle,11.3,11.4,5.0,8.6,D,D,D,D,Utility Player,5.14,0.8,,,,,,,,0.82,-0.23,0.2,,,3,,-2.43,0.25,0.58,,,,True
df3947f4,Muhammad Murad,Qatar,6,42,51,82.35,10.5,1,3,8,lower_order,11.3,17.3,23.8,18.4,C,D,C,C,Utility Player,5.67,0.67,,,,,,,,0.0,-0.43,0.36,,0.47,5,0.72,-0.97,0.0,1.0,,,,True
d3611e29,EF Faalupega,Samoa,2,2,6,33.33,1.0,0,0,9,lower_order,11.3,11.1,11.5,11.4,D,D,D,D,Utility Player,3.0,1.0,,,,,,,,,-0.72,0.0,,,0,,,,,,,,True
b410bd3d,S Lamichhane,Nepal,20,76,83,91.57,6.33,3,2,9,lower_order,11.3,7.6,28.3,18.4,C,D,D,C,Utility Player,3.05,0.73,,,,-0.54,0.54,0.37,1.11,0.16,-0.25,0.69,0.03,0.12,16,-0.13,0.1,0.5,0.29,-0.53,Tough-Track Star,-0.8,False
af16cd9e,G Riley,Gambia,3,5,22,22.73,1.67,0,0,8,lower_order,11.3,8.8,4.2,7.6,D,D,D,D,Utility Player,7.33,1.0,,,,,,,,,-0.76,0.0,,,3,,,,,,,,True
1a8eebbe,Shafiul Islam,Bangladesh,6,23,33,69.7,4.6,1,1,10,tail,11.3,13.3,13.1,12.6,D,D,D,D,Utility Player,3.83,0.7,,,,,,,,,-0.51,0.21,,,4,,,,,,,,True
c4fb0b39,VS Padhaal,Finland,25,401,385,104.16,18.23,36,8,2,top_order,11.3,37.0,38.3,29.8,C,D,C+,C+,Utility Player,5.8,0.38,1.47,,1.47,-0.42,0.42,0.46,0.89,0.03,-0.26,0.9,0.04,0.12,12,-0.04,-1.4,0.11,0.81,-0.18,Conditions-Proof,0.14,False
e938e1bc,P Kumar,India,3,7,16,43.75,2.33,0,0,9,lower_order,11.3,13.1,8.3,10.3,D,D,D,D,Utility Player,5.33,1.0,,,,,,,,,-0.7,0.0,,,0,,,,,,,,True
fd6e215b,E Henry,Turks and Caicos Island,1,1,4,25.0,1.0,0,0,5,upper_middle,11.3,12.5,9.6,10.8,D,D,D,D,Utility Player,4.0,1.0,,,,,,,,,-0.93,0.0,,,1,,,,,,,,True
314642ed,K Sinclair,West Indies,2,3,9,33.33,3.0,0,0,9,lower_order,11.2,14.8,14.6,13.5,D,D,D,D,Utility Player,4.5,1.0,,,,,,,,,-0.82,0.0,,,2,,,,,,,,True
8db27a28,ARA Chambers,Portugal,13,216,231,93.51,18.0,25,1,4,upper_middle,11.2,2.7,35.6,21.5,C,D,D,C+,Utility Player,8.77,0.49,,,,-0.04,0.04,0.22,0.4,-0.16,-0.34,0.5,0.04,,4,,-1.3,0.0,0.69,0.28,Flat-Track Bully,0.34,False
a8473c4a,J Hansrod,Swaziland,3,10,25,40.0,3.33,1,0,9,lower_order,11.2,11.0,7.6,9.6,D,D,D,D,Utility Player,5.0,0.6,,,,,,,,,-0.65,0.03,,,3,,-1.13,0.0,1.0,,,,True
4ba44e19,M Muralitharan,Sri Lanka,2,1,5,20.0,0.5,0,0,9,lower_order,11.2,13.2,8.3,10.3,D,D,D,D,Utility Player,2.5,1.0,,,,,,,,,-0.88,0.0,,,1,,,,,,,,True
a9a22964,L Ruane,Finland,1,1,5,20.0,1.0,0,0,2,top_order,11.2,12.1,11.3,11.4,D,D,D,D,Utility Player,5.0,1.0,,,,,,,,,-0.77,0.0,,,0,,,,,,,,True
ed394ace,S Norman,Jersey,2,6,10,60.0,3.0,0,0,8,lower_order,11.2,14.4,8.9,10.8,D,D,D,D,Utility Player,5.0,1.0,,,,,,,,,-0.69,0.01,,,0,,,,,,,,True
74487d79,J Edness,Bermuda,1,0,1,0.0,0.0,0,0,7,lower_middle,11.2,15.9,10.5,11.8,D,D,C,D,Utility Player,1.0,1.0,,,,,,,,,-1.15,0.0,,,1,,,,,,,,True
465aa633,N Burger,South Africa,3,10,21,47.62,5.0,0,0,9,lower_order,11.2,11.1,13.5,12.3,D,D,D,D,Utility Player,7.0,1.0,,,,,,,,,-0.7,0.0,,,1,,-3.01,0.0,1.0,,,,True
67ec2b09,Umair Tariq,Austria,12,99,101,98.02,11.0,9,1,8,lower_order,11.2,8.4,13.9,12.2,D,D,D,D,Utility Player,3.67,0.44,,,,,,0.33,0.5,0.56,-0.42,0.42,0.03,,4,,-0.91,0.25,0.57,-0.05,Conditions-Proof,0.01,False
da09ca26,Breeze Ahir,Panama,10,102,125,81.6,12.75,9,1,3,top_order,11.2,5.6,18.1,13.6,D,D,D,C,Utility Player,3.9,0.31,,,,,,0.37,0.47,-0.04,-0.25,0.3,0.03,-1.17,7,-0.31,-1.7,0.1,0.65,0.37,Flat-Track Bully,,False
d22287a8,KA Bazil,Cayman Islands,3,4,12,33.33,1.33,0,0,11,tail,11.2,11.6,7.9,9.8,D,D,D,D,Utility Player,2.67,0.67,,,,,,,,,-0.78,0.0,,,3,,,,,,,,True
286fab38,Tenzin Wangchuk jnr,Bhutan,2,9,17,52.94,4.5,2,0,1,top_order,11.1,22.7,8.4,12.2,D,D,C,D,Utility Player,8.5,1.0,,,,,,,,,-0.67,0.07,,,1,,-2.28,0.0,0.29,,,,True
a90e8bcf,Ahmadi Ravat,Panama,1,0,1,0.0,0.0,0,0,9,lower_order,11.1,14.5,10.3,11.4,D,D,D,D,Utility Player,1.0,1.0,,,,,,,,,-1.22,0.0,,,1,,,,,,,,True
017faef2,Z Groenewald,Namibia,4,20,35,57.14,6.67,0,0,9,lower_order,11.1,9.8,22.4,16.0,C,D,D,C,Utility Player,4.25,0.49,,,,,,,,,-0.5,0.15,,,4,,-3.37,0.0,1.0,,,,True
7da83f2e,Nazir Patel,Panama,1,0,6,0.0,0.0,0,0,9,lower_order,11.1,13.4,8.9,10.6,D,D,D,D,Utility Player,6.0,1.0,,,,,,,,,-1.21,0.0,,,0,,,,,,,,True
e0c5125f,AZ Shah,Fiji,2,5,17,29.41,5.0,0,0,9,lower_order,11.1,12.3,14.1,12.7,D,D,D,D,Utility Player,8.5,1.0,,,,,,,,,-0.76,0.01,,,2,,,,,,,,True
a2421394,AC Agar,Australia,28,277,273,101.47,12.04,19,9,7,lower_middle,11.1,16.6,24.5,18.8,C,D,C,C,Utility Player,5.25,0.54,,,,-0.11,0.11,0.27,0.7,0.08,-0.34,0.68,0.02,0.02,10,-0.04,-1.37,0.14,0.7,0.03,Conditions-Proof,0.34,False
65cf74b4,Abhishek Ahuja,Hungary,12,246,216,113.89,20.5,19,10,4,upper_middle,11.1,17.4,28.4,21.5,C,D,C,C,Utility Player,10.46,0.58,1.24,,1.24,0.25,-0.25,0.33,0.79,-0.25,-0.39,0.52,0.04,-0.52,6,-0.07,-0.64,0.21,0.73,0.23,Flat-Track Bully,0.11,False
82294960,P Sarraf,Nepal,14,107,118,90.68,8.92,14,4,1,top_order,11.1,10.4,1.1,6.7,D,D,D,D,Utility Player,5.79,0.69,,,,,,0.48,0.99,0.15,-0.5,0.24,0.02,,1,,-1.95,0.11,0.64,-0.29,Tough-Track Star,-0.49,False
424a646f,D Ahir,Panama,3,22,23,95.65,7.33,2,1,7,lower_middle,11.1,21.6,6.5,11.3,D,D,C,D,Utility Player,2.0,0.26,,,,,,,,,-0.54,0.08,,,3,,-1.44,0.0,1.0,,,,True
249fe400,Lemar Momand,Sweden,3,4,10,40.0,4.0,0,0,11,tail,11.1,12.8,17.8,14.5,D,D,D,C,Utility Player,2.0,0.6,,,,,,,,,-0.7,0.16,,,0,,,,,,,,True
1ef6ed2b,PUKK Arachchige,Finland,3,10,24,41.67,3.33,0,0,8,lower_order,11.1,10.3,5.9,8.6,D,D,D,D,Utility Player,8.0,1.0,,,,,,,,,-0.63,0.01,,,1,,-3.47,0.0,1.0,,,,True
6d27e42d,Wahidullah Usmani,Belgium,6,138,137,100.73,23.0,14,2,4,upper_middle,11.0,11.9,33.7,23.0,C,D,D,C+,Utility Player,8.67,0.38,1.32,,1.32,,,,,0.54,-0.35,0.36,,,0,,-1.27,0.23,0.7,,,,True
55e6c23c,Mustafa Balkis,Turkey,1,0,3,0.0,0.0,0,0,10,tail,11.0,12.8,10.6,11.2,D,D,D,D,Utility Player,3.0,1.0,,,,,,,,,-0.79,0.0,,,0,,,,,,,,True
ff8b37cb,S Siriotis,Greece,1,0,1,0.0,0.0,0,0,9,lower_order,11.0,13.0,9.8,10.9,D,D,D,D,Utility Player,1.0,1.0,,,,,,,,,-0.93,0.0,,,0,,,,,,,,True
1be70c88,LPC Silva,Sri Lanka,15,175,177,98.87,13.46,19,3,5,upper_middle,11.0,38.3,23.5,22.7,C,D,C+,C,Utility Player,4.47,0.38,,,,,,0.21,0.26,-0.33,-0.23,0.53,0.04,,2,,-1.29,0.2,0.73,0.16,Flat-Track Bully,0.14,False
cdd9fa95,Shahab Alam,Nepal,2,0,2,0.0,0.0,0,0,11,tail,11.0,14.0,9.2,10.8,D,D,D,D,Utility Player,1.0,1.0,,,,,,,,,-1.0,0.0,,,1,,,,,,,,True
c7bb2416,GG Alta,Turkey,12,126,147,85.71,10.5,7,6,7,lower_middle,11.0,9.7,9.9,10.6,D,D,D,D,Utility Player,7.17,0.59,,,,0.04,-0.04,0.06,0.13,0.09,-0.39,0.35,0.03,0.02,8,0.05,-1.43,0.11,0.66,-0.05,Conditions-Proof,-0.02,False
59559bc2,J Overton,England,15,88,84,104.76,8.8,5,3,8,lower_order,11.0,6.3,20.8,14.7,D,D,D,C,Utility Player,3.07,0.55,,,,0.0,-0.0,0.09,0.27,-0.04,-0.42,0.46,0.03,0.14,5,0.04,-1.62,0.0,0.55,-0.21,Tough-Track Star,-0.18,False
3fa5672e,P Mishra,Bulgaria,36,451,387,116.54,14.09,27,35,5,upper_middle,11.0,37.9,13.9,18.5,C,D,C+,D,Utility Player,4.81,0.45,1.72,,1.72,0.08,-0.08,0.41,0.68,-0.32,-0.32,0.87,0.02,-0.28,14,-0.07,-1.09,0.33,0.68,0.15,Flat-Track Bully,0.24,False
b24eed5e,JM Obando,Costa Rica,1,0,5,0.0,0.0,0,0,11,tail,10.9,14.5,10.7,11.5,D,D,D,D,Utility Player,5.0,1.0,,,,,,,,,-1.0,0.0,,,1,,,,,,,,True
6a11facf,Dhananjay Rao,Hong Kong,3,5,8,62.5,1.67,0,0,11,tail,10.9,11.2,6.0,8.8,D,D,D,D,Utility Player,2.0,0.75,,,,,,,,,-0.81,0.0,,,1,,,,,,,,True
c8e5012c,Nazwan Ismail,Maldives,5,8,20,40.0,8.0,0,0,10,tail,10.9,8.7,36.6,22.1,C,D,D,C+,Utility Player,3.8,0.95,,,,,,,,,-0.46,0.55,,,3,,,,,,,,True
8b46fc4f,J Baguma,Uganda,9,40,54,74.07,8.0,3,0,10,tail,10.9,10.7,11.3,11.2,D,D,D,D,Utility Player,4.67,0.78,,,,,,,,0.45,-0.67,0.36,,,2,,-1.57,0.0,0.52,,,,True
babc65d3,Parveen Kumar,Finland,3,4,19,21.05,2.0,0,0,11,tail,10.9,12.0,17.1,13.9,D,D,D,C,Utility Player,4.0,0.63,,,,,,,,,-0.59,0.17,,,1,,-3.38,0.0,0.29,,,,True
ed031922,Arshad Iqbal,Pakistan,2,0,2,0.0,0.0,0,0,11,tail,10.9,14.2,7.3,9.9,D,D,D,D,Utility Player,1.0,1.0,,,,,,,,,-0.97,0.0,,,1,,,,,,,,True
45f4af74,S Chophel,Bhutan,4,11,18,61.11,3.67,0,0,8,lower_order,10.9,9.5,15.9,12.9,D,D,D,C,Utility Player,2.0,0.44,,,,,,,,,-0.4,0.12,,,4,,,,,,,,True
9cf15e95,Boio Ray,Papua New Guinea,3,57,49,116.33,19.0,4,2,3,top_order,10.9,22.1,21.1,18.7,C,D,C,C,Utility Player,12.0,0.73,,,,,,,,,-0.55,0.07,,,3,,-0.2,0.33,0.49,,,,True
d5f4f4e4,KO Altamirano,Costa Rica,1,0,1,0.0,0.0,0,0,10,tail,10.8,13.8,9.0,10.6,D,D,D,D,Utility Player,1.0,1.0,,,,,,,,,-1.0,0.0,,,0,,,,,,,,True
5f789ff9,R Mbaiwa,Botswana,2,5,14,35.71,2.5,0,0,5,upper_middle,10.8,11.0,8.2,9.7,D,D,D,D,Utility Player,7.0,1.0,,,,,,,,,-0.65,0.0,,,2,,,,,,,,True
6d024ce3,Zabiullah Zahid,Sweden,1,0,1,0.0,0.0,0,0,3,top_order,10.8,11.5,7.4,9.4,D,D,D,D,Utility Player,1.0,1.0,,,,,,,,,-1.03,0.0,,,1,,,,,,,,True
d516a95f,NSK Mehta,Belgium,2,1,3,33.33,0.5,0,0,10,tail,10.8,12.4,7.0,9.4,D,D,D,D,Utility Player,0.5,0.33,,,,,,,,,-0.72,0.01,,,0,,,,,,,,True
667f3fd3,Zwe Htet Paing,Myanmar,2,3,6,50.0,3.0,0,0,9,lower_order,10.7,11.0,8.4,9.7,D,D,D,D,Utility Player,3.0,1.0,,,,,,,,,-0.71,0.0,,,1,,,,,,,,True
ac02a458,V Pulibanti,Croatia,7,29,53,54.72,5.8,5,0,6,lower_middle,10.7,27.1,5.8,11.9,D,D,C,D,Utility Player,5.29,0.7,,,,,,,,0.8,-0.36,0.26,,,4,,-2.51,0.0,0.57,,,,True
ddc7e056,P Buccimazza,Portugal,2,2,13,15.38,1.0,0,0,10,tail,10.7,15.4,11.8,12.1,D,D,C,D,Utility Player,5.5,0.85,,,,,,,,,-0.73,0.01,,,1,,,,,,,,True
e05dd44b,V Shaw,Suriname,6,52,70,74.29,10.4,4,2,7,lower_middle,10.7,14.5,5.2,9.3,D,D,D,D,Utility Player,3.33,0.29,,,,,,,,-0.32,-0.47,0.13,,,6,-0.38,-2.41,0.0,0.58,,,,True
8bba9ec2,KJ Young,Belize,5,70,78,89.74,14.0,8,2,6,lower_middle,10.7,30.2,23.7,21.0,C,D,C+,C,Utility Player,5.0,0.32,0.22,,0.22,,,,,,-0.44,0.29,,,5,-0.42,-1.81,0.0,0.59,,,,True
12bffe91,LL Tsotsobe,South Africa,3,2,10,20.0,2.0,0,0,11,tail,10.7,12.4,13.5,12.3,D,D,D,D,Utility Player,3.33,1.0,,,,,,,,,-0.83,0.02,,,2,,,,,,,,True
e84ac20c,MJ Henry,New Zealand,10,35,32,109.38,5.83,4,0,9,lower_order,10.7,11.8,36.5,22.6,C,D,D,C+,Utility Player,1.7,0.53,,,,,,0.22,0.18,-0.12,-0.37,0.56,0.06,,4,,,,,0.04,Conditions-Proof,0.4,False
d11272c4,E Samson,Israel,2,3,3,100.0,3.0,0,0,7,lower_middle,10.7,9.5,11.4,10.8,D,D,D,D,Utility Player,0.5,0.33,,,,,,,,,-0.64,0.0,,,2,,,,,,,,True
f5ba4611,M Sarenac,Serbia,11,24,51,47.06,3.0,1,0,11,tail,10.7,5.6,21.7,14.7,D,D,D,C,Utility Player,2.82,0.61,,,,-0.17,0.17,0.03,0.11,0.7,-0.33,0.63,0.06,0.12,6,0.14,-2.3,0.0,0.29,-0.51,Tough-Track Star,-0.57,False
2c31f58a,T Sandaruwan,Romania,4,14,14,100.0,4.67,0,1,7,lower_middle,10.7,11.7,4.7,8.3,D,D,D,D,Utility Player,0.75,0.21,,,,,,,,,-0.58,0.04,,,2,,,,,,,,True
20b559ab,P Byron,Seychelles,1,0,1,0.0,0.0,0,0,7,lower_middle,10.7,14.6,10.1,11.2,D,D,D,D,Utility Player,1.0,1.0,,,,,,,,,-1.04,0.0,,,1,,,,,,,,True
be48d2e5,SYS Assegon,Cameroon,2,1,18,5.56,0.5,0,0,9,lower_order,10.7,12.8,3.3,7.8,D,D,D,D,Utility Player,9.0,1.0,,,,,,,,,-1.22,0.0,,,2,,-2.52,0.0,1.0,,,,True
f6993a56,RJ Campbell,Hong Kong,2,9,23,39.13,4.5,1,0,2,top_order,10.7,11.4,11.1,11.1,D,D,D,D,Utility Player,11.5,1.0,,,,,,,,,-0.81,0.0,,,0,,-1.41,0.0,1.0,,,,True
ecfa6005,P Deol,Cyprus,3,17,30,56.67,5.67,1,0,9,lower_order,10.7,12.3,18.0,14.4,D,D,D,C,Utility Player,10.0,1.0,,,,,,,,,-0.49,0.12,,,3,,,,,,,,True
9dba7a41,AAH Bhikari,Suriname,2,2,11,18.18,1.0,0,0,11,tail,10.7,13.2,9.0,10.4,D,D,D,D,Utility Player,0.0,0.0,,,,,,,,,-0.85,0.01,,,2,,,,,,,,True
8c483884,Kuldeep Singh,Philippines,3,8,16,50.0,2.67,0,0,7,lower_middle,10.7,8.9,11.6,10.8,D,D,D,D,Utility Player,4.67,0.88,,,,,,,,,-0.61,0.0,,,3,,-2.38,0.0,0.29,,,,True
fd68e23d,P Fernando,Italy,1,0,3,0.0,0.0,0,0,4,upper_middle,10.7,13.7,8.5,10.3,D,D,D,D,Utility Player,3.0,1.0,,,,,,,,,-1.16,0.0,,,0,,,,,,,,True
17f507e7,MA Algi,Mozambique,3,12,14,85.71,6.0,2,0,9,lower_order,10.7,19.2,11.4,12.8,D,D,C,D,Utility Player,1.67,0.36,,,,,,,,,-0.54,0.09,,,3,,-1.79,0.0,0.29,,,,True
ab89348d,MF Maharoof,Sri Lanka,4,20,32,62.5,5.0,0,0,8,lower_order,10.7,8.5,11.5,10.7,D,D,D,D,Utility Player,7.25,0.91,,,,,,,,,-0.61,0.0,,,0,,-2.04,0.0,0.29,,,,True
8d78d0d0,Mamoon Latif,Belgium,5,44,47,93.62,8.8,3,1,3,top_order,10.7,7.0,4.6,7.4,D,D,D,D,Utility Player,2.2,0.23,,,,,,,,,-0.37,0.04,,,0,,-1.34,0.0,0.29,,,,True
4fbc6060,S Mohan,Philippines,1,0,1,0.0,0.0,0,0,4,upper_middle,10.7,13.7,8.0,10.1,D,D,D,D,Utility Player,1.0,1.0,,,,,,,,,-0.99,0.0,,,1,,,,,,,,True
b04e6811,S Pitabeddara,South Korea,2,2,4,50.0,1.0,0,0,7,lower_middle,10.7,11.0,3.7,7.6,D,D,D,D,Utility Player,0.5,0.25,,,,,,,,,-0.81,0.0,,,2,,,,,,,,True
1a8f879b,Mujeeb-ur-Rehman,Qatar,12,118,127,92.91,13.11,10,0,6,lower_middle,10.6,6.7,47.8,27.1,C,D,D,B,Utility Player,7.17,0.68,,,,-0.23,0.23,0.18,0.17,-0.27,-0.3,0.71,0.06,-0.2,6,-0.09,-0.84,0.14,0.64,-0.44,Tough-Track Star,-0.09,False
22176fe7,MJ Richardson,Germany,24,513,495,103.64,30.18,47,5,3,top_order,10.6,1.7,68.3,38.1,C+,D,D,B+,Utility Player,7.17,0.35,1.32,,1.32,0.01,-0.01,0.54,0.81,-0.03,-0.22,1.29,0.05,0.18,18,-0.22,-0.92,0.16,0.79,-0.12,Conditions-Proof,-0.37,False
0f8e08ad,SO Olayinka,Nigeria,3,25,34,73.53,8.33,1,2,2,top_order,10.6,11.5,6.1,8.9,D,D,D,D,Utility Player,8.0,0.71,,,,,,,,,-0.72,0.0,,,2,,-1.51,0.0,0.29,,,,True
4a6dbc50,Pel Vannak,Cambodia,2,0,3,0.0,0.0,0,0,11,tail,10.6,12.2,3.5,7.7,D,D,D,D,Utility Player,1.5,1.0,,,,,,,,,-1.05,0.0,,,1,,,,,,,,True
5902f2eb,Saud Munir,Denmark,6,23,40,57.5,11.5,0,0,9,lower_order,10.5,6.8,42.1,24.3,C,D,D,C+,Utility Player,6.17,0.92,,,,,,,,,-0.49,0.58,,,4,,,,,,,,True
5947220c,R Thapliyal,Belgium,2,5,15,33.33,5.0,0,0,9,lower_order,10.5,11.7,18.1,14.2,D,D,D,C,Utility Player,7.5,1.0,,,,,,,,,-0.8,0.05,,,0,,-2.38,0.0,1.0,,,,True
16084b50,LA Simango,Mozambique,6,25,45,55.56,12.5,2,0,10,tail,10.5,15.3,41.1,25.6,C,D,C,C+,Utility Player,7.17,0.96,,,,,,,,-0.76,-0.6,0.73,,,6,-0.57,-1.55,0.0,1.0,,,,True
dc1dd6c4,Ijaz Hussain,Romania,19,132,148,89.19,9.43,13,1,8,lower_order,10.5,5.9,23.2,15.6,C,D,D,C,Utility Player,4.0,0.51,,,,,,0.3,0.56,0.46,-0.27,0.68,0.04,0.45,6,0.15,-1.25,0.17,0.6,-0.64,Tough-Track Star,-0.8,False
941dfb84,Mohsin Shabbir,Saudi Arabia,1,0,2,0.0,0.0,0,0,7,lower_middle,10.5,14.0,10.1,11.0,D,D,D,D,Utility Player,2.0,1.0,,,,,,,,,-1.0,0.0,,,0,,,,,,,,True
d7bfcc0b,Mehran Khan,Oman,32,262,249,105.22,9.7,14,12,7,lower_middle,10.5,10.7,9.4,10.5,D,D,D,D,Utility Player,4.56,0.59,,,,-0.06,0.06,0.39,0.8,-0.22,-0.29,0.56,0.02,1.0,12,0.22,-1.13,0.19,0.68,0.27,Flat-Track Bully,0.34,False
b3092fc4,L Maphane,Botswana,1,0,1,0.0,0.0,0,0,9,lower_order,10.5,13.6,9.7,10.8,D,D,D,D,Utility Player,1.0,1.0,,,,,,,,,-1.05,0.0,,,0,,,,,,,,True
f7cb7c3a,Abul Farhad,Czech Republic,5,12,25,48.0,4.0,1,0,9,lower_order,10.5,11.2,5.9,8.6,D,D,D,D,Utility Player,5.0,1.0,,,,,,,,,-0.63,0.1,,,3,,-3.87,0.0,1.0,,,,True
8955b928,S Dhakal,Nepal,3,0,5,0.0,0.0,0,0,10,tail,10.5,10.7,5.8,8.4,D,D,D,D,Utility Player,1.67,1.0,,,,,,,,,-0.98,0.0,,,1,,,,,,,,True
aa4154ad,MD Garratt,Gibraltar,2,5,18,27.78,2.5,0,0,9,lower_order,10.5,12.0,11.1,11.1,D,D,D,D,Utility Player,3.0,0.33,,,,,,,,,-0.8,0.0,,,1,,-2.84,0.0,0.29,,,,True
0d0f0385,F Akankwasa,Uganda,17,114,115,99.13,9.5,12,2,6,lower_middle,10.5,12.0,9.5,10.7,D,D,D,D,Utility Player,2.41,0.36,,,,-0.09,0.09,0.35,0.93,0.04,-0.25,0.42,0.02,0.36,13,0.27,-0.63,0.33,0.64,0.05,Conditions-Proof,0.42,False
fda4150a,M Brasier,Finland,2,1,4,25.0,1.0,0,0,11,tail,10.4,12.6,8.6,10.0,D,D,D,D,Utility Player,2.0,1.0,,,,,,,,,-0.93,0.0,,,1,,,,,,,,True
02d11602,AA Banner,Belize,4,15,27,55.56,3.75,3,0,2,top_order,10.4,13.4,2.5,7.5,D,D,D,D,Utility Player,6.25,0.93,,,,,,,,,-0.37,0.05,,,4,,-2.24,0.0,0.29,,,,True
76db10d2,KK Sharma,Slovenia,2,3,8,37.5,3.0,0,0,8,lower_order,10.4,10.1,11.7,10.9,D,D,D,D,Utility Player,4.0,1.0,,,,,,,,,-0.76,0.0,,,1,,,,,,,,True
58fba7cb,M Grzinic,Croatia,3,12,19,63.16,4.0,0,0,6,lower_middle,10.4,8.1,9.6,9.6,D,D,D,D,Utility Player,1.33,0.21,,,,,,,,,-0.4,0.0,,,3,,,,,,,,True
60beb01b,WW Hinds,West Indies,4,30,41,73.17,7.5,3,0,5,upper_middle,10.4,13.2,7.0,9.6,D,D,D,D,Utility Player,7.25,0.71,,,,,,,,,-0.53,0.01,,,2,,-1.48,0.0,0.47,,,,True
6ecd3d7b,GE Gutierrez Chavez,Mexico,2,1,4,25.0,1.0,0,0,5,upper_middle,10.4,9.1,5.6,8.0,D,D,D,D,Utility Player,1.0,0.5,,,,,,,,,-0.63,0.0,,,0,,,,,,,,True
d1317833,A Oxley,Belize,5,116,156,74.36,23.2,6,0,1,top_order,10.4,0.9,49.5,27.7,C,D,D,B,Utility Player,11.8,0.38,,,,,,,,,-0.27,0.67,,,5,-0.22,-1.44,0.0,0.71,,,,True
92593de0,J Chaturanga,Bahrain,2,4,7,57.14,2.0,0,0,4,upper_middle,10.3,9.2,7.0,8.6,D,D,D,D,Utility Player,1.0,0.29,,,,,,,,,-0.74,0.0,,,1,,,,,,,,True
167b3c71,Simon Shalders,Chile,2,21,35,60.0,10.5,2,0,4,upper_middle,10.3,17.7,11.0,12.3,D,D,C,D,Utility Player,5.0,0.29,,,,,,,,,-0.59,0.02,,,0,,-1.5,0.0,0.29,,,,True
cfe70281,VD Philander,South Africa,4,14,28,50.0,3.5,0,0,8,lower_order,10.3,9.4,15.5,12.5,D,D,D,C,Utility Player,4.75,0.68,,,,,,,,,-0.52,0.04,,,1,,,,,,,,True
e661915c,DR Patankar,Malta,22,291,278,104.68,13.86,30,6,1,top_order,10.3,4.7,22.9,15.6,C,D,D,C,Utility Player,5.05,0.4,1.31,,1.31,-0.11,0.11,0.26,0.37,0.05,-0.33,0.54,0.02,0.46,7,-0.0,-0.99,0.24,0.74,-0.07,Conditions-Proof,-0.14,False
85b0ccd1,Khurram Shahzad,Qatar,2,2,12,16.67,1.0,0,0,7,lower_middle,10.3,11.8,6.2,8.8,D,D,D,D,Utility Player,3.5,0.58,,,,,,,,,-0.82,0.0,,,1,,,,,,,,True
76388dc8,S Badree,West Indies,14,41,63,65.08,6.83,1,1,10,tail,10.3,4.0,46.6,25.5,C,D,D,B,Utility Player,2.29,0.51,,,,-0.04,0.04,0.09,0.19,0.5,-0.4,0.78,0.06,0.02,8,0.02,-1.97,0.0,1.0,-0.56,Tough-Track Star,-0.42,False
c9729534,H Kinga,Cameroon,2,0,5,0.0,0.0,0,0,10,tail,10.3,13.8,3.5,7.9,D,D,D,D,Utility Player,2.5,1.0,,,,,,,,,-1.27,0.01,,,2,,,,,,,,True
f0e293b0,Zahoor Khan,United Arab Emirates,8,11,23,47.83,2.75,1,0,11,tail,10.2,9.3,11.9,10.8,D,D,D,D,Utility Player,2.75,0.96,,,,,,,,0.21,-0.61,0.3,,0.14,6,0.24,,,,,,,True
3ed39f01,S Murari,Costa Rica,4,9,12,75.0,2.25,0,1,9,lower_order,10.2,17.7,3.0,8.5,D,D,C,D,Utility Player,1.75,0.58,,,,,,,,,-0.36,0.17,,,1,,,,,,,,True
f92c9151,TC Bruce,New Zealand,21,344,282,121.99,18.11,26,10,4,upper_middle,10.2,4.3,66.7,35.6,C+,D,D,B+,Utility Player,6.1,0.45,1.48,,1.48,0.05,-0.05,0.26,0.38,0.08,-0.22,0.9,0.04,0.06,5,0.18,-0.55,0.24,0.74,-0.3,Tough-Track Star,-0.32,False
5dc19220,GM Strydom,Cayman Islands,6,97,89,108.99,16.17,6,5,4,upper_middle,10.2,30.0,15.9,17.4,C,D,C+,C,Utility Player,2.33,0.16,1.84,,1.84,,,,,0.52,-0.4,0.16,,,6,-0.38,-1.1,0.0,0.53,,,,True
fe0b3bdf,A Langham,St Helena,3,43,39,110.26,14.33,3,1,2,top_order,10.2,16.8,10.2,12.0,D,D,C,D,Utility Player,2.33,0.18,,,,,,,,,-0.5,0.03,,,3,,-1.36,0.0,0.48,,,,True
6db7068e,RA Thomas,Canada,7,72,91,79.12,12.0,7,1,1,top_order,10.2,13.5,18.9,15.2,C,D,D,C,Utility Player,5.57,0.43,,,,,,,,-0.45,-0.41,0.21,,,7,-0.38,-1.27,0.17,0.64,,,,True
f70c0c66,Arslan Ahmed,Portugal,2,11,29,37.93,5.5,1,0,2,top_order,10.2,11.7,9.3,10.2,D,D,D,D,Utility Player,3.5,0.24,,,,,,,,,-0.67,0.0,,,0,,-1.66,0.0,0.29,,,,True
c391d077,L Nyarko,Ghana,2,0,5,0.0,0.0,0,0,11,tail,10.2,13.1,5.9,8.8,D,D,D,D,Utility Player,2.5,1.0,,,,,,,,,-1.09,0.0,,,1,,,,,,,,True
2e18b647,T Turan,Turkey,3,1,7,14.29,0.5,0,0,4,upper_middle,10.2,6.0,10.4,9.5,D,D,D,D,Utility Player,0.67,0.29,,,,,,,,,-0.58,0.01,,,3,,,,,,,,True
e73f6c4b,I Ntirenganya,Rwanda,19,50,69,72.46,7.14,5,0,11,tail,10.2,5.3,30.8,18.6,C,D,D,C+,Utility Player,2.84,0.78,,,,0.2,-0.2,0.01,0.14,-0.13,-0.55,0.77,0.04,0.23,10,0.29,-1.25,0.5,0.29,0.02,Conditions-Proof,-0.32,False
851b0636,Santiago Iturbe,Argentina,4,12,21,57.14,6.0,0,0,10,tail,10.2,10.5,23.0,16.1,C,D,D,C,Utility Player,5.25,1.0,,,,,,,,,-0.66,0.29,,,4,,,,,,,,True
856cbb1e,Mohammed Nadeem,Qatar,7,7,12,58.33,3.5,1,0,10,tail,10.2,20.0,4.6,9.7,D,D,C,D,Utility Player,1.43,0.83,,,,,,,,-0.21,-0.59,0.2,,0.34,5,0.49,,,,,,,True
5673a3fc,NL McCullum,New Zealand,38,299,297,100.67,11.5,19,8,7,lower_middle,10.1,6.3,26.6,17.3,C,D,D,C,Utility Player,4.42,0.57,,,,0.06,-0.06,0.37,0.89,0.2,-0.31,0.69,0.02,0.4,14,0.22,-1.64,0.06,0.76,-0.14,Conditions-Proof,-0.1,False
08deefa3,Guillermo Aburto,Chile,2,4,10,40.0,2.0,1,0,1,top_order,10.1,19.1,5.2,9.7,D,D,C,D,Utility Player,3.5,0.7,,,,,,,,,-0.53,0.08,,,0,,,,,,,,True
7e665859,PK Dimitri,Ivory Coast,3,2,10,20.0,1.0,0,0,11,tail,10.1,10.1,2.8,6.8,D,D,D,D,Utility Player,3.33,1.0,,,,,,,,,-1.01,0.01,,,3,,,,,,,,True
010658fc,Ivan Splicevic,Croatia,2,0,11,0.0,0.0,0,0,10,tail,10.1,11.3,6.1,8.5,D,D,D,D,Utility Player,5.5,1.0,,,,,,,,,-0.95,0.0,,,1,,,,,,,,True
97b9cb64,A Conteh,Gambia,6,35,55,63.64,5.83,3,0,4,upper_middle,10.1,5.0,1.6,5.4,D,D,D,D,Utility Player,5.0,0.55,,,,,,,,-0.3,-0.43,0.05,,,6,-0.41,-2.36,0.0,0.58,,,,True
11174f6d,S Gasteratos,Greece,2,6,12,50.0,3.0,1,0,1,top_order,10.1,12.1,8.7,9.9,D,D,D,D,Utility Player,6.0,1.0,,,,,,,,,-0.62,0.0,,,0,,-3.22,0.0,1.0,,,,True
9865ed99,Asif Bevinje,Romania,7,114,98,116.33,16.29,12,4,6,lower_middle,10.1,31.8,12.4,16.2,C,D,C+,D,Utility Player,5.29,0.38,,,,,,,,0.0,-0.37,0.37,,,1,,-0.89,0.25,0.66,,,,True
63aa8148,Jaswinder Singh,Malta,15,67,88,76.14,6.7,4,1,10,tail,10.1,3.0,11.6,9.5,D,D,D,D,Utility Player,2.93,0.5,,,,,,0.12,0.38,0.15,-0.45,0.47,0.03,0.29,6,0.05,-1.62,0.17,0.62,0.13,Conditions-Proof,0.22,False
25261429,H Gori,Czech Republic,1,0,3,0.0,0.0,0,0,1,top_order,10.1,11.7,8.7,9.8,D,D,D,D,Utility Player,3.0,1.0,,,,,,,,,-1.02,0.0,,,0,,,,,,,,True
153aaa6f,MD Byrne,Indonesia,1,0,1,0.0,0.0,0,0,10,tail,10.1,12.3,9.2,10.1,D,D,D,D,Utility Player,1.0,1.0,,,,,,,,,-1.05,0.0,,,0,,,,,,,,True
dadb9703,B Mavuta,Zimbabwe,7,55,42,130.95,18.33,3,2,9,lower_order,10.1,17.5,55.7,33.0,C+,D,C,B,Utility Player,2.71,0.45,,,,,,,,,-0.39,0.66,,,3,,0.78,1.0,1.0,,,,True
03806cf8,JR Hazlewood,Australia,9,24,21,114.29,8.0,2,1,11,tail,10.1,23.7,15.6,15.4,C,D,C,C,Utility Player,1.56,0.67,,,,,,,,0.0,-0.62,0.42,,,4,,,,,,,,True
6978bff0,Sajad Ahmadzai,Belgium,8,54,66,81.82,10.8,3,2,10,tail,10.1,11.8,31.8,20.5,C,D,D,C+,Utility Player,7.12,0.86,,,,,,,,-0.72,-0.56,0.59,,0.69,5,0.76,-2.16,0.0,0.5,,,,True
b975210d,DAM Louis,Qatar,7,48,47,102.13,9.6,3,2,9,lower_order,10.0,14.9,25.5,18.2,C,D,D,C,Utility Player,5.57,0.83,,,,,,,,0.13,-0.36,0.37,,-0.82,5,-0.51,-2.51,0.0,0.48,,,,True
5845b99b,Ali Farasat,Hungary,17,200,168,119.05,12.5,10,12,7,lower_middle,10.0,15.4,11.2,12.2,D,D,C,D,Utility Player,3.71,0.38,,,,0.19,-0.19,0.66,1.94,0.51,-0.32,0.49,0.03,1.0,9,0.18,-0.82,0.4,0.71,-0.39,Tough-Track Star,-1.19,False
a2dd9236,K Cawte,Isle of Man,3,1,8,12.5,1.0,0,0,11,tail,10.0,11.6,6.5,8.7,D,D,D,D,Utility Player,1.67,0.63,,,,,,,,,-0.98,0.01,,,2,,,,,,,,True
6cedad99,EB Ringera,Kenya,10,21,36,58.33,2.62,1,0,10,tail,10.0,7.7,11.5,10.3,D,D,D,D,Utility Player,3.2,0.89,,,,,,0.05,0.09,0.33,-0.47,0.39,0.04,-0.12,8,-0.18,-5.72,0.0,1.0,-0.38,Tough-Track Star,-0.33,False
82a7dfdd,Muhammad Usman,Estonia,4,45,40,112.5,11.25,1,3,9,lower_order,10.0,12.4,11.3,11.4,D,D,D,D,Utility Player,2.5,0.25,0.89,,0.89,,,,,,-0.62,0.03,,,2,,-0.61,0.33,0.49,,,,True
fb66ce1f,CH Morris,South Africa,13,133,102,130.39,14.78,12,5,7,lower_middle,10.0,46.8,25.6,25.0,C,D,B,C,Utility Player,2.54,0.32,1.44,,1.44,0.3,-0.3,0.66,0.93,0.05,-0.3,0.6,0.05,1.77,7,0.32,-0.62,0.43,0.61,-0.77,Tough-Track Star,-1.1,False
9d280648,NB Budayair,Nepal,2,5,16,31.25,2.5,0,0,8,lower_order,10.0,12.5,9.2,10.2,D,D,D,D,Utility Player,0.5,0.06,,,,,,,,,-0.73,0.0,,,1,,-3.3,0.0,1.0,,,,True
57022b64,BA Simango,Mozambique,2,0,4,0.0,0.0,0,0,10,tail,10.0,12.1,6.3,8.8,D,D,D,D,Utility Player,2.0,1.0,,,,,,,,,-1.05,0.0,,,2,,,,,,,,True
29573e43,S Navaratne,Japan,6,40,43,93.02,6.67,1,3,2,top_order,10.0,9.7,1.5,6.2,D,D,D,D,Utility Player,4.17,0.58,,,,,,,,-0.78,-0.69,0.09,,-1.21,5,-0.94,-1.37,0.0,0.29,,,,True
1911dcbc,AAP Rivero,Argentina,15,129,146,88.36,10.75,6,3,6,lower_middle,10.0,7.3,26.8,17.4,C,D,D,C,Utility Player,5.6,0.58,,,,-0.2,0.2,0.38,0.6,-0.02,-0.2,0.58,0.04,-2.35,11,-0.66,-1.65,0.22,0.66,0.05,Conditions-Proof,-0.83,False
9a963804,LE Plunkett,England,9,42,34,123.53,6.0,3,1,9,lower_order,9.9,17.1,9.6,11.3,D,D,C,D,Utility Player,1.89,0.5,,,,,,,,-0.1,-0.44,0.26,,,3,,,,,,,,True
fbcfa528,T Munyonga,Zimbabwe,35,382,364,104.95,14.15,28,9,6,lower_middle,9.9,20.3,40.1,26.4,C,D,C,C+,Utility Player,5.2,0.5,,,,0.05,-0.05,0.25,0.6,0.18,-0.29,0.87,0.02,-0.19,12,0.03,-0.98,0.13,0.71,0.19,Flat-Track Bully,0.24,False
31f01815,CB Roposo,Mozambique,6,54,67,80.6,10.8,7,0,5,upper_middle,9.9,12.1,5.5,8.7,D,D,D,D,Utility Player,7.67,0.69,,,,,,,,-0.69,-0.57,0.08,,,4,,-1.95,0.0,0.56,,,,True
d42de283,Vivek Dixit,Luxembourg,1,0,1,0.0,0.0,0,0,2,top_order,9.9,10.9,8.3,9.4,D,D,D,D,Utility Player,1.0,1.0,,,,,,,,,-1.02,0.0,,,0,,,,,,,,True
3847ec84,JI de Villiers,Namibia,3,2,5,40.0,1.0,0,0,9,lower_order,9.9,8.8,9.0,9.3,D,D,D,D,Utility Player,1.67,1.0,,,,,,,,,-0.77,0.0,,,1,,,,,,,,True
0daf3ffc,P Bhart,Norway,4,5,25,20.0,2.5,0,0,11,tail,9.9,10.8,7.0,8.8,D,D,D,D,Utility Player,6.25,1.0,,,,,,,,,-0.82,0.03,,,4,,,,,,,,True
44744467,VL Mukesh,Seychelles,4,10,16,62.5,2.5,0,1,8,lower_order,9.9,13.2,2.1,7.1,D,D,D,D,Utility Player,3.5,0.88,,,,,,,,,-0.6,0.07,,,4,,,,,,,,True
a790df98,S Snater,Netherlands,5,18,16,112.5,3.6,0,1,8,lower_order,9.9,13.4,5.3,8.6,D,D,D,D,Utility Player,1.4,0.44,,,,,,,,,-0.59,0.07,,,2,,,,,,,,True
8903a5f3,Benson Chama,Zambia,1,0,2,0.0,0.0,0,0,6,lower_middle,9.9,12.5,7.0,9.1,D,D,D,D,Utility Player,2.0,1.0,,,,,,,,,-1.09,0.0,,,0,,,,,,,,True
792805ee,M Abdulla,Malawi,2,6,13,46.15,3.0,0,0,5,upper_middle,9.9,10.0,12.3,11.0,D,D,D,D,Utility Player,6.5,1.0,,,,,,,,,-0.61,0.0,,,2,,,,,,,,True
e23da78c,NK Aneesh Kumar,Switzerland,12,41,51,80.39,8.2,1,1,9,lower_order,9.8,2.5,29.3,17.3,C,D,D,C,Utility Player,3.33,0.78,,,,0.02,-0.02,-0.03,0.06,-0.09,-0.51,0.52,0.04,-0.04,8,-0.12,0.82,1.0,1.0,-0.18,Tough-Track Star,-0.15,False
c6d4cff0,C Tommy,Vanuatu,13,169,189,89.42,13.0,10,4,2,top_order,9.8,3.6,28.4,17.5,C,D,D,C,Utility Player,9.62,0.66,,,,-0.05,0.05,0.2,0.32,-0.12,-0.38,0.38,0.03,-0.35,9,-0.33,-1.38,0.12,0.72,-0.42,Tough-Track Star,-0.3,False
00029c30,M Mwamadi,Malawi,3,5,10,50.0,5.0,0,0,9,lower_order,9.8,9.6,27.1,17.6,C,D,D,C,Utility Player,1.33,0.4,,,,,,,,,-0.67,0.27,,,3,,,,,,,,True
39431db7,Anowarul Islam,Thailand,4,15,20,75.0,3.75,1,1,6,lower_middle,9.8,18.8,3.1,8.6,D,D,C,D,Utility Player,3.0,0.6,,,,,,,,,-0.56,0.1,,,1,,-2.35,0.0,1.0,,,,True
c2ecd4a7,N Ahir,Panama,6,68,120,56.67,17.0,2,2,9,lower_order,9.8,8.0,47.2,27.0,C,D,D,B,Utility Player,15.67,0.78,,,,,,,,0.64,-0.47,0.57,,,6,-0.44,-2.12,0.0,0.69,,,,True
880eca04,J Reb,Serbia,5,50,65,76.92,10.0,3,2,6,lower_middle,9.8,12.3,8.9,10.1,D,D,D,D,Utility Player,2.4,0.18,,,,,,,,,-0.4,0.08,,,1,,-1.46,0.29,0.63,,,,True
11378dda,S Mathur,Hong Kong,9,123,145,84.83,13.67,6,2,4,upper_middle,9.8,5.1,24.7,16.1,C,D,D,C,Utility Player,11.11,0.69,,,,,,,,0.33,-0.29,0.22,,,2,,-1.63,0.0,0.66,,,,True
72f784ca,ID Matic,Croatia,2,0,8,0.0,0.0,0,0,10,tail,9.8,11.5,4.1,7.6,D,D,D,D,Utility Player,4.0,1.0,,,,,,,,,-0.95,0.0,,,1,,,,,,,,True
f97e4db3,D Dewald,Belgium,5,60,84,71.43,12.0,4,0,5,upper_middle,9.7,6.5,15.1,11.9,D,D,D,C,Utility Player,9.8,0.58,,,,,,,,,-0.56,0.04,,,4,,-1.44,0.0,0.61,,,,True
9822fb85,Isa Zaroo,Bulgaria,19,358,282,126.95,19.89,42,11,2,top_order,9.7,41.8,34.1,28.5,C,D,C+,C+,Utility Player,5.42,0.37,2.49,,2.49,0.35,-0.35,0.27,0.44,-0.34,-0.35,0.93,0.05,0.69,10,0.36,-0.82,0.24,0.76,0.58,Flat-Track Bully,0.57,False
78fcc740,Pavandeep Singh,Malaysia,15,34,59,57.63,34.0,0,0,11,tail,9.7,0.2,69.9,38.7,C+,D,D,B+,Utility Player,3.8,0.97,,,,-0.03,0.03,0.08,0.16,0.31,-0.38,4.66,0.31,0.05,9,0.05,-1.84,0.0,0.29,-0.25,Tough-Track Star,-0.35,False
6d4c2087,D Samarawickrama,Italy,3,15,27,55.56,5.0,0,0,4,upper_middle,9.7,6.4,8.2,8.4,D,D,D,D,Utility Player,9.0,1.0,,,,,,,,,-0.77,0.0,,,0,,-2.22,0.0,0.29,,,,True
90eac542,J Chialoufas,Cyprus,10,147,143,102.8,16.33,11,4,3,top_order,9.7,16.0,22.8,17.6,C,D,C,C,Utility Player,10.8,0.76,,,,,,0.15,0.27,0.26,-0.42,0.41,0.04,-0.32,5,-0.06,-0.99,0.18,0.7,-0.14,Conditions-Proof,-0.29,False
6b7f9d9d,John Bartlett,Chile,2,6,16,37.5,3.0,0,0,3,top_order,9.7,9.4,9.5,9.6,D,D,D,D,Utility Player,1.0,0.12,,,,,,,,,-0.4,0.0,,,0,,-2.38,0.0,1.0,,,,True
12bba2d4,U Dorji,Bhutan,3,17,22,77.27,5.67,2,0,7,lower_middle,9.7,11.6,5.9,8.4,D,D,D,D,Utility Player,1.67,0.23,,,,,,,,,-0.77,0.0,,,2,,-2.38,0.0,1.0,,,,True
443d1fd8,K Fletcher,Switzerland,4,6,17,35.29,3.0,0,0,11,tail,9.7,8.3,12.8,10.8,D,D,D,D,Utility Player,4.25,1.0,,,,,,,,,-0.71,0.12,,,4,,,,,,,,True
0b130202,CL Cairns,New Zealand,2,3,13,23.08,1.5,0,0,5,upper_middle,9.7,11.1,6.9,8.7,D,D,D,D,Utility Player,6.5,1.0,,,,,,,,,-0.75,0.0,,,1,,-4.47,0.0,1.0,,,,True
53dd7d8e,Andre Jarju,Gambia,8,30,71,42.25,6.0,2,0,1,top_order,9.7,3.9,9.7,8.6,D,D,D,D,Utility Player,8.88,1.0,,,,,,,,-0.72,-0.62,0.1,,,8,-0.6,-2.9,0.0,0.6,,,,True
41fc1ece,BB Chari,Zimbabwe,3,21,31,67.74,7.0,4,0,1,top_order,9.7,14.3,5.2,8.7,D,D,D,D,Utility Player,4.67,0.45,,,,,,,,,-0.59,0.01,,,1,,-1.86,0.25,0.54,,,,True
d7074ddc,Zaker Taqawi,Sweden,8,47,69,68.12,9.4,2,0,8,lower_order,9.6,4.7,23.7,15.2,C,D,D,C,Utility Player,5.12,0.59,,,,,,,,0.33,-0.44,0.32,,-0.04,6,-0.18,-1.21,0.0,0.53,,,,True
1558c83d,Apon Mustafizur,Serbia,2,0,9,0.0,0.0,0,0,4,upper_middle,9.6,6.4,2.0,5.5,D,D,D,D,Utility Player,4.5,1.0,,,,,,,,,-0.93,0.0,,,1,,,,,,,,True
0da52658,AR Gandhi,Kenya,3,86,98,87.76,43.0,5,1,2,top_order,9.6,2.2,59.3,35.6,C+,D,D,B,Utility Player,31.0,0.95,1.63,,1.63,,,,,,-0.3,0.96,,,3,,-1.21,0.17,0.71,,,,True
4b57e452,M Vijay,India,8,121,108,112.04,15.12,11,5,2,top_order,9.6,13.4,18.0,14.8,D,D,D,C,Utility Player,2.5,0.19,0.77,,0.77,,,,,0.7,-0.35,0.16,,,2,,-1.33,0.11,0.7,,,,True
f62fa324,Tasaduq Hussain,Sweden,2,2,6,33.33,1.0,0,0,9,lower_order,9.6,11.9,9.2,9.9,D,D,D,D,Utility Player,1.0,0.33,,,,,,,,,-0.73,0.0,,,1,,,,,,,,True
3c19f045,T Hewa,Cayman Islands,2,0,2,0.0,0.0,0,0,11,tail,9.6,13.1,7.0,9.1,D,D,D,D,Utility Player,1.0,1.0,,,,,,,,,-1.16,0.0,,,2,,,,,,,,True
0dcd8fbd,Anthony Roe,Chile,2,13,37,35.14,6.5,2,0,5,upper_middle,9.6,16.7,8.5,10.6,D,D,C,D,Utility Player,18.5,1.0,,,,,,,,,-0.72,0.03,,,0,,-2.9,0.0,0.47,,,,True
cccac242,Zain Ali,Italy,1,0,1,0.0,0.0,0,0,8,lower_order,9.6,12.4,8.9,9.8,D,D,D,D,Utility Player,1.0,1.0,,,,,,,,,-1.07,0.0,,,1,,,,,,,,True
c5445834,S Stanikzay,France,3,2,5,40.0,0.67,0,0,11,tail,9.6,10.0,7.9,8.9,D,D,D,D,Utility Player,1.67,1.0,,,,,,,,,-0.78,0.0,,,2,,,,,,,,True
b312a9c1,E Walker,Isle of Man,4,3,19,15.79,3.0,0,0,10,tail,9.6,10.2,35.1,21.2,C,D,D,C+,Utility Player,3.25,0.68,,,,,,,,,-0.77,0.53,,,1,,-2.8,0.0,1.0,,,,True
57cb4044,BC Sahin,Turkey,2,6,19,31.58,3.0,1,0,3,top_order,9.5,9.9,6.4,8.2,D,D,D,D,Utility Player,9.5,1.0,,,,,,,,,-0.73,0.0,,,1,,-3.22,0.0,1.0,,,,True
5de198db,Abdullah Akbarjan,Austria,13,58,84,69.05,6.44,3,1,8,lower_order,9.5,4.2,8.8,8.3,D,D,D,D,Utility Player,4.54,0.7,,,,-0.31,0.31,0.1,0.18,0.02,-0.49,0.31,0.02,0.13,9,0.04,-2.26,0.0,0.46,-0.65,Tough-Track Star,-0.66,False
c4d19735,R Tari,Vanuatu,26,262,254,103.15,13.79,11,9,6,lower_middle,9.5,3.8,28.1,17.4,C,D,D,C,Utility Player,4.15,0.43,,,,-0.0,0.0,0.54,1.19,-0.21,-0.36,0.61,0.02,0.76,21,0.43,-1.18,0.07,0.71,0.35,Flat-Track Bully,0.28,False
c83c594d,M Cope,Luxembourg,4,14,22,63.64,7.0,1,0,9,lower_order,9.5,11.6,14.0,12.0,D,D,D,D,Utility Player,2.25,0.41,,,,,,,,,-0.53,0.09,,,4,,-2.38,0.0,1.0,,,,True
6bd0d89e,B Mejaro,Lesotho,2,2,9,22.22,1.0,0,0,10,tail,9.5,12.4,5.4,8.2,D,D,D,D,Utility Player,4.5,1.0,,,,,,,,,-1.07,0.01,,,2,,,,,,,,True
9e287ee3,Waqar Abbasi,Romania,1,0,4,0.0,0.0,0,0,6,lower_middle,9.5,11.1,6.9,8.6,D,D,D,D,Utility Player,4.0,1.0,,,,,,,,,-0.93,0.0,,,0,,,,,,,,True
1a417a09,IM Farrell,Gibraltar,1,0,2,0.0,0.0,0,0,7,lower_middle,9.5,11.7,9.5,9.9,D,D,D,D,Utility Player,2.0,1.0,,,,,,,,,-0.99,0.0,,,1,,,,,,,,True
7fc8bb18,M Faheem,Thailand,3,3,7,42.86,1.0,0,0,9,lower_order,9.5,10.0,9.3,9.5,D,D,D,D,Utility Player,0.67,0.29,,,,,,,,,-0.56,0.0,,,1,,,,,,,,True
391a825b,C Sudarsanan,Malta,17,125,170,73.53,10.42,9,1,10,tail,9.5,6.9,37.7,22.0,C,D,D,C+,Utility Player,6.76,0.68,,,,-0.27,0.27,0.08,0.09,0.12,-0.42,0.91,0.05,-0.12,7,-0.13,-1.76,0.08,0.75,-0.06,Conditions-Proof,-0.16,False
55fedd51,KK Tillett,Belize,2,9,19,47.37,4.5,1,0,4,upper_middle,9.5,23.7,7.6,11.5,D,D,C,D,Utility Player,9.5,1.0,,,,,,,,,-0.82,0.06,,,2,,-2.17,0.0,1.0,,,,True
a8d6305d,S Udhayan,Seychelles,4,17,13,130.77,4.25,2,1,8,lower_order,9.5,23.7,3.0,9.5,D,D,C,D,Utility Player,2.25,0.69,,,,,,,,,-0.55,0.18,,,4,,,,,,,,True
2254ab79,Sarfraz Ahmed,Pakistan,40,818,653,125.27,27.27,79,16,4,upper_middle,9.5,54.1,81.6,53.8,B,D,B,A,Classic Anchor,4.95,0.3,1.55,,1.55,0.03,-0.03,0.56,0.85,0.09,-0.2,1.61,0.04,-0.33,8,0.09,-0.33,0.36,0.8,-0.1,Conditions-Proof,-0.02,False
1fed517a,Tenjin Rabgey,Bhutan,35,526,600,87.67,15.47,44,14,2,top_order,9.5,1.3,10.1,9.2,D,D,D,D,Utility Player,5.77,0.34,1.32,,1.32,-0.25,0.25,0.37,0.87,0.36,-0.35,0.39,0.01,-0.83,11,-0.14,-1.61,0.04,0.78,-0.22,Conditions-Proof,0.47,False
ed82d9a5,L Shafeeg,Maldives,8,48,56,85.71,16.0,3,1,10,tail,9.5,9.0,52.4,29.4,C,D,D,B,Utility Player,4.12,0.59,,,,,,,,0.36,-0.46,0.95,,-1.15,5,-0.14,-1.8,0.0,1.0,,,,True
74e3b4fd,BLCS Kumara,Cyprus,2,3,7,42.86,1.5,0,0,8,lower_order,9.5,10.3,8.1,9.0,D,D,D,D,Utility Player,1.5,0.43,,,,,,,,,-0.68,0.0,,,0,,-5.55,0.0,1.0,,,,True
37654b75,Nasum Ahmed,Bangladesh,19,97,95,102.11,8.82,9,3,9,lower_order,9.5,20.8,22.4,17.8,C,D,C,C,Utility Player,2.74,0.55,,,,-0.2,0.2,0.26,0.4,0.16,-0.36,0.64,0.03,-0.1,10,0.03,-3.58,0.0,0.29,0.07,Conditions-Proof,0.07,False
2e005bfd,H Lin Oo,Myanmar,23,184,223,82.51,11.5,18,1,2,top_order,9.5,8.8,8.5,9.4,D,D,D,D,Utility Player,5.57,0.57,,,,-0.08,0.08,0.46,0.87,-0.11,-0.34,0.45,0.02,-1.63,12,-0.36,-1.26,0.28,0.7,-0.25,Tough-Track Star,-0.26,False
36101309,A Manepalli,Luxembourg,10,186,172,108.14,20.67,18,3,3,top_order,9.4,7.2,43.2,25.5,C,D,D,C+,Utility Player,5.2,0.3,1.39,,1.39,,,0.2,0.29,0.51,-0.32,0.58,0.06,-0.32,7,0.17,-1.11,0.18,0.68,-0.28,Conditions-Proof,0.61,False
190957d2,IKEG Artawan,Indonesia,50,361,381,94.75,10.62,32,12,7,lower_middle,9.4,23.5,14.6,15.1,C,D,C,D,Utility Player,3.02,0.4,,,,0.03,-0.03,0.36,0.49,-0.04,-0.24,0.86,0.02,-0.28,19,-0.13,-1.55,0.17,0.8,-0.14,Conditions-Proof,-0.14,False
8b7ce771,D Jakiel,Malawi,15,108,141,76.6,10.8,7,1,8,lower_order,9.4,6.4,15.0,11.7,D,D,D,C,Utility Player,7.4,0.79,,,,,,0.08,0.11,-0.3,-0.5,0.43,0.03,-0.04,7,-0.08,-1.49,0.09,0.71,-0.15,Conditions-Proof,-0.06,False
f9b9883f,K Dorji,Bhutan,2,0,4,0.0,0.0,0,0,10,tail,9.4,12.8,5.4,8.3,D,D,D,D,Utility Player,2.0,1.0,,,,,,,,,-1.06,0.0,,,1,,,,,,,,True
a64e3b89,SK Atai,Papua New Guinea,11,64,59,108.47,8.0,5,1,10,tail,9.4,9.1,17.0,13.0,D,D,D,C,Utility Player,2.09,0.39,,,,,,0.17,0.45,-0.3,-0.49,0.44,0.04,0.32,10,0.04,-0.61,0.0,0.43,0.12,Conditions-Proof,,False
8a5a8cf0,SM Warnakulasuriya,France,4,24,25,96.0,8.0,1,0,8,lower_order,9.4,10.2,23.2,15.9,C,D,D,C,Utility Player,4.25,0.68,,,,,,,,,-0.37,0.28,,,0,,-3.94,0.0,1.0,,,,True
587e65cc,Shahid Arshad,Slovenia,11,113,140,80.71,10.27,11,2,4,upper_middle,9.4,9.3,3.3,7.0,D,D,D,D,Utility Player,7.91,0.62,,,,0.1,-0.1,0.08,0.14,0.57,-0.41,0.19,0.02,0.12,9,0.22,-1.66,0.0,0.63,-0.46,Tough-Track Star,-0.27,False
2e89652e,H Bharadwaj,Singapore,2,1,6,16.67,0.5,0,0,9,lower_order,9.3,11.4,4.8,7.7,D,D,D,D,Utility Player,3.0,1.0,,,,,,,,,-0.89,0.0,,,1,,,,,,,,True
49fd9963,KF Bakiweyem,Ghana,3,13,27,48.15,4.33,0,0,3,top_order,9.3,6.5,7.3,7.9,D,D,D,D,Utility Player,9.0,1.0,,,,,,,,,-0.71,0.0,,,0,,-1.39,0.0,0.29,,,,True
71093272,BM Pecic,Serbia,10,231,198,116.67,23.1,14,14,4,upper_middle,9.3,22.3,42.3,28.4,C,D,C,C+,Utility Player,8.1,0.41,1.43,,1.43,,,0.43,0.99,-0.71,-0.41,0.67,0.07,0.69,8,-0.04,-0.47,0.25,0.69,0.76,Flat-Track Bully,0.37,False
edae74d8,G Kaltongga,Vanuatu,2,10,12,83.33,5.0,1,0,5,upper_middle,9.3,16.4,6.9,9.7,D,D,C,D,Utility Player,1.0,0.17,,,,,,,,,-0.67,0.01,,,2,,-0.68,0.0,1.0,,,,True
fd2b8c06,A Reyes,Gibraltar,16,171,192,89.06,14.25,17,2,8,lower_order,9.3,22.5,27.9,20.9,C,D,C,C,Utility Player,6.88,0.57,,,,-0.03,0.03,0.03,0.24,-0.34,-0.47,0.74,0.05,,4,,-1.12,0.07,0.73,0.35,Flat-Track Bully,0.21,False
4437df8c,R Patten,Bahamas,3,2,9,22.22,2.0,0,0,9,lower_order,9.3,11.4,8.1,9.2,D,D,D,D,Utility Player,3.0,1.0,,,,,,,,,-0.94,0.0,,,1,,,,,,,,True
bf896894,Zahid Khan,Sierra Leone,7,41,49,83.67,5.86,4,1,4,upper_middle,9.3,26.9,0.7,9.1,D,D,C,D,Utility Player,2.86,0.41,,,,,,,,-0.02,-0.56,0.3,,,7,-0.53,-2.72,0.0,0.29,,,,True
cacd240a,J Suleman,Eswatini,4,53,62,85.48,13.25,2,3,3,top_order,9.3,8.6,12.0,10.8,D,D,D,D,Utility Player,11.5,0.74,,,,,,,,,-0.63,0.0,,,4,,-1.29,0.2,0.6,,,,True
4612619b,AS Mehmi,Greece,9,70,80,87.5,7.78,8,1,3,top_order,9.3,11.5,4.1,7.6,D,D,D,D,Utility Player,4.22,0.48,,,,,,,,0.27,-0.3,0.18,,0.25,7,0.27,-1.08,0.25,0.55,,,,True
5e0bb751,Shagharai Sefat,Belgium,2,4,10,40.0,2.0,0,0,9,lower_order,9.3,11.1,7.3,8.8,D,D,D,D,Utility Player,5.0,1.0,,,,,,,,,-0.89,0.0,,,1,,,,,,,,True
5934e1b2,Y Konate,Mali,5,16,41,39.02,3.2,2,0,9,lower_order,9.3,11.5,1.5,6.3,D,D,D,D,Utility Player,4.4,0.54,,,,,,,,,-0.71,0.11,,,5,-0.55,-2.6,0.0,0.29,,,,True
e87c009a,A Gasteratos,Greece,5,17,39,43.59,4.25,0,0,9,lower_order,9.3,8.5,8.5,8.8,D,D,D,D,Utility Player,5.0,0.64,,,,,,,,,-0.68,0.05,,,5,-0.65,-2.35,0.0,0.29,,,,True
e801ac71,AS Wright,Guernsey,3,46,45,102.22,15.33,3,3,1,top_order,9.2,33.3,17.5,18.3,C,D,C+,C,Utility Player,13.67,0.91,,,,,,,,,-0.63,0.14,,,3,,-1.34,0.2,0.62,,,,True
be0278d2,Saqlain Ali,Belgium,2,3,7,42.86,1.5,0,0,7,lower_middle,9.2,8.5,8.2,8.6,D,D,D,D,Utility Player,2.5,0.71,,,,,,,,,-0.59,0.0,,,0,,,,,,,,True
bc69a6d3,PK Ananya,Ghana,3,19,19,100.0,6.33,1,1,4,upper_middle,9.2,12.9,5.3,8.3,D,D,D,D,Utility Player,2.0,0.32,,,,,,,,,-0.69,0.02,,,3,,,,,,,,True
60bec5c3,Muhammad Amir,Malaysia,39,462,457,101.09,13.2,46,9,3,top_order,9.2,6.0,35.0,21.0,C,D,D,C+,Utility Player,4.72,0.4,0.9,,0.9,-0.03,0.03,0.3,0.52,0.14,-0.26,0.74,0.02,0.2,12,0.04,-1.41,0.12,0.77,-0.14,Conditions-Proof,-0.26,False
f16953c5,Sareer Shah,Luxembourg,4,2,6,33.33,1.0,0,0,11,tail,9.2,8.1,7.0,8.0,D,D,D,D,Utility Player,1.5,1.0,,,,,,,,,-0.69,0.03,,,4,,,,,,,,True
1dc3330f,E Bhonkar,Israel,3,8,16,50.0,2.67,0,0,6,lower_middle,9.2,7.8,10.9,9.7,D,D,D,D,Utility Player,5.33,1.0,,,,,,,,,-0.58,0.0,,,3,,,,,,,,True
1f22730e,Rafiulah Alokozai,Belgium,3,8,11,72.73,2.67,0,1,8,lower_order,9.2,20.1,5.9,9.9,D,D,C,D,Utility Player,2.67,0.73,,,,,,,,,-0.52,0.1,,,0,,,,,,,,True
dba54d8e,JA Burrows,Isle of Man,13,56,59,94.92,4.67,6,1,7,lower_middle,9.2,9.8,0.9,5.7,D,D,D,D,Utility Player,2.46,0.54,,,,,,0.13,0.23,-0.06,-0.36,0.25,0.02,0.4,8,0.22,0.12,1.0,1.0,-0.32,Tough-Track Star,-0.63,False
5b658677,BJ Davidson,Serbia,3,9,21,42.86,3.0,1,0,8,lower_order,9.2,12.6,6.4,8.6,D,D,D,D,Utility Player,5.33,0.76,,,,,,,,,-0.59,0.04,,,1,,-2.09,0.0,1.0,,,,True
74d63a44,Rizwan Mangera,Panama,2,4,19,21.05,2.0,0,0,2,top_order,9.1,8.4,6.6,7.8,D,D,D,D,Utility Player,8.5,0.89,,,,,,,,,-0.67,0.0,,,1,,-3.55,0.0,1.0,,,,True
78ec6ff1,KDACK Gunarathne,Cambodia,3,4,18,22.22,2.0,0,0,8,lower_order,9.1,8.6,6.8,8.0,D,D,D,D,Utility Player,6.0,1.0,,,,,,,,,-0.83,0.0,,,0,,-2.49,0.0,1.0,,,,True
715dbf27,CN Onwuzulike,Nigeria,18,222,219,101.37,13.88,17,8,4,upper_middle,9.1,14.1,15.9,13.8,D,D,D,C,Utility Player,2.83,0.23,1.36,,1.36,-0.07,0.07,0.27,0.51,0.01,-0.24,0.45,0.02,-0.05,13,-0.2,-1.13,0.18,0.69,0.41,Flat-Track Bully,1.26,False
8c7b9bfc,Mohamed Ishmath,Maldives,2,0,3,0.0,0.0,0,0,11,tail,9.1,11.8,5.8,8.2,D,D,D,D,Utility Player,1.5,1.0,,,,,,,,,-1.06,0.0,,,1,,,,,,,,True
1f41b702,Anique Uddin,Denmark,12,137,172,79.65,11.42,8,1,3,top_order,9.1,9.3,26.7,17.5,C,D,D,C,Utility Player,9.67,0.67,,,,,,0.14,0.17,0.12,-0.42,0.42,0.04,-0.05,11,-0.23,-1.24,0.08,0.68,0.08,Conditions-Proof,,False
034d3c52,A Husain,Argentina,3,11,14,78.57,11.0,2,0,2,top_order,9.1,21.0,16.4,15.0,C,D,C,C,Utility Player,0.67,0.14,,,,,,,,,-0.84,0.05,,,2,,,,,,,,True
c556b9d2,G Sesay,Sierra Leone,19,100,160,62.5,6.25,3,5,6,lower_middle,9.1,5.5,0.2,4.6,D,D,D,D,Utility Player,6.0,0.71,,,,-0.23,0.23,0.11,0.19,-0.01,-0.48,0.27,0.01,1.01,12,0.51,-2.48,0.0,0.66,0.25,Flat-Track Bully,0.5,False
3bf7c034,Sultan Ahmed,Oman,8,62,58,106.9,10.33,6,0,8,lower_order,9.1,8.6,17.5,13.1,D,D,D,C,Utility Player,2.75,0.38,,,,,,,,0.3,-0.49,0.23,,,2,,-0.53,0.0,0.57,,,,True
83f68e06,SAR Hashimi,Brazil,1,0,2,0.0,0.0,0,0,7,lower_middle,9.1,12.3,8.8,9.6,D,D,D,D,Utility Player,2.0,1.0,,,,,,,,,-1.16,0.0,,,0,,,,,,,,True
b672e825,A Manousis,Greece,6,39,32,121.88,7.8,5,2,3,top_order,9.1,23.3,1.0,8.5,D,D,C,D,Utility Player,1.33,0.25,,,,,,,,-0.59,-0.62,0.2,,,3,,,,,,,,True
5d17f075,C Sridev,Singapore,5,47,58,81.03,11.75,3,0,4,upper_middle,9.1,8.6,8.5,9.1,D,D,D,D,Utility Player,2.2,0.19,,,,,,,,,-0.54,0.0,,,2,,-1.65,0.0,0.58,,,,True
6770bccd,K Nagnama,Ivory Coast,2,1,9,11.11,0.5,0,0,7,lower_middle,9.1,9.2,2.0,5.9,D,D,D,D,Utility Player,4.5,1.0,,,,,,,,,-1.07,0.0,,,2,,,,,,,,True
fe5175ce,Yasir Mohammad,United States of America,5,24,40,60.0,6.0,0,0,9,lower_order,9.1,5.9,18.7,12.9,D,D,D,C,Utility Player,1.8,0.22,,,,,,,,,-0.62,0.12,,,4,,-2.47,0.0,0.29,,,,True
3bd52be1,Mustafa Omer,France,6,80,95,84.21,13.33,6,3,2,top_order,9.1,14.4,10.8,11.4,D,D,D,D,Utility Player,4.67,0.29,,,,,,,,-0.68,-0.39,0.08,,,0,,-1.47,0.0,0.68,,,,True
7ee25c46,Raja Adeel,Spain,5,5,13,38.46,1.67,0,0,11,tail,9.1,7.5,6.8,7.8,D,D,D,D,Utility Player,2.6,1.0,,,,,,,,,-0.71,0.04,,,4,,,,,,,,True
b5a62769,Rajab Hussain,Hong Kong,2,3,6,50.0,3.0,0,0,7,lower_middle,9.1,9.9,18.7,13.6,D,D,D,C,Utility Player,3.0,1.0,,,,,,,,,-0.64,0.03,,,0,,,,,,,,True
13501ff4,Mohamed Khan,Sierra Leone,3,6,6,100.0,3.0,1,0,4,upper_middle,9.1,19.1,1.4,7.7,D,D,C,D,Utility Player,0.67,0.33,,,,,,,,,-0.67,0.08,,,3,,,,,,,,True
9920dd86,CA Soper,Papua New Guinea,15,119,144,82.64,13.22,6,2,8,lower_order,9.1,7.2,49.5,27.4,C,D,D,B,Utility Player,7.93,0.83,,,,-0.08,0.08,0.1,0.23,0.22,-0.35,0.76,0.05,-0.01,8,-0.06,-1.69,0.0,0.67,0.07,Conditions-Proof,-0.04,False
2d8aae2f,SP Gauchan,Nepal,5,13,43,30.23,4.33,0,0,9,lower_order,9.1,10.8,12.0,10.8,D,D,D,D,Utility Player,8.0,0.93,,,,,,,,,-0.75,0.08,,,3,,-2.13,0.0,0.52,,,,True
01b0d0a4,J Proctor,Bermuda,3,5,18,27.78,2.5,0,0,9,lower_order,9.0,10.7,6.1,8.1,D,D,D,D,Utility Player,6.0,1.0,,,,,,,,,-0.92,0.0,,,1,,-2.76,0.0,0.29,,,,True
1f6f321d,AK Roger,Ivory Coast,3,7,32,21.88,2.33,1,0,7,lower_middle,9.0,14.6,2.7,7.3,D,D,D,D,Utility Player,7.33,0.69,,,,,,,,,-0.85,0.06,,,3,,-2.7,0.0,0.49,,,,True
88a5adcf,LM Gabriel,Lesotho,8,100,87,114.94,14.29,13,0,1,top_order,9.0,12.1,10.7,10.9,D,D,D,D,Utility Player,2.12,0.2,1.45,,1.45,,,,,-0.28,-0.45,0.16,,,8,-0.36,-0.48,0.43,0.67,,,,True
3f9feb1e,S Sola,Samoa,11,57,90,63.33,6.33,7,0,8,lower_order,9.0,8.6,5.6,7.5,D,D,D,D,Utility Player,6.82,0.83,,,,,,0.06,0.06,0.11,-0.44,0.23,0.02,0.23,9,0.43,-2.36,0.0,0.59,0.45,Flat-Track Bully,0.79,False
cda8ef3a,Ovais Yousof,Nigeria,2,38,56,67.86,19.0,3,0,1,top_order,9.0,6.3,32.8,20.1,C,D,D,C+,Utility Player,6.0,0.21,,,,,,,,,-0.44,0.25,,,2,,-1.43,0.0,0.55,,,,True
6a88d66d,Abdul Naser Baluch,Sweden,9,53,54,98.15,5.89,1,4,9,lower_order,9.0,23.3,3.1,9.3,D,D,C,D,Utility Player,1.89,0.31,,,,,,,,0.04,-0.42,0.26,,,4,,-2.52,0.0,0.49,,,,True
5bd3bb5d,PJ Ingram,New Zealand,3,22,35,62.86,11.0,3,0,2,top_order,9.0,11.0,14.4,12.1,D,D,D,D,Utility Player,4.67,0.4,,,,,,,,,-0.68,0.0,,,0,,-2.26,0.0,0.49,,,,True
9bfb8edc,Riyaz Kajalwala,Cyprus,2,1,9,11.11,1.0,0,0,8,lower_order,9.0,11.1,6.6,8.3,D,D,D,D,Utility Player,4.5,1.0,,,,,,,,,-0.97,0.0,,,2,,,,,,,,True
c6097d68,O Thomas,West Indies,6,9,15,60.0,2.25,2,0,11,tail,9.0,19.0,3.4,8.5,D,D,C,D,Utility Player,2.0,0.8,,,,,,,,,-0.69,0.13,,,4,,,,,,,,True
965e5b62,Ibrahim Altinoluk,Turkey,1,0,3,0.0,0.0,0,0,8,lower_order,9.0,10.5,8.3,9.0,D,D,D,D,Utility Player,3.0,1.0,,,,,,,,,-0.79,0.0,,,0,,,,,,,,True
e7ba1233,S Matsikenyeri,Zimbabwe,5,48,53,90.57,9.6,2,3,5,upper_middle,9.0,13.4,7.6,9.5,D,D,D,D,Utility Player,8.0,0.75,,,,,,,,,-0.56,0.03,,,1,,-1.01,0.5,0.29,,,,True
6727fb4d,A Otwani,Uganda,12,150,149,100.67,12.5,19,2,1,top_order,9.0,8.6,4.0,7.2,D,D,D,D,Utility Player,6.92,0.56,0.33,,0.33,,,0.36,1.21,0.35,-0.47,0.15,0.01,0.31,7,0.1,-1.28,0.18,0.64,-0.21,Tough-Track Star,-0.28,False
54ef649e,ST de Silva,Sri Lanka,2,3,7,42.86,1.5,0,0,4,upper_middle,8.9,9.3,6.4,7.9,D,D,D,D,Utility Player,3.5,1.0,,,,,,,,,-0.7,0.0,,,0,,,,,,,,True
e27cff77,A Khan,Denmark,7,49,54,90.74,7.0,2,1,7,lower_middle,8.9,7.5,18.7,13.2,D,D,D,C,Utility Player,0.71,0.09,,,,,,,,0.49,-0.2,0.21,,,4,,-1.62,0.0,1.0,,,,True
224a9f5e,DG Weakley,Bahamas,6,31,50,62.0,6.2,1,1,8,lower_order,8.9,9.6,4.4,7.1,D,D,D,D,Utility Player,3.17,0.38,,,,,,,,-0.19,-0.7,0.08,,,6,-0.66,-2.58,0.0,0.5,,,,True
abb7c76c,Abrar Ahmed,Pakistan,5,4,12,33.33,2.0,0,0,11,tail,8.9,8.6,7.1,8.0,D,D,D,D,Utility Player,1.6,0.67,,,,,,,,,-0.8,0.0,,,3,,,,,,,,True
f0f2b9c5,V Khanduri,Cyprus,3,9,20,45.0,4.5,0,0,10,tail,8.9,11.4,13.2,11.4,D,D,D,D,Utility Player,3.33,0.5,,,,,,,,,-0.7,0.05,,,3,,-1.8,0.0,1.0,,,,True
07ac9c54,C Roberts,France,16,391,381,102.62,32.58,34,3,4,upper_middle,8.9,2.0,58.4,33.6,C+,D,D,B,Utility Player,6.75,0.28,1.95,,1.95,-0.06,0.06,0.41,0.41,-0.05,-0.22,1.21,0.08,0.81,7,0.24,-0.94,0.18,0.77,-0.39,Tough-Track Star,-0.23,False
d77ecd14,B Fitchet,Guernsey,14,179,176,101.7,12.79,21,5,2,top_order,8.9,24.6,6.5,11.5,D,D,C,D,Utility Player,6.5,0.52,,,,,,0.29,0.68,-0.09,-0.36,0.3,0.02,-0.35,8,-0.25,-1.43,0.18,0.68,0.33,Flat-Track Bully,0.28,False
ea2c0aff,Zain Ahmad,France,16,194,180,107.78,12.12,24,3,2,top_order,8.9,10.7,5.8,8.4,D,D,D,D,Utility Player,5.12,0.46,1.33,,1.33,0.2,-0.2,0.38,0.86,0.02,-0.29,0.28,0.02,-1.39,9,-0.5,-0.83,0.23,0.74,0.29,Flat-Track Bully,0.33,False
a9e63549,N Chejay,Bhutan,15,179,234,76.5,13.77,14,2,5,upper_middle,8.9,9.8,25.9,17.3,C,D,D,C,Utility Player,6.6,0.42,2.61,,2.61,-0.15,0.15,0.18,0.39,0.23,-0.32,0.5,0.03,-0.39,6,-0.18,-1.47,0.0,0.74,-0.15,Conditions-Proof,,False
ed547c49,I Pandey,Nepal,4,33,50,66.0,8.25,5,0,1,top_order,8.9,16.2,7.8,10.0,D,D,C,D,Utility Player,3.0,0.24,,,,,,,,,-0.49,0.04,,,0,,-2.18,0.0,0.6,,,,True
5d6064b0,E Kuchey,Finland,4,15,26,57.69,7.5,0,1,10,tail,8.9,11.4,13.6,11.6,D,D,D,D,Utility Player,6.5,1.0,,,,,,,,,-0.86,0.11,,,3,,-0.68,0.0,1.0,,,,True
085c1a4c,Ziaur Rehman,Finland,6,88,90,97.78,17.6,8,1,2,top_order,8.9,8.2,33.0,20.5,C,D,D,C+,Utility Player,10.67,0.71,,,,,,,,0.29,-0.44,0.27,,0.42,5,0.5,-0.9,0.17,0.66,,,,True
a1d95bd8,LB Williams,South Africa,10,14,26,53.85,2.33,0,0,10,tail,8.8,3.0,7.7,7.2,D,D,D,D,Utility Player,2.2,0.85,,,,-0.58,0.58,-0.09,-0.12,0.17,-0.55,0.21,0.02,-0.46,5,-0.75,-2.68,0.0,1.0,-0.52,Tough-Track Star,,False
84ff65e5,J Pook,Belize,2,1,5,20.0,0.5,0,0,10,tail,8.8,10.2,7.8,8.6,D,D,D,D,Utility Player,2.5,1.0,,,,,,,,,-1.03,0.0,,,2,,,,,,,,True
890b877d,VB van Jaarsveld,South Africa,3,15,23,65.22,5.0,0,0,5,upper_middle,8.8,7.3,7.5,8.0,D,D,D,D,Utility Player,7.67,1.0,,,,,,,,,-0.65,0.0,,,2,,-3.22,0.0,0.29,,,,True
3a82673c,V Mitari,Rwanda,5,4,11,36.36,1.33,0,0,10,tail,8.8,8.3,4.2,6.6,D,D,D,D,Utility Player,1.4,0.64,,,,,,,,,-0.68,0.03,,,4,,,,,,,,True
f909b98d,J Umanath,Mexico,1,0,3,0.0,0.0,0,0,3,top_order,8.8,11.6,7.0,8.6,D,D,D,D,Utility Player,3.0,1.0,,,,,,,,,-1.21,0.0,,,0,,,,,,,,True
07e5bda2,L Monanthane,Lesotho,3,11,29,37.93,3.67,0,0,8,lower_order,8.8,9.2,9.7,9.3,D,D,D,D,Utility Player,5.67,0.59,,,,,,,,,-0.8,0.0,,,3,,-2.38,0.0,1.0,,,,True
e1b9f3a9,BJ Dwarshuis,Australia,11,63,79,79.75,7.88,2,1,8,lower_order,8.8,4.6,31.7,18.5,C,D,D,C+,Utility Player,6.09,0.85,,,,,,-0.01,0.09,,-0.47,0.41,0.04,0.11,6,0.21,-2.19,0.0,0.57,0.41,Flat-Track Bully,,False
514628bd,I Katzarski,Bulgaria,4,10,25,40.0,3.33,0,0,10,tail,8.8,6.7,20.2,13.5,D,D,D,C,Utility Player,3.0,0.48,,,,,,,,,-0.56,0.29,,,1,,,,,,,,True
54909313,Sajid Khan,Croatia,5,10,27,37.04,3.33,0,0,11,tail,8.8,7.7,16.3,12.0,D,D,D,C,Utility Player,5.4,1.0,,,,,,,,,-0.72,0.18,,,2,,-2.71,0.0,0.29,,,,True
76177951,G Murali,Costa Rica,4,68,103,66.02,17.0,3,2,4,upper_middle,8.8,6.4,24.5,16.2,C,D,D,C,Utility Player,3.75,0.15,,,,,,,,,-0.24,0.18,,,1,,-1.89,0.0,0.52,,,,True
7990dc16,Muhammet Bicer,Turkey,5,6,8,75.0,2.0,1,0,10,tail,8.8,15.6,3.8,7.9,D,D,C,D,Utility Player,1.0,0.62,,,,,,,,,-0.55,0.14,,,4,,,,,,,,True
7044cd2e,NA Janes,Thailand,2,9,11,81.82,4.5,1,0,5,upper_middle,8.8,15.7,5.5,8.7,D,D,C,D,Utility Player,0.5,0.09,,,,,,,,,-0.73,0.01,,,0,,,,,,,,True
e5117568,B Pondani,Malawi,5,3,11,27.27,3.0,0,0,10,tail,8.7,7.4,18.7,13.0,D,D,D,C,Utility Player,1.6,0.73,,,,,,,,,-0.7,0.27,,,2,,,,,,,,True
f7f7bee0,Virk Ali,France,4,76,82,92.68,25.33,4,3,3,top_order,8.7,13.5,43.5,27.2,C,D,D,C+,Utility Player,0.75,0.04,1.08,,1.08,,,,,,-0.29,0.4,,,1,,-0.88,0.17,0.63,,,,True
30c884c8,B Terbish,Mongolia,3,1,7,14.29,0.5,0,0,11,tail,8.7,9.9,4.9,7.2,D,D,D,D,Utility Player,2.33,1.0,,,,,,,,,-0.96,0.0,,,2,,,,,,,,True
3595ad3b,S Foster,Cayman Islands,17,239,258,92.64,17.07,19,0,4,upper_middle,8.7,0.6,46.5,25.0,C,D,D,B,Utility Player,11.24,0.74,,,,-0.05,0.05,0.33,0.72,0.69,-0.24,0.6,0.04,-0.93,15,-0.56,-1.2,0.06,0.71,-0.58,Tough-Track Star,-0.48,False
486f252b,MO Bacarese,Gibraltar,3,28,55,50.91,9.33,0,1,3,top_order,8.7,7.4,15.0,11.5,D,D,D,C,Utility Player,0.33,0.02,,,,,,,,,-0.59,0.0,,,0,,-2.65,0.0,0.61,,,,True
47b33198,Chen Zhuo Yue,China,8,36,64,56.25,6.0,1,1,6,lower_middle,8.7,4.4,4.9,6.2,D,D,D,D,Utility Player,6.62,0.83,,,,,,,,0.46,-0.39,0.05,,0.41,7,0.22,-1.81,0.0,0.59,,,,True
462411b3,JJ Bumrah,India,7,12,18,66.67,2.4,2,0,11,tail,8.7,25.8,1.9,9.1,D,D,C,D,Utility Player,2.29,0.89,,,,,,,,,-0.62,0.19,,,4,,,,,,,,True
d2ac882a,W Dlamini,Eswatini,2,6,12,50.0,3.0,0,0,6,lower_middle,8.7,9.2,13.0,10.8,D,D,D,D,Utility Player,6.0,1.0,,,,,,,,,-0.64,0.0,,,2,,,,,,,,True
7fcc57bf,Atif Mehmood,Spain,7,44,45,97.78,14.67,2,2,7,lower_middle,8.7,9.3,22.9,15.7,C,D,D,C,Utility Player,4.86,0.76,,,,,,,,-0.08,-0.54,0.24,,,2,,-1.97,0.0,0.49,,,,True
f059910f,Moshiur Rahman,Estonia,3,11,25,44.0,11.0,0,0,8,lower_order,8.7,11.1,31.4,19.6,C,D,D,C+,Utility Player,8.33,1.0,,,,,,,,,-0.59,0.37,,,1,,-2.09,0.0,1.0,,,,True
755819f4,Zafer Durmaz,Turkey,8,69,56,123.21,9.86,8,2,6,lower_middle,8.6,25.3,6.3,11.2,D,D,C,D,Utility Player,4.75,0.68,2.16,,2.16,,,,,-0.64,-0.54,0.24,,,4,,0.75,1.0,0.29,,,,True
8c911414,D Faletar,Croatia,3,4,15,26.67,2.0,1,0,10,tail,8.6,16.1,4.8,8.4,D,D,C,D,Utility Player,4.33,0.87,,,,,,,,,-0.7,0.09,,,0,,,,,,,,True
dcdc9b49,Basharat Hussain,South Korea,3,3,15,20.0,3.0,0,0,11,tail,8.6,10.7,16.2,12.5,D,D,D,C,Utility Player,3.33,0.67,,,,,,,,,-0.85,0.14,,,1,,,,,,,,True
67ae5a56,Aslam Mohammad,Greece,9,171,142,120.42,19.0,11,12,2,top_order,8.6,36.2,19.2,20.0,C,D,C+,C,Utility Player,6.89,0.44,,,,,,,,-0.55,-0.33,0.44,,-2.41,6,-0.29,-1.12,0.3,0.68,,,,True
138e30ab,Yair Nagavkar,Israel,6,51,63,80.95,12.75,3,0,7,lower_middle,8.6,8.2,20.6,14.3,D,D,D,C,Utility Player,5.0,0.48,,,,,,,,0.12,-0.46,0.18,,,6,-0.44,-1.44,0.0,0.61,,,,True
e1c92333,G Chaturvedi,Malta,8,85,84,101.19,10.62,10,2,1,top_order,8.6,20.9,3.9,9.3,D,D,C,D,Utility Player,2.5,0.24,,,,,,,,0.03,-0.42,0.2,,,2,,-1.67,0.11,0.64,,,,True
365229a8,K Doriga,Papua New Guinea,28,298,290,102.76,12.96,18,10,7,lower_middle,8.6,20.3,10.1,12.3,D,D,C,D,Utility Player,5.25,0.51,0.73,,0.73,-0.24,0.24,0.48,1.3,-0.21,-0.31,0.57,0.02,0.56,17,0.16,-0.98,0.3,0.68,-0.03,Conditions-Proof,-0.06,False
70abbb67,Ismaeel Zia,Sweden,6,54,68,79.41,9.0,6,0,1,top_order,8.6,12.4,9.1,9.8,D,D,D,D,Utility Player,3.17,0.28,,,,,,,,-0.81,-0.48,0.07,,,3,,-1.33,0.0,0.49,,,,True
0e4843d2,Hamed Khan,Hong Kong,5,30,43,69.77,7.5,2,0,8,lower_order,8.6,10.9,24.1,16.2,C,D,D,C,Utility Player,3.4,0.4,,,,,,,,,-0.48,0.23,,,4,,-2.26,0.0,0.5,,,,True
4ebc70ca,GT Main,Scotland,3,12,17,70.59,12.0,2,0,9,lower_order,8.6,21.0,23.7,18.2,C,D,C,C,Utility Player,5.67,1.0,,,,,,,,,-0.86,0.13,,,2,,0.53,1.0,1.0,,,,True
053f3ce3,D Ravu,Papua New Guinea,9,26,35,74.29,4.33,4,0,10,tail,8.6,23.6,6.4,10.7,D,D,C,D,Utility Player,3.22,0.83,,,,,,,,-0.61,-0.53,0.33,,0.09,7,0.08,,,,,,,True
eee46f77,Raza Iqbal,Norway,26,366,319,114.73,15.91,42,8,1,top_order,8.6,39.5,35.5,27.8,C,D,C+,C+,Utility Player,3.62,0.29,1.05,,1.05,0.33,-0.33,0.63,1.79,0.06,-0.27,0.88,0.03,-1.16,15,-0.27,-0.93,0.33,0.72,-0.16,Tough-Track Star,-0.49,False
107c26fb,KT Maphaka,South Africa,6,19,24,79.17,9.5,2,0,10,tail,8.5,13.6,31.6,20.1,C,D,D,C+,Utility Player,4.0,1.0,,,,,,,,,-0.64,0.35,,,4,,-0.97,0.0,1.0,,,,True
270b3f8e,JK Kamande,Kenya,5,24,39,61.54,4.8,2,0,8,lower_order,8.5,11.4,8.4,9.1,D,D,D,D,Utility Player,5.2,0.67,,,,,,,,,-0.56,0.03,,,2,,-1.42,0.0,0.29,,,,True
2764133a,L Vincent,New Zealand,9,174,174,100.0,19.33,17,3,1,top_order,8.5,1.4,47.5,25.8,C,D,D,B,Utility Player,7.56,0.39,0.4,,0.4,,,,,0.11,-0.36,0.35,,,2,,-1.02,0.2,0.73,,,,True
910584a7,Usman Waheed,Kuwait,3,44,38,115.79,22.0,4,1,6,lower_middle,8.5,13.4,35.8,23.1,C,D,D,C+,Utility Player,7.0,0.55,,,,,,,,,-0.51,0.2,,,3,,-0.47,0.0,0.45,,,,True
3cdab0cc,B Angeltti,Argentina,2,2,5,40.0,1.0,0,0,1,top_order,8.5,8.3,5.5,7.1,D,D,D,D,Utility Player,2.5,1.0,,,,,,,,,-0.9,0.0,,,1,,,,,,,,True
cd752e8a,Lee Kangmin,South Korea,3,9,12,75.0,9.0,1,0,10,tail,8.5,15.6,14.3,12.7,D,D,C,D,Utility Player,4.0,1.0,,,,,,,,,-1.04,0.08,,,3,,,,,,,,True
d6b4e3e2,KJ Patel,Seychelles,3,8,29,27.59,8.0,1,0,11,tail,8.5,12.9,40.3,23.8,C,D,D,C+,Utility Player,9.67,1.0,,,,,,,,,-0.96,0.75,,,3,,-1.86,0.0,0.29,,,,True
43449b1e,JEA Doctora,Philippines,10,73,100,73.0,10.43,3,3,7,lower_middle,8.5,3.8,18.4,12.3,D,D,D,C,Utility Player,6.8,0.68,,,,,,0.04,0.08,0.12,-0.52,0.26,0.03,-0.24,8,-0.37,-1.94,0.12,0.68,0.2,Flat-Track Bully,0.17,False
59792462,KM Jarvis,Zimbabwe,8,39,47,82.98,6.5,1,2,10,tail,8.5,16.3,11.0,11.3,D,D,C,D,Utility Player,4.0,0.68,,,,,,,,0.38,-0.64,0.28,,-0.25,7,-0.57,-0.57,0.33,0.48,,,,True
a1d053dd,SS Cottrell,West Indies,10,18,29,62.07,4.5,2,0,10,tail,8.5,11.6,18.3,13.6,D,D,D,C,Utility Player,2.1,0.72,,,,-0.29,0.29,0.01,0.08,-0.09,-0.52,0.42,0.04,-0.19,5,-0.21,,,,-0.16,Tough-Track Star,-0.29,False
362fde0f,NA Maiolo,Italy,4,34,40,85.0,8.5,2,1,3,top_order,8.5,9.0,10.3,9.6,D,D,D,D,Utility Player,5.5,0.55,,,,,,,,,-0.53,0.0,,,3,,0.28,1.0,1.0,,,,True
11b37b2a,JL Tutty,Cook Islands,4,18,29,62.07,6.0,1,0,8,lower_order,8.4,12.5,13.1,11.4,D,D,D,D,Utility Player,6.25,0.86,,,,,,,,,-0.51,0.11,,,2,,-2.64,0.0,0.29,,,,True
5a719b87,JF Chester,Swaziland,3,0,6,0.0,0.0,0,0,11,tail,8.4,10.3,3.7,6.7,D,D,D,D,Utility Player,2.0,1.0,,,,,,,,,-1.04,0.0,,,3,,,,,,,,True
4e1c9f6e,Sandeep Goud,Oman,18,141,143,98.6,11.75,4,7,7,lower_middle,8.4,29.8,4.3,11.3,D,D,C,D,Utility Player,4.33,0.55,,,,-0.24,0.24,0.37,0.89,-0.03,-0.48,0.35,0.02,-0.73,8,-0.32,-0.76,0.33,0.65,-0.03,Conditions-Proof,-0.0,False
cebbf3c9,Myat Thu Aung,Myanmar,10,69,139,49.64,13.8,3,0,10,tail,8.4,5.8,42.3,23.6,C,D,D,C+,Utility Player,11.5,0.83,,,,-0.08,0.08,0.0,0.03,-0.38,-0.53,0.86,0.09,-0.13,7,-0.23,-2.04,0.0,0.7,0.12,Conditions-Proof,-0.09,False
0f1ea8c4,Nelson Jesus Navarrete Aburto,Chile,1,1,8,12.5,1.0,0,0,7,lower_middle,8.4,12.0,11.5,10.5,D,D,D,D,Utility Player,8.0,1.0,,,,,,,,,-0.83,0.0,,,0,,,,,,,,True
7b10c047,Mazhar Khan,Slovenia,4,11,28,39.29,3.67,1,0,8,lower_order,8.4,9.6,4.9,7.1,D,D,D,D,Utility Player,2.75,0.39,,,,,,,,,-0.7,0.02,,,4,,-1.24,0.0,1.0,,,,True
5597338d,S Ravikumar,Costa Rica,7,89,133,66.92,12.71,5,1,1,top_order,8.3,8.2,11.6,10.2,D,D,D,D,Utility Player,17.71,0.93,2.69,,2.69,,,,,,-0.41,0.13,,,1,,-1.73,0.0,0.69,,,,True
34e10659,K Babu,South Korea,6,10,23,43.48,5.0,0,0,11,tail,8.3,6.1,20.2,13.3,D,D,D,C,Utility Player,3.33,0.87,,,,,,,,0.0,-0.66,0.33,,,2,,-1.86,0.0,1.0,,,,True
c020cef5,Saqlain Haider,United Arab Emirates,4,14,35,40.0,3.5,0,0,7,lower_middle,8.3,6.5,4.4,6.2,D,D,D,D,Utility Player,0.0,0.0,,,,,,,,,-0.65,0.0,,,2,,-2.96,0.0,0.29,,,,True
27159c6a,RM Haq,Scotland,5,39,61,63.93,19.5,1,0,8,lower_order,8.3,1.8,61.6,32.0,C+,D,D,B+,Utility Player,11.2,0.92,,,,,,,,,-0.39,0.81,,,5,-0.4,-1.72,0.0,0.64,,,,True
d05e9052,R Poojary,Mexico,7,30,52,57.69,4.29,0,1,7,lower_middle,8.3,9.5,1.2,5.4,D,D,D,D,Utility Player,5.14,0.69,,,,,,,,-0.39,-0.78,0.12,,0.27,6,-0.18,-0.64,0.5,0.29,,,,True
32a85e70,C Tchale,Malawi,4,4,9,44.44,1.0,1,0,10,tail,8.3,20.5,3.1,8.4,D,D,C,D,Utility Player,1.5,0.67,,,,,,,,,-0.77,0.1,,,3,,,,,,,,True
1eb2b096,J Batinibulu,Fiji,3,8,18,44.44,4.0,0,0,9,lower_order,8.3,8.8,11.8,10.0,D,D,D,D,Utility Player,6.0,1.0,,,,,,,,,-0.69,0.0,,,3,,,,,,,,True
f56cd097,Rubel Hossain,Bangladesh,12,20,35,57.14,5.0,1,0,10,tail,8.3,4.9,37.9,21.0,C,D,D,C+,Utility Player,2.0,0.69,,,,-0.11,0.11,0.03,0.08,-0.83,-0.59,0.61,0.05,-0.09,5,-0.03,,,,-0.04,Conditions-Proof,-0.16,False
9029d54a,Zeeshan Siddiqui,Oman,3,40,44,90.91,20.0,4,0,5,upper_middle,8.3,7.5,46.1,26.2,C,D,D,B,Utility Player,8.67,0.59,,,,,,,,,-0.31,0.38,,,0,,-1.11,0.0,0.47,,,,True
7cb931fc,Hassnain Shah,Oman,3,1,6,16.67,0.33,0,0,6,lower_middle,8.3,8.0,2.6,5.7,D,D,D,D,Utility Player,1.33,0.67,,,,,,,,,-0.78,0.0,,,2,,,,,,,,True
c65e0275,Babar Ali,Rwanda,3,9,19,47.37,3.0,0,0,3,top_order,8.3,6.7,7.0,7.4,D,D,D,D,Utility Player,5.33,0.84,,,,,,,,,-0.63,0.0,,,0,,-4.3,0.0,1.0,,,,True
d5dea4e7,LG Moras,Brazil,3,6,14,42.86,2.0,0,0,8,lower_order,8.2,9.2,8.0,8.3,D,D,D,D,Utility Player,1.33,0.29,,,,,,,,,-0.57,0.0,,,1,,,,,,,,True
ede30898,D St Ange,Turks and Caicos Island,3,17,25,68.0,5.67,0,0,7,lower_middle,8.2,6.7,6.7,7.3,D,D,D,D,Utility Player,2.33,0.28,,,,,,,,,-0.71,0.0,,,1,,-0.44,0.0,1.0,,,,True
31adde7f,L Emilio,Mozambique,10,84,85,98.82,12.0,10,1,3,top_order,8.2,28.4,7.7,12.4,D,D,C,D,Utility Player,3.8,0.45,,,,0.22,-0.22,0.2,0.35,-0.03,-0.36,0.27,0.03,0.65,9,0.8,-1.13,0.2,0.64,0.31,Flat-Track Bully,0.09,False
c802af1c,Natim Hassam,Portugal,4,70,74,94.59,23.33,6,1,4,upper_middle,8.2,6.7,43.6,25.4,C,D,D,C+,Utility Player,8.5,0.46,,,,,,,,,-0.37,0.49,,,1,,-1.24,0.14,0.63,,,,True
acdc62f5,A Nortje,South Africa,14,30,50,60.0,3.75,1,1,9,lower_order,8.2,4.8,4.0,5.7,D,D,D,D,Utility Player,2.79,0.78,,,,0.22,-0.22,0.05,0.54,0.3,-0.41,0.17,0.01,0.08,7,-0.14,,,,-0.3,Tough-Track Star,-0.65,False
69d03465,AT Carey,Australia,28,267,243,109.88,11.12,23,7,6,lower_middle,8.2,6.2,11.8,9.9,D,D,D,D,Utility Player,3.79,0.44,,,,-0.03,0.03,0.3,0.56,0.1,-0.41,0.46,0.02,0.31,7,0.33,-1.33,0.22,0.73,-0.07,Conditions-Proof,0.1,False
acf06e10,SB Wagh,Mexico,7,133,161,82.61,19.0,10,1,1,top_order,8.2,3.2,34.5,20.1,C,D,D,C+,Utility Player,6.43,0.28,1.21,,1.21,,,,,,-0.18,0.4,,,0,,-1.22,0.25,0.61,,,,True
c810b349,JAD Lawrenson,Jersey,6,67,80,83.75,13.4,4,0,6,lower_middle,8.2,4.8,29.5,17.6,C,D,D,C,Utility Player,6.83,0.51,,,,,,,,0.25,-0.43,0.23,,,4,,-1.5,0.0,0.56,,,,True
0782aec3,Muhammad Ajmal,Malta,2,5,9,55.56,2.5,1,0,6,lower_middle,8.2,17.8,4.6,8.5,D,D,C,D,Utility Player,2.0,0.44,,,,,,,,,-0.7,0.05,,,1,,,,,,,,True
03c94c2f,J Grzinic,Croatia,5,21,49,42.86,7.0,1,0,8,lower_order,8.1,7.7,26.9,16.6,C,D,D,C,Utility Player,2.2,0.22,,,,,,,,,-0.57,0.32,,,5,-0.53,-2.35,0.0,0.29,,,,True
80ba2fe8,T Kaisala,Samoa,4,64,73,87.67,21.33,6,2,2,top_order,8.1,35.6,34.8,26.9,C,D,C+,C+,Utility Player,1.75,0.1,,,,,,,,,-0.33,0.49,,,4,,-1.02,0.2,0.62,,,,True
17f68661,RT Rubbi,Indonesia,2,11,28,39.29,5.5,0,0,5,upper_middle,8.1,8.2,11.2,9.6,D,D,D,D,Utility Player,3.5,0.25,,,,,,,,,-0.69,0.0,,,0,,-2.5,0.0,0.29,,,,True
27320242,IW Budiarta,Indonesia,3,4,5,80.0,2.0,1,0,10,tail,8.1,20.5,4.5,9.0,D,D,C,D,Utility Player,1.33,0.8,,,,,,,,,-0.8,0.13,,,2,,,,,,,,True
4a3cbbf2,JR Lucky,Costa Rica,2,1,8,12.5,1.0,0,0,9,lower_order,8.1,10.5,5.0,7.2,D,D,D,D,Utility Player,4.0,1.0,,,,,,,,,-1.13,0.0,,,1,,,,,,,,True
95c2d309,SKDT Madusanka,Seychelles,13,224,249,89.96,22.4,30,2,3,top_order,8.1,33.9,41.5,29.9,C,D,C+,C+,Utility Player,7.54,0.39,,,,-0.19,0.19,0.29,0.56,0.2,-0.28,0.68,0.05,,13,-0.28,-1.02,0.2,0.73,0.71,Flat-Track Bully,0.86,False
6e991bd4,Amir Farooq,Qatar,12,87,91,95.6,9.67,5,4,8,lower_order,8.1,19.3,25.4,18.4,C,D,C,C,Utility Player,7.08,0.93,,,,,,0.16,0.32,0.31,-0.43,0.55,0.05,0.13,10,0.09,-1.42,0.0,0.45,-0.12,Conditions-Proof,0.03,False
940255af,A Mongar,Bhutan,4,15,32,46.88,7.5,0,0,10,tail,8.1,9.4,24.8,16.0,C,D,D,C,Utility Player,6.5,0.81,,,,,,,,,-0.74,0.3,,,2,,-2.38,0.0,1.0,,,,True
c17dcc29,F Khaliq,Belgium,7,76,65,116.92,15.2,8,0,3,top_order,8.0,11.6,30.3,19.4,C,D,D,C+,Utility Player,3.29,0.35,1.71,,1.71,,,,,0.08,-0.3,0.36,,,0,,-0.98,0.2,0.57,,,,True
90c734f8,T Horpinitch,Seychelles,4,34,62,54.84,8.5,5,0,1,top_order,8.0,10.7,9.1,9.2,D,D,D,D,Utility Player,10.0,0.65,,,,,,,,,-0.57,0.0,,,4,,-2.23,0.0,0.58,,,,True
6b9eb501,OEG Baartman,South Africa,5,14,29,48.28,3.5,1,0,11,tail,8.0,10.5,14.1,11.3,D,D,D,D,Utility Player,5.8,1.0,,,,,,,,,-0.66,0.12,,,2,,-1.55,0.0,1.0,,,,True
e00acf74,E Mathew,Malta,22,219,236,92.8,11.53,11,6,3,top_order,8.0,1.3,21.6,13.3,D,D,D,C,Utility Player,2.86,0.27,0.72,,0.72,,,0.13,0.14,0.12,-0.37,0.42,0.02,-0.06,5,0.01,-1.61,0.06,0.73,-0.04,Conditions-Proof,-0.06,False
18fac429,SR Patel,England,13,189,173,109.25,15.75,17,5,7,lower_middle,8.0,39.0,48.5,33.2,C+,D,C+,B,Utility Player,7.38,0.55,0.83,,0.83,-0.06,0.06,0.3,0.37,0.26,-0.32,0.69,0.05,,3,,-0.34,0.45,0.64,0.02,Conditions-Proof,-0.09,False
5d9d83e6,D Young,St Helena,4,18,21,85.71,4.5,2,1,3,top_order,8.0,24.7,2.5,8.9,D,D,C,D,Utility Player,2.0,0.38,,,,,,,,,-0.3,0.2,,,4,,-1.22,0.0,1.0,,,,True
dee70255,J Lassayo,Sierra Leone,6,11,18,61.11,2.75,0,0,9,lower_order,8.0,5.7,3.0,5.3,D,D,D,D,Utility Player,2.5,0.83,,,,,,,,0.0,-0.59,0.04,,,4,,,,,,,,True
6ad2d5f7,LN Rajbanshi,Nepal,6,8,18,44.44,2.67,0,0,11,tail,8.0,6.6,20.3,13.3,D,D,D,C,Utility Player,3.0,1.0,,,,,,,,0.69,-0.62,0.27,,,3,,,,,,,,True
8ae49076,Sathya Narayanan,Switzerland,5,35,51,68.63,8.75,2,0,8,lower_order,8.0,6.8,17.4,12.2,D,D,D,C,Utility Player,10.2,1.0,,,,,,,,,-0.73,0.15,,,5,-0.65,-1.44,0.25,0.57,,,,True
eff8b730,GRD Munasinghe,Italy,3,1,10,10.0,0.33,0,0,11,tail,8.0,10.5,4.0,6.7,D,D,D,D,Utility Player,3.33,1.0,,,,,,,,,-1.09,0.0,,,3,,,,,,,,True
06b387f1,Waseem Yaqoob,Lesotho,8,112,134,83.58,14.0,8,4,2,top_order,8.0,26.0,7.0,11.7,D,D,C,D,Utility Player,9.75,0.58,,,,,,,,-0.36,-0.52,0.2,,,8,-0.42,-1.44,0.08,0.71,,,,True
dc2abe5e,Ahsan Ali,Pakistan,2,36,39,92.31,18.0,4,0,2,top_order,7.9,11.2,34.0,21.1,C,D,D,C+,Utility Player,4.5,0.23,,,,,,,,,-0.5,0.12,,,0,,-0.86,0.33,0.48,,,,True
ff36e706,Sirajullah Khadim,Portugal,11,81,91,89.01,10.12,7,1,11,tail,7.9,9.2,22.3,14.9,D,D,D,C,Utility Player,2.55,0.31,,,,,,0.17,0.53,0.27,-0.49,0.54,0.05,-0.29,8,-0.45,-1.38,0.2,0.64,-0.22,Tough-Track Star,-0.77,False
cc62ec8a,Ngawang Thinley,Bhutan,7,25,36,69.44,5.0,2,0,9,lower_order,7.9,7.0,4.4,6.2,D,D,D,D,Utility Player,2.29,0.44,,,,,,,,-0.43,-0.51,0.08,,,3,,-2.01,0.0,0.42,,,,True
449f4e3c,B Muzarabani,Zimbabwe,22,48,70,68.57,3.69,6,1,10,tail,7.9,13.0,1.1,5.9,D,D,D,D,Utility Player,2.55,0.8,,,,0.07,-0.07,0.04,0.28,0.13,-0.57,0.33,0.02,0.25,15,0.25,-1.59,0.0,1.0,0.0,Conditions-Proof,0.08,False
c2123fd0,C Stephenson,Belize,3,3,15,20.0,1.0,0,0,9,lower_order,7.8,10.1,2.9,6.1,D,D,D,D,Utility Player,5.0,1.0,,,,,,,,,-1.07,0.0,,,3,,,,,,,,True
099135ad,Aryan Lakra,United Arab Emirates,8,50,58,86.21,7.14,3,2,3,top_order,7.8,8.4,2.3,5.6,D,D,D,D,Utility Player,5.0,0.69,,,,,,,,-0.32,-0.35,0.06,,,4,,-1.92,0.25,0.59,,,,True
2dfe0612,Ghulam Ahmadi,Germany,12,41,40,102.5,13.67,4,0,10,tail,7.8,15.1,42.2,25.2,C,D,C,C+,Utility Player,1.17,0.35,,,,-0.78,0.78,0.21,0.36,0.6,-0.46,0.82,0.07,0.07,8,0.07,,,,-0.52,Tough-Track Star,-0.38,False
31c04b7b,CJPF Kalugamage,Italy,8,30,44,68.18,10.0,1,0,10,tail,7.8,7.2,42.0,23.3,C,D,D,C+,Utility Player,2.62,0.48,,,,,,,,0.53,-0.54,0.56,,-0.14,6,-0.24,-0.13,0.0,1.0,,,,True
0b60eb09,KA Maharaj,South Africa,17,104,118,88.14,10.4,6,5,8,lower_order,7.8,27.3,21.1,18.0,C,D,C,C,Utility Player,3.94,0.57,,,,-0.48,0.48,0.16,0.4,-0.25,-0.5,0.58,0.03,-0.54,9,-0.45,-1.59,0.17,0.61,0.07,Conditions-Proof,-0.01,False
dc39e9ab,Mandeep Singh,Norway,4,59,54,109.26,19.67,3,1,4,upper_middle,7.7,4.6,35.9,20.8,C,D,D,C+,Utility Player,12.0,0.89,,,,,,,,,-0.35,0.27,,,4,,-0.93,0.5,0.57,,,,True
602db3d9,GJ van Rensburg,Namibia,6,79,110,71.82,13.17,5,1,3,top_order,7.7,5.9,33.7,19.5,C,D,D,C+,Utility Player,7.5,0.41,,,,,,,,0.28,-0.44,0.25,,,1,,-1.71,0.1,0.64,,,,True
5485c999,P Dakainivanua,Fiji,6,65,75,86.67,13.0,6,0,6,lower_middle,7.7,9.7,26.3,16.9,C,D,D,C,Utility Player,12.0,0.96,,,,,,,,0.0,-0.45,0.3,,,6,-0.45,-1.2,0.0,0.58,,,,True
730025e8,T Ramautar,Suriname,4,6,23,26.09,2.0,0,0,10,tail,7.7,9.0,7.9,8.1,D,D,D,D,Utility Player,5.0,0.87,,,,,,,,,-0.78,0.03,,,4,,-4.47,0.0,1.0,,,,True
663ad386,I Asif,Austria,11,157,165,95.15,17.44,16,4,3,top_order,7.7,24.2,32.8,23.2,C,D,C,C+,Utility Player,7.82,0.52,,,,-0.16,0.16,0.38,0.89,0.35,-0.35,0.54,0.05,0.53,5,0.34,-1.17,0.23,0.73,-0.12,Conditions-Proof,-0.39,False
3185266a,DLS van Bunge,Netherlands,6,33,34,97.06,6.6,1,2,7,lower_middle,7.7,19.5,4.3,8.6,D,D,C,D,Utility Player,2.83,0.5,,,,,,,,,-0.56,0.11,,,4,,-0.71,0.5,0.29,,,,True
b6924e3f,RJ Ainsworth,Hungary,1,0,4,0.0,0.0,0,0,7,lower_middle,7.7,11.1,8.9,8.9,D,D,D,D,Utility Player,4.0,1.0,,,,,,,,,-0.95,0.0,,,0,,,,,,,,True
c311564c,Ibrahim Jabarkhel,France,5,24,28,85.71,12.0,0,1,7,lower_middle,7.7,8.5,27.3,17.0,C,D,D,C,Utility Player,4.0,0.71,,,,,,,,,-0.44,0.26,,,2,,-3.88,0.0,1.0,,,,True
376557f7,A Bishnoi,Malta,8,11,21,52.38,2.75,0,0,11,tail,7.7,4.6,7.4,7.0,D,D,D,D,Utility Player,2.0,0.76,,,,,,,,0.23,-0.6,0.2,,,4,,,,,,,,True
b8889eb7,A Faletar,Croatia,2,0,2,0.0,0.0,0,0,11,tail,7.6,9.7,5.1,6.9,D,D,D,D,Utility Player,1.0,1.0,,,,,,,,,-0.93,0.0,,,0,,,,,,,,True
a4a53adf,J Albin,Bulgaria,12,109,134,81.34,18.17,11,0,10,tail,7.6,8.9,49.8,27.8,C,D,D,B,Utility Player,7.92,0.71,,,,,,0.1,0.19,-0.16,-0.42,1.26,0.11,,4,,-0.95,0.0,0.6,-0.18,Conditions-Proof,-0.01,False
eb02a5f7,Ayush Ummat,Estonia,1,0,5,0.0,0.0,0,0,6,lower_middle,7.6,11.1,9.3,9.1,D,D,D,D,Utility Player,5.0,1.0,,,,,,,,,-1.0,0.0,,,0,,,,,,,,True
d5966b42,RM Magare,Czech Republic,8,90,93,96.77,12.86,9,1,1,top_order,7.6,6.5,11.2,9.5,D,D,D,D,Utility Player,5.25,0.45,,,,,,,,0.13,-0.42,0.08,,,3,,-1.05,0.25,0.67,,,,True
ee3bfb9b,SR Rocket,Seychelles,7,14,40,35.0,2.33,2,0,10,tail,7.6,15.4,2.2,6.8,D,D,C,D,Utility Player,4.29,0.75,,,,,,,,-0.3,-0.62,0.16,,,7,-0.61,-2.9,0.0,0.29,,,,True
ae19375d,T Sumiya,Mongolia,4,5,25,20.0,2.5,0,0,11,tail,7.6,9.5,7.8,8.1,D,D,D,D,Utility Player,3.5,0.56,,,,,,,,,-0.88,0.0,,,3,,-3.69,0.0,0.45,,,,True
ecfdfbad,P Hingorani,Romania,3,1,6,16.67,1.0,0,0,9,lower_order,7.6,7.3,5.9,6.8,D,D,D,D,Utility Player,2.0,1.0,,,,,,,,,-0.92,0.0,,,2,,,,,,,,True
c5147782,ARH Patel,Costa Rica,2,0,4,0.0,0.0,0,0,10,tail,7.6,10.9,4.1,6.7,D,D,D,D,Utility Player,2.0,1.0,,,,,,,,,-1.21,0.0,,,1,,,,,,,,True
f5be7b08,S Rukmal,Seychelles,4,4,13,30.77,2.0,1,0,11,tail,7.6,16.4,4.2,7.8,D,D,C,D,Utility Player,3.25,1.0,,,,,,,,,-0.82,0.08,,,4,,,,,,,,True
4e3fd330,S Kushretha,Luxembourg,6,53,71,74.65,10.6,3,0,9,lower_order,7.6,6.4,28.3,17.0,C,D,D,C,Utility Player,5.17,0.44,,,,,,,,-0.35,-0.54,0.3,,,6,-0.49,-1.55,0.0,0.58,,,,True
95bd9407,E Karimi,Denmark,5,7,19,36.84,2.33,0,0,10,tail,7.6,7.2,9.4,8.4,D,D,D,D,Utility Player,3.2,0.84,,,,,,,,,-0.71,0.07,,,3,,,,,,,,True
6a63c29c,SVE Bharathi,Germany,6,7,16,43.75,1.75,0,0,11,tail,7.6,6.8,6.5,7.0,D,D,D,D,Utility Player,2.0,0.75,,,,,,,,-0.1,-0.73,0.06,,,4,,,,,,,,True
0c24fb7b,S Yeshi,Bhutan,17,53,78,67.95,4.82,4,2,11,tail,7.6,24.3,2.1,8.6,D,D,C,D,Utility Player,2.65,0.58,,,,0.08,-0.08,0.01,0.37,0.12,-0.63,0.44,0.03,0.36,10,0.4,-1.93,0.0,0.29,-0.42,Tough-Track Star,,False
cf719840,Nirmaljit Singh,Cambodia,6,21,52,40.38,7.0,1,1,8,lower_order,7.5,10.2,15.1,11.6,D,D,D,C,Utility Player,7.67,0.88,,,,,,,,0.0,-0.49,0.22,,,3,,-2.06,0.0,0.61,,,,True
3543e384,Hein Zin Aung,Myanmar,2,0,11,0.0,0.0,0,0,10,tail,7.5,11.0,8.6,8.7,D,D,D,D,Utility Player,5.5,1.0,,,,,,,,,-1.05,0.0,,,2,,,,,,,,True
2182013e,SW Masakadza,Zimbabwe,5,18,24,75.0,4.5,1,0,7,lower_middle,7.5,9.9,8.2,8.4,D,D,D,D,Utility Player,4.8,1.0,,,,,,,,,-0.67,0.01,,,3,,,,,,,,True
1b668884,MS Sinclair,New Zealand,2,0,5,0.0,0.0,0,0,3,top_order,7.5,9.2,2.6,5.6,D,D,D,D,Utility Player,2.5,1.0,,,,,,,,,-0.96,0.0,,,2,,,,,,,,True
8eb7c5a6,L Berthe,Mali,7,11,24,45.83,1.83,1,0,11,tail,7.5,8.3,1.0,4.8,D,D,D,D,Utility Player,1.86,0.54,,,,,,,,0.1,-0.72,0.11,,,7,-0.58,,,,,,,True
c9945bdf,Simi Singh,Ireland,30,218,207,105.31,9.91,16,4,8,lower_order,7.5,6.7,21.5,14.1,D,D,D,C,Utility Player,3.27,0.47,,,,-0.04,0.04,0.29,1.43,-0.04,-0.41,0.65,0.02,-0.23,16,-0.35,-0.85,0.43,0.65,-0.38,Tough-Track Star,-0.33,False
69cbd850,M Mariyappan,Seychelles,3,18,28,64.29,6.0,1,0,3,top_order,7.5,6.6,5.4,6.5,D,D,D,D,Utility Player,4.67,0.5,,,,,,,,,-0.65,0.0,,,3,,-2.3,0.0,0.29,,,,True
ce7936a5,S Ravoka,Fiji,5,24,37,64.86,8.0,0,0,6,lower_middle,7.5,3.1,28.3,16.1,C,D,D,C,Utility Player,4.2,0.57,,,,,,,,,-0.46,0.32,,,5,-0.46,-2.41,0.0,0.5,,,,True
5f77f4ec,A Kansonkho,Malawi,2,2,5,40.0,1.0,0,0,8,lower_order,7.5,11.0,6.8,7.9,D,D,D,D,Utility Player,2.5,1.0,,,,,,,,,-0.87,0.0,,,2,,,,,,,,True
3e90fbfd,RDS Morein,Timor-Leste,4,2,11,18.18,2.0,0,0,11,tail,7.5,10.1,6.5,7.6,D,D,D,D,Utility Player,2.25,0.82,,,,,,,,,-0.71,0.03,,,0,,,,,,,,True
3caaf69e,P Campbell,Gambia,4,15,32,46.88,5.0,1,0,10,tail,7.5,10.8,11.6,10.1,D,D,D,D,Utility Player,4.0,0.5,,,,,,,,,-0.72,0.13,,,4,,-1.55,0.0,1.0,,,,True
c3ba4942,R Siriwardena,Cyprus,8,46,67,68.66,7.67,5,0,8,lower_order,7.5,11.0,15.1,11.8,D,D,D,C,Utility Player,4.25,0.51,,,,,,,,-0.22,-0.43,0.31,,-0.21,5,-0.13,-1.36,0.33,0.5,,,,True
cc65e4a4,Arsalan Arif,Austria,4,39,51,76.47,13.0,1,0,7,lower_middle,7.5,5.6,25.5,15.6,C,D,D,C,Utility Player,7.25,0.57,,,,,,,,,-0.41,0.22,,,0,,-1.45,0.0,0.5,,,,True
18ac3318,Mohammed Faraazuddin,United Arab Emirates,4,24,27,88.89,8.0,1,0,8,lower_order,7.5,9.4,16.3,12.0,D,D,D,C,Utility Player,2.75,0.41,,,,,,,,,-0.71,0.04,,,3,,-0.29,0.5,0.29,,,,True
7c63baa7,JP Bray,Ireland,2,2,17,11.76,1.0,0,0,1,top_order,7.4,9.2,6.8,7.5,D,D,D,D,Utility Player,8.5,1.0,,,,,,,,,-0.93,0.0,,,0,,-3.63,0.0,1.0,,,,True
2b7609f1,H Ssenyondo,Uganda,13,25,49,51.02,5.0,0,0,11,tail,7.4,2.6,37.5,20.1,C,D,D,C+,Utility Player,3.54,0.94,,,,,,-0.01,0.1,-0.16,-0.48,0.69,0.05,-0.05,5,-0.09,-1.97,0.0,1.0,-0.13,Conditions-Proof,0.09,False
97b109d2,Y Naing Tun,Myanmar,11,102,155,65.81,10.2,9,2,8,lower_order,7.4,14.0,16.7,13.2,D,D,D,C,Utility Player,7.27,0.52,,,,-0.08,0.08,0.24,0.36,-0.21,-0.38,0.45,0.04,0.01,8,-0.03,-1.54,0.11,0.69,-0.05,Conditions-Proof,,False
457e6a8e,Muhammed Basil,Bahrain,3,6,13,46.15,2.0,0,0,6,lower_middle,7.4,7.1,6.7,7.0,D,D,D,D,Utility Player,2.67,0.62,,,,,,,,,-0.65,0.0,,,0,,-2.63,0.0,1.0,,,,True
bbff906c,CAK Walton,West Indies,14,174,169,102.96,12.43,14,10,1,top_order,7.4,22.2,4.0,9.3,D,D,C,D,Utility Player,4.64,0.38,,,,0.1,-0.1,0.21,0.42,0.23,-0.38,0.23,0.02,-0.18,5,0.16,-1.43,0.0,0.65,-0.3,Tough-Track Star,-0.25,False
bc0083f7,P Abhijit,Seychelles,2,5,9,55.56,2.5,1,0,7,lower_middle,7.4,18.6,5.2,8.7,D,D,C,D,Utility Player,1.0,0.22,,,,,,,,,-0.81,0.05,,,2,,,,,,,,True
95bcba19,RP Magar,Nepal,5,39,76,51.32,7.8,0,2,6,lower_middle,7.4,10.7,5.2,7.2,D,D,D,D,Utility Player,12.6,0.83,,,,,,,,,-0.65,0.02,,,4,,-2.02,0.0,0.58,,,,True
23d4170c,RW Hartley,Serbia,3,9,21,42.86,9.0,0,0,10,tail,7.4,9.6,26.7,16.7,C,D,D,C,Utility Player,4.67,0.67,,,,,,,,,-0.71,0.37,,,1,,,,,,,,True
6577a6ad,BK Stroud,St Helena,3,21,55,38.18,21.0,1,0,11,tail,7.4,16.4,49.6,29.4,C,D,C,B,Utility Player,12.0,0.65,,,,,,,,,-0.73,0.91,,,3,,-2.14,0.0,0.55,,,,True
26f12506,CT Mutombodzi,Zimbabwe,12,113,121,93.39,11.3,8,2,7,lower_middle,7.4,7.2,11.3,9.5,D,D,D,D,Utility Player,5.83,0.58,,,,-0.06,0.06,0.0,0.13,0.17,-0.52,0.2,0.02,,4,,-1.04,0.33,0.63,0.45,Flat-Track Bully,0.43,False
40a5bcf9,M Sohel Patel,Panama,12,108,108,100.0,9.0,10,5,2,top_order,7.4,27.1,3.4,9.8,D,D,C,D,Utility Player,2.67,0.3,,,,-0.82,0.82,0.42,0.67,0.14,-0.25,0.28,0.02,0.05,11,-0.4,-1.06,0.14,0.65,-0.61,Conditions-Proof,-0.03,False
0bab1be2,M Fru,Cameroon,4,16,31,51.61,4.0,1,0,8,lower_order,7.4,7.8,3.7,5.9,D,D,D,D,Utility Player,7.75,1.0,,,,,,,,,-0.75,0.0,,,4,,-2.12,0.0,0.29,,,,True
8c95e2dd,MS Diawara,Mali,4,11,27,40.74,2.75,0,0,10,tail,7.4,6.3,2.5,5.0,D,D,D,D,Utility Player,1.0,0.15,,,,,,,,,-0.73,0.0,,,4,,,,,,,,True
8ac3d7ee,Haroon Mughal,Malta,3,3,8,37.5,1.0,0,0,9,lower_order,7.3,7.9,7.8,7.7,D,D,D,D,Utility Player,1.33,0.5,,,,,,,,,-0.64,0.0,,,2,,,,,,,,True
4e7d882f,A Beresford-Peirse,Croatia,7,84,122,68.85,12.0,3,2,2,top_order,7.3,3.8,16.7,11.2,D,D,D,C,Utility Player,9.29,0.53,,,,,,,,0.04,-0.57,0.09,,,3,,-1.76,0.11,0.62,,,,True
e85bb4b3,Fanyan Mughal,Malta,23,279,257,108.56,13.29,23,14,2,top_order,7.3,10.3,6.0,8.0,D,D,D,D,Utility Player,3.87,0.35,2.07,,2.07,0.24,-0.24,0.32,0.43,-0.34,-0.39,0.37,0.02,,4,,-1.19,0.2,0.67,0.3,Flat-Track Bully,0.29,False
f22d2247,KH Abe,Japan,21,260,215,120.93,13.68,16,13,5,upper_middle,7.3,23.8,4.6,10.1,D,D,C,D,Utility Player,4.05,0.4,,,,-0.63,0.63,0.54,0.91,0.44,-0.28,0.38,0.02,-0.08,8,0.17,-0.77,0.31,0.68,-0.18,Tough-Track Star,-0.14,False
915264c2,HN Ya France,Namibia,8,29,32,90.62,4.83,2,1,9,lower_order,7.3,12.7,3.2,6.6,D,D,D,D,Utility Player,2.12,0.53,,,,,,,,-0.09,-0.59,0.13,,,2,,-4.05,0.0,1.0,,,,True
af42d9f2,K Thuchila,Malawi,6,2,11,18.18,0.4,0,0,11,tail,7.3,5.6,1.8,4.5,D,D,D,D,Utility Player,1.17,0.64,,,,,,,,-0.18,-0.82,0.03,,,4,,,,,,,,True
5335c5a7,M Vaik,Estonia,10,58,106,54.72,7.25,1,0,8,lower_order,7.3,2.4,27.1,15.4,C,D,D,C,Utility Player,9.6,0.91,,,,,,0.03,-0.02,-0.33,-0.41,0.43,0.04,,4,,-2.35,0.12,0.66,0.02,Conditions-Proof,0.04,False
ac166f77,S Shrivastava,Oman,7,48,55,87.27,24.0,4,1,9,lower_order,7.3,13.4,64.9,36.1,C+,D,D,B+,Utility Player,6.29,0.8,,,,,,,,-0.13,-0.48,0.96,,,4,,0.15,0.33,0.48,,,,True
b6a85ead,Vimal Kumar,Philippines,2,18,36,50.0,18.0,0,0,6,lower_middle,7.3,3.4,44.1,23.9,C,D,D,C+,Utility Player,18.0,1.0,,,,,,,,,-0.58,0.39,,,2,,-1.96,0.0,0.48,,,,True
2494ff9e,D Ajekun,Nigeria,32,379,511,74.17,12.63,32,2,2,top_order,7.3,2.8,14.0,10.1,D,D,D,D,Utility Player,5.34,0.33,,,,0.08,-0.08,0.28,1.46,-0.16,-0.24,0.44,0.01,-0.46,13,-0.29,-1.47,0.03,0.73,-0.05,Conditions-Proof,,False
ecdfdd3c,C Bogdanos,Greece,5,95,121,78.51,23.75,5,0,6,lower_middle,7.3,1.5,49.0,26.6,C,D,D,B,Utility Player,20.0,0.83,,,,,,,,,-0.34,0.76,,,5,-0.32,-1.42,0.0,0.68,,,,True
d5ca4759,Zou Kui,China,4,12,24,50.0,4.0,0,0,9,lower_order,7.3,6.9,4.5,6.0,D,D,D,D,Utility Player,6.0,1.0,,,,,,,,,-0.71,0.0,,,3,,-1.8,0.0,1.0,,,,True
62318525,P Thongsa,Thailand,20,130,186,69.89,10.83,5,0,9,lower_order,7.3,8.4,43.0,24.0,C,D,D,C+,Utility Player,3.6,0.39,,,,-0.07,0.07,0.12,0.21,-0.01,-0.35,0.89,0.04,-0.15,7,-0.09,-1.49,0.19,0.69,-0.22,Conditions-Proof,,False
d77ddc9f,JQK Moala,Fiji,4,9,21,42.86,2.25,0,0,10,tail,7.3,8.2,6.9,7.3,D,D,D,D,Utility Player,2.75,0.52,,,,,,,,,-0.72,0.0,,,4,,-3.22,0.0,1.0,,,,True
1e3da0b7,VRCF Poubel,Brazil,2,0,3,0.0,0.0,0,0,7,lower_middle,7.2,9.2,1.8,5.2,D,D,D,D,Utility Player,1.5,1.0,,,,,,,,,-1.19,0.0,,,2,,,,,,,,True
de72e7c9,A Mucyodusenge,Rwanda,3,11,24,45.83,3.67,1,0,3,top_order,7.2,7.3,4.5,6.0,D,D,D,D,Utility Player,7.0,0.88,,,,,,,,,-0.69,0.0,,,1,,-2.39,0.0,0.29,,,,True
7ad1417c,B Vakatini,Cook Islands,3,5,9,55.56,1.67,0,0,8,lower_order,7.2,9.6,2.8,5.7,D,D,D,D,Utility Player,3.0,1.0,,,,,,,,,-0.97,0.0,,,3,,,,,,,,True
096601c5,DKJ Claude,Ivory Coast,5,10,32,31.25,2.0,1,0,8,lower_order,7.2,11.5,1.1,5.3,D,D,D,D,Utility Player,3.0,0.47,,,,,,,,,-0.73,0.08,,,5,-0.65,-3.55,0.0,1.0,,,,True
8a22e5f0,M Badenhorst,Botswana,3,7,19,36.84,3.5,0,0,8,lower_order,7.2,9.2,11.0,9.3,D,D,D,D,Utility Player,6.33,1.0,,,,,,,,,-0.83,0.0,,,3,,,,,,,,True
02789d88,Shamsur Rahman,Bangladesh,8,86,85,101.18,10.75,12,1,2,top_order,7.2,11.8,4.3,7.1,D,D,D,D,Utility Player,8.25,0.78,1.08,,1.08,,,,,0.39,-0.5,0.06,,,2,,-0.82,0.25,0.57,,,,True
cda3625c,D Rawat,Costa Rica,8,96,98,97.96,13.71,14,0,2,top_order,7.2,19.6,16.7,14.5,D,D,C,C,Utility Player,2.25,0.18,,,,,,,,,-0.29,0.32,,,2,,-1.47,0.0,0.62,,,,True
4e6bc859,E Kuyumcu,Turkey,3,17,47,36.17,5.67,1,0,1,top_order,7.2,10.0,3.0,5.9,D,D,D,D,Utility Player,15.33,0.98,,,,,,,,,-0.78,0.0,,,3,,-1.83,0.0,0.56,,,,True
96fd40ae,A Nehra,India,5,28,39,71.79,5.6,1,2,10,tail,7.1,17.4,8.9,10.1,D,D,C,D,Utility Player,6.4,0.82,,,,,,,,,-0.74,0.08,,,4,,-1.55,0.0,1.0,,,,True
f8bd71c9,Atif Kamal,Luxembourg,5,23,28,82.14,5.75,1,1,7,lower_middle,7.1,14.4,8.1,9.1,D,D,D,D,Utility Player,3.0,0.54,,,,,,,,,-0.39,0.09,,,5,-0.37,,,,,,,True
61650adb,YI Kachhalia,Panama,7,35,55,63.64,5.0,3,0,1,top_order,7.1,3.4,2.2,4.2,D,D,D,D,Utility Player,4.14,0.53,,,,,,,,0.11,-0.48,0.03,,,7,-0.41,-2.23,0.0,0.29,,,,True
ab126ea8,JE Pitcher,Bermuda,3,10,19,52.63,10.0,0,0,6,lower_middle,7.1,9.7,38.5,21.9,C,D,D,C+,Utility Player,2.33,0.37,,,,,,,,,-0.6,0.46,,,1,,,,,,,,True
0939c670,MA Ouma,Kenya,11,59,76,77.63,5.9,9,0,1,top_order,7.1,8.9,0.6,4.7,D,D,D,D,Utility Player,4.36,0.63,,,,,,0.16,0.18,0.85,-0.36,0.13,0.01,0.34,6,0.16,-1.61,0.0,0.54,-0.56,Tough-Track Star,-0.37,False
88251c6c,Asrar Ahmed,Greece,3,62,67,92.54,62.0,8,1,7,lower_middle,7.1,16.6,48.1,32.5,C+,D,C,B,Utility Player,12.0,0.54,,,,,,,,,-0.45,1.23,,,0,,-0.7,0.25,0.55,,,,True
9f308dfc,JP Kotze,Namibia,45,855,712,120.08,21.38,85,40,1,top_order,7.1,63.4,53.0,40.9,C+,D,B+,B,Utility Player,5.98,0.38,1.21,1.33,1.25,0.03,-0.03,0.65,2.3,0.24,-0.24,1.26,0.03,-1.29,16,-0.18,-0.84,0.28,0.78,-0.09,Conditions-Proof,-0.03,False
9f3f532a,Azeem Nazir,Switzerland,2,36,42,85.71,18.0,5,0,6,lower_middle,7.1,16.3,24.7,17.7,C,D,C,C,Utility Player,4.0,0.19,,,,,,,,,-0.57,0.13,,,2,,-1.58,0.0,0.51,,,,True
c8a18d94,C Hauptfleisch,Cayman Islands,5,69,85,81.18,13.8,4,2,1,top_order,7.1,8.9,14.1,11.1,D,D,D,D,Utility Player,11.4,0.67,0.82,,0.82,,,,,,-0.51,0.0,,,5,-0.47,-1.79,0.1,0.72,,,,True
22bdbba3,M Bhatia,Singapore,3,5,12,41.67,1.67,0,0,3,top_order,7.0,5.0,6.3,6.3,D,D,D,D,Utility Player,4.0,1.0,,,,,,,,,-0.69,0.0,,,1,,,,,,,,True
8c3cbee9,Imran Ahmed Kaneez,Costa Rica,4,8,24,33.33,2.67,0,0,11,tail,7.0,7.4,4.9,6.2,D,D,D,D,Utility Player,5.25,0.88,,,,,,,,,-0.76,0.0,,,1,,-2.23,0.0,0.29,,,,True
6b96bebf,C Zavoiu,Romania,6,19,33,57.58,4.75,1,0,11,tail,7.0,4.7,5.2,5.8,D,D,D,D,Utility Player,3.83,0.7,,,,,,,,,-0.73,0.04,,,2,,-2.55,0.0,1.0,,,,True
b5dcec37,TKP Rajapaksha,Seychelles,9,88,118,74.58,9.78,10,0,2,top_order,7.0,7.5,6.4,7.1,D,D,D,D,Utility Player,8.33,0.64,2.15,,2.15,,,,,0.06,-0.54,0.08,,-0.43,8,-0.78,-1.71,0.0,0.68,,,,True
96013995,DJ Turkich,Croatia,9,91,113,80.53,10.11,9,1,4,upper_middle,7.0,8.9,8.1,8.2,D,D,D,D,Utility Player,2.78,0.22,,,,,,,,0.38,-0.35,0.12,,,9,-0.34,-1.38,0.11,0.69,,,,True
552518ea,Ashish Gupta,Indonesia,4,24,35,68.57,6.0,1,2,3,top_order,7.0,12.8,5.1,7.4,D,D,D,D,Utility Player,6.75,0.77,,,,,,,,,-0.51,0.03,,,1,,-2.59,0.0,0.46,,,,True
40aea524,Abdul Wahid,Saudi Arabia,10,170,131,129.77,21.25,13,8,6,lower_middle,7.0,47.1,54.7,37.9,C+,D,B,B,Utility Player,4.6,0.35,1.8,,1.8,,,0.62,0.45,0.05,-0.32,0.97,0.1,0.81,9,0.79,-1.12,0.33,0.69,0.01,Conditions-Proof,0.01,False
bfc7799f,E Kubwimana,Rwanda,15,35,62,56.45,3.5,2,0,11,tail,7.0,2.9,6.8,6.2,D,D,D,D,Utility Player,2.67,0.65,,,,-0.42,0.42,0.1,0.27,0.15,-0.49,0.34,0.02,-0.95,8,-0.6,-1.78,0.33,0.47,0.07,Conditions-Proof,-0.19,False
6709b2de,Musa Shaheen,Denmark,17,200,200,100.0,12.5,10,8,5,upper_middle,6.9,13.1,30.8,19.4,C,D,D,C+,Utility Player,4.12,0.35,0.67,,0.67,0.07,-0.07,0.16,0.38,0.21,-0.28,0.56,0.03,-0.67,10,-0.5,-0.92,0.27,0.68,0.18,Flat-Track Bully,0.23,False
dad64776,MV Matsau,Lesotho,8,6,20,30.0,1.5,0,0,11,tail,6.9,5.1,1.8,4.3,D,D,D,D,Utility Player,1.5,0.6,,,,,,,,-0.25,-0.78,0.08,,,8,-0.66,-4.47,0.0,1.0,,,,True
17aa4f1d,Aaron Jones,United States of America,42,767,670,114.48,22.56,40,39,4,upper_middle,6.9,22.8,67.6,39.4,C+,D,C,B+,Utility Player,5.75,0.36,0.95,,0.95,0.03,-0.03,0.46,0.79,0.11,-0.29,1.14,0.03,0.66,22,0.05,-0.93,0.2,0.8,-0.14,Conditions-Proof,-0.1,False
a82e0db7,FFZ Nhaduate,Mozambique,4,18,35,51.43,6.0,1,0,6,lower_middle,6.9,6.9,3.7,5.5,D,D,D,D,Utility Player,4.75,0.54,,,,,,,,,-0.69,0.0,,,4,,-1.35,0.0,0.29,,,,True
a4696d64,Jakob Gul,Bulgaria,9,70,63,111.11,7.78,4,4,7,lower_middle,6.9,15.1,6.3,8.5,D,D,C,D,Utility Player,2.11,0.3,,,,,,,,-0.28,-0.33,0.21,,,3,,-2.53,0.0,0.29,,,,True
2f949d55,A Daxini,Croatia,3,11,22,50.0,3.67,1,0,5,upper_middle,6.9,8.7,4.2,6.1,D,D,D,D,Utility Player,5.67,0.77,,,,,,,,,-0.53,0.0,,,1,,,,,,,,True
8f02f6a8,J Mosca,Italy,23,483,341,141.64,24.15,54,16,1,top_order,6.9,53.7,55.1,40.0,C+,D,B,B,Utility Player,5.13,0.35,0.87,,0.87,-0.19,0.19,0.81,2.78,0.47,-0.3,1.03,0.04,0.73,19,-0.01,-0.13,0.45,0.78,-0.2,Tough-Track Star,-0.23,False
98e4af63,J Danikula,Croatia,5,39,68,57.35,7.8,3,0,1,top_order,6.8,4.6,2.9,4.8,D,D,D,D,Utility Player,0.4,0.03,,,,,,,,,-0.65,0.0,,,2,,-1.91,0.0,0.52,,,,True
ad1730bc,Ariful Haque,Bangladesh,7,54,58,93.1,13.5,4,0,7,lower_middle,6.8,4.6,42.8,23.0,C,D,D,C+,Utility Player,6.57,0.79,,,,,,,,-0.28,-0.46,0.34,,,2,,-1.28,0.0,0.48,,,,True
7a25958c,Huang Junjie,China,5,34,81,41.98,6.8,3,0,2,top_order,6.8,7.2,3.6,5.6,D,D,D,D,Utility Player,15.0,0.93,,,,,,,,,-0.59,0.0,,,4,,-2.15,0.0,0.69,,,,True
82c78845,Khurram Manzoor,Pakistan,3,11,27,40.74,3.67,1,0,3,top_order,6.8,8.0,4.8,6.2,D,D,D,D,Utility Player,6.0,0.67,,,,,,,,,-0.7,0.0,,,0,,-2.16,0.0,0.48,,,,True
91cc319d,Ma Qiancheng,China,6,3,31,9.68,0.75,0,0,10,tail,6.8,7.0,1.1,4.3,D,D,D,D,Utility Player,5.17,1.0,,,,,,,,-0.62,-0.89,0.05,,-0.13,5,-0.23,-3.42,0.0,0.29,,,,True
04cf2e94,A Morris,Cayman Islands,12,30,67,44.78,7.5,2,0,10,tail,6.8,7.9,35.5,20.1,C,D,D,C+,Utility Player,5.25,0.94,,,,-0.04,0.04,-0.04,-0.02,0.24,-0.59,0.66,0.06,,12,-0.56,-1.85,0.0,0.63,-0.31,Tough-Track Star,,False
773cec26,JN Mohammed,West Indies,6,49,62,79.03,9.8,6,0,4,upper_middle,6.8,11.8,11.1,10.0,D,D,D,D,Utility Player,8.33,0.81,,,,,,,,,-0.57,0.03,,,3,,-2.48,0.0,0.29,,,,True
de7d833e,D Madushanka,Sri Lanka,4,1,7,14.29,0.25,0,0,11,tail,6.8,8.6,2.4,5.2,D,D,D,D,Utility Player,1.75,1.0,,,,,,,,,-0.91,0.0,,,3,,,,,,,,True
69e53eb3,F Stoman,Portugal,14,128,169,75.74,11.64,5,4,8,lower_order,6.8,9.9,19.4,13.5,D,D,D,C,Utility Player,8.0,0.66,,,,,,0.08,0.21,0.19,-0.53,0.5,0.04,-0.47,8,-0.41,-1.58,0.2,0.65,-0.25,Tough-Track Star,-0.66,False
85dcc96d,N Wijesekera,Austria,8,64,84,76.19,10.67,4,1,3,top_order,6.8,1.9,12.7,8.8,D,D,D,D,Utility Player,4.88,0.46,,,,,,,,-0.54,-0.42,0.09,,,2,,-1.53,0.0,0.61,,,,True
456884dd,LJ Leokaoke,Lesotho,3,10,30,33.33,3.33,0,0,3,top_order,6.8,5.3,3.5,5.0,D,D,D,D,Utility Player,8.33,0.83,,,,,,,,,-0.83,0.0,,,3,,-3.74,0.0,1.0,,,,True
f49935eb,BF Mailata,Samoa,9,145,153,94.77,16.11,9,9,3,top_order,6.7,17.4,17.3,14.4,D,D,C,C,Utility Player,6.78,0.4,,,,,,,,0.36,-0.39,0.21,,-1.23,8,-0.55,-1.3,0.13,0.74,,,,True
5fe3709e,G Bakiweyem,Ghana,19,108,133,81.2,8.31,4,0,8,lower_order,6.7,3.3,22.3,13.3,D,D,D,C,Utility Player,2.1,0.3,,,,0.04,-0.04,0.15,0.58,0.33,-0.36,0.53,0.03,-0.05,11,-0.16,-1.6,0.0,0.65,-0.18,Tough-Track Star,-0.24,False
4e31ea36,Kristan Tillett,Belize,3,8,19,42.11,4.0,0,0,4,upper_middle,6.7,6.1,8.5,7.4,D,D,D,D,Utility Player,6.33,1.0,,,,,,,,,-0.65,0.0,,,3,,,,,,,,True
0e102c3b,BAA Zammitt,Gibraltar,3,10,25,40.0,3.33,0,0,1,top_order,6.7,5.8,4.5,5.6,D,D,D,D,Utility Player,3.67,0.44,,,,,,,,,-0.75,0.0,,,1,,-2.79,0.0,0.29,,,,True
8b3cf264,A Curavic,Croatia,3,5,20,25.0,1.67,0,0,9,lower_order,6.7,10.8,5.8,7.1,D,D,D,D,Utility Player,3.33,0.5,,,,,,,,,-0.8,0.0,,,0,,-3.63,0.0,1.0,,,,True
882fd091,MF Manjate,Mozambique,3,1,5,20.0,0.33,0,0,7,lower_middle,6.7,6.9,1.0,4.2,D,D,D,D,Utility Player,1.67,1.0,,,,,,,,,-0.96,0.0,,,2,,,,,,,,True
6005fe89,MH Oman,Slovenia,3,5,21,23.81,2.5,0,0,5,upper_middle,6.7,5.7,7.6,6.9,D,D,D,D,Utility Player,3.0,0.43,,,,,,,,,-0.68,0.0,,,3,,,,,,,,True
c520c3b9,Syed Naqvi,Italy,5,13,26,50.0,2.6,0,0,2,top_order,6.7,2.6,3.4,4.4,D,D,D,D,Utility Player,2.8,0.54,,,,,,,,,-0.55,0.0,,,4,,-2.87,0.0,1.0,,,,True
6d6f52fc,Guido Angeletti,Argentina,10,94,112,83.93,10.44,6,3,2,top_order,6.7,5.9,8.9,7.9,D,D,D,D,Utility Player,3.1,0.28,,,,,,0.49,0.71,0.11,-0.28,0.15,0.01,-0.81,7,-0.28,-1.95,0.12,0.7,-0.61,Tough-Track Star,,False
6d440f4b,Faizan Mumtaz,Norway,3,6,15,40.0,2.0,0,0,8,lower_order,6.7,8.5,6.4,6.9,D,D,D,D,Utility Player,3.33,0.67,,,,,,,,,-0.67,0.0,,,0,,,,,,,,True
305c9b8a,V Rathinasamy,Croatia,4,25,53,47.17,6.25,2,1,2,top_order,6.7,6.6,4.4,5.7,D,D,D,D,Utility Player,8.0,0.6,,,,,,,,,-0.71,0.0,,,2,,-2.29,0.0,0.57,,,,True
5d656f48,O Issouf,Ivory Coast,2,0,7,0.0,0.0,0,0,10,tail,6.7,11.6,5.6,7.2,D,D,D,D,Utility Player,3.5,1.0,,,,,,,,,-1.11,0.0,,,2,,,,,,,,True
14e1fdab,Amar Sharma,Malta,14,148,178,83.15,13.45,6,2,5,upper_middle,6.6,1.3,13.0,9.0,D,D,D,D,Utility Player,6.5,0.51,,,,,,0.18,0.31,0.1,-0.45,0.19,0.01,0.07,12,-0.02,-1.55,0.14,0.7,0.33,Flat-Track Bully,0.21,False
4167f30b,IG Holland,United States of America,3,47,52,90.38,23.5,4,0,6,lower_middle,6.6,2.8,41.5,23.1,C,D,D,C+,Utility Player,5.67,0.33,,,,,,,,,-0.46,0.32,,,3,,-0.67,0.0,0.5,,,,True
946d4d9a,Mohamed Shiyam,Maldives,4,37,54,68.52,18.5,4,0,6,lower_middle,6.6,24.2,40.6,26.3,C,D,C,C+,Utility Player,12.5,0.93,,,,,,,,,-0.58,0.41,,,4,,-1.01,0.33,0.43,,,,True
10a2a1ff,PG Fulton,New Zealand,12,127,140,90.71,11.55,7,6,3,top_order,6.6,11.1,3.2,6.4,D,D,D,D,Utility Player,6.25,0.54,,,,0.28,-0.28,0.11,0.72,0.05,-0.44,0.13,0.01,,2,,-1.98,0.0,0.7,-0.38,Tough-Track Star,-0.35,False
fe366f34,C Connolly,Australia,7,28,30,93.33,4.67,1,2,8,lower_order,6.6,12.8,1.7,5.7,D,D,D,D,Utility Player,2.71,0.63,,,,,,,,0.25,-0.6,0.08,,,2,,,,,,,,True
2090e94d,J Vira,Vanuatu,14,101,113,89.38,9.18,7,1,7,lower_middle,6.6,3.9,12.0,8.8,D,D,D,D,Utility Player,5.43,0.67,,,,-0.15,0.15,0.45,1.01,-0.41,-0.38,0.25,0.02,0.29,9,0.36,-1.72,0.0,0.66,0.14,Conditions-Proof,0.35,False
4fc115af,RJ Pierre,Rwanda,8,44,60,73.33,7.33,2,1,6,lower_middle,6.6,7.0,9.1,8.0,D,D,D,D,Utility Player,5.75,0.77,,,,,,,,0.0,-0.48,0.08,,,4,,-2.61,0.0,0.49,,,,True
b481216d,A Poulose,Oman,3,9,14,64.29,3.0,2,0,2,top_order,6.6,15.4,3.3,6.9,D,D,C,D,Utility Player,3.67,0.79,,,,,,,,,-0.74,0.03,,,0,,-0.3,0.0,1.0,,,,True
07160156,A Tripathi,Mexico,3,8,25,32.0,2.67,1,0,6,lower_middle,6.6,9.5,4.5,6.3,D,D,D,D,Utility Player,8.33,1.0,,,,,,,,,-0.74,0.0,,,1,,-1.69,0.0,1.0,,,,True
2f22325f,Ameer Saiyed,Botswana,10,154,170,90.59,15.4,14,2,1,top_order,6.6,5.3,32.5,18.7,C,D,D,C+,Utility Player,9.0,0.53,0.74,,0.74,,,0.38,0.8,0.0,-0.28,0.29,0.03,,2,,-1.38,0.06,0.74,-0.35,Tough-Track Star,,False
a2437e72,R Murugan,Croatia,3,1,7,14.29,0.5,0,0,9,lower_order,6.6,9.2,3.4,5.7,D,D,D,D,Utility Player,2.33,1.0,,,,,,,,,-0.95,0.0,,,2,,,,,,,,True
afb1e61d,Saurabh Kumar,South Korea,4,5,26,19.23,1.25,0,0,10,tail,6.6,7.1,4.0,5.5,D,D,D,D,Utility Player,5.25,0.81,,,,,,,,,-0.9,0.0,,,3,,-3.42,0.0,1.0,,,,True
b18d78f6,Ajhar Alam,Czech Republic,3,5,11,45.45,2.5,0,0,9,lower_order,6.5,8.0,10.1,8.4,D,D,D,D,Utility Player,3.67,1.0,,,,,,,,,-0.72,0.0,,,2,,,,,,,,True
a21d62c9,Prasad Anish,Cambodia,5,14,28,50.0,7.0,0,0,11,tail,6.5,6.1,35.5,19.6,C,D,D,C+,Utility Player,5.6,1.0,,,,,,,,,-0.78,0.52,,,1,,-1.18,0.0,0.29,,,,True
0cfb42b5,Abdul Majid Abbasi,Bahrain,20,47,88,53.41,5.88,1,1,11,tail,6.5,4.3,29.1,16.3,C,D,D,C,Utility Player,4.0,0.91,,,,-0.36,0.36,0.11,0.23,0.14,-0.46,0.71,0.04,0.2,8,0.16,-1.92,0.0,0.58,0.29,Flat-Track Bully,0.57,False
06b766f4,R Francis,St Helena,5,14,18,77.78,3.5,1,0,4,upper_middle,6.5,6.3,1.2,4.1,D,D,D,D,Utility Player,2.0,0.56,,,,,,,,,-0.67,0.0,,,5,-0.58,,,,,,,True
c9c2a7e8,FC Muniz,Brazil,3,9,26,34.62,4.5,0,0,9,lower_order,6.5,9.4,10.5,8.9,D,D,D,D,Utility Player,3.0,0.35,,,,,,,,,-0.92,0.0,,,1,,-2.49,0.0,0.29,,,,True
14e58d17,E Yaver,Turkey,3,17,20,85.0,5.67,2,0,6,lower_middle,6.5,7.6,3.7,5.5,D,D,D,D,Utility Player,6.67,1.0,,,,,,,,,-0.64,0.0,,,1,,-0.3,0.0,1.0,,,,True
c251b048,Luo Shilin,China,6,5,31,16.13,1.25,0,0,11,tail,6.5,7.2,1.9,4.6,D,D,D,D,Utility Player,5.17,1.0,,,,,,,,-0.65,-0.89,0.04,,-0.05,5,-0.1,-2.8,0.0,1.0,,,,True
54403333,N Salekar,Thailand,12,128,154,83.12,11.64,6,1,6,lower_middle,6.5,4.3,21.4,13.2,D,D,D,C,Utility Player,6.67,0.52,,,,-0.26,0.26,0.12,0.36,-0.36,-0.42,0.31,0.03,0.09,9,-0.01,-0.88,0.0,0.66,0.36,Flat-Track Bully,0.42,False
3e51db81,C Zhuwao,Zimbabwe,4,36,41,87.8,9.0,5,1,3,top_order,6.5,15.9,5.1,7.9,D,D,C,D,Utility Player,1.75,0.17,,,,,,,,,-0.64,0.02,,,1,,-1.55,0.33,0.42,,,,True
57ee1fde,YS Chahal,India,6,6,13,46.15,3.0,0,0,10,tail,6.5,6.7,19.9,12.6,D,D,D,C,Utility Player,2.0,0.92,,,,,,,,,-0.57,0.21,,,2,,,,,,,,True
b56dc5f7,BE Hendricks,South Africa,5,18,23,78.26,6.0,0,1,9,lower_order,6.5,9.9,7.0,7.5,D,D,D,D,Utility Player,3.8,0.83,,,,,,,,,-0.73,0.01,,,1,,-2.38,0.0,1.0,,,,True
5491a9ff,G Gune,Singapore,12,171,178,96.07,14.25,13,3,4,upper_middle,6.5,4.5,12.4,9.4,D,D,D,D,Utility Player,7.83,0.53,0.62,,0.62,0.18,-0.18,0.13,0.15,-0.14,-0.35,0.15,0.01,,4,,-0.8,0.33,0.68,-0.28,Tough-Track Star,-0.2,False
f4ccbe6f,K Namchaikul,Thailand,5,3,14,21.43,0.75,0,0,11,tail,6.5,8.9,3.9,5.8,D,D,D,D,Utility Player,2.4,0.86,,,,,,,,,-0.79,0.02,,,2,,,,,,,,True
324e5c36,Samarth Shetty,Sweden,4,26,39,66.67,6.5,2,1,4,upper_middle,6.4,11.2,3.3,6.1,D,D,D,D,Utility Player,5.0,0.51,,,,,,,,,-0.64,0.02,,,1,,-1.38,0.0,0.29,,,,True
e343abe9,NS Poonia,Scotland,5,94,103,91.26,23.5,3,1,3,top_order,6.4,0.8,71.3,36.1,C+,D,D,B+,Accumulator,15.4,0.75,,,,,,,,,-0.44,1.61,,,4,,-0.55,0.12,0.71,,,,True
c7acf05f,A Kainessie,Sierra Leone,11,153,159,96.23,13.91,16,2,1,top_order,6.4,11.9,20.0,14.2,D,D,D,C,Utility Player,5.36,0.37,,,,-0.13,0.13,0.49,0.7,-0.02,-0.21,0.34,0.03,0.76,6,-0.0,-1.21,0.18,0.71,0.27,Flat-Track Bully,,False
877ab296,Ahsan ul Haq,Kuwait,2,1,6,16.67,0.5,0,0,5,upper_middle,6.4,8.8,4.2,5.9,D,D,D,D,Utility Player,3.0,1.0,,,,,,,,,-0.91,0.0,,,0,,,,,,,,True
9c91218d,A Natubhai Ahir,Panama,20,257,273,94.14,12.85,17,12,5,upper_middle,6.4,18.4,6.4,9.4,D,D,C,D,Utility Player,5.25,0.38,1.06,,1.06,-0.01,0.01,0.44,0.85,-0.04,-0.26,0.37,0.02,-1.47,18,-0.51,-1.49,0.21,0.71,0.39,Flat-Track Bully,0.28,False
2f8a9682,RS Morton,West Indies,7,96,103,93.2,16.0,8,2,3,top_order,6.4,11.6,33.7,20.4,C,D,D,C+,Utility Player,11.57,0.79,,,,,,,,,-0.36,0.23,,,1,,-1.32,0.0,0.59,,,,True
7804d401,R Davson,Bahamas,10,112,158,70.89,11.2,9,2,6,lower_middle,6.4,7.3,15.7,11.1,D,D,D,C,Utility Player,8.0,0.51,,,,,,0.32,0.82,0.39,-0.37,0.25,0.02,0.33,9,-0.35,-1.91,0.08,0.71,-0.57,Tough-Track Star,,False
31865a5b,Gurdeep Singh,Kenya,9,167,176,94.89,18.56,18,3,1,top_order,6.4,7.9,45.4,25.3,C,D,D,B,Utility Player,2.89,0.15,0.83,,0.83,,,,,0.79,-0.35,0.45,,,4,,-1.52,0.09,0.68,,,,True
4fafd79a,TK Joseph,Ghana,23,147,164,89.63,7.35,7,5,8,lower_order,6.4,3.9,5.1,5.6,D,D,D,D,Utility Player,3.0,0.42,,,,-0.13,0.13,0.19,0.41,0.14,-0.39,0.38,0.02,0.15,12,-0.16,-1.48,0.0,0.66,0.11,Conditions-Proof,-0.57,False
71847f28,S Browne,Luxembourg,2,1,9,11.11,0.5,0,0,2,top_order,6.4,6.7,4.5,5.6,D,D,D,D,Utility Player,4.5,1.0,,,,,,,,,-0.92,0.0,,,1,,-6.13,0.0,1.0,,,,True
c8a3f688,SN Netravalkar,United States of America,10,42,47,89.36,7.0,2,1,10,tail,6.4,9.4,13.2,10.2,D,D,D,D,Utility Player,3.6,0.77,,,,0.14,-0.14,0.07,0.07,0.74,-0.58,0.32,0.03,0.44,8,0.72,,,,-0.17,Tough-Track Star,-0.08,False
8a9e3cd0,C Forbes,Swaziland,9,109,133,81.95,12.11,15,1,1,top_order,6.3,5.4,9.6,8.0,D,D,D,D,Utility Player,8.44,0.57,,,,,,,,0.02,-0.48,0.07,,,9,-0.46,-2.0,0.08,0.73,,,,True
ecdd8d60,Yasin Patel,Kuwait,29,253,287,88.15,15.81,10,8,8,lower_order,6.3,3.6,58.0,29.9,C,D,D,B,Utility Player,5.07,0.51,,,,-0.09,0.09,0.17,0.24,0.37,-0.4,1.02,0.04,0.03,16,0.15,-0.98,0.22,0.71,-0.26,Tough-Track Star,-0.22,False
e8c00c13,JDA Richardson,Bermuda,5,31,48,64.58,7.75,3,0,3,top_order,6.3,10.4,9.8,8.8,D,D,D,D,Utility Player,3.8,0.4,,,,,,,,,-0.54,0.02,,,2,,-1.47,0.0,0.5,,,,True
f17ac7d0,Muhammad Khan,Hong Kong,3,13,22,59.09,4.33,1,1,2,top_order,6.3,13.0,3.7,6.5,D,D,D,D,Utility Player,4.33,0.59,,,,,,,,,-0.73,0.0,,,0,,,,,,,,True
e553e27f,K Senamontree,Thailand,14,49,79,62.03,4.45,1,1,9,lower_order,6.3,6.6,4.3,5.6,D,D,D,D,Utility Player,3.57,0.63,,,,-0.39,0.39,0.08,0.21,-0.15,-0.5,0.24,0.02,-0.75,7,-0.65,-1.88,0.0,0.62,-0.35,Tough-Track Star,,False
cf17c429,Avi Dixit,Singapore,10,86,92,93.48,9.56,6,1,7,lower_middle,6.3,3.7,23.0,13.6,D,D,D,C,Utility Player,3.3,0.36,,,,,,0.15,0.12,0.15,-0.37,0.26,0.03,,4,,-1.51,0.25,0.58,-0.62,Tough-Track Star,-0.92,False
ae624b05,C Trott,Bermuda,4,5,12,41.67,2.5,0,0,8,lower_order,6.3,7.2,7.9,7.2,D,D,D,D,Utility Player,3.0,1.0,,,,,,,,,-0.76,0.0,,,4,,,,,,,,True
f4000a7d,SN Pathirana,Cyprus,10,51,81,62.96,8.5,0,1,9,lower_order,6.3,2.5,26.7,14.9,D,D,D,C,Utility Player,3.6,0.44,,,,,,-0.02,0.04,-0.01,-0.58,0.4,0.04,0.16,7,0.28,-1.75,0.0,0.55,0.57,Flat-Track Bully,0.27,False
df49ae91,Muzammil Shahzad,Philippines,3,2,16,12.5,0.67,0,0,9,lower_order,6.2,9.9,3.3,5.6,D,D,D,D,Utility Player,5.33,1.0,,,,,,,,,-0.88,0.0,,,3,,,,,,,,True
84dc72db,Junaid Siddique,United Arab Emirates,26,86,90,95.56,7.17,6,3,10,tail,6.2,8.7,19.7,13.0,D,D,D,C,Utility Player,1.92,0.56,,,,-0.41,0.41,0.25,1.42,-0.25,-0.46,0.72,0.03,-0.33,17,0.15,-2.09,0.0,0.5,0.24,Flat-Track Bully,0.67,False
85c56be8,C Chatphaisan,Thailand,51,673,651,103.38,14.02,61,21,2,top_order,6.2,14.3,3.5,7.6,D,D,D,D,Utility Player,4.51,0.35,0.52,,0.52,0.33,-0.33,0.55,1.61,0.12,-0.34,0.49,0.01,-0.42,12,-0.06,-1.25,0.2,0.8,0.17,Conditions-Proof,-0.02,False
8a3756a0,CR Suryawanshi,Singapore,2,4,6,66.67,2.0,0,0,5,upper_middle,6.2,7.0,10.8,8.4,D,D,D,D,Utility Player,3.0,1.0,,,,,,,,,-0.73,0.0,,,2,,,,,,,,True
c26cd57a,B Shikongo,Namibia,4,1,7,14.29,0.33,0,0,11,tail,6.2,8.7,3.2,5.4,D,D,D,D,Utility Player,0.75,0.43,,,,,,,,,-0.84,0.0,,,3,,,,,,,,True
21267b60,P Chin,Cayman Islands,4,38,55,69.09,9.5,1,0,8,lower_order,6.2,7.4,19.4,12.6,D,D,D,C,Utility Player,5.25,0.38,,,,,,,,,-0.73,0.12,,,4,,-1.27,0.25,0.59,,,,True
8ad3d034,AB Mengoumou,Cameroon,4,8,34,23.53,2.0,0,0,11,tail,6.2,6.6,1.9,4.4,D,D,D,D,Utility Player,8.5,1.0,,,,,,,,,-0.95,0.0,,,3,,-4.01,0.0,0.5,,,,True
c83ef4d6,Sandeep Goud,Bahamas,17,99,154,64.29,7.62,6,4,8,lower_order,6.2,21.4,6.3,9.5,D,D,C,D,Utility Player,6.12,0.68,,,,0.57,-0.57,0.29,0.38,-0.36,-0.43,0.43,0.03,0.64,15,0.51,-2.18,0.11,0.63,0.57,Flat-Track Bully,0.64,False
c872d657,DV Devjani Mutreja,Mexico,5,6,22,27.27,1.5,0,0,10,tail,6.2,6.6,2.4,4.6,D,D,D,D,Utility Player,4.4,1.0,,,,,,,,,-0.87,0.01,,,3,,-2.22,0.0,1.0,,,,True
eb0f2802,M Koli,Romania,12,121,109,111.01,17.29,10,2,7,lower_middle,6.2,2.6,39.7,21.4,C,D,D,C+,Utility Player,4.17,0.46,,,,-0.1,0.1,0.26,0.48,-0.29,-0.45,0.51,0.04,-0.5,7,-0.46,-0.78,0.2,0.6,0.18,Flat-Track Bully,0.6,False
1d1c6410,J West,Gibraltar,4,32,53,60.38,8.0,2,0,3,top_order,6.2,6.0,12.6,9.2,D,D,D,D,Utility Player,3.25,0.25,,,,,,,,,-0.48,0.0,,,0,,-1.62,0.0,0.54,,,,True
5471024e,JM Davison,Canada,2,0,4,0.0,0.0,0,0,2,top_order,6.2,7.6,3.6,5.3,D,D,D,D,Utility Player,2.0,1.0,,,,,,,,,-1.02,0.0,,,2,,,,,,,,True
52f96571,RJ Trott,Bermuda,7,30,56,53.57,7.5,3,0,10,tail,6.1,9.6,15.4,11.1,D,D,D,C,Utility Player,3.86,0.48,,,,,,,,-0.09,-0.7,0.22,,,7,-0.68,-2.63,0.0,0.29,,,,True
e77c9807,DK Pallekonda,Slovenia,9,30,42,71.43,4.29,4,0,9,lower_order,6.1,11.4,2.9,5.8,D,D,D,D,Utility Player,2.0,0.43,,,,,,,,0.31,-0.5,0.17,,0.06,7,0.03,,,,,,,True
10eef955,MJM Kavana,Cook Islands,4,27,53,50.94,6.75,1,0,6,lower_middle,6.1,7.3,6.1,6.5,D,D,D,D,Utility Player,10.5,0.79,,,,,,,,,-0.57,0.0,,,2,,-2.7,0.0,0.5,,,,True
a2ec22d2,A Mutreja,Singapore,8,141,106,133.02,17.62,9,8,5,upper_middle,6.1,39.5,10.2,15.5,C,D,C+,D,Utility Player,7.88,0.59,0.84,,0.84,,,,,-0.43,-0.5,0.22,,-1.93,6,-0.56,-0.66,0.29,0.64,,,,True
3cf5a041,VN Veetil,Qatar,4,56,55,101.82,28.0,2,3,7,lower_middle,6.1,27.6,51.2,33.1,C+,D,C,B,Utility Player,5.75,0.42,1.96,,1.96,,,,,,-0.5,0.7,,,0,,-0.34,0.25,0.56,,,,True
e9bdb79b,Sherul Mehta,Belgium,3,60,89,67.42,20.0,6,0,1,top_order,6.1,5.4,36.1,20.6,C,D,D,C+,Utility Player,25.67,0.87,,,,,,,,,-0.48,0.39,,,0,,-1.65,0.0,0.69,,,,True
63f306ac,Mudassir Iqbal,South Korea,9,94,104,90.38,11.75,4,4,5,upper_middle,6.1,11.1,8.1,8.4,D,D,D,D,Utility Player,5.22,0.45,1.33,,1.33,,,,,-0.04,-0.44,0.11,,,9,-0.38,-1.35,0.0,0.66,,,,True
c2a6e61f,S Grover,Czech Republic,16,142,131,108.4,10.92,13,4,6,lower_middle,6.1,7.9,5.7,6.7,D,D,D,D,Utility Player,4.25,0.52,0.62,,0.62,0.1,-0.1,0.3,0.74,0.41,-0.41,0.27,0.02,0.55,8,0.34,-0.73,0.33,0.66,-0.22,Tough-Track Star,-0.18,False
22ae4973,Zuhair Muhammad,Saudi Arabia,3,9,26,34.62,3.0,0,0,3,top_order,6.1,6.1,5.4,5.8,D,D,D,D,Utility Player,8.67,1.0,,,,,,,,,-0.76,0.0,,,0,,-3.74,0.0,1.0,,,,True
5edaa34d,B Dugic,Serbia,4,7,19,36.84,2.33,0,0,11,tail,6.1,7.4,8.0,7.2,D,D,D,D,Utility Player,4.0,0.84,,,,,,,,,-0.7,0.02,,,2,,,,,,,,True
725c73f2,H Rashid,Eswatini,10,99,116,85.34,12.38,9,3,5,upper_middle,6.0,9.8,17.2,12.2,D,D,D,C,Utility Player,4.64,0.4,,,,,,0.02,0.19,-0.21,-0.48,0.28,0.03,-0.18,7,-0.24,-1.33,0.11,0.68,-0.05,Conditions-Proof,0.07,False
68832922,Taher Muhammad,Slovenia,12,88,120,73.33,7.33,8,1,2,top_order,6.0,4.7,3.7,4.9,D,D,D,D,Utility Player,8.08,0.81,,,,-0.0,0.0,0.16,0.28,0.21,-0.36,0.11,0.01,-1.13,10,-0.42,-1.77,0.14,0.66,-0.03,Conditions-Proof,-0.14,False
5772882c,Amal Jacob,Hungary,11,45,67,67.16,11.25,3,0,10,tail,6.0,4.9,39.6,21.2,C,D,D,C+,Utility Player,4.0,0.66,,,,-0.11,0.11,-0.01,-0.0,0.22,-0.55,0.75,0.07,0.03,6,0.11,-0.72,0.0,0.29,-0.24,Tough-Track Star,-0.28,False
3559290a,E Ul Haq,Norway,9,70,109,64.22,7.78,6,1,2,top_order,6.0,4.2,1.8,3.9,D,D,D,D,Utility Player,8.89,0.73,,,,,,,,-0.08,-0.46,0.02,,,4,,-1.91,0.12,0.69,,,,True
9dbc77b3,Aaftab Alam Khan,Malta,21,241,194,124.23,15.06,20,9,6,lower_middle,6.0,18.7,17.7,14.6,D,D,C,C,Utility Player,2.24,0.24,2.01,,2.01,0.05,-0.05,0.13,0.22,0.23,-0.4,0.58,0.03,0.25,7,0.19,-0.97,0.22,0.68,-0.01,Conditions-Proof,-0.49,False
bd0a4a7d,CA Young,Ireland,22,73,100,73.0,6.64,5,2,10,tail,6.0,5.2,27.4,15.6,C,D,D,C,Utility Player,3.23,0.71,,,,-0.13,0.13,-0.02,0.09,0.21,-0.51,0.68,0.03,-0.18,14,-0.27,-1.5,0.0,0.59,-0.16,Tough-Track Star,-0.15,False
a9fd6ca3,Rahman Ademi,Serbia,3,2,12,16.67,0.67,0,0,9,lower_order,6.0,7.4,2.9,4.9,D,D,D,D,Utility Player,4.0,1.0,,,,,,,,,-0.88,0.0,,,0,,,,,,,,True
e28327c6,H Pragji,Botswana,4,38,65,58.46,12.67,1,0,3,top_order,6.0,4.0,26.1,15.0,C,D,D,C,Utility Player,13.75,0.85,,,,,,,,,-0.63,0.12,,,3,,-1.85,0.17,0.66,,,,True
e21ef7ec,Ronald Ebanks,Cayman Islands,3,2,6,33.33,0.67,0,0,9,lower_order,6.0,8.4,3.8,5.5,D,D,D,D,Utility Player,2.0,1.0,,,,,,,,,-0.97,0.0,,,3,,,,,,,,True
c10a581f,CR Richards,St Helena,5,12,19,63.16,3.0,0,0,6,lower_middle,6.0,4.9,3.2,4.6,D,D,D,D,Utility Player,3.0,0.79,,,,,,,,,-0.57,0.0,,,5,-0.5,-3.42,0.0,1.0,,,,True
ee572df8,ASH Parsons,South Korea,4,16,44,36.36,4.0,0,0,5,upper_middle,5.9,2.7,4.5,4.7,D,D,D,D,Utility Player,11.0,1.0,,,,,,,,,-0.69,0.0,,,3,,-1.99,0.0,0.29,,,,True
02b078b1,P Malav,Luxembourg,8,29,44,65.91,4.14,2,0,9,lower_order,5.9,10.1,6.4,7.0,D,D,D,D,Utility Player,4.5,0.82,,,,,,,,-0.41,-0.54,0.15,,-0.36,5,-0.22,-3.53,0.0,0.29,,,,True
b3f47a20,S Natsagdorj,Mongolia,4,15,59,25.42,3.75,0,0,2,top_order,5.9,3.7,4.2,4.7,D,D,D,D,Utility Player,14.25,0.97,,,,,,,,,-0.71,0.0,,,4,,-2.39,0.0,0.59,,,,True
3b107df5,ME Leoela,Lesotho,7,24,41,58.54,4.8,1,0,10,tail,5.9,10.5,7.6,7.7,D,D,D,D,Utility Player,3.57,0.61,,,,,,,,-0.1,-0.72,0.2,,,7,-0.6,-0.97,0.0,1.0,,,,True
98d05440,B Regmi,Nepal,8,21,53,39.62,3.0,2,0,9,lower_order,5.9,8.5,2.0,4.7,D,D,D,D,Utility Player,4.0,0.6,,,,,,,,0.72,-0.62,0.08,,-0.05,7,-0.18,-2.08,0.0,0.49,,,,True
44e00a4c,N Senamontree,Thailand,30,137,223,61.43,8.56,3,0,9,lower_order,5.9,0.8,44.2,22.4,C,D,D,C+,Utility Player,4.47,0.6,,,,0.12,-0.12,0.19,0.31,0.22,-0.3,0.82,0.03,-0.48,14,0.02,-2.12,0.0,0.71,-0.45,Tough-Track Star,,False
85d8110a,KJ Coetzer,Scotland,52,1210,956,126.57,23.73,128,43,2,top_order,5.9,64.3,63.3,45.9,B,D,B+,B+,Utility Player,5.87,0.32,0.88,,0.88,0.25,-0.25,0.66,2.54,0.08,-0.33,1.24,0.02,0.19,22,0.19,-0.83,0.22,0.8,0.14,Conditions-Proof,0.12,False
df3438ae,TW Samuels,Belize,5,32,43,74.42,8.0,2,0,4,upper_middle,5.9,5.4,9.3,7.5,D,D,D,D,Utility Player,7.6,0.88,,,,,,,,,-0.58,0.0,,,5,-0.56,-2.05,0.0,1.0,,,,True
9eb1455b,NT Ellis,Australia,11,39,61,63.93,7.8,2,1,9,lower_order,5.9,8.4,16.0,11.1,D,D,D,C,Utility Player,5.36,0.97,,,,,,-0.06,0.11,0.08,-0.57,0.27,0.02,0.32,6,0.28,-1.61,0.0,1.0,-0.25,Conditions-Proof,0.03,False
244009ae,Irfan Hafejee,Panama,16,270,323,83.59,18.0,28,4,4,upper_middle,5.8,10.8,22.7,15.5,C,D,D,C,Utility Player,12.88,0.64,,,,0.07,-0.07,0.46,0.95,-0.2,-0.37,0.43,0.03,-2.95,15,-0.77,-1.48,0.04,0.73,-0.07,Conditions-Proof,-0.22,False
a671e99e,D Berthe,Mali,2,0,3,0.0,0.0,0,0,7,lower_middle,5.8,7.8,2.1,4.5,D,D,D,D,Utility Player,1.5,1.0,,,,,,,,,-1.27,0.0,,,2,,,,,,,,True
23eedcd3,Shahbaz Badar,Bahrain,10,81,89,91.01,9.0,6,1,4,upper_middle,5.8,3.3,0.9,3.3,D,D,D,D,Utility Player,3.9,0.44,1.1,,1.1,-0.07,0.07,0.11,0.3,-0.45,-0.57,0.02,0.0,-0.15,7,-0.03,-0.95,0.25,0.56,-0.25,Tough-Track Star,-0.22,False
7636b587,D Muhumuza,Uganda,18,247,248,99.6,20.58,19,9,4,upper_middle,5.8,43.0,50.8,34.8,C+,D,C+,B,Utility Player,5.11,0.37,1.8,,1.8,-0.36,0.36,0.42,1.16,-0.32,-0.26,0.94,0.05,0.95,12,0.39,-1.33,0.0,0.69,-0.41,Tough-Track Star,-0.37,False
ad76746f,TCR Kimber,Guernsey,3,5,13,38.46,1.67,0,0,7,lower_middle,5.8,6.7,9.3,7.6,D,D,D,D,Utility Player,3.67,0.85,,,,,,,,,-0.73,0.0,,,3,,,,,,,,True
7eb7b47b,P Cabebula,Fiji,4,1,10,10.0,0.25,0,0,6,lower_middle,5.8,4.5,1.7,3.7,D,D,D,D,Utility Player,2.5,1.0,,,,,,,,,-0.8,0.0,,,4,,,,,,,,True
ffb3b559,JJ Nyambo,Tanzania,6,11,29,37.93,2.75,0,0,10,tail,5.8,6.9,12.1,8.9,D,D,D,D,Utility Player,4.83,1.0,,,,,,,,-0.6,-0.72,0.15,,,2,,,,,,,,True
1579d497,Ameel Mauroof,Maldives,13,77,120,64.17,8.56,3,1,6,lower_middle,5.8,3.0,19.5,11.6,D,D,D,C,Utility Player,3.69,0.4,,,,,,0.21,0.56,0.49,-0.31,0.28,0.02,-0.63,8,-0.49,-2.46,0.0,0.53,-0.59,Tough-Track Star,-0.59,False
dc53a969,Muhammet Kursat,Turkey,2,0,9,0.0,0.0,0,0,11,tail,5.8,9.2,7.2,7.1,D,D,D,D,Utility Player,4.5,1.0,,,,,,,,,-0.93,0.0,,,1,,,,,,,,True
3377f988,Y Jasti,Mexico,4,11,25,44.0,2.75,0,0,7,lower_middle,5.8,7.9,5.0,5.9,D,D,D,D,Utility Player,4.75,0.76,,,,,,,,,-0.67,0.0,,,4,,,,,,,,True
036b8660,BKB Corbin,Cayman Islands,14,175,144,121.53,14.58,18,11,5,upper_middle,5.8,40.3,2.3,11.8,D,D,C+,D,Utility Player,4.0,0.39,,,,-0.34,0.34,0.71,2.12,0.28,-0.42,0.38,0.03,1.07,13,0.65,-1.4,0.2,0.65,-0.32,Tough-Track Star,-0.24,False
f5932ad2,Zong Yuechao,China,6,16,40,40.0,3.2,2,0,9,lower_order,5.7,12.4,1.4,5.1,D,D,D,D,Utility Player,6.17,0.92,,,,,,,,-0.26,-0.5,0.09,,,6,-0.49,-2.63,0.0,0.29,,,,True
3924b2ee,NR Johns-Wickberg,Serbia,10,66,90,73.33,11.0,8,0,8,lower_order,5.7,8.3,30.2,17.6,C,D,D,C+,Utility Player,4.7,0.52,,,,,,0.05,0.06,0.32,-0.5,0.55,0.05,0.09,5,0.2,-0.4,0.33,0.47,-0.49,Tough-Track Star,-0.14,False
0d7e506a,V Marghashayam,Czech Republic,4,5,8,62.5,1.67,0,0,8,lower_order,5.7,5.5,1.9,4.0,D,D,D,D,Utility Player,2.0,1.0,,,,,,,,,-0.76,0.0,,,2,,,,,,,,True
a744d530,RV Viraj,Cambodia,4,30,52,57.69,7.5,5,0,2,top_order,5.7,7.1,5.8,6.2,D,D,D,D,Utility Player,3.0,0.23,,,,,,,,,-0.71,0.0,,,0,,-1.12,0.0,0.49,,,,True
b504e8b8,P Hatchman,Gibraltar,8,63,74,85.14,9.0,3,2,6,lower_middle,5.7,5.0,13.7,9.4,D,D,D,D,Utility Player,6.25,0.68,,,,,,,,-0.42,-0.38,0.15,,,2,,-2.05,0.0,1.0,,,,True
ec100ae6,SU Halarnkar,Costa Rica,2,0,4,0.0,0.0,0,0,8,lower_order,5.7,8.6,4.3,5.6,D,D,D,D,Utility Player,2.0,1.0,,,,,,,,,-1.0,0.0,,,0,,,,,,,,True
8a4e101e,Izaz Ali,Slovenia,11,107,96,111.46,9.73,8,5,5,upper_middle,5.7,8.3,0.7,4.3,D,D,D,D,Utility Player,4.18,0.48,,,,0.25,-0.25,0.28,0.39,0.15,-0.47,0.14,0.01,0.86,7,0.36,-0.57,0.4,0.56,-0.15,Tough-Track Star,-0.18,False
bf50e8de,Aslam Bera,Zambia,4,2,9,22.22,0.5,0,0,11,tail,5.7,8.2,3.8,5.4,D,D,D,D,Utility Player,2.25,1.0,,,,,,,,,-0.9,0.0,,,3,,,,,,,,True
8f75193e,Muhammad Zohaib,United Arab Emirates,13,270,263,102.66,22.5,27,6,1,top_order,5.7,2.6,55.7,29.2,C,D,D,B,Utility Player,6.77,0.33,1.62,,1.62,,,0.21,0.31,0.18,-0.32,0.51,0.04,,3,,-1.09,0.06,0.74,-0.11,Conditions-Proof,0.03,False
ea45f98b,I Mansaray,Sierra Leone,3,8,24,33.33,4.0,0,0,1,top_order,5.7,6.9,7.6,6.8,D,D,D,D,Utility Player,4.0,0.5,,,,,,,,,-0.73,0.0,,,1,,-2.23,0.0,0.29,,,,True
f80bd415,LKW Ezechiel,Ivory Coast,4,4,25,16.0,1.33,0,0,10,tail,5.7,6.8,1.8,4.2,D,D,D,D,Utility Player,3.25,0.52,,,,,,,,,-1.0,0.0,,,4,,-3.13,0.0,0.29,,,,True
648d060e,Aung Ko Ko,Myanmar,6,16,35,45.71,4.0,1,0,10,tail,5.6,7.7,7.2,6.8,D,D,D,D,Utility Player,5.17,0.89,,,,,,,,-0.16,-0.64,0.11,,,4,,-2.16,0.0,0.5,,,,True
7ae1aad9,S Williams,Sierra Leone,8,36,51,70.59,9.0,3,0,10,tail,5.6,12.7,27.0,16.8,C,D,D,C,Utility Player,4.12,0.65,,,,,,,,0.08,-0.71,0.48,,-0.57,7,-1.03,-0.88,0.33,0.46,,,,True
dc650363,FE Carava,Mozambique,5,29,63,46.03,5.8,1,0,8,lower_order,5.6,5.6,10.2,7.8,D,D,D,D,Utility Player,9.4,0.75,,,,,,,,,-0.6,0.03,,,5,-0.57,-2.22,0.0,0.65,,,,True
e4f6147b,N Advani,Gibraltar,4,4,13,30.77,1.33,0,0,10,tail,5.6,8.0,8.9,7.6,D,D,D,D,Utility Player,3.25,1.0,,,,,,,,,-0.71,0.03,,,2,,,,,,,,True
d8bee9a1,J Shaju,Malta,7,10,29,34.48,2.5,0,0,11,tail,5.6,5.0,8.2,6.7,D,D,D,D,Utility Player,1.86,0.45,,,,,,,,-0.05,-0.71,0.14,,0.16,5,0.25,-2.16,0.0,0.29,,,,True
b0ff13d6,PV Naringrekar,Costa Rica,4,5,10,50.0,1.67,0,0,8,lower_order,5.6,6.1,3.5,4.8,D,D,D,D,Utility Player,1.25,0.5,,,,,,,,,-0.7,0.0,,,1,,,,,,,,True
26f98ea3,DV Varghese,Bulgaria,8,40,55,72.73,8.0,2,0,9,lower_order,5.6,3.2,26.9,14.9,D,D,D,C,Utility Player,4.88,0.71,,,,,,,,0.27,-0.43,0.37,,,2,,-0.74,0.0,1.0,,,,True
da1f80f8,LJ Barker,Guernsey,6,57,70,81.43,9.5,7,0,1,top_order,5.6,4.4,13.2,9.0,D,D,D,D,Utility Player,4.33,0.37,,,,,,,,0.29,-0.57,0.03,,,4,,-1.48,0.0,0.55,,,,True
fef40097,W Miyauchi,Japan,25,408,401,101.75,20.4,36,3,3,top_order,5.6,0.5,53.6,27.6,C,D,D,B,Utility Player,6.32,0.39,1.7,,1.7,,,0.4,0.63,0.17,-0.29,0.79,0.03,0.37,9,0.12,-1.14,0.14,0.78,-0.17,Tough-Track Star,-0.29,False
8160713d,AW Hawkins-Kay,Jersey,8,63,82,76.83,10.5,2,0,6,lower_middle,5.5,2.9,36.3,19.1,C,D,D,C+,Utility Player,7.75,0.76,,,,,,,,0.25,-0.46,0.35,,,8,-0.41,-1.63,0.0,0.64,,,,True
d08fe309,TG Thamae,Lesotho,4,2,13,15.38,0.5,0,0,9,lower_order,5.5,7.3,0.9,3.8,D,D,D,D,Utility Player,1.5,0.46,,,,,,,,,-0.9,0.0,,,4,,,,,,,,True
98614193,IKO Aboagye,Ghana,4,16,37,43.24,4.0,0,0,5,upper_middle,5.5,4.5,9.3,7.1,D,D,D,D,Utility Player,5.5,0.59,,,,,,,,,-0.68,0.0,,,4,,-3.25,0.0,1.0,,,,True
78091b14,M Sidibe,Mali,3,5,21,23.81,1.67,1,0,7,lower_middle,5.5,17.2,1.9,6.2,D,D,C,D,Utility Player,6.0,0.86,,,,,,,,,-0.92,0.08,,,3,,-2.71,0.0,0.29,,,,True
a0a32dd1,Imran Khan,Portugal,5,57,48,118.75,14.25,5,3,2,top_order,5.5,30.4,8.5,12.3,D,D,C+,D,Utility Player,1.8,0.19,,,,,,,,,-0.47,0.15,,,2,,-0.3,0.25,0.57,,,,True
9c5c3408,Mongdara Sok,Cambodia,5,2,9,22.22,1.0,0,0,10,tail,5.5,6.8,5.6,5.8,D,D,D,D,Utility Player,1.6,0.89,,,,,,,,,-0.62,0.01,,,3,,,,,,,,True
268ec1d6,S Bogdos,Greece,3,5,21,23.81,1.67,0,0,5,upper_middle,5.5,6.2,2.5,4.3,D,D,D,D,Utility Player,6.0,0.86,,,,,,,,,-0.78,0.0,,,3,,,,,,,,True
a6631b55,Salvin Stanly,Cambodia,17,142,157,90.45,9.47,13,3,1,top_order,5.4,11.1,5.2,6.8,D,D,D,D,Utility Player,5.24,0.57,,,,-0.21,0.21,0.17,0.22,0.17,-0.34,0.24,0.01,-0.43,6,-0.24,-0.84,0.29,0.64,0.04,Conditions-Proof,-0.01,False
53984f75,N Tyagi,Czech Republic,3,6,17,35.29,3.0,0,0,8,lower_order,5.4,8.1,13.7,9.7,D,D,D,D,Utility Player,3.67,0.65,,,,,,,,,-0.69,0.04,,,1,,,,,,,,True
5b7ab5a9,CV Varun,India,9,3,15,20.0,1.0,0,0,9,lower_order,5.4,2.3,2.6,3.5,D,D,D,D,Utility Player,1.56,0.93,,,,,,,,-0.08,-0.73,0.01,,,3,,,,,,,,True
7bf39e5c,DE Burgess,Samoa,6,32,59,54.24,10.67,0,0,7,lower_middle,5.4,3.0,37.7,19.7,C,D,D,C+,Utility Player,8.0,0.81,,,,,,,,-0.33,-0.51,0.4,,,6,-0.51,-1.76,0.0,0.57,,,,True
e4ad57ea,Ahmad Khalid Ahmadzai,Belgium,3,2,11,18.18,0.67,0,0,8,lower_order,5.4,8.1,4.6,5.6,D,D,D,D,Utility Player,3.67,1.0,,,,,,,,,-0.8,0.0,,,3,,,,,,,,True
9de271ef,P Utseya,Zimbabwe,17,77,96,80.21,7.7,5,1,8,lower_order,5.4,9.1,28.7,16.8,C,D,D,C,Utility Player,3.35,0.59,,,,0.45,-0.45,0.12,0.0,-0.32,-0.44,0.54,0.03,0.45,8,0.43,0.14,0.67,0.47,0.33,Flat-Track Bully,0.13,False
ec201565,JD Newton,Croatia,4,32,51,62.75,8.0,2,1,3,top_order,5.4,18.2,4.6,7.8,D,D,C,D,Utility Player,12.75,1.0,,,,,,,,,-0.71,0.08,,,4,,-1.95,0.0,0.54,,,,True
762f43b7,ROC Dunka,Cayman Islands,15,122,131,93.13,9.38,5,4,7,lower_middle,5.4,6.7,9.7,7.9,D,D,D,D,Utility Player,3.93,0.45,,,,-0.08,0.08,0.27,0.76,0.39,-0.42,0.27,0.02,0.68,13,0.61,-1.64,0.38,0.59,-0.2,Tough-Track Star,-0.38,False
adb629f6,AL Kerai,Sierra Leone,8,76,123,61.79,10.86,2,2,5,upper_middle,5.4,3.4,4.5,4.9,D,D,D,D,Utility Player,8.5,0.55,,,,,,,,-0.41,-0.59,0.0,,0.34,5,0.38,-1.91,0.0,0.69,,,,True
08df0bd3,A Rangaswamy,Botswana,5,13,16,81.25,3.25,0,1,8,lower_order,5.3,11.4,3.7,5.8,D,D,D,D,Utility Player,0.6,0.19,,,,,,,,,-0.51,0.06,,,5,-0.45,,,,,,,True
f20e7aac,W Uisuk,Thailand,4,11,40,27.5,2.75,1,0,2,top_order,5.3,4.7,2.7,4.0,D,D,D,D,Utility Player,10.0,1.0,,,,,,,,,-0.72,0.0,,,0,,-3.63,0.0,0.29,,,,True
28c7d721,S Bhari,Nepal,4,1,6,16.67,1.0,0,0,10,tail,5.3,8.1,4.5,5.5,D,D,D,D,Utility Player,1.5,1.0,,,,,,,,,-0.94,0.0,,,2,,,,,,,,True
57c95c3c,LH Rodrigues,Brazil,12,165,212,77.83,16.5,11,1,2,top_order,5.3,3.4,32.9,18.2,C,D,D,C+,Utility Player,6.42,0.36,1.45,,1.45,,,0.18,0.2,0.1,-0.28,0.36,0.03,0.01,8,-0.05,-1.5,0.07,0.78,-0.2,Conditions-Proof,0.34,False
93f72fdc,AK Muslar,Belize,5,28,68,41.18,7.0,2,0,1,top_order,5.3,3.1,5.0,4.8,D,D,D,D,Utility Player,10.0,0.74,,,,,,,,,-0.65,0.0,,,5,-0.63,-2.18,0.0,0.54,,,,True
5ec41cd7,Jasdeep Singh,United States of America,13,91,98,92.86,7.58,2,5,8,lower_order,5.3,16.6,21.5,15.1,C,D,C,C,Utility Player,4.0,0.53,,,,0.25,-0.25,0.03,0.04,-0.21,-0.5,0.47,0.04,0.05,5,-0.01,-0.29,0.5,0.63,-0.32,Tough-Track Star,-0.2,False
0f88e2dc,Shafraz Jaleel,Maldives,2,0,2,0.0,0.0,0,0,3,top_order,5.3,7.0,2.2,4.2,D,D,D,D,Utility Player,1.0,1.0,,,,,,,,,-1.01,0.0,,,0,,,,,,,,True
d18b7f34,Fazil Rahman,Malta,5,7,16,43.75,2.33,1,0,10,tail,5.3,9.6,2.7,5.0,D,D,D,D,Utility Player,3.2,1.0,,,,,,,,,-0.84,0.04,,,4,,,,,,,,True
bf172ae6,Sufyan Mehmood,Oman,15,151,222,68.02,12.58,8,3,9,lower_order,5.3,4.3,53.5,27.3,C,D,D,B,Utility Player,11.93,0.81,,,,-0.27,0.27,0.05,0.08,-0.25,-0.47,0.78,0.05,-0.15,8,-0.25,-1.53,0.0,0.73,-0.04,Conditions-Proof,0.02,False
55a5cffb,A Ahmadhel,Bulgaria,4,8,24,33.33,2.0,1,0,7,lower_middle,5.2,6.7,1.2,3.7,D,D,D,D,Utility Player,4.5,0.75,,,,,,,,,-0.73,0.0,,,2,,-3.88,0.0,1.0,,,,True
467c28f9,C Hartmann,Isle of Man,17,208,197,105.58,17.33,11,9,4,upper_middle,5.2,4.8,9.1,7.8,D,D,D,D,Utility Player,5.35,0.46,,,,0.62,-0.62,0.47,1.44,-0.42,-0.31,0.2,0.01,-0.42,9,-0.01,-1.28,0.14,0.74,0.12,Conditions-Proof,-0.24,False
1021b6e5,J Rasu,Vanuatu,29,500,456,109.65,19.23,36,16,1,top_order,5.2,2.3,45.8,24.3,C,D,D,B,Utility Player,5.24,0.33,1.6,,1.6,0.26,-0.26,0.41,0.96,-0.23,-0.29,0.64,0.02,-0.18,22,-0.27,-1.09,0.1,0.81,0.12,Conditions-Proof,0.04,False
261d591a,Firas Hussain,Bulgaria,9,102,97,105.15,14.57,13,1,3,top_order,5.2,5.8,4.3,5.5,D,D,D,D,Utility Player,3.89,0.36,,,,,,,,-0.52,-0.47,0.02,,0.72,6,0.37,-1.01,0.0,0.57,,,,True
fa83d1b6,D Svilicic,Croatia,4,5,15,33.33,2.5,0,0,10,tail,5.2,8.8,7.8,7.1,D,D,D,D,Utility Player,1.25,0.33,,,,,,,,,-0.85,0.0,,,1,,,,,,,,True
9f2e1944,P Silas,Botswana,24,286,272,105.15,15.05,22,4,5,upper_middle,5.2,2.4,22.4,13.2,D,D,D,C,Utility Player,3.96,0.35,,,,-0.09,0.09,0.43,1.29,0.0,-0.36,0.38,0.02,-0.25,11,-0.1,-0.91,0.14,0.76,0.18,Conditions-Proof,-0.01,False
df1b4c8f,A Halbhavi,Luxembourg,16,191,180,106.11,11.94,25,3,2,top_order,5.2,18.1,3.7,7.6,D,D,C,D,Utility Player,3.75,0.33,0.94,,0.94,-0.0,0.0,0.25,0.71,-0.22,-0.43,0.26,0.02,-0.15,5,0.18,-1.5,0.09,0.67,-0.05,Conditions-Proof,-0.19,False
4c5a72e2,R Edwards,Cayman Islands,3,8,21,38.1,4.0,0,0,7,lower_middle,5.2,9.5,8.1,7.4,D,D,D,D,Utility Player,7.0,1.0,,,,,,,,,-0.94,0.0,,,2,,-1.73,0.0,1.0,,,,True
9c93c0a3,Y Saranonnakkun,Thailand,39,294,349,84.24,7.95,23,10,3,top_order,5.2,7.6,0.2,3.8,D,D,D,D,Utility Player,4.77,0.53,,,,-0.09,0.09,0.26,0.43,0.02,-0.35,0.34,0.01,0.26,14,0.11,-2.09,0.05,0.77,0.21,Flat-Track Bully,0.24,False
2d5c6e88,Yusuf Ebrahim,Panama,15,137,196,69.9,9.13,8,0,3,top_order,5.2,1.6,4.6,4.5,D,D,D,D,Utility Player,7.0,0.54,,,,-0.25,0.25,0.14,0.16,-0.23,-0.35,0.07,0.0,,15,-0.31,-2.0,0.0,0.74,0.03,Conditions-Proof,,False
e41dee27,W Maximo,Brazil,9,99,147,67.35,11.0,9,0,1,top_order,5.1,4.0,15.1,9.7,D,D,D,C,Utility Player,7.11,0.44,,,,,,,,-0.01,-0.43,0.12,,-0.21,8,-0.39,-1.44,0.1,0.71,,,,True
f0a45427,RM Koda,Indonesia,13,23,44,52.27,3.29,1,0,11,tail,5.1,4.5,14.3,9.2,D,D,D,D,Utility Player,2.0,0.59,,,,-0.4,0.4,-0.05,-0.05,-0.39,-0.59,0.46,0.04,-0.2,5,-0.31,,,,0.23,Conditions-Proof,-0.29,False
ae5a7eb5,Saud Islam,Uganda,19,452,426,106.1,26.59,43,9,1,top_order,5.1,7.3,56.6,31.2,C+,D,D,B,Utility Player,2.95,0.13,1.47,,1.47,-0.29,0.29,0.43,0.79,0.18,-0.25,0.85,0.04,0.46,14,0.12,-0.89,0.23,0.75,-0.29,Tough-Track Star,,False
fb59e5bc,Akash Babu,Qatar,3,2,6,33.33,0.67,0,0,2,top_order,5.1,4.9,1.6,3.5,D,D,D,D,Utility Player,1.0,0.5,,,,,,,,,-0.88,0.0,,,1,,,,,,,,True
14f96089,A Zampa,Australia,26,70,90,77.78,4.67,6,0,10,tail,5.1,5.3,9.2,7.1,D,D,D,D,Utility Player,2.19,0.63,,,,-0.18,0.18,0.11,0.35,0.05,-0.54,0.54,0.02,-0.17,14,-0.15,-1.68,0.0,0.29,0.01,Conditions-Proof,0.02,False
a6cbe67b,Rhys Burinaga,Philippines,12,66,87,75.86,6.6,1,1,6,lower_middle,5.1,1.6,8.5,6.1,D,D,D,D,Utility Player,4.5,0.62,,,,-0.03,0.03,0.17,0.3,0.29,-0.35,0.14,0.01,0.2,8,0.17,-2.35,0.0,0.56,-0.39,Tough-Track Star,,False
f915844b,Tarun Sharma,Slovenia,10,121,121,100.0,12.1,8,6,3,top_order,5.1,12.5,6.8,7.8,D,D,D,D,Utility Player,8.4,0.69,0.6,,0.6,-0.38,0.38,0.08,0.1,-0.28,-0.49,0.13,0.01,-0.15,6,-0.02,-1.29,0.29,0.62,0.31,Flat-Track Bully,0.28,False
09e86895,Pyae Phyo Wai,Myanmar,28,365,459,79.52,13.04,22,6,2,top_order,5.0,2.4,14.3,9.4,D,D,D,D,Utility Player,4.29,0.26,1.57,,1.57,-0.12,0.12,0.34,0.57,-0.16,-0.27,0.4,0.01,-0.81,14,-0.37,-1.62,0.03,0.74,0.14,Conditions-Proof,0.29,False
927b34c9,S Pillai,Costa Rica,7,96,130,73.85,13.71,13,0,4,upper_middle,5.0,23.3,11.2,12.0,D,D,C,D,Utility Player,12.71,0.68,0.45,,0.45,,,,,,-0.36,0.19,,,1,,-1.37,0.09,0.66,,,,True
ef4f539a,C Chete,Malawi,9,33,47,70.21,3.67,4,0,6,lower_middle,5.0,10.2,0.4,4.0,D,D,D,D,Utility Player,3.0,0.57,,,,,,,,-0.33,-0.53,0.12,,,4,,-1.23,0.0,0.29,,,,True
5d00cd6f,MT Diaby,Mali,5,23,38,60.53,4.6,3,0,1,top_order,5.0,5.8,2.4,4.1,D,D,D,D,Utility Player,3.2,0.42,,,,,,,,,-0.51,0.0,,,5,-0.49,-3.04,0.0,0.29,,,,True
04f0d409,S Pradhan,Bhutan,26,367,409,89.73,14.68,41,4,1,top_order,5.0,3.7,24.6,14.4,D,D,D,C,Utility Player,6.42,0.41,2.23,,2.23,-0.15,0.15,0.31,0.68,0.06,-0.26,0.49,0.02,-0.1,13,-0.09,-1.38,0.14,0.79,0.14,Conditions-Proof,,False
490f475a,RD Atangana,Cameroon,6,11,36,30.56,2.75,0,0,11,tail,5.0,5.8,5.7,5.5,D,D,D,D,Utility Player,5.17,0.86,,,,,,,,-0.26,-0.76,0.01,,,6,-0.62,-2.09,0.0,1.0,,,,True
af3042f1,P Suman Bhai Ahir,Panama,5,17,27,62.96,3.4,2,0,7,lower_middle,5.0,16.8,3.1,6.5,D,D,C,D,Utility Player,3.2,0.59,,,,,,,,,-0.66,0.12,,,4,,-1.57,0.0,0.29,,,,True
c7537f8a,TS Fray,Bermuda,35,559,614,91.04,18.03,45,8,1,top_order,5.0,0.3,52.1,26.6,C,D,D,B,Utility Player,4.94,0.28,1.3,,1.3,0.02,-0.02,0.42,1.33,0.1,-0.23,0.75,0.02,0.69,27,0.02,-1.27,0.14,0.77,-0.3,Tough-Track Star,-0.3,False
cae17490,Ali Hasan,Italy,4,10,15,66.67,3.33,0,1,11,tail,5.0,12.1,3.6,5.8,D,D,D,D,Utility Player,3.25,0.87,,,,,,,,,-0.82,0.01,,,3,,,,,,,,True
8c11c10a,DR Tawake,Fiji,6,59,79,74.68,9.83,5,0,2,top_order,5.0,3.4,7.5,6.1,D,D,D,D,Utility Player,6.17,0.47,,,,,,,,0.0,-0.52,0.0,,,6,-0.52,-1.54,0.0,0.6,,,,True
f43dd8c2,SM Sharif,Scotland,30,180,173,104.05,12.0,9,5,9,lower_order,5.0,7.0,46.3,24.5,C,D,D,B,Utility Player,3.97,0.69,,,,-0.26,0.26,0.4,1.01,0.13,-0.41,0.83,0.03,-0.41,16,-0.38,-0.89,0.5,0.59,-0.07,Conditions-Proof,0.08,False
66000a39,Md Shuayeb,Cambodia,3,6,31,19.35,3.0,0,0,9,lower_order,5.0,6.6,5.4,5.5,D,D,D,D,Utility Player,10.33,1.0,,,,,,,,,-0.91,0.0,,,1,,-3.19,0.0,0.49,,,,True
3df8f9d5,Vishil Patel,Kenya,7,15,42,35.71,5.0,0,0,10,tail,5.0,4.1,28.8,15.6,C,D,D,C,Utility Player,6.0,1.0,,,,,,,,0.12,-0.68,0.37,,-0.09,6,-0.16,,,,,,,True
84624717,D Ganesh,Costa Rica,8,58,79,73.42,9.67,5,2,5,upper_middle,4.9,9.1,1.8,4.6,D,D,D,D,Utility Player,7.88,0.8,,,,,,,,,-0.67,0.08,,,2,,-1.97,0.17,0.66,,,,True
d3893060,FJ Mpegna,Cameroon,8,23,41,56.1,3.83,2,1,9,lower_order,4.9,10.1,0.5,4.0,D,D,D,D,Utility Player,1.88,0.37,,,,,,,,-0.04,-0.52,0.1,,0.15,7,0.29,-1.85,0.0,0.29,,,,True
bbafa5d6,A Harris,Bahamas,11,25,36,69.44,4.17,0,2,10,tail,4.9,17.4,7.7,8.7,D,D,C,D,Utility Player,2.18,0.67,,,,,,0.24,0.34,0.09,-0.41,0.37,0.03,-0.92,9,-0.31,-2.01,0.0,1.0,-0.03,Conditions-Proof,-0.17,False
ff0b1636,Zeerak Chughtai,Bulgaria,16,191,204,93.63,17.36,14,5,8,lower_order,4.9,2.5,41.2,21.7,C,D,D,C+,Utility Player,7.0,0.55,,,,-0.05,0.05,0.13,0.21,-0.16,-0.39,0.69,0.04,-0.05,6,-0.07,-1.01,0.15,0.75,0.06,Conditions-Proof,0.19,False
22bd731a,DG Brownlie,New Zealand,5,6,18,33.33,1.2,1,0,3,top_order,4.9,5.2,0.3,2.9,D,D,D,D,Utility Player,3.6,1.0,,,,,,,,,-0.8,0.0,,,3,,,,,,,,True
a768a762,AA Gajic,Serbia,6,18,37,48.65,9.0,1,0,10,tail,4.9,7.0,20.7,12.6,D,D,D,C,Utility Player,2.5,0.41,,,,,,,,0.35,-0.68,0.28,,,4,,-1.42,0.0,0.29,,,,True
b8f10b60,HJ Jordaan,Thailand,8,166,210,79.05,23.71,10,4,3,top_order,4.9,16.4,54.4,31.2,C+,D,C,B,Utility Player,12.25,0.47,,,,,,,,0.04,-0.3,0.73,,,0,,-1.6,0.11,0.71,,,,True
375322d1,A Osei,Ghana,9,66,123,53.66,7.33,4,1,6,lower_middle,4.9,6.0,2.8,4.4,D,D,D,D,Utility Player,9.44,0.69,,,,,,,,0.83,-0.48,0.04,,0.21,5,0.42,-2.27,0.0,0.65,,,,True
bf2d865c,JJ Atkinson,Hong Kong,24,354,304,116.45,17.7,35,11,1,top_order,4.9,39.5,22.3,20.8,C,D,C+,C,Utility Player,3.79,0.3,2.1,,2.1,0.63,-0.63,0.59,0.9,0.41,-0.23,0.6,0.03,0.46,10,0.51,-0.87,0.25,0.76,-0.31,Tough-Track Star,-0.35,False
5473ec6f,Manish Sharma,Cambodia,4,20,55,36.36,5.0,3,0,2,top_order,4.8,8.7,4.1,5.3,D,D,D,D,Utility Player,13.75,1.0,,,,,,,,,-0.76,0.0,,,1,,-2.55,0.0,0.62,,,,True
52062ed6,Ali Muaaz,Greece,4,13,27,48.15,3.25,1,0,9,lower_order,4.8,11.5,4.0,5.8,D,D,D,D,Utility Player,6.75,1.0,,,,,,,,,-0.76,0.05,,,4,,-2.01,0.0,0.29,,,,True
3eb26dc4,S Desungnoen,Thailand,39,399,485,82.27,12.47,35,11,1,top_order,4.8,8.1,9.7,8.4,D,D,D,D,Utility Player,5.15,0.41,,,,0.01,-0.01,0.36,0.89,0.25,-0.26,0.5,0.01,-0.03,15,-0.01,-1.58,0.06,0.83,-0.02,Conditions-Proof,,False
b03db6fa,MJG Rippon,Netherlands,7,152,136,111.76,30.4,11,3,2,top_order,4.8,9.8,58.2,32.9,C+,D,D,B,Utility Player,5.0,0.26,0.26,,0.26,,,,,0.1,-0.3,0.65,,,3,,-1.0,0.3,0.64,,,,True
1087dd78,Mohamed Arief,Malaysia,14,237,193,122.8,21.55,26,5,5,upper_middle,4.8,46.3,42.6,31.6,C+,D,B,C+,Utility Player,4.57,0.33,2.04,,2.04,0.07,-0.07,0.42,1.14,0.21,-0.33,0.73,0.05,,4,,-0.94,0.27,0.71,-0.05,Conditions-Proof,-0.0,False
782fb776,LV van Beek,Netherlands,23,108,134,80.6,7.2,4,1,7,lower_middle,4.8,4.9,5.2,5.2,D,D,D,D,Utility Player,4.26,0.73,,,,-0.32,0.32,0.12,0.3,0.23,-0.37,0.26,0.01,-0.08,13,0.05,-0.92,0.33,0.43,-0.12,Conditions-Proof,-0.06,False
e4bc45e0,T Brown,Bahamas,4,18,57,31.58,4.5,0,0,5,upper_middle,4.8,5.0,2.5,3.9,D,D,D,D,Utility Player,9.0,0.63,,,,,,,,,-0.79,0.0,,,4,,-2.76,0.0,0.55,,,,True
cad11a02,W Boshoff,Sweden,13,175,213,82.16,13.46,11,2,1,top_order,4.8,2.0,15.1,9.5,D,D,D,C,Utility Player,6.38,0.39,,,,0.31,-0.31,0.08,0.12,-0.21,-0.39,0.18,0.01,,4,,-1.6,0.0,0.72,0.01,Conditions-Proof,,False
f3c217a9,Wang Liuyang,China,4,28,51,54.9,7.0,2,0,2,top_order,4.8,5.7,8.1,6.6,D,D,D,D,Utility Player,1.5,0.12,,,,,,,,,-0.54,0.0,,,4,,-2.17,0.0,1.0,,,,True
53419aff,J Ghadiyali,Swaziland,5,59,76,77.63,11.8,6,0,4,upper_middle,4.8,11.0,6.3,7.1,D,D,D,D,Utility Player,7.0,0.46,,,,,,,,,-0.65,0.03,,,5,-0.62,-1.51,0.0,0.64,,,,True
091880f7,Shantanu Kaveri,Mexico,15,182,236,77.12,14.0,11,0,6,lower_middle,4.8,2.4,26.5,14.7,D,D,D,C,Utility Player,6.27,0.4,1.3,,1.3,-0.55,0.55,0.51,1.41,0.2,-0.42,0.39,0.03,-0.97,7,-0.22,-1.52,0.06,0.73,-0.32,Tough-Track Star,,False
fd201eb4,Shahzaib Hasan,Pakistan,10,116,130,89.23,11.6,13,3,2,top_order,4.8,9.1,4.0,5.7,D,D,D,D,Utility Player,3.5,0.27,,,,,,0.13,0.28,0.5,-0.43,0.05,0.0,,0,,-1.37,0.18,0.67,-0.56,Tough-Track Star,,False
f2637e05,LSP Siriwardene,Israel,4,25,44,56.82,6.25,0,0,4,upper_middle,4.8,3.4,6.5,5.4,D,D,D,D,Utility Player,11.0,1.0,,,,,,,,,-0.63,0.0,,,4,,-1.35,0.0,0.29,,,,True
596982e6,Ali Dawood,Bahrain,23,91,114,79.82,8.27,5,3,9,lower_order,4.8,4.9,31.4,17.0,C,D,D,C+,Utility Player,3.22,0.65,,,,0.28,-0.28,0.18,0.24,0.17,-0.37,0.67,0.03,0.53,11,0.34,-2.49,0.0,1.0,-0.13,Conditions-Proof,-0.15,False
508a1ea7,SE Marsh,Australia,15,255,248,102.82,18.21,15,10,3,top_order,4.7,5.8,52.5,27.5,C,D,D,B,Utility Player,13.33,0.81,2.27,,2.27,0.07,-0.07,0.15,0.22,-0.02,-0.39,0.48,0.03,,4,,-1.25,0.1,0.74,0.24,Flat-Track Bully,0.64,False
5360c9be,R Mangal,France,7,6,15,40.0,1.2,0,0,11,tail,4.7,4.9,3.0,4.0,D,D,D,D,Utility Player,1.71,0.8,,,,,,,,0.49,-0.68,0.02,,,4,,,,,,,,True
110b180a,DE Roache,Samoa,7,115,98,117.35,19.17,9,8,2,top_order,4.7,38.9,21.9,20.3,C,D,C+,C,Utility Player,6.29,0.45,1.6,,1.6,,,,,0.97,-0.42,0.4,,0.43,5,0.48,-1.28,0.25,0.64,,,,True
b58b7db6,GSNFG Jayasuriya,Sri Lanka,16,241,222,108.56,15.06,20,8,3,top_order,4.7,7.0,38.4,21.1,C,D,D,C+,Utility Player,7.06,0.51,,,,,,0.21,0.4,0.18,-0.34,0.41,0.03,,2,,-0.9,0.27,0.65,-0.21,Tough-Track Star,-0.25,False
79209272,Yasir Ali,Spain,33,638,636,100.31,23.63,50,17,3,top_order,4.7,0.9,58.3,30.2,C+,D,D,B,Utility Player,5.67,0.29,1.05,,1.05,0.18,-0.18,0.54,1.36,-0.17,-0.25,0.9,0.03,-0.73,9,-0.24,-1.11,0.12,0.76,-0.33,Tough-Track Star,-0.37,False
43d365ca,Tashi Phuntsho,Bhutan,14,129,191,67.54,12.9,4,1,7,lower_middle,4.7,1.9,39.7,20.4,C,D,D,C+,Utility Player,5.57,0.41,,,,-0.13,0.13,0.14,0.43,0.35,-0.45,0.54,0.04,-0.14,10,-0.35,-1.9,0.0,0.67,-0.33,Tough-Track Star,,False
123ab754,Syed Faizan Tahir,Saudi Arabia,8,49,74,66.22,7.0,2,1,6,lower_middle,4.6,4.2,9.4,6.8,D,D,D,D,Utility Player,7.75,0.84,,,,,,,,0.59,-0.53,0.04,,,1,,-2.37,0.14,0.67,,,,True
5e72608f,KY Wilfried,Ivory Coast,4,17,78,21.79,4.25,1,0,4,upper_middle,4.6,4.9,4.2,4.5,D,D,D,D,Utility Player,11.5,0.59,,,,,,,,,-0.82,0.0,,,4,,-2.83,0.0,0.57,,,,True
12c9c558,Wang Qi,China,4,3,16,18.75,1.0,0,0,7,lower_middle,4.6,5.9,0.8,3.2,D,D,D,D,Utility Player,4.0,1.0,,,,,,,,,-0.9,0.0,,,4,,,,,,,,True
0393fbdc,A Pusthay,Finland,11,120,148,81.08,10.91,10,0,3,top_order,4.6,3.1,1.8,3.4,D,D,D,D,Utility Player,6.45,0.48,,,,,,0.13,0.07,0.05,-0.48,0.02,0.0,0.68,5,0.47,-1.31,0.0,0.7,-0.7,Tough-Track Star,,False
58973aaf,IA De Silva,Bulgaria,24,539,502,107.37,23.43,52,22,2,top_order,4.6,40.3,46.5,32.6,C+,D,C+,B,Utility Player,7.33,0.35,1.26,,1.26,0.15,-0.15,0.18,0.23,0.17,-0.34,1.02,0.04,-0.01,11,0.08,-0.93,0.24,0.78,-0.18,Tough-Track Star,-0.23,False
c042b412,FJ Klaassen,Netherlands,15,48,59,81.36,4.36,2,0,9,lower_order,4.6,3.6,2.2,3.4,D,D,D,D,Utility Player,3.53,0.9,,,,-0.16,0.16,0.06,0.31,0.22,-0.56,0.09,0.01,0.02,7,0.12,-2.1,0.0,0.29,0.43,Flat-Track Bully,0.47,False
d1bec7a6,D Matla,Slovenia,6,23,56,41.07,4.6,0,0,8,lower_order,4.6,6.2,5.2,5.3,D,D,D,D,Utility Player,9.33,1.0,,,,,,,,,-0.68,0.02,,,4,,-2.83,0.0,0.49,,,,True
0474fd64,KB Patil,Mexico,6,42,73,57.53,7.0,2,0,3,top_order,4.6,3.2,4.4,4.4,D,D,D,D,Utility Player,1.5,0.12,,,,,,,,0.24,-0.46,0.0,,,6,-0.39,-1.45,0.0,0.62,,,,True
8d913205,Vishaul Singh,Suriname,8,70,105,66.67,10.0,2,0,2,top_order,4.6,1.7,11.3,7.3,D,D,D,D,Utility Player,11.0,0.84,,,,,,,,0.21,-0.56,0.05,,,8,-0.48,-1.58,0.0,0.58,,,,True
1a37008a,K Mothlhanka,Botswana,7,115,123,93.5,16.43,11,2,2,top_order,4.6,12.0,23.3,15.3,C,D,D,C,Utility Player,3.57,0.2,1.6,,1.6,,,,,,-0.34,0.17,,0.18,5,0.27,-1.03,0.25,0.63,,,,True
b89cde87,K Nestor,Gibraltar,24,213,227,93.83,10.65,19,7,6,lower_middle,4.6,15.7,1.3,5.8,D,D,C,D,Utility Player,5.67,0.6,,,,-0.02,0.02,0.39,1.23,0.19,-0.43,0.33,0.01,-1.11,5,-0.38,-1.07,0.33,0.72,-0.34,Tough-Track Star,-0.25,False
3a200eb2,MC Alex,Ivory Coast,5,8,25,32.0,1.6,1,0,5,upper_middle,4.6,6.8,0.8,3.3,D,D,D,D,Utility Player,2.2,0.44,,,,,,,,,-0.66,0.01,,,5,-0.58,-2.8,0.0,1.0,,,,True
f3ca5af8,G Kansonkho,Malawi,25,324,360,90.0,14.73,34,3,2,top_order,4.6,3.3,26.1,14.8,D,D,D,C,Utility Player,7.08,0.49,1.56,,1.56,-0.07,0.07,0.35,0.8,0.07,-0.26,0.46,0.02,-0.18,16,-0.11,-1.32,0.12,0.77,-0.23,Tough-Track Star,-0.23,False
6d1c88a4,Mohammad Bhaidu,Zambia,6,50,77,64.94,8.33,4,1,2,top_order,4.5,4.6,4.1,4.5,D,D,D,D,Utility Player,4.0,0.31,,,,,,,,0.0,-0.61,0.0,,,0,,-2.65,0.0,0.59,,,,True
9ab2914d,S Samarawickrama,Sri Lanka,15,211,204,103.43,16.23,23,1,4,upper_middle,4.5,5.6,29.3,16.7,C,D,D,C,Utility Player,6.53,0.48,1.14,,1.14,-0.09,0.09,0.22,0.43,-0.17,-0.4,0.29,0.02,,3,,-1.05,0.19,0.69,0.25,Conditions-Proof,-0.01,False
c96311d4,CR Ervine,Zimbabwe,64,1423,1345,105.8,23.72,139,30,3,top_order,4.5,6.2,72.7,38.2,C+,D,D,B+,Accumulator,8.17,0.39,1.7,,1.7,0.06,-0.06,0.3,1.01,-0.06,-0.35,1.04,0.02,0.21,19,0.22,-1.18,0.09,0.82,0.12,Conditions-Proof,0.17,False
ae4d0b45,Jonte Smith,Bermuda,7,37,45,82.22,9.25,3,0,7,lower_middle,4.5,4.5,25.5,14.2,D,D,D,C,Utility Player,4.86,0.76,,,,,,,,,-0.35,0.27,,0.18,5,0.16,-1.88,0.0,0.29,,,,True
ef5cbaf6,NFI McCallum,Scotland,4,8,21,38.1,2.0,1,0,6,lower_middle,4.5,7.4,1.0,3.5,D,D,D,D,Utility Player,5.25,1.0,,,,,,,,,-0.91,0.0,,,4,,-2.38,0.0,1.0,,,,True
1c1bb0d5,MB Tambe,Finland,18,108,153,70.59,9.0,5,1,9,lower_order,4.5,2.3,22.7,12.5,D,D,D,C,Utility Player,5.28,0.62,,,,0.27,-0.27,0.17,0.5,0.24,-0.42,0.47,0.03,-0.09,10,-0.16,-1.61,0.09,0.73,-0.38,Tough-Track Star,,False
9ee21ee4,Swann Htet Ko Ko,Myanmar,16,76,125,60.8,5.85,1,3,9,lower_order,4.5,4.2,1.6,3.3,D,D,D,D,Utility Player,3.88,0.5,,,,0.19,-0.19,0.12,0.31,-0.2,-0.44,0.16,0.01,0.31,10,0.28,-1.91,0.0,0.68,-0.04,Conditions-Proof,0.09,False
5570c4c1,M Choamba,Malawi,14,96,136,70.59,8.73,3,2,7,lower_middle,4.5,2.2,6.4,5.1,D,D,D,D,Utility Player,6.21,0.64,,,,,,0.1,0.35,0.67,-0.41,0.09,0.01,0.2,9,0.15,-1.81,0.1,0.72,-0.29,Tough-Track Star,,False
a61bcb94,K Pierre,West Indies,4,16,22,72.73,5.33,2,0,10,tail,4.4,13.2,8.8,8.2,D,D,D,D,Utility Player,4.25,0.77,,,,,,,,,-0.84,0.01,,,2,,,,,,,,True
3cb42681,OK Mohamed,Ivory Coast,5,20,59,33.9,4.0,2,0,1,top_order,4.4,3.2,4.2,4.1,D,D,D,D,Utility Player,6.8,0.58,,,,,,,,,-0.64,0.0,,,5,-0.56,-3.19,0.0,0.65,,,,True
1798078c,A Randhawa,Austria,21,234,299,78.26,13.76,14,4,4,upper_middle,4.4,0.9,34.0,17.7,C,D,D,C+,Utility Player,7.81,0.55,0.85,,0.85,-0.21,0.21,0.08,0.19,-0.02,-0.38,0.43,0.02,-0.12,11,-0.18,-1.5,0.09,0.77,-0.15,Conditions-Proof,-0.19,False
07b6f54c,DDP D'Silva,United Arab Emirates,6,91,108,84.26,30.33,5,0,5,upper_middle,4.4,1.7,61.0,32.3,C+,D,D,B+,Utility Player,16.0,0.89,,,,,,,,,-0.41,0.72,,-0.04,5,-0.22,-1.18,0.11,0.73,,,,True
420431c9,K Jaikaran,Suriname,8,67,95,70.53,9.57,7,0,7,lower_middle,4.4,6.0,5.4,5.4,D,D,D,D,Utility Player,6.62,0.56,,,,,,,,-0.33,-0.59,0.03,,,8,-0.5,-1.16,0.17,0.6,,,,True
e28bb0b9,DO Leicher,Namibia,14,155,167,92.81,22.14,7,4,8,lower_order,4.4,2.1,68.5,34.3,C+,D,D,B+,Utility Player,10.07,0.84,,,,0.08,-0.08,0.2,0.5,0.53,-0.33,1.04,0.07,-0.13,6,-0.17,-1.36,0.0,0.68,-0.45,Tough-Track Star,-0.28,False
67721a32,S Santhirakumaran,France,5,64,96,66.67,12.8,6,0,2,top_order,4.4,3.8,17.1,10.4,D,D,D,C,Utility Player,12.8,0.67,,,,,,,,,-0.56,0.06,,,1,,-1.67,0.0,0.67,,,,True
77191792,Mohammad Mithun,Bangladesh,13,127,136,93.38,10.58,10,4,2,top_order,4.4,5.0,6.8,6.0,D,D,D,D,Utility Player,8.0,0.76,0.75,,0.75,,,0.16,0.34,-0.43,-0.44,0.03,0.0,-0.23,5,-0.07,-1.02,0.27,0.72,-0.22,Tough-Track Star,-0.09,False
ef503cfe,P Kumbhare,Japan,8,15,27,55.56,3.0,0,0,10,tail,4.4,5.1,6.3,5.4,D,D,D,D,Utility Player,3.0,0.89,,,,,,,,0.15,-0.69,0.11,,0.3,6,0.51,-2.05,0.0,1.0,,,,True
5992ef03,CC Machado,Brazil,7,31,64,48.44,5.17,0,0,6,lower_middle,4.4,3.3,13.7,8.5,D,D,D,D,Utility Player,6.43,0.7,,,,,,,,-0.35,-0.45,0.11,,,4,,-2.21,0.0,0.29,,,,True
50dbc953,Ayyaz Qureshi,Slovenia,6,87,132,65.91,17.4,7,0,9,lower_order,4.4,3.7,42.9,22.4,C,D,D,C+,Utility Player,18.17,0.83,,,,,,,,0.38,-0.48,0.65,,0.02,5,0.04,-1.66,0.0,0.66,,,,True
2c14421f,B Isaac,St Helena,4,20,42,47.62,5.0,0,0,6,lower_middle,4.4,3.6,4.6,4.4,D,D,D,D,Utility Player,10.5,1.0,,,,,,,,,-0.77,0.0,,,4,,-2.18,0.0,0.46,,,,True
716bf559,BA Pai,Gibraltar,34,911,813,112.05,31.41,81,15,1,top_order,4.3,0.4,62.3,33.5,C+,D,D,B+,Utility Player,6.03,0.25,1.39,,1.39,0.04,-0.04,0.38,1.2,-0.1,-0.28,1.41,0.04,-0.28,12,-0.11,-0.72,0.26,0.78,-0.36,Tough-Track Star,-0.22,False
c85bea6b,Yogev Nagavkar,Israel,5,77,103,74.76,15.4,8,0,1,top_order,4.3,2.0,17.3,10.3,D,D,D,C,Utility Player,8.4,0.41,,,,,,,,,-0.45,0.08,,,5,-0.43,-1.26,0.12,0.7,,,,True
596c60cf,Tshering Tashi,Bhutan,14,102,144,70.83,11.33,8,3,9,lower_order,4.3,16.5,17.2,12.9,D,D,C,C,Utility Player,7.93,0.77,,,,-0.07,0.07,-0.01,0.03,0.62,-0.5,0.45,0.03,-0.05,9,-0.11,-1.72,0.0,0.65,0.12,Conditions-Proof,,False
f2990906,Murat Yilmaz,Turkey,5,15,31,48.39,3.75,1,0,8,lower_order,4.3,7.1,5.8,5.6,D,D,D,D,Utility Player,4.6,0.74,,,,,,,,,-0.55,0.03,,,1,,-1.69,0.0,0.29,,,,True
2f6f44bb,RDB Ahir,Panama,15,103,113,91.15,7.92,4,3,7,lower_middle,4.3,2.5,5.3,4.6,D,D,D,D,Utility Player,3.2,0.42,,,,,,0.37,1.04,0.32,-0.38,0.1,0.01,,15,-0.34,-0.45,0.25,0.54,0.07,Conditions-Proof,-0.04,False
0b91b5d5,R Smith,Bahamas,6,9,37,24.32,2.25,0,0,10,tail,4.3,8.9,2.7,4.5,D,D,D,D,Utility Player,5.17,0.84,,,,,,,,0.05,-0.89,0.04,,,4,,-2.8,0.0,1.0,,,,True
10ae134c,Jai Sinh,Switzerland,8,20,42,47.62,3.33,0,0,7,lower_middle,4.3,2.0,11.0,6.9,D,D,D,D,Utility Player,4.0,0.76,,,,,,,,-0.38,-0.45,0.1,,-0.37,6,-0.49,-3.48,0.0,0.29,,,,True
4add4c98,Ibrahim Hassan,Maldives,28,187,244,76.64,8.13,9,5,8,lower_order,4.3,2.9,33.2,17.3,C,D,D,C+,Utility Player,6.39,0.73,,,,-0.24,0.24,0.31,1.07,-0.03,-0.38,0.69,0.02,-0.81,18,-0.43,-1.81,0.1,0.66,-0.25,Tough-Track Star,-0.41,False
9d103769,Saghar Manzoor,Croatia,14,163,184,88.59,12.54,17,6,3,top_order,4.3,30.8,3.4,9.7,D,D,C+,D,Utility Player,8.21,0.62,,,,-0.18,0.18,0.25,0.43,0.23,-0.46,0.25,0.02,-0.43,7,-0.35,-1.8,0.0,0.71,0.1,Conditions-Proof,0.16,False
c62a0327,N Krishna,Seychelles,11,60,80,75.0,7.5,7,0,7,lower_middle,4.2,5.0,2.6,3.8,D,D,D,D,Utility Player,4.82,0.66,,,,,,0.11,0.22,0.47,-0.48,0.06,0.01,,11,-0.48,-2.33,0.0,0.62,-0.03,Conditions-Proof,-0.2,False
badef0dc,MO Kitunda,Tanzania,39,485,511,94.91,13.47,40,15,3,top_order,4.2,8.7,8.1,7.7,D,D,D,D,Utility Player,4.62,0.35,1.27,,1.27,0.3,-0.3,0.46,0.61,0.1,-0.31,0.45,0.01,0.11,25,0.02,-1.55,0.16,0.76,-0.01,Conditions-Proof,0.22,False
6ad7d184,D Jamyansuren,Mongolia,4,13,64,20.31,3.25,2,0,3,top_order,4.2,7.7,1.2,3.6,D,D,D,D,Utility Player,16.0,1.0,,,,,,,,,-0.89,0.0,,,4,,-2.68,0.0,0.64,,,,True
dd5a9067,V Baskaran,Singapore,15,53,86,61.63,4.82,1,0,8,lower_order,4.2,1.2,2.6,3.0,D,D,D,D,Utility Player,4.8,0.84,,,,0.08,-0.08,-0.09,-0.04,-0.14,-0.66,0.04,0.0,0.07,11,0.09,-1.3,0.0,0.45,-0.11,Conditions-Proof,-0.23,False
9c9f8dbc,H Davids,South Africa,9,161,134,120.15,17.89,18,4,1,top_order,4.2,20.1,31.7,20.7,C,D,C,C+,Utility Player,2.44,0.16,1.27,,1.27,,,,,-0.5,-0.37,0.31,,,1,,-0.61,0.5,0.69,,,,True
7cd7eb50,JD Freyone,Gibraltar,13,105,138,76.09,9.55,8,2,3,top_order,4.2,4.4,5.3,5.0,D,D,D,D,Utility Player,5.54,0.52,,,,0.29,-0.29,0.09,0.2,-0.11,-0.41,0.07,0.01,,4,,-1.57,0.1,0.71,0.06,Conditions-Proof,0.13,False
780d1997,RK Kiseto,Tanzania,4,8,21,38.1,2.0,0,0,8,lower_order,4.2,7.5,4.4,5.0,D,D,D,D,Utility Player,5.25,1.0,,,,,,,,,-0.79,0.0,,,3,,,,,,,,True
5319f95b,Nay Lin Htun,Myanmar,13,35,56,62.5,3.89,2,0,9,lower_order,4.2,3.9,5.4,4.8,D,D,D,D,Utility Player,2.15,0.5,,,,,,0.19,0.48,-0.21,-0.42,0.19,0.01,-0.54,7,-0.06,,,,0.01,Conditions-Proof,-0.03,False
6264d645,CP Turkich,Croatia,9,107,181,59.12,11.89,7,0,1,top_order,4.2,2.6,30.9,16.3,C,D,D,C+,Utility Player,12.0,0.6,,,,,,,,-0.32,-0.42,0.31,,,9,-0.4,-1.52,0.0,0.65,,,,True
54279e23,Alok Kapali,Bangladesh,7,57,85,67.06,11.4,3,1,5,upper_middle,4.2,5.4,7.9,6.4,D,D,D,D,Utility Player,11.57,0.95,,,,,,,,,-0.61,0.0,,,1,,-2.1,0.0,0.54,,,,True
6e974d8f,RK Singh,Mexico,4,19,41,46.34,4.75,2,0,2,top_order,4.2,10.1,2.4,4.6,D,D,D,D,Utility Player,9.0,0.88,,,,,,,,,-0.79,0.02,,,4,,-2.11,0.0,0.29,,,,True
98299b67,HGV Vare,Papua New Guinea,13,72,88,81.82,7.2,7,0,8,lower_order,4.1,5.1,11.5,7.8,D,D,D,D,Utility Player,4.0,0.59,,,,0.06,-0.06,0.06,0.07,-0.28,-0.43,0.25,0.02,-0.02,8,-0.04,-1.94,0.0,0.59,-0.4,Tough-Track Star,-0.33,False
a73251ff,JN Dorji,Bhutan,7,69,88,78.41,9.86,8,0,2,top_order,4.1,4.2,6.1,5.3,D,D,D,D,Utility Player,4.14,0.33,,,,,,,,0.0,-0.5,0.0,,,1,,-1.43,0.12,0.67,,,,True
58533699,SR Mohan,Seychelles,8,65,106,61.32,10.83,3,1,6,lower_middle,4.1,4.8,23.2,13.1,D,D,D,C,Utility Player,11.25,0.85,,,,,,,,-0.14,-0.43,0.22,,,8,-0.43,-1.46,0.0,0.68,,,,True
dcc76384,IC Simao,Brazil,6,2,11,18.18,0.67,0,0,11,tail,4.1,6.2,1.5,3.4,D,D,D,D,Utility Player,1.83,1.0,,,,,,,,,-1.05,0.02,,0.08,5,0.14,,,,,,,True
f681fa6e,DVD Madampage,South Korea,8,61,76,80.26,7.62,5,2,1,top_order,4.1,3.1,4.1,4.1,D,D,D,D,Utility Player,7.5,0.79,,,,,,,,0.0,-0.51,0.0,,,2,,-2.14,0.0,0.59,,,,True
12f53be7,Abdul Rahman,Singapore,7,117,117,100.0,23.4,9,1,8,lower_order,4.1,3.4,55.2,28.6,C,D,D,B,Utility Player,4.86,0.29,1.67,,1.67,,,,,-0.14,-0.43,0.71,,,3,,-1.03,0.22,0.69,,,,True
267cafb0,H Upadhyay,Mongolia,5,14,35,40.0,2.8,0,0,2,top_order,4.1,1.7,2.4,2.9,D,D,D,D,Utility Player,7.0,1.0,,,,,,,,,-0.82,0.0,,,5,-0.78,-3.3,0.0,0.29,,,,True
5208c0a1,DI Allan,Kenya,6,35,70,50.0,5.83,3,0,2,top_order,4.1,3.3,3.6,3.8,D,D,D,D,Utility Player,8.83,0.76,,,,,,,,,-0.61,0.0,,,2,,-2.14,0.0,0.67,,,,True
d62f04f5,M Ozturk,Turkey,10,73,110,66.36,8.11,3,5,8,lower_order,4.1,14.9,3.7,6.3,D,D,D,D,Utility Player,7.0,0.64,,,,,,0.02,0.14,-0.2,-0.58,0.16,0.02,0.2,9,0.33,-1.34,0.25,0.69,0.36,Conditions-Proof,-0.27,False
da4a1e46,M Spoors,Canada,9,269,225,119.56,38.43,30,6,2,top_order,4.0,17.2,57.9,36.2,C+,D,C,B,Utility Player,9.0,0.36,0.85,1.19,0.95,,,,,-0.58,-0.49,0.79,,1.15,6,0.11,-0.45,0.33,0.7,,,,True
faef026c,SKS Gill,Luxembourg,31,755,735,102.72,26.03,67,12,3,top_order,4.0,1.8,58.3,30.6,C+,D,D,B,Utility Player,8.65,0.36,1.83,,1.83,-0.2,0.2,0.24,0.48,-0.06,-0.37,1.06,0.03,-0.04,20,-0.11,-1.08,0.12,0.8,0.05,Conditions-Proof,0.06,False
7f2cb055,MS Graham,Bahamas,4,17,33,51.52,4.25,1,0,3,top_order,4.0,4.9,5.3,4.8,D,D,D,D,Utility Player,6.0,0.73,,,,,,,,,-0.64,0.0,,,4,,-2.22,0.0,1.0,,,,True
cc18ba92,PS Airee,Nepal,10,79,94,84.04,7.9,9,1,1,top_order,4.0,3.3,1.0,2.7,D,D,D,D,Utility Player,4.2,0.45,,,,,,0.24,0.51,-0.63,-0.6,0.0,0.0,0.68,6,0.16,-1.97,0.25,0.55,0.08,Conditions-Proof,0.09,False
02c3024c,F Campbell,Gambia,7,50,71,70.42,7.14,4,1,5,upper_middle,4.0,6.0,1.1,3.2,D,D,D,D,Utility Player,2.86,0.28,,,,,,,,-0.4,-0.65,0.01,,,7,-0.63,-1.24,0.0,0.56,,,,True
4d2b96b4,I Tchakou,Cameroon,14,74,117,63.25,5.29,10,0,2,top_order,4.0,6.9,0.6,3.2,D,D,D,D,Utility Player,5.21,0.62,,,,0.05,-0.05,0.16,0.4,0.54,-0.23,0.15,0.01,0.37,13,0.26,-2.14,0.0,0.56,-0.5,Tough-Track Star,-0.75,False
3f05c34d,Raihan Hossain,Timor-Leste,8,69,128,53.91,8.62,3,0,2,top_order,4.0,3.2,6.1,5.0,D,D,D,D,Utility Player,11.38,0.71,,,,,,,,0.0,-0.46,0.0,,,4,,-1.95,0.0,0.71,,,,True
44482748,TO Thilappan,Singapore,3,2,9,22.22,0.67,0,0,4,upper_middle,4.0,5.7,3.4,4.1,D,D,D,D,Utility Player,3.0,1.0,,,,,,,,,-0.76,0.0,,,3,,,,,,,,True
811785d2,O Olaleye,Nigeria,23,347,354,98.02,17.35,29,8,3,top_order,4.0,2.4,34.8,18.6,C,D,D,C+,Utility Player,5.0,0.32,1.87,,1.87,0.1,-0.1,0.25,0.55,-0.1,-0.33,0.44,0.02,0.64,6,0.03,-1.29,0.13,0.75,0.19,Flat-Track Bully,0.36,False
ee1b6c27,N Thushara,Sri Lanka,8,4,24,16.67,4.0,0,0,11,tail,4.0,6.3,52.9,26.5,C,D,D,B,Utility Player,2.75,0.92,,,,,,,,-0.12,-0.77,1.01,,,3,,,,,,,,True
a4afc486,SZ Vayani,Malawi,22,167,170,98.24,9.82,14,4,7,lower_middle,4.0,12.0,6.4,7.0,D,D,D,D,Utility Player,3.18,0.41,,,,-0.36,0.36,0.35,0.56,-0.13,-0.43,0.36,0.02,-0.48,8,-0.37,-1.64,0.17,0.73,-0.04,Conditions-Proof,0.09,False
1a353572,Saeed Waqar Ali,Slovenia,7,16,43,37.21,4.0,0,0,10,tail,4.0,3.8,12.7,7.9,D,D,D,D,Utility Player,3.14,0.51,,,,,,,,,-0.7,0.19,,0.01,5,0.03,-1.8,0.0,0.29,,,,True
ff86a0e1,Muhammad Kaleem,United Arab Emirates,7,70,93,75.27,10.0,6,2,2,top_order,4.0,4.7,2.4,3.7,D,D,D,D,Utility Player,8.71,0.66,3.32,,3.32,,,,,0.27,-0.63,0.0,,,0,,-2.05,0.29,0.59,,,,True
b8b95e44,SDJJ Dima,Mozambique,5,12,37,32.43,2.4,0,0,6,lower_middle,4.0,3.0,0.9,2.4,D,D,D,D,Utility Player,7.0,0.95,,,,,,,,,-0.76,0.0,,,5,-0.73,-2.45,0.0,0.47,,,,True
16fa34cf,D Marsic,Croatia,8,105,164,64.02,13.12,9,2,2,top_order,4.0,3.6,18.2,10.8,D,D,D,C,Utility Player,12.12,0.59,,,,,,,,0.41,-0.47,0.14,,,8,-0.46,-1.57,0.12,0.73,,,,True
fa39ad19,D Robson,Estonia,5,29,43,67.44,7.25,0,1,7,lower_middle,4.0,6.5,7.7,6.3,D,D,D,D,Utility Player,8.6,1.0,,,,,,,,,-0.67,0.0,,,2,,-1.83,0.25,0.54,,,,True
3758028b,JD Allan,Vanuatu,14,142,165,86.06,10.14,13,2,4,upper_middle,4.0,5.0,6.3,5.6,D,D,D,D,Utility Player,5.71,0.48,,,,-0.07,0.07,0.2,0.43,-0.19,-0.4,0.09,0.01,0.3,9,0.07,-1.66,0.17,0.72,-0.38,Tough-Track Star,-0.2,False
06989091,Javid Patel,Zambia,9,56,84,66.67,6.22,2,3,6,lower_middle,4.0,6.9,7.6,6.3,D,D,D,D,Utility Player,5.33,0.57,,,,,,,,0.0,-0.48,0.1,,,3,,-2.55,0.0,0.58,,,,True
448dab1a,S Loday,Bhutan,11,119,154,77.27,13.22,7,0,7,lower_middle,3.9,2.9,33.8,17.7,C,D,D,C+,Utility Player,3.18,0.23,,,,0.13,-0.13,0.36,0.63,0.39,-0.3,0.41,0.04,-0.1,6,-0.28,-1.45,0.0,0.69,-0.53,Tough-Track Star,,False
6531eeea,Kamrul Hasan,Eswatini,3,59,45,131.11,19.67,4,6,2,top_order,3.9,38.9,18.4,18.5,C,D,C+,C,Utility Player,6.67,0.44,0.87,,0.87,,,,,,-0.39,0.45,,,0,,-1.25,0.25,0.47,,,,True
b67af1c4,Muhammad Jabir,Qatar,7,4,21,19.05,1.33,0,0,11,tail,3.9,4.7,2.9,3.6,D,D,D,D,Utility Player,3.0,1.0,,,,,,,,0.19,-0.86,0.0,,,3,,,,,,,,True
c228c52d,Arslan Amjad,Estonia,23,337,302,111.59,15.32,25,16,1,top_order,3.9,12.0,13.9,10.9,D,D,D,D,Utility Player,7.09,0.54,1.98,,1.98,0.06,-0.06,0.21,0.41,-0.06,-0.4,0.44,0.02,-0.2,14,-0.29,-1.05,0.18,0.78,0.02,Conditions-Proof,-0.17,False
52dfe157,T Filer,Estonia,4,12,17,70.59,3.0,1,0,3,top_order,3.9,3.9,1.4,2.8,D,D,D,D,Utility Player,4.25,1.0,,,,,,,,,-0.81,0.0,,,0,,-1.13,0.0,1.0,,,,True
092ccf20,JS Kundi,Kenya,19,162,170,95.29,10.8,10,6,7,lower_middle,3.9,4.4,26.4,14.5,D,D,D,C,Utility Player,5.47,0.61,,,,-0.12,0.12,0.12,0.69,0.03,-0.37,0.45,0.02,-0.2,10,-0.0,-1.53,0.18,0.68,0.26,Flat-Track Bully,0.26,False
f6d3cab2,J Masquater,Tanzania,7,74,106,69.81,10.57,9,2,2,top_order,3.9,12.0,2.0,5.0,D,D,D,D,Utility Player,4.71,0.31,,,,,,,,0.44,-0.67,0.06,,,1,,-1.92,0.0,0.62,,,,True
7b0ea09e,Raja Shoaib,South Korea,9,157,175,89.71,26.17,15,2,1,top_order,3.8,8.6,54.1,29.6,C,D,D,B,Utility Player,6.44,0.33,,,,,,,,0.31,-0.23,0.91,,,9,-0.2,-1.29,0.07,0.72,,,,True
afe8ff08,M Aboagye,Ghana,14,104,152,68.42,8.0,5,0,6,lower_middle,3.8,1.2,3.3,3.3,D,D,D,D,Utility Player,7.71,0.71,,,,0.03,-0.03,0.07,0.17,0.5,-0.53,0.02,0.0,0.11,8,0.02,-1.72,0.0,0.72,-0.22,Tough-Track Star,-0.39,False
41d333e3,Ibrahim Kpaka,Sierra Leone,8,45,54,83.33,5.62,4,0,3,top_order,3.8,3.2,2.3,3.1,D,D,D,D,Utility Player,2.5,0.37,,,,,,,,0.0,-0.5,0.0,,,3,,-1.45,0.0,0.54,,,,True
55d07946,K Ghalley,Bhutan,4,32,41,78.05,16.0,2,0,6,lower_middle,3.8,11.1,31.4,18.3,C,D,D,C+,Utility Player,0.5,0.05,,,,,,,,,-0.53,0.27,,,4,,-1.82,0.0,0.48,,,,True
73b1db79,Abdul Hashim,Denmark,15,131,154,85.06,11.91,10,2,3,top_order,3.8,2.4,6.9,5.4,D,D,D,D,Utility Player,6.13,0.6,,,,0.17,-0.17,0.08,0.21,-0.16,-0.52,0.06,0.0,0.22,9,0.22,-1.29,0.12,0.68,-0.26,Tough-Track Star,-0.53,False
9ffd1ac1,T Bavuma,South Africa,35,670,567,118.17,20.94,62,16,1,top_order,3.8,2.4,56.3,28.9,C,D,D,B,Utility Player,9.43,0.58,0.91,,0.91,0.01,-0.01,0.38,0.58,0.27,-0.36,0.59,0.02,-0.72,5,-0.37,-0.71,0.3,0.8,-0.22,Tough-Track Star,-0.27,False
d4bebd88,Rahat Kazi,Timor-Leste,8,35,64,54.69,4.38,1,1,1,top_order,3.8,11.1,1.3,4.2,D,D,D,D,Utility Player,6.5,0.81,,,,,,,,0.0,-0.58,0.1,,,1,,-2.61,0.0,0.62,,,,True
7c885103,Ahmed Hassan,Maldives,13,185,233,79.4,14.23,15,2,2,top_order,3.8,1.7,16.4,9.7,D,D,D,C,Utility Player,6.38,0.36,0.0,,0.0,0.17,-0.17,0.25,0.46,0.1,-0.34,0.15,0.01,0.37,6,0.41,-1.38,0.1,0.79,-0.61,Tough-Track Star,-0.78,False
88228580,MMR Obili,Estonia,6,21,33,63.64,5.25,0,0,7,lower_middle,3.7,3.4,5.6,4.6,D,D,D,D,Utility Player,2.0,0.36,,,,,,,,-0.53,-0.65,0.0,,,3,,,,,,,,True
3f149080,M Coetzee,Hong Kong,29,528,406,130.05,18.86,71,12,1,top_order,3.7,47.9,36.5,28.7,C,D,B,C+,Utility Player,4.97,0.35,1.11,1.38,1.2,0.1,-0.1,0.45,0.96,0.04,-0.32,0.8,0.03,0.33,7,-0.32,-0.56,0.42,0.76,-0.13,Conditions-Proof,-0.51,False
64839cb3,M Pathirana,Sri Lanka,9,9,21,42.86,1.8,1,0,10,tail,3.7,6.5,2.4,3.7,D,D,D,D,Utility Player,2.22,0.95,,,,,,,,-0.36,-0.78,0.03,,0.04,5,0.09,,,,,,,True
28adcce9,Anwar Rahman,Malaysia,8,10,25,40.0,2.5,0,0,10,tail,3.7,4.7,12.8,8.0,D,D,D,D,Utility Player,2.75,0.88,,,,,,,,0.11,-0.59,0.18,,0.22,6,0.37,,,,,,,True
5249f9c4,AE Isesele,Nigeria,16,121,131,92.37,9.31,8,4,4,upper_middle,3.7,10.0,2.8,4.9,D,D,D,D,Utility Player,3.56,0.44,0.27,,0.27,0.28,-0.28,0.32,1.09,0.05,-0.31,0.17,0.01,-0.08,8,-0.11,-0.96,0.29,0.66,0.22,Conditions-Proof,,False
9bdb9aa9,KR Jha,Austria,3,8,27,29.63,2.67,0,0,6,lower_middle,3.7,5.2,3.5,3.9,D,D,D,D,Utility Player,9.0,1.0,,,,,,,,,-0.81,0.0,,,0,,-2.72,0.0,0.29,,,,True
a7a6c1c2,AR Odedara,Oman,8,45,63,71.43,5.62,5,0,3,top_order,3.7,3.3,1.1,2.6,D,D,D,D,Utility Player,6.0,0.76,,,,,,,,0.03,-0.66,0.0,,0.18,6,0.17,-2.65,0.0,0.59,,,,True
5338b9f5,Muhammad Muneeb,Belgium,27,632,512,123.44,23.41,77,18,1,top_order,3.7,48.7,43.1,32.5,C+,D,B,C+,Utility Player,6.37,0.34,1.0,,1.0,0.3,-0.3,0.32,0.71,0.11,-0.35,0.96,0.04,0.17,9,0.11,-0.72,0.27,0.77,0.23,Flat-Track Bully,0.31,False
b3179e21,CB Ondoa,Cameroon,8,27,81,33.33,4.5,1,0,10,tail,3.7,4.0,9.9,6.6,D,D,D,D,Utility Player,4.88,0.48,,,,,,,,0.14,-0.65,0.16,,,8,-0.62,-2.17,0.0,0.59,,,,True
4895df9e,S Houghton,Croatia,14,174,234,74.36,13.38,12,5,1,top_order,3.6,6.1,21.4,12.7,D,D,D,C,Utility Player,6.79,0.41,,,,0.05,-0.05,0.31,0.71,0.11,-0.34,0.28,0.02,0.35,6,-0.03,-1.75,0.09,0.74,0.15,Conditions-Proof,-0.1,False
4c49c917,Naeem Gull,Eswatini,10,152,179,84.92,16.89,21,2,3,top_order,3.6,15.9,8.3,9.0,D,D,C,D,Utility Player,7.1,0.4,0.98,,0.98,,,0.12,0.21,-0.46,-0.42,0.13,0.01,,10,-0.4,-1.4,0.08,0.67,0.03,Conditions-Proof,-0.23,False
58c0c30c,L Maximo,Brazil,6,23,57,40.35,5.75,0,0,8,lower_order,3.6,4.8,12.5,7.9,D,D,D,D,Utility Player,9.5,1.0,,,,,,,,0.08,-0.87,0.1,,,4,,-2.02,0.0,0.5,,,,True
7ce244fd,RA Tappin,Bahamas,4,11,47,23.4,2.75,0,0,3,top_order,3.6,3.3,2.5,3.1,D,D,D,D,Utility Player,11.75,1.0,,,,,,,,,-0.85,0.0,,,2,,-2.92,0.0,0.51,,,,True
5a970aab,L Lamin,Sierra Leone,36,473,501,94.41,18.92,30,20,6,lower_middle,3.6,47.4,47.5,33.4,C+,D,B,B,Utility Player,5.72,0.41,1.24,,1.24,0.37,-0.37,0.63,1.15,-0.25,-0.28,1.22,0.03,0.51,22,0.26,-1.26,0.27,0.73,0.23,Flat-Track Bully,0.12,False
0079f139,R Gaznavi,Singapore,15,175,212,82.55,12.5,15,2,3,top_order,3.6,2.8,11.3,7.4,D,D,D,D,Utility Player,8.73,0.62,0.81,,0.81,0.21,-0.21,0.08,0.12,-0.33,-0.47,0.12,0.01,0.19,10,0.3,-1.58,0.13,0.74,-0.01,Conditions-Proof,0.63,False
abbc06cf,L Sanogo,Mali,8,23,43,53.49,3.83,3,0,11,tail,3.6,12.8,1.0,4.3,D,D,D,D,Utility Player,2.5,0.47,,,,,,,,-0.2,-0.78,0.11,,,8,-0.63,-1.94,0.0,0.49,,,,True
98514dce,Ibrahim Nashath,Maldives,13,86,148,58.11,8.6,3,2,5,upper_middle,3.6,5.7,8.9,6.6,D,D,D,D,Utility Player,9.54,0.84,,,,,,0.01,0.16,0.23,-0.39,0.12,0.01,-0.06,12,-0.06,-1.9,0.0,0.72,0.31,Flat-Track Bully,0.09,False
7b5c6c0b,CD Wallace,Scotland,11,104,107,97.2,14.86,7,3,5,upper_middle,3.6,5.4,24.2,13.8,D,D,D,C,Utility Player,5.18,0.53,,,,0.01,-0.01,0.15,,-0.29,-0.44,0.2,0.02,-0.37,5,-0.46,-1.4,0.0,0.62,-0.11,Conditions-Proof,0.07,False
24a93558,OE Taylor,Cook Islands,7,35,69,50.72,5.83,0,0,9,lower_order,3.6,3.9,13.3,8.1,D,D,D,D,Utility Player,7.86,0.8,,,,,,,,-0.39,-0.59,0.13,,,4,,-1.98,0.0,0.61,,,,True
d52b13a6,Abdul Shakoor,Romania,9,143,159,89.94,17.88,11,1,6,lower_middle,3.6,2.3,42.1,21.6,C,D,D,C+,Utility Player,13.11,0.74,,,,,,,0.57,0.22,-0.39,0.57,,-0.08,5,-0.15,-1.02,0.17,0.78,,,,True
8f70fff7,S Conteh,Sierra Leone,17,136,197,69.04,9.71,9,1,3,top_order,3.6,2.7,0.8,2.5,D,D,D,D,Utility Player,4.76,0.41,,,,0.12,-0.12,0.08,0.32,0.02,-0.55,0.06,0.0,0.03,10,-0.17,-1.73,0.08,0.75,0.11,Conditions-Proof,,False
c4ecc42c,Joshua Asia,Nigeria,7,5,19,26.32,1.0,0,0,11,tail,3.6,5.3,1.6,3.1,D,D,D,D,Utility Player,2.71,1.0,,,,,,,,-0.24,-0.9,0.0,,,3,,,,,,,,True
d7af6207,S Kamate,Mali,9,28,57,49.12,3.11,3,0,3,top_order,3.6,2.5,0.1,1.9,D,D,D,D,Utility Player,3.89,0.61,,,,,,,,0.31,-0.51,0.0,,,9,-0.44,-3.25,0.0,0.5,,,,True
4e56e796,JOP Scamans,Finland,13,124,128,96.88,11.27,8,1,7,lower_middle,3.5,3.9,3.0,3.8,D,D,D,D,Utility Player,7.0,0.71,,,,-0.45,0.45,0.19,0.28,-0.34,-0.52,0.04,0.0,-0.26,10,-0.45,-1.2,0.1,0.69,0.37,Flat-Track Bully,,False
bcac2e51,H Hajnic,Croatia,3,3,42,7.14,1.5,0,0,9,lower_order,3.5,5.3,14.7,8.9,D,D,D,D,Utility Player,1.33,0.1,,,,,,,,,-0.91,0.13,,,0,,-2.72,0.0,0.42,,,,True
c594137f,A Shukla,Croatia,5,20,39,51.28,4.0,1,1,1,top_order,3.5,5.1,2.6,3.5,D,D,D,D,Utility Player,5.2,0.67,,,,,,,,,-0.63,0.0,,,2,,-2.6,0.0,0.56,,,,True
9818cc88,M Kyriacou,Cyprus,4,57,76,75.0,19.0,1,2,7,lower_middle,3.5,5.4,41.7,22.0,C,D,D,C+,Utility Player,6.25,0.33,,,,,,,,,-0.48,0.57,,,0,,-1.54,0.0,0.63,,,,True
b7f70e36,K Modise,Botswana,7,58,63,92.06,8.29,8,1,1,top_order,3.5,4.8,2.5,3.5,D,D,D,D,Utility Player,4.43,0.49,,,,,,,,,-0.62,0.0,,,7,-0.61,-1.48,0.0,0.59,,,,True
906ef9e5,A Bhagwat,Hong Kong,3,2,9,22.22,0.67,0,0,3,top_order,3.5,5.4,2.9,3.6,D,D,D,D,Utility Player,3.0,1.0,,,,,,,,,-0.87,0.0,,,2,,,,,,,,True
3ac13a94,E Rukiriza,Rwanda,40,178,239,74.48,6.14,10,4,7,lower_middle,3.5,2.6,0.4,2.2,D,D,D,D,Utility Player,3.68,0.62,,,,-0.51,0.51,0.17,0.26,0.13,-0.4,0.23,0.01,-0.59,22,-0.48,-2.03,0.0,0.73,-0.25,Tough-Track Star,-0.53,False
3f9783fd,E Otgonbayar,Mongolia,7,23,60,38.33,3.29,0,0,6,lower_middle,3.5,2.6,1.9,2.7,D,D,D,D,Utility Player,5.14,0.6,,,,,,,,0.35,-0.65,0.0,,-0.37,6,-0.74,-2.67,0.0,0.58,,,,True
2bcbcac3,A Limdawala,Malawi,27,460,492,93.5,17.69,40,13,1,top_order,3.4,1.3,41.3,21.2,C,D,D,C+,Utility Player,6.59,0.36,1.03,,1.03,-0.37,0.37,0.23,0.27,-0.16,-0.31,0.5,0.02,-0.29,10,-0.1,-1.51,0.1,0.76,-0.01,Conditions-Proof,0.19,False
38702fb5,I Kamara,Sierra Leone,8,37,71,52.11,6.17,2,1,2,top_order,3.4,2.5,1.6,2.5,D,D,D,D,Utility Player,3.5,0.39,,,,,,,,0.48,-0.58,0.0,,,3,,-2.38,0.0,0.59,,,,True
b9d8abd3,Vishal Sharma,Norway,8,65,94,69.15,8.12,3,1,7,lower_middle,3.4,3.2,3.8,3.7,D,D,D,D,Utility Player,7.88,0.67,,,,,,,,0.08,-0.51,0.0,,,1,,-1.67,0.0,0.65,,,,True
94d7f855,C de Grandhomme,New Zealand,38,505,366,137.98,15.78,27,30,4,upper_middle,3.4,55.8,10.8,18.2,C,D,B,D,Utility Player,2.33,0.24,1.51,,1.51,0.18,-0.18,0.63,1.42,-0.14,-0.34,0.66,0.02,0.03,12,0.25,-0.79,0.32,0.79,0.0,Conditions-Proof,0.41,False
6535cc7b,V Jayant,Lesotho,6,28,53,52.83,4.67,2,0,7,lower_middle,3.4,4.1,1.7,2.8,D,D,D,D,Utility Player,3.0,0.34,,,,,,,,0.3,-0.77,0.0,,,6,-0.65,-2.28,0.0,0.5,,,,True
253bc9d8,M Ibrahim,Ivory Coast,3,1,16,6.25,0.33,0,0,6,lower_middle,3.4,6.1,1.3,3.0,D,D,D,D,Utility Player,5.33,1.0,,,,,,,,,-1.08,0.0,,,3,,,,,,,,True
5c86b6ac,S Elayaperumal,Mexico,4,5,21,23.81,1.25,0,0,7,lower_middle,3.4,5.4,1.9,3.1,D,D,D,D,Utility Player,4.75,0.9,,,,,,,,,-0.69,0.0,,,0,,-3.01,0.0,0.29,,,,True
d1f14716,Yahya Suhail,Timor-Leste,8,81,157,51.59,11.57,7,1,2,top_order,3.4,4.7,8.0,6.1,D,D,D,D,Utility Player,10.62,0.54,5.81,,5.81,,,,,0.0,-0.49,0.0,,,1,,-1.91,0.0,0.7,,,,True
ad5342dc,Faisal Mubashir,Germany,20,428,421,101.66,32.92,33,6,4,upper_middle,3.3,0.6,68.0,35.8,C+,D,D,B+,Utility Player,10.6,0.5,1.31,,1.31,-0.1,0.1,0.27,0.33,-0.1,-0.34,1.38,0.07,0.02,17,-0.22,-0.89,0.17,0.8,-0.04,Conditions-Proof,0.01,False
43f4087c,NA Rock,Ireland,16,160,149,107.38,10.67,13,3,7,lower_middle,3.3,6.1,13.0,8.6,D,D,D,D,Utility Player,4.56,0.49,,,,0.04,-0.04,0.17,0.58,-0.32,-0.43,0.24,0.01,0.53,6,0.06,-1.15,0.2,0.69,-0.09,Conditions-Proof,-0.11,False
8d995b86,S Gantulga,Mongolia,6,10,52,19.23,1.67,1,0,6,lower_middle,3.3,4.2,0.6,2.3,D,D,D,D,Utility Player,8.0,0.92,,,,,,,,-0.56,-0.73,0.0,,,6,-0.67,-3.37,0.0,0.45,,,,True
b0aadf4f,N Knights,Isle of Man,13,193,139,138.85,14.85,16,13,2,top_order,3.3,37.8,2.1,10.4,D,D,C+,D,Utility Player,3.62,0.34,3.12,,3.12,0.57,-0.57,1.23,2.64,-0.17,-0.49,0.32,0.02,2.6,5,0.4,-1.05,0.5,0.63,-0.12,Conditions-Proof,-0.83,False
a9d788e3,Mohameed Taiwo,Nigeria,27,143,194,73.71,8.41,8,3,9,lower_order,3.3,3.4,1.6,2.8,D,D,D,D,Utility Player,4.44,0.62,,,,0.29,-0.29,0.18,0.46,0.01,-0.48,0.18,0.01,0.84,10,0.45,-1.89,0.0,0.7,0.16,Conditions-Proof,,False
05de1a5a,GC Wilson,Ireland,49,840,836,100.48,19.53,73,12,5,upper_middle,3.3,0.9,64.7,32.1,C+,D,D,B+,Utility Player,8.92,0.52,1.35,,1.35,-0.16,0.16,0.3,1.55,-0.09,-0.31,0.76,0.02,-0.35,22,-0.1,-0.9,0.18,0.79,0.1,Conditions-Proof,-0.01,False
f7d267f7,NP Kenjige,United States of America,8,10,21,47.62,2.0,0,0,10,tail,3.3,4.3,4.6,4.1,D,D,D,D,Utility Player,1.25,0.48,,,,,,,,-0.08,-0.72,0.01,,,3,,,,,,,,True
819574ef,OR Willis,Cayman Islands,5,19,41,46.34,3.8,0,1,3,top_order,3.3,5.8,0.6,2.6,D,D,D,D,Utility Player,4.2,0.51,,,,,,,,,-0.87,0.0,,,5,-0.8,-2.09,0.0,1.0,,,,True
70d205c9,AT Rayudu,India,5,42,50,84.0,10.5,5,0,3,top_order,3.3,8.8,6.2,6.0,D,D,D,D,Utility Player,2.0,0.2,,,,,,,,,-0.63,0.0,,,1,,-1.57,0.0,0.48,,,,True
f46fbe60,K Shivam,Costa Rica,4,11,46,23.91,2.75,0,0,3,top_order,3.3,2.8,1.6,2.5,D,D,D,D,Utility Player,7.25,0.63,,,,,,,,,-0.87,0.0,,,1,,-2.51,0.0,0.57,,,,True
dcdb87f2,Bilal Khan,Oman,18,27,46,58.7,6.75,1,0,11,tail,3.3,3.3,27.0,14.1,D,D,D,C,Utility Player,2.44,0.96,,,,-0.24,0.24,-0.02,-0.07,0.13,-0.65,0.52,0.03,-0.11,11,-0.17,,,,-0.09,Conditions-Proof,-0.05,False
c674f722,GT Taylor,Bahamas,17,180,228,78.95,12.0,18,6,2,top_order,3.3,3.0,4.4,4.2,D,D,D,D,Utility Player,7.53,0.56,,,,0.22,-0.22,-0.01,0.08,-0.23,-0.59,0.05,0.0,0.29,16,0.47,-1.7,0.0,0.75,0.18,Flat-Track Bully,0.23,False
90a8dfec,P Abanda,Cameroon,9,54,88,61.36,6.0,7,1,1,top_order,3.3,5.4,0.9,2.8,D,D,D,D,Utility Player,5.22,0.53,,,,,,,,0.64,-0.49,0.03,,,9,-0.47,-2.22,0.0,0.63,,,,True
bfd93f9b,R Gowthaman,Sweden,5,78,95,82.11,15.6,3,1,5,upper_middle,3.3,3.6,26.3,14.4,D,D,D,C,Utility Player,8.6,0.45,,,,,,,,,-0.48,0.18,,,1,,-1.05,0.0,0.58,,,,True
5fbe14fc,Imrul Kayes,Bangladesh,13,119,134,88.81,9.15,14,3,2,top_order,3.3,4.7,2.4,3.5,D,D,D,D,Utility Player,4.15,0.4,,,,,,0.02,0.12,0.57,-0.54,0.03,0.0,0.01,6,0.11,-1.77,0.14,0.72,0.16,Conditions-Proof,0.03,False
1ebfbbe4,Xie Kunkun,China,4,8,36,22.22,2.0,0,0,4,upper_middle,3.3,5.1,0.7,2.5,D,D,D,D,Utility Player,7.75,0.86,,,,,,,,,-0.86,0.0,,,4,,-2.31,0.0,0.29,,,,True
3c8faed4,F Banunaek,Indonesia,32,282,343,82.22,11.28,22,4,3,top_order,3.2,1.1,17.3,9.7,D,D,D,C,Utility Player,7.16,0.67,2.43,,2.43,-0.11,0.11,0.14,0.27,-0.34,-0.44,0.35,0.01,-0.31,9,-0.19,-1.69,0.0,0.74,0.33,Flat-Track Bully,0.15,False
888e32bf,Abdur Razzak,Bangladesh,15,37,66,56.06,4.62,1,0,9,lower_order,3.2,1.9,3.6,3.2,D,D,D,D,Utility Player,3.27,0.74,,,,-0.02,0.02,-0.09,0.12,0.38,-0.61,0.02,0.0,0.1,9,0.11,-3.02,0.0,0.5,-0.47,Tough-Track Star,-0.43,False
c149b9ca,NJ Ferraby,Jersey,13,133,135,98.52,10.23,19,0,1,top_order,3.2,4.6,1.6,3.1,D,D,D,D,Utility Player,3.46,0.33,,,,,,0.39,0.86,-0.34,-0.53,0.03,0.0,,13,-0.46,-0.79,0.18,0.74,0.05,Conditions-Proof,-0.65,False
68886c16,AR Naidoo,Cayman Islands,22,442,439,100.68,21.05,39,11,3,top_order,3.2,1.9,47.2,24.3,C,D,D,B,Utility Player,8.55,0.43,1.53,,1.53,-0.4,0.4,0.29,0.47,0.14,-0.4,0.5,0.02,-0.64,20,-0.37,-1.27,0.18,0.76,-0.09,Conditions-Proof,0.13,False
033ac24e,Shafiq Sharif,Malaysia,12,190,157,121.02,17.27,24,4,4,upper_middle,3.2,28.2,15.7,14.7,D,D,C,C,Utility Player,2.92,0.22,0.62,,0.62,-0.33,0.33,0.36,0.6,0.04,-0.39,0.29,0.02,0.29,6,-0.2,-0.43,0.42,0.66,-0.29,Conditions-Proof,-0.01,False
094ebfb6,R Avery,Brazil,6,13,26,50.0,2.6,1,0,9,lower_order,3.2,7.1,1.0,3.0,D,D,D,D,Utility Player,2.67,0.62,,,,,,,,0.38,-0.94,0.04,,,6,-0.78,-1.23,0.0,1.0,,,,True
b8cd9955,W Ngowhuad,Thailand,8,6,18,33.33,1.5,0,0,11,tail,3.2,4.6,2.9,3.4,D,D,D,D,Utility Player,1.75,0.78,,,,,,,,-0.2,-0.79,0.01,,,3,,,,,,,,True
cab3f89a,Gaurav Tiwari,Indonesia,17,279,296,94.26,21.46,26,5,2,top_order,3.2,5.2,50.3,26.3,C,D,D,B,Utility Player,7.76,0.45,0.82,,0.82,0.21,-0.21,0.23,0.34,-0.17,-0.33,0.69,0.04,-0.11,11,0.04,-1.01,0.17,0.75,0.07,Conditions-Proof,0.2,False
2e81a32d,B Kumar,India,19,67,94,71.28,8.38,0,0,9,lower_order,3.2,0.8,49.2,23.6,C,D,D,B,Utility Player,3.79,0.77,,,,,,0.11,0.23,-0.0,-0.42,0.62,0.03,,3,,-1.68,0.0,0.49,0.08,Conditions-Proof,0.2,False
866e9f3d,S Jegannathan,Indonesia,5,62,81,76.54,31.0,6,1,3,top_order,3.2,3.4,54.5,29.4,C,D,D,B,Utility Player,12.4,0.77,,,,,,,,,-0.41,0.83,,,1,,-1.35,0.0,0.68,,,,True
638f451b,N Zimonjic,Serbia,16,117,119,98.32,7.8,8,6,7,lower_middle,3.2,13.0,2.0,4.9,D,D,D,D,Utility Player,3.0,0.4,,,,0.47,-0.47,0.17,0.31,-0.05,-0.36,0.23,0.01,0.11,6,0.29,-1.26,0.25,0.63,-0.01,Conditions-Proof,-0.07,False
39799e49,T Wangchuk,Bhutan,28,141,195,72.31,5.88,8,3,8,lower_order,3.1,6.5,6.1,5.4,D,D,D,D,Utility Player,4.36,0.63,,,,-0.04,0.04,0.11,0.13,0.15,-0.36,0.45,0.02,-0.24,18,-0.26,-2.06,0.0,0.69,-0.26,Tough-Track Star,,False
7f929ebe,AN Toube,Cameroon,15,55,93,59.14,3.67,4,2,6,lower_middle,3.1,2.4,0.1,1.7,D,D,D,D,Utility Player,3.0,0.48,,,,-0.28,0.28,-0.04,0.11,0.09,-0.63,0.06,0.0,0.03,14,-0.08,-3.02,0.0,0.57,-0.54,Tough-Track Star,-0.59,False
0e6c2f00,AF Ifill,Cayman Islands,15,94,152,61.84,7.83,5,1,5,upper_middle,3.1,1.4,7.4,4.9,D,D,D,D,Utility Player,5.8,0.57,,,,-0.4,0.4,0.2,0.58,-0.21,-0.45,0.04,0.0,-0.57,14,-0.78,-2.3,0.09,0.76,0.01,Conditions-Proof,,False
9e9af5f2,Mohammad Wasim,Pakistan,12,44,58,75.86,11.0,5,1,9,lower_order,3.1,17.7,18.2,13.1,D,D,C,C,Utility Player,3.08,0.64,,,,-0.05,0.05,-0.02,0.14,-0.54,-0.64,0.35,0.03,,4,,-2.37,0.0,0.5,-0.27,Tough-Track Star,-0.45,False
e1631e47,M Khojbariya,Eswatini,10,102,93,109.68,12.75,12,0,5,upper_middle,3.1,4.2,2.5,3.5,D,D,D,D,Utility Player,2.7,0.29,0.68,,0.68,,,0.41,1.1,0.69,-0.52,0.01,0.0,1.19,6,0.56,-1.08,0.6,0.61,-0.34,Tough-Track Star,-0.39,False
acb6ee37,RR Saun,Costa Rica,6,24,48,50.0,4.8,3,0,6,lower_middle,3.1,7.4,2.7,3.9,D,D,D,D,Utility Player,5.67,0.71,,,,,,,,,-0.59,0.04,,,2,,-2.79,0.0,0.49,,,,True
be37d889,R Walker,Cayman Islands,9,71,99,71.72,8.88,3,1,5,upper_middle,3.1,1.8,5.4,4.1,D,D,D,D,Utility Player,6.44,0.59,,,,,,,,0.84,-0.57,0.0,,-0.13,7,-0.26,-1.4,0.0,0.6,,,,True
5bbabe59,TL Chatara,Zimbabwe,10,23,49,46.94,5.75,1,0,11,tail,3.1,6.9,11.6,7.8,D,D,D,D,Utility Player,4.6,0.94,,,,,,-0.12,0.08,0.33,-0.71,0.22,0.02,-0.06,5,-0.07,-0.97,0.0,1.0,-0.12,Conditions-Proof,-0.27,False
70841eab,C Tlali,Lesotho,11,97,133,72.93,8.82,5,3,1,top_order,3.1,2.0,0.7,2.1,D,D,D,D,Utility Player,5.45,0.45,,,,-0.09,0.09,-0.05,0.05,-0.13,-0.67,0.0,0.0,,11,-0.57,-2.11,0.0,0.63,0.28,Conditions-Proof,0.04,False
5b9b8d98,CA Keita,Mali,9,47,83,56.63,5.22,5,2,6,lower_middle,3.1,15.4,0.1,4.3,D,D,C,D,Utility Player,3.33,0.36,,,,,,,,0.08,-0.68,0.15,,,9,-0.56,-2.3,0.14,0.64,,,,True
21fe743b,STRA de Silva,Seychelles,8,116,135,85.93,19.33,7,1,4,upper_middle,3.0,0.8,41.0,20.7,C,D,D,C+,Utility Player,6.38,0.38,1.55,,1.55,,,,,-0.16,-0.51,0.37,,,8,-0.49,-0.79,0.29,0.63,,,,True
3de06845,S Vesawkar,Nepal,16,266,267,99.63,24.18,20,7,6,lower_middle,3.0,12.1,68.5,36.2,C+,D,D,B+,Utility Player,10.38,0.62,,,,-0.18,0.18,0.43,0.86,0.2,-0.24,1.16,0.07,0.16,10,0.13,-1.04,0.18,0.71,-0.03,Conditions-Proof,-0.01,False
18fcb85f,Jaikumar Thakur,Croatia,7,42,79,53.16,6.0,2,0,6,lower_middle,3.0,2.1,7.0,4.7,D,D,D,D,Utility Player,9.57,0.85,,,,,,,,-0.56,-0.6,0.0,,,4,,-2.5,0.0,0.61,,,,True
4d0d5b7d,I Elec,Turkey,11,88,136,64.71,8.0,5,4,3,top_order,3.0,2.4,1.3,2.3,D,D,D,D,Utility Player,10.55,0.85,2.06,,2.06,,,-0.02,-0.02,0.04,-0.62,0.0,0.0,0.18,9,0.09,-1.69,0.1,0.72,0.03,Conditions-Proof,0.36,False
ff1e12a0,AJ Turner,Australia,14,110,131,83.97,12.22,4,2,6,lower_middle,3.0,1.4,52.4,25.3,C,D,D,B,Utility Player,3.57,0.38,,,,-0.09,0.09,0.11,0.28,0.09,-0.4,0.56,0.04,,1,,-1.8,0.0,0.71,0.25,Flat-Track Bully,0.25,False
ac7fa28f,IJL Trott,England,7,138,144,95.83,23.0,9,3,3,top_order,3.0,0.8,54.3,27.2,C,D,D,B,Utility Player,10.71,0.52,2.09,,2.09,,,,,-0.08,-0.5,0.41,,,2,,-0.91,0.17,0.72,,,,True
b5aa28ce,Yves Cyusa,Rwanda,15,158,184,85.87,13.17,14,4,5,upper_middle,3.0,28.5,8.3,11.0,D,D,C,D,Utility Player,7.67,0.62,,,,-0.13,0.13,0.24,0.51,-0.42,-0.33,0.27,0.02,0.24,8,0.11,-1.42,0.07,0.73,0.27,Flat-Track Bully,0.15,False
45ca12a7,D Kansonkho,Malawi,31,504,556,90.65,18.67,42,11,1,top_order,2.9,0.8,48.1,24.1,C,D,D,B,Utility Player,7.94,0.44,2.65,,2.65,0.39,-0.39,0.62,2.16,0.55,-0.2,0.63,0.02,1.54,15,0.37,-1.34,0.08,0.83,-0.43,Tough-Track Star,-0.16,False
788dbfcd,Arnav Manoj,Singapore,3,0,7,0.0,0.0,0,0,2,top_order,2.9,3.9,1.4,2.4,D,D,D,D,Utility Player,2.33,1.0,,,,,,,,,-0.97,0.0,,,1,,,,,,,,True
04420914,P Zuze,Malawi,12,71,111,63.96,6.45,6,0,6,lower_middle,2.9,11.7,2.2,4.5,D,D,D,D,Utility Player,6.67,0.72,,,,,,0.05,0.25,-0.31,-0.56,0.14,0.01,,4,,-2.63,0.0,0.64,-0.09,Conditions-Proof,,False
32190239,NT Gireesh,Cambodia,8,28,41,68.29,4.67,3,1,7,lower_middle,2.9,10.6,1.1,3.7,D,D,D,D,Utility Player,4.62,0.9,,,,,,,,0.6,-0.61,0.1,,0.12,5,0.08,-2.74,0.0,0.58,,,,True
fa794790,Habib Ahmadzai,Austria,7,103,101,101.98,17.17,10,1,1,top_order,2.9,3.6,28.0,15.2,C,D,D,C,Utility Player,9.86,0.68,,,,,,,,-0.26,-0.45,0.24,,-0.07,5,-0.34,-1.11,0.38,0.6,,,,True
dfbea4b3,V Jagannivasan,Czech Republic,5,21,35,60.0,5.25,2,0,3,top_order,2.9,2.7,2.7,2.8,D,D,D,D,Utility Player,5.8,0.83,,,,,,,,,-0.68,0.0,,,1,,-1.73,0.0,1.0,,,,True
a2f8e873,B Balala,Malawi,15,55,97,56.7,9.17,2,0,9,lower_order,2.9,1.2,34.7,17.1,C,D,D,C+,Utility Player,4.47,0.69,,,,,,-0.01,0.04,0.12,-0.55,0.45,0.03,,4,,-2.0,0.0,0.62,0.05,Conditions-Proof,0.18,False
95c214dd,Ousman Bah,Gambia,7,22,58,37.93,3.67,0,0,11,tail,2.8,3.7,1.2,2.3,D,D,D,D,Utility Player,8.29,1.0,,,,,,,,-0.51,-0.86,0.0,,,7,-0.82,-2.23,0.0,0.42,,,,True
4bb7f51e,A Wright,Cayman Islands,9,13,34,38.24,2.6,0,0,10,tail,2.8,3.3,2.6,2.8,D,D,D,D,Utility Player,3.78,1.0,,,,,,,,0.6,-0.86,0.0,,0.12,8,0.2,-2.24,0.0,1.0,,,,True
93544e69,A Awasthi,Croatia,5,11,50,22.0,2.75,0,0,6,lower_middle,2.8,3.5,2.8,3.0,D,D,D,D,Utility Player,8.4,0.84,,,,,,,,,-0.8,0.0,,,2,,-3.06,0.0,0.53,,,,True
f842c2cf,MJ Clarke,Australia,27,488,473,103.17,21.22,29,10,3,top_order,2.8,0.1,71.6,34.9,C+,D,D,B+,Accumulator,7.85,0.45,,,,0.07,-0.07,0.32,0.42,-0.02,-0.29,0.77,0.03,-0.38,6,-0.11,-0.83,0.18,0.8,-0.13,Conditions-Proof,-0.24,False
d7acab5d,J Bangura,Sierra Leone,35,468,596,78.52,15.1,36,5,2,top_order,2.8,3.4,30.7,16.4,C,D,D,C+,Utility Player,8.09,0.47,0.78,,0.78,0.08,-0.08,0.2,0.46,0.3,-0.29,0.56,0.02,0.04,18,0.07,-1.7,0.09,0.81,0.27,Conditions-Proof,-0.37,False
5a8dc41e,Yasar Haroon,Brazil,12,112,159,70.44,10.18,11,1,5,upper_middle,2.8,6.6,1.3,3.2,D,D,D,D,Utility Player,8.0,0.6,,,,,,0.09,0.18,-0.27,-0.61,0.08,0.01,0.01,9,-0.11,-1.4,0.14,0.65,0.12,Conditions-Proof,-0.3,False
a879b92c,W Madhevere,Zimbabwe,65,1164,1006,115.71,20.07,128,16,1,top_order,2.8,5.9,63.6,32.7,C+,D,D,B+,Utility Player,5.03,0.33,1.13,,1.13,-0.0,0.0,0.35,0.7,0.21,-0.29,0.89,0.01,-0.06,17,-0.01,-0.74,0.25,0.73,0.04,Conditions-Proof,0.03,False
8088632c,C Rububagumya,Rwanda,61,660,791,83.44,13.47,41,10,6,lower_middle,2.8,1.3,21.4,11.8,D,D,D,C,Utility Player,7.39,0.57,,,,-0.01,0.01,0.2,0.52,0.27,-0.39,0.55,0.01,0.57,32,0.17,-1.57,0.12,0.8,-0.19,Tough-Track Star,-0.12,False
3317dc7a,P Jayeshbhai Patel,Panama,8,54,92,58.7,6.75,6,1,1,top_order,2.8,4.9,1.0,2.6,D,D,D,D,Utility Player,7.38,0.64,,,,,,,,-0.48,-0.64,0.01,,0.35,5,0.06,-1.73,0.0,0.65,,,,True
4fde9ae6,Aminullah Tanha,Norway,4,5,20,25.0,1.25,1,0,2,top_order,2.7,5.4,0.9,2.4,D,D,D,D,Utility Player,4.5,0.9,,,,,,,,,-0.91,0.0,,,2,,-3.91,0.0,1.0,,,,True
4f3a89ae,SM Nash,Samoa,13,90,135,66.67,9.0,8,1,9,lower_order,2.7,7.3,5.3,5.0,D,D,D,D,Utility Player,8.31,0.8,,,,-0.32,0.32,-0.06,0.07,-0.2,-0.63,0.14,0.01,-0.21,11,-0.33,-1.92,0.09,0.66,-0.56,Tough-Track Star,-0.43,False
a2317d14,V Mbazo,Botswana,29,288,324,88.89,11.52,21,5,3,top_order,2.7,2.4,2.4,3.1,D,D,D,D,Utility Player,5.45,0.49,,,,0.42,-0.42,0.41,2.66,0.06,-0.39,0.11,0.0,0.55,16,0.32,-1.61,0.04,0.81,-0.35,Tough-Track Star,-0.5,False
f24c6701,M Theekshana,Sri Lanka,34,105,167,62.87,4.77,6,2,9,lower_order,2.7,6.0,2.8,3.6,D,D,D,D,Utility Player,3.0,0.61,,,,-0.02,0.02,0.09,0.73,0.05,-0.5,0.32,0.01,0.04,15,0.07,-2.24,0.0,0.68,-0.03,Conditions-Proof,0.0,False
ce9ce42f,Muhammad Amin,Swaziland,9,82,84,97.62,10.25,10,3,2,top_order,2.7,17.6,4.1,6.6,D,D,C,D,Utility Player,5.11,0.55,2.05,,2.05,,,,,-0.33,-0.6,0.14,,,9,-0.54,-1.07,0.0,0.54,,,,True
e16e7347,CG Williams,Namibia,31,746,676,110.36,27.63,62,21,3,top_order,2.7,6.3,71.0,37.1,C+,D,D,B+,Accumulator,8.52,0.39,1.69,,1.69,-0.35,0.35,0.6,2.34,0.13,-0.32,1.04,0.03,-0.69,12,-0.18,-0.74,0.16,0.82,-0.27,Tough-Track Star,-0.26,False
7f74b21d,ACF Stokes,Guernsey,9,25,45,55.56,3.57,0,1,9,lower_order,2.7,2.7,8.1,5.2,D,D,D,D,Utility Player,5.0,1.0,,,,,,,,-0.3,-0.59,0.07,,,9,-0.56,-1.58,0.0,1.0,,,,True
e8d1c172,M Worndl,Czech Republic,5,43,89,48.31,10.75,3,0,4,upper_middle,2.6,4.6,7.8,5.6,D,D,D,D,Utility Player,10.0,0.56,,,,,,,,,-0.75,0.0,,,5,-0.72,-1.53,0.0,0.67,,,,True
15fe1668,O Casasola,Belize,7,71,120,59.17,10.14,6,0,1,top_order,2.6,2.2,6.3,4.5,D,D,D,D,Utility Player,8.71,0.51,,,,,,,,-0.44,-0.69,0.0,,,7,-0.57,-1.76,0.0,0.7,,,,True
9550470d,WIA Fernando,Sri Lanka,37,377,411,91.73,11.09,28,8,2,top_order,2.6,1.4,8.1,5.4,D,D,D,D,Utility Player,6.34,0.57,,,,-0.02,0.02,0.17,0.28,0.07,-0.39,0.19,0.01,-0.21,6,-0.26,-1.44,0.12,0.78,-0.17,Tough-Track Star,-0.21,False
f310704c,Shiraz Khan,Kuwait,28,308,327,94.19,18.12,13,14,7,lower_middle,2.6,1.7,62.3,30.4,C+,D,D,B+,Utility Player,6.29,0.54,1.7,,1.7,0.04,-0.04,0.42,1.44,-0.02,-0.39,0.95,0.03,-1.13,18,-0.22,-1.43,0.14,0.78,-0.06,Conditions-Proof,-0.13,False
1d6e8f52,T Taylor,Cayman Islands,16,103,139,74.1,10.3,3,5,8,lower_order,2.6,2.2,20.3,10.8,D,D,D,C,Utility Player,4.5,0.52,,,,-0.45,0.45,0.23,0.59,0.35,-0.55,0.3,0.02,,16,-0.53,-1.76,0.09,0.72,-0.42,Tough-Track Star,-0.29,False
9f0270e0,AG Cremer,Zimbabwe,16,65,99,65.66,5.42,2,0,8,lower_order,2.5,1.0,3.1,2.6,D,D,D,D,Utility Player,3.0,0.48,,,,-0.1,0.1,-0.01,-0.01,0.32,-0.6,0.0,0.0,-0.35,6,-0.58,-2.7,0.0,0.5,-0.12,Conditions-Proof,0.01,False
1eb5affb,Paing Danu,Myanmar,17,196,228,85.96,12.25,15,9,1,top_order,2.5,7.9,6.6,5.9,D,D,D,D,Utility Player,4.0,0.3,1.02,,1.02,-0.61,0.61,0.35,0.4,-0.36,-0.31,0.17,0.01,-1.63,12,-0.64,-1.44,0.08,0.73,-0.06,Conditions-Proof,,False
7c840f73,R Pathan,Canada,12,387,245,157.96,38.7,41,17,1,top_order,2.5,62.0,55.0,43.4,C+,D,B+,B,Utility Player,2.08,0.1,1.06,0.74,0.96,,,1.37,3.95,-0.06,-0.44,1.32,0.11,3.04,9,0.88,0.29,0.53,0.74,0.18,Flat-Track Bully,0.53,False
c6c7d01b,KM Awala,Ghana,11,88,105,83.81,8.8,5,1,5,upper_middle,2.5,2.5,3.7,3.3,D,D,D,D,Utility Player,4.64,0.49,,,,0.24,-0.24,0.21,0.58,0.56,-0.44,0.0,0.0,,3,,-1.57,0.0,0.68,-0.5,Tough-Track Star,-0.56,False
e3e09091,Zakir Hasan,Bangladesh,4,11,19,57.89,2.75,1,0,1,top_order,2.5,4.1,0.9,2.1,D,D,D,D,Utility Player,2.75,0.58,,,,,,,,,-0.92,0.0,,,0,,,,,,,,True
dab18aa5,DL Brangman,Bermuda,15,120,123,97.56,17.14,9,2,7,lower_middle,2.5,7.3,52.3,26.7,C,D,D,B,Utility Player,2.47,0.3,,,,,,0.08,0.34,0.01,-0.44,0.72,0.05,0.49,10,0.26,-0.84,0.25,0.69,0.41,Flat-Track Bully,1.06,False
d207e4fb,S Periyalwar,Romania,31,424,427,99.3,18.43,46,3,5,upper_middle,2.5,2.5,35.0,18.4,C,D,D,C+,Utility Player,6.03,0.44,1.32,,1.32,-0.01,0.01,0.19,0.44,-0.05,-0.29,0.54,0.02,-0.27,8,-0.18,-0.91,0.12,0.82,-0.13,Conditions-Proof,-0.22,False
719ac15b,AA Senn,Cyprus,10,181,206,87.86,20.11,14,0,2,top_order,2.5,0.8,36.3,18.6,C,D,D,C+,Utility Player,7.0,0.34,3.03,,3.03,0.04,-0.04,0.13,0.15,0.7,-0.39,0.44,0.04,,0,,-1.17,0.0,0.66,-0.26,Conditions-Proof,-0.04,False
dc36a6a5,AN Kervezee,Netherlands,6,148,148,100.0,24.67,10,1,1,top_order,2.5,0.7,53.8,27.1,C,D,D,B,Utility Player,7.17,0.29,1.25,,1.25,,,,,0.68,-0.34,0.44,,0.74,5,0.6,-0.81,0.17,0.67,,,,True
64fb6b15,A Bohara,Nepal,13,23,33,69.7,3.29,1,1,11,tail,2.4,5.8,2.7,3.3,D,D,D,D,Utility Player,2.08,0.82,,,,0.42,-0.42,-0.02,0.16,0.28,-0.74,0.09,0.01,0.18,9,0.24,,,,-0.12,Conditions-Proof,-0.25,False
d92fb332,A Razmilic,Croatia,7,13,30,43.33,2.6,1,1,5,upper_middle,2.4,8.5,0.2,2.7,D,D,D,D,Utility Player,3.0,0.7,,,,,,,,0.15,-0.67,0.06,,,3,,,,,,,,True
bec5cab9,DK Mathias,Bahrain,14,325,319,101.88,29.55,21,15,1,top_order,2.4,5.0,66.9,34.9,C+,D,D,B+,Utility Player,13.64,0.6,1.31,,1.31,0.09,-0.09,0.17,0.28,-0.39,-0.34,1.02,0.07,-0.01,8,0.06,-1.04,0.21,0.72,0.18,Conditions-Proof,-0.07,False
90830f8d,Alam Nakash,South Korea,9,76,83,91.57,8.44,4,1,4,upper_middle,2.4,3.6,1.7,2.5,D,D,D,D,Utility Player,2.33,0.25,,,,,,,,0.2,-0.53,0.0,,,9,-0.46,-1.78,0.0,0.6,,,,True
7267e3cd,Ibrahim Rizan,Maldives,28,98,144,68.06,6.53,6,1,8,lower_order,2.4,1.5,8.8,5.3,D,D,D,D,Utility Player,2.54,0.49,,,,-0.05,0.05,0.03,0.17,0.34,-0.49,0.34,0.01,-0.11,19,-0.06,-1.54,0.33,0.62,-0.0,Conditions-Proof,-0.07,False
56b41ed3,SY Nihute,Malawi,17,258,292,88.36,17.2,14,4,4,upper_middle,2.4,0.2,33.0,16.7,C,D,D,C+,Utility Player,11.06,0.64,2.26,,2.26,0.08,-0.08,0.12,0.23,0.21,-0.41,0.31,0.02,0.06,7,-0.15,-0.98,0.17,0.77,0.32,Flat-Track Bully,0.42,False
6d5983d4,JC Darji,Tanzania,6,30,44,68.18,5.0,4,0,3,top_order,2.4,3.7,0.6,1.9,D,D,D,D,Utility Player,2.67,0.36,,,,,,,,0.0,-0.78,0.0,,,6,-0.74,-0.29,0.33,0.5,,,,True
7f122e0b,Divyendra Singh,Czech Republic,18,279,277,100.72,16.41,29,4,5,upper_middle,2.4,2.8,22.8,12.6,D,D,D,C,Utility Player,5.44,0.35,1.03,,1.03,,,0.22,0.35,0.18,-0.41,0.28,0.02,0.38,11,0.1,-1.09,0.23,0.78,-0.21,Tough-Track Star,-0.37,False
87c93848,Wei Guo Lei,China,9,71,116,61.21,7.89,9,2,1,top_order,2.4,10.1,1.6,3.8,D,D,D,D,Utility Player,7.89,0.61,,,,,,,,0.57,-0.54,0.08,,0.33,7,0.62,-1.83,0.0,0.68,,,,True
baf0fc26,R Rohan,Singapore,27,414,418,99.04,15.33,43,12,1,top_order,2.3,11.6,11.7,9.3,D,D,D,D,Utility Player,10.41,0.67,0.9,,0.9,-0.19,0.19,0.2,0.46,-0.04,-0.43,0.35,0.01,0.33,14,0.16,-1.19,0.1,0.8,-0.08,Conditions-Proof,-0.04,False
fed92736,P Bosnjak,Croatia,8,17,32,53.12,2.12,3,0,3,top_order,2.3,4.5,0.0,1.7,D,D,D,D,Utility Player,2.5,0.62,,,,,,,,-0.63,-0.76,0.01,,,3,,-4.47,0.0,1.0,,,,True
b0f332e1,L Stubbs,Croatia,3,2,24,8.33,0.67,0,0,7,lower_middle,2.3,4.3,1.2,2.2,D,D,D,D,Utility Player,8.0,1.0,,,,,,,,,-0.89,0.0,,,0,,-2.61,0.0,1.0,,,,True
89394502,MA Baig,Malawi,13,226,256,88.28,32.29,19,3,5,upper_middle,2.3,41.9,58.0,38.9,C+,D,C+,B,Utility Player,6.77,0.34,2.27,,2.27,,,0.25,0.34,-0.35,-0.27,1.12,0.09,-1.29,12,-0.52,-1.11,0.11,0.72,0.09,Conditions-Proof,,False
2e092d2c,Thuya Aung,Myanmar,29,291,496,58.67,10.78,20,5,5,upper_middle,2.3,2.3,8.3,5.5,D,D,D,D,Utility Player,12.21,0.71,,,,-0.04,0.04,0.13,0.28,-0.47,-0.42,0.26,0.01,-0.28,17,-0.14,-1.97,0.0,0.74,0.43,Flat-Track Bully,0.83,False
18ae55e4,T Tshose,Botswana,31,309,286,108.04,11.88,18,15,7,lower_middle,2.3,5.8,5.2,4.9,D,D,D,D,Utility Player,3.58,0.39,,,,-0.05,0.05,0.65,4.49,0.25,-0.44,0.31,0.01,-0.86,20,0.01,-1.14,0.21,0.75,-0.07,Conditions-Proof,-0.18,False
ccd88623,O Lutbayar,Mongolia,12,40,78,51.28,3.33,2,1,9,lower_order,2.2,4.7,0.4,2.0,D,D,D,D,Utility Player,4.42,0.68,,,,,,-0.1,-0.09,0.36,-0.72,0.07,0.01,0.09,11,0.12,-3.06,0.0,0.45,-0.07,Conditions-Proof,-0.34,False
ce1abd25,J Jemison,Bahamas,20,149,216,68.98,8.76,10,1,7,lower_middle,2.2,3.7,1.7,2.6,D,D,D,D,Utility Player,5.4,0.5,,,,-0.17,0.17,0.06,0.27,0.27,-0.5,0.09,0.0,0.08,18,-0.07,-1.71,0.06,0.76,-0.1,Conditions-Proof,0.13,False
008a024c,M Mooketsi,Botswana,19,57,107,53.27,4.07,2,0,10,tail,2.2,1.4,16.0,8.4,D,D,D,C,Utility Player,4.21,0.75,,,,-0.32,0.32,-0.01,0.27,-0.15,-0.52,0.4,0.02,-0.19,11,-0.21,-3.09,0.0,0.61,-0.02,Conditions-Proof,0.13,False
a94e08ea,Mushfiqur Rahim,Bangladesh,82,1307,1135,115.15,19.51,110,33,4,upper_middle,2.2,3.3,64.5,32.4,C+,D,D,B+,Utility Player,6.6,0.48,1.2,,1.2,0.03,-0.03,0.35,1.08,-0.14,-0.34,0.83,0.01,0.3,28,0.08,-0.85,0.26,0.75,0.16,Flat-Track Bully,0.18,False
26c9b5be,R Baaleri,Ghana,15,203,265,76.6,18.45,11,1,1,top_order,2.2,0.3,47.6,23.3,C,D,D,B,Utility Player,8.13,0.46,1.6,,1.6,0.1,-0.1,0.24,0.42,0.49,-0.22,0.57,0.04,0.35,13,0.09,-1.46,0.05,0.74,-0.46,Tough-Track Star,-0.41,False
507fc658,SFS Cheema,Austria,4,2,8,25.0,0.5,0,0,6,lower_middle,2.2,3.1,1.8,2.2,D,D,D,D,Utility Player,2.0,1.0,,,,,,,,,-0.79,0.0,,,0,,,,,,,,True
895ae8b6,D Kalvin,Seychelles,6,74,102,72.55,18.5,4,1,5,upper_middle,2.2,1.9,30.4,15.8,C,D,D,C+,Utility Player,13.0,0.76,,,,,,,,0.58,-0.42,0.24,,,6,-0.4,-1.95,0.12,0.67,,,,True
5f5efae1,N Tanner,Philippines,17,192,234,82.05,12.8,6,5,5,upper_middle,2.2,1.6,4.2,3.5,D,D,D,D,Utility Player,8.29,0.6,,,,-0.23,0.23,0.07,0.18,0.41,-0.46,0.0,0.0,-0.05,12,-0.1,-1.56,0.0,0.72,-0.12,Conditions-Proof,0.07,False
1a8cedc8,M Jele,Eswatini,12,39,63,61.9,4.33,0,2,8,lower_order,2.1,2.7,7.2,4.6,D,D,D,D,Utility Player,2.92,0.56,,,,,,-0.01,0.05,-0.24,-0.55,0.13,0.01,-0.11,10,-0.12,-1.97,0.0,1.0,-0.08,Conditions-Proof,0.04,False
2002c586,Omar Hussain,Lesotho,5,33,40,82.5,6.6,2,1,2,top_order,2.1,5.3,0.2,2.0,D,D,D,D,Utility Player,3.2,0.4,,,,,,,,,-1.13,0.0,,,5,-0.93,-0.94,0.25,0.53,,,,True
82afc034,Mohammad Rizlan,Qatar,23,341,294,115.99,17.05,21,21,3,top_order,2.1,35.2,12.7,14.5,D,D,C+,D,Utility Player,6.91,0.54,1.77,,1.77,0.1,-0.1,0.57,2.67,0.19,-0.39,0.41,0.02,-0.81,14,-0.25,-0.46,0.3,0.77,0.2,Flat-Track Bully,0.12,False
e8c95491,HB Dickson,Cook Islands,13,278,197,141.12,23.17,29,11,1,top_order,2.1,46.2,33.6,26.8,C,D,B,C+,Utility Player,2.31,0.15,1.33,,1.33,,,0.6,1.66,-0.39,-0.34,0.72,0.06,1.73,8,0.48,-0.36,0.38,0.68,0.24,Flat-Track Bully,0.28,False
4a2159dc,E Ernest,Sierra Leone,6,23,44,52.27,4.6,2,0,6,lower_middle,2.1,7.5,1.4,2.9,D,D,D,D,Utility Player,5.83,0.8,,,,,,,,-0.09,-0.82,0.03,,-0.16,5,-0.25,-3.54,0.0,0.47,,,,True
9ae09b37,QF Djakaridja,Ivory Coast,5,1,25,4.0,0.2,0,0,9,lower_order,2.1,5.0,0.4,1.9,D,D,D,D,Utility Player,5.0,1.0,,,,,,,,,-1.03,0.0,,,5,-0.91,-2.8,0.0,1.0,,,,True
63d6f031,AP Rajeevan,Tanzania,44,913,813,112.3,26.09,83,17,4,upper_middle,2.1,4.0,64.4,33.2,C+,D,D,B+,Utility Player,10.23,0.55,1.55,,1.55,0.1,-0.1,0.56,1.2,-0.08,-0.3,1.0,0.02,-1.02,25,-0.26,-0.96,0.18,0.78,-0.12,Conditions-Proof,-0.08,False
63bd7086,B Jerkovic,Croatia,7,34,73,46.58,17.0,1,0,9,lower_order,2.1,0.9,48.1,23.3,C,D,D,B,Utility Player,7.29,0.7,,,,,,,,0.57,-0.42,0.8,,,7,-0.41,-2.06,0.0,0.59,,,,True
612a395c,S Singh,Kenya,40,607,608,99.84,17.85,70,2,3,top_order,2.1,1.2,38.0,19.4,C,D,D,C+,Utility Player,6.78,0.45,1.13,,1.13,0.11,-0.11,0.39,1.62,-0.17,-0.35,0.47,0.01,-0.56,15,-0.17,-1.18,0.14,0.79,-0.19,Tough-Track Star,-0.25,False
f8035c2a,BDH Stevens,Jersey,12,199,202,98.51,16.58,19,3,3,top_order,2.0,1.4,38.0,18.9,C,D,D,C+,Utility Player,6.0,0.36,0.51,,0.51,,,0.2,0.44,0.56,-0.38,0.32,0.03,,12,-0.37,-0.88,0.23,0.68,-0.5,Tough-Track Star,-0.35,False
69795fcd,MS Diakite,Mali,8,28,55,50.91,3.5,4,0,2,top_order,2.0,6.0,0.1,2.0,D,D,D,D,Utility Player,2.75,0.4,,,,,,,,-0.72,-0.78,0.04,,,8,-0.61,-1.98,0.0,0.54,,,,True
dd26ae6e,Marcelle Hanekom,Cambodia,9,118,126,93.65,14.75,13,1,2,top_order,2.0,3.4,22.0,11.9,D,D,D,C,Utility Player,2.56,0.18,,,,,,,,0.0,-0.48,0.2,,,0,,-1.49,0.0,0.65,,,,True
6a091f62,SJ Patel,Czech Republic,4,2,11,18.18,0.67,0,0,7,lower_middle,2.0,3.9,1.5,2.2,D,D,D,D,Utility Player,2.75,1.0,,,,,,,,,-0.94,0.0,,,3,,,,,,,,True
3c370b92,Bosco Tuyizere,Rwanda,9,91,116,78.45,11.38,6,1,5,upper_middle,2.0,2.8,1.6,2.3,D,D,D,D,Utility Player,3.67,0.28,,,,,,,,-0.7,-0.69,0.0,,0.14,6,0.05,-1.62,0.0,0.64,,,,True
a21dfb66,Arif Hosen,Timor-Leste,6,4,29,13.79,0.67,0,0,8,lower_order,2.0,5.9,0.3,2.0,D,D,D,D,Utility Player,4.0,0.83,,,,,,,,0.0,-0.82,0.03,,,1,,-3.8,0.0,0.29,,,,True
a96b36af,D Maisuria,Botswana,11,58,95,61.05,6.44,1,1,8,lower_order,2.0,4.4,4.5,3.7,D,D,D,D,Utility Player,6.27,0.73,,,,-0.08,0.08,-0.11,-0.11,0.01,-0.73,0.04,0.0,-0.03,6,-0.04,-2.17,0.0,0.61,-0.16,Conditions-Proof,-0.01,False
56544f81,S Rossi,Argentina,5,10,16,62.5,2.0,0,0,7,lower_middle,2.0,4.4,0.7,1.9,D,D,D,D,Utility Player,2.0,0.62,,,,,,,,,-0.92,0.0,,,4,,,,,,,,True
c73c75f9,FFJ Heo,Indonesia,6,20,36,55.56,3.33,0,1,3,top_order,2.0,3.0,2.1,2.3,D,D,D,D,Utility Player,3.0,0.5,,,,,,,,0.25,-0.62,0.0,,,1,,-2.2,0.0,1.0,,,,True
266473e2,Amoluk Singh,Ghana,12,258,240,107.5,25.8,36,5,1,top_order,2.0,37.2,42.4,29.4,C,D,C+,C+,Utility Player,2.33,0.12,1.98,,1.98,-0.07,0.07,0.33,0.7,0.09,-0.38,0.68,0.06,-0.51,6,-0.25,-1.26,0.14,0.71,0.06,Conditions-Proof,0.27,False
b5f30525,Ahmad Ramdoni,Indonesia,60,836,945,88.47,19.9,61,29,6,lower_middle,2.0,8.2,59.5,30.8,C+,D,D,B,Utility Player,8.05,0.51,1.02,,1.02,-0.0,0.0,0.39,0.51,0.17,-0.3,1.23,0.02,0.13,21,0.17,-1.32,0.11,0.8,0.04,Conditions-Proof,0.25,False
993281c2,Muhammad Naeem,Cambodia,8,70,80,87.5,10.0,4,4,4,upper_middle,1.9,7.9,2.2,3.5,D,D,D,D,Utility Player,8.12,0.81,1.14,,1.14,,,,,0.0,-0.64,0.05,,,0,,-1.27,0.2,0.6,,,,True
4d7c5b56,IK Gamantika,Indonesia,55,811,829,97.83,17.26,61,22,5,upper_middle,1.9,2.5,19.2,11.2,D,D,D,C,Utility Player,7.55,0.5,1.7,,1.7,-0.15,0.15,0.4,0.61,-0.28,-0.35,0.48,0.01,-0.72,19,-0.18,-1.37,0.13,0.76,-0.05,Conditions-Proof,-0.08,False
a7b67d5d,LI Salomone,Mozambique,10,124,123,100.81,13.78,17,3,2,top_order,1.9,8.8,3.0,4.3,D,D,D,D,Utility Player,5.0,0.41,0.89,,0.89,,,0.11,0.24,-0.33,-0.61,0.07,0.01,-1.8,8,-0.23,-1.13,0.2,0.7,0.28,Flat-Track Bully,0.45,False
11f56b14,HV Mandhyan,Hungary,17,214,221,96.83,13.38,15,7,3,top_order,1.9,1.1,16.3,8.8,D,D,D,C,Utility Player,7.65,0.59,,,,0.1,-0.1,0.11,0.26,-0.39,-0.48,0.19,0.01,-0.11,11,-0.27,-1.17,0.08,0.71,0.32,Flat-Track Bully,0.36,False
36a0a88c,Sarawut Maliwan,Thailand,14,24,64,37.5,2.67,1,0,10,tail,1.9,3.2,1.0,1.8,D,D,D,D,Utility Player,3.71,0.81,,,,0.18,-0.18,-0.12,-0.04,0.4,-0.76,0.03,0.0,0.21,10,0.3,-2.34,0.0,0.29,-0.26,Tough-Track Star,,False
09e5baeb,GF Cardos,Timor-Leste,8,24,86,27.91,3.0,1,0,7,lower_middle,1.9,2.1,0.7,1.5,D,D,D,D,Utility Player,4.5,0.42,,,,,,,,0.0,-0.71,0.0,,,4,,-2.65,0.0,0.61,,,,True
c70448aa,R Hekure,Papua New Guinea,15,77,99,77.78,5.92,8,0,6,lower_middle,1.8,2.2,0.6,1.5,D,D,D,D,Utility Player,4.6,0.7,,,,0.13,-0.13,-0.02,0.14,-0.57,-0.61,0.0,0.0,-0.09,13,-0.2,-2.72,0.0,0.56,0.46,Flat-Track Bully,0.29,False
a6de4c41,Zikria Islam,Oman,4,4,15,26.67,2.0,0,0,7,lower_middle,1.8,4.8,2.2,2.6,D,D,D,D,Utility Player,3.75,1.0,,,,,,,,,-0.88,0.0,,,2,,-2.8,0.0,1.0,,,,True
9fa5496f,R Escobar,Argentina,11,164,199,82.41,23.43,10,2,6,lower_middle,1.8,1.0,54.6,27.1,C,D,D,B,Utility Player,10.0,0.55,,,,,,0.13,0.14,0.09,-0.38,0.73,0.07,-0.4,8,-0.21,-1.29,0.12,0.76,-0.0,Conditions-Proof,-0.33,False
18a0ba24,S Smith,Bermuda,11,34,65,52.31,5.67,1,0,8,lower_order,1.8,2.8,9.3,5.5,D,D,D,D,Utility Player,5.09,0.86,,,,,,0.0,-0.07,0.13,-0.68,0.11,0.01,0.08,7,0.11,-3.55,0.0,1.0,-0.03,Conditions-Proof,-0.12,False
9c376401,CS MacLeod,Scotland,48,930,843,110.32,23.25,83,15,3,top_order,1.8,0.5,72.0,35.4,C+,D,D,B+,Accumulator,9.15,0.52,1.4,,1.4,-0.15,0.15,0.32,0.8,0.1,-0.36,0.86,0.02,-0.14,25,-0.13,-0.8,0.28,0.8,0.32,Flat-Track Bully,0.38,False
e3a949be,D Cleaver,New Zealand,7,122,101,120.79,20.33,10,5,3,top_order,1.8,6.0,28.1,15.7,C,D,D,C,Utility Player,7.43,0.51,1.16,,1.16,,,,,-0.69,-0.5,0.15,,,0,,-0.53,0.0,0.61,,,,True
78bbeba1,Khizar Hayat,Malaysia,29,253,261,96.93,14.06,15,5,8,lower_order,1.8,2.6,39.8,19.8,C,D,D,C+,Utility Player,4.34,0.48,,,,-0.06,0.06,0.26,0.81,-0.11,-0.51,0.6,0.02,-0.32,9,-0.44,-1.12,0.24,0.67,0.08,Conditions-Proof,0.07,False
92075cdc,M Taylor,Bahamas,28,508,535,94.95,18.81,47,23,1,top_order,1.8,45.4,39.6,28.9,C,D,B,C+,Utility Player,7.0,0.37,1.11,,1.11,0.27,-0.27,0.57,2.68,0.04,-0.32,0.79,0.03,0.69,26,0.39,-1.31,0.12,0.75,0.17,Flat-Track Bully,0.1,False
99ad98b0,JM Vujinovich,Croatia,13,157,242,64.88,13.08,10,1,4,upper_middle,1.8,1.1,19.9,10.3,D,D,D,C,Utility Player,12.46,0.67,,,,,,0.04,0.07,-0.08,-0.52,0.2,0.02,-0.16,11,-0.27,-1.49,0.0,0.7,-0.39,Tough-Track Star,-0.34,False
023c40b8,Zhao Tianle,China,6,6,28,21.43,1.0,0,0,9,lower_order,1.8,5.2,0.3,1.8,D,D,D,D,Utility Player,4.67,1.0,,,,,,,,-0.59,-0.9,0.0,,0.1,5,0.15,,,,,,,True
39fd9295,K Piet,Botswana,20,83,122,68.03,6.38,4,1,8,lower_order,1.8,4.6,4.8,3.9,D,D,D,D,Utility Player,5.55,0.91,,,,0.01,-0.01,-0.02,0.09,0.4,-0.55,0.22,0.01,0.05,14,0.07,-2.21,0.0,0.62,-0.07,Conditions-Proof,0.01,False
5481bd91,J Hill,Philippines,7,34,64,53.12,4.86,3,0,3,top_order,1.7,1.7,3.7,2.7,D,D,D,D,Utility Player,6.86,0.75,,,,,,,,-0.71,-0.66,0.0,,,7,-0.66,-1.51,0.0,0.49,,,,True
2fff8b43,AK Gokoel,Suriname,6,22,63,34.92,3.67,1,0,6,lower_middle,1.7,2.8,1.7,2.0,D,D,D,D,Utility Player,10.5,1.0,,,,,,,,-0.09,-0.93,0.0,,,6,-0.78,-2.29,0.0,0.57,,,,True
b38a9f73,OH Agbomadzie,Ghana,30,576,603,95.52,22.15,43,14,3,top_order,1.7,0.5,49.2,24.7,C,D,D,B,Utility Player,8.63,0.43,1.19,,1.19,0.24,-0.24,0.51,1.16,0.17,-0.28,0.56,0.02,0.62,14,0.05,-1.15,0.11,0.79,-0.17,Conditions-Proof,0.06,False
fc2fffb5,Abdullah Shafique,Pakistan,3,41,37,110.81,20.5,4,1,2,top_order,1.7,10.4,21.4,13.4,D,D,D,C,Utility Player,2.0,0.16,,,,,,,,,-0.67,0.0,,,0,,-0.46,0.67,0.47,,,,True
f88dc8de,RB Patel,Uganda,36,781,756,103.31,26.93,92,8,3,top_order,1.7,4.8,61.5,32.0,C+,D,D,B+,Utility Player,7.67,0.37,1.53,,1.53,-0.17,0.17,0.51,1.17,0.04,-0.34,0.84,0.02,0.18,21,0.08,-0.91,0.22,0.8,-0.07,Conditions-Proof,-0.11,False
ccda520f,Anik Ahmed,Italy,4,53,58,91.38,26.5,2,0,5,upper_middle,1.7,0.5,50.1,25.3,C,D,D,B,Utility Player,14.5,1.0,,,,,,,,,-0.5,0.55,,,0,,-0.5,0.2,0.58,,,,True
45c6afaf,Z Shurentsetseg,Mongolia,11,20,67,29.85,2.86,0,1,9,lower_order,1.7,3.3,0.8,1.7,D,D,D,D,Utility Player,4.36,0.72,,,,,,-0.2,-0.16,-0.26,-0.87,0.03,0.0,0.12,10,0.21,-2.55,0.0,0.57,0.06,Conditions-Proof,0.12,False
a48fc79d,EC Joyce,Ireland,13,353,371,95.15,35.3,27,5,3,top_order,1.7,0.6,73.6,38.4,C+,D,D,B+,Accumulator,7.77,0.27,1.0,,1.0,-0.1,0.1,0.26,0.49,0.01,-0.27,1.23,0.09,,4,,-0.95,0.07,0.81,-0.63,Tough-Track Star,-0.44,False
e8cfd743,KMA Aziz,Ivory Coast,5,13,46,28.26,2.6,2,0,3,top_order,1.7,2.7,0.6,1.4,D,D,D,D,Utility Player,4.4,0.48,,,,,,,,,-0.91,0.0,,,5,-0.81,-2.22,0.0,0.29,,,,True
e52eb657,KR Ebanks,Cayman Islands,7,20,45,44.44,2.86,1,0,9,lower_order,1.7,4.2,3.0,2.8,D,D,D,D,Utility Player,1.86,0.29,,,,,,,,,-0.75,0.0,,,7,-0.75,-2.25,0.0,0.29,,,,True
8a9320a1,TM Macalou,Mali,9,53,129,41.09,6.62,6,0,2,top_order,1.7,4.7,2.4,2.8,D,D,D,D,Utility Player,10.56,0.74,,,,,,,,-0.25,-0.77,0.02,,,9,-0.63,-2.29,0.0,0.68,,,,True
b6355062,Eric Phiri,Eswatini,6,104,115,90.43,20.8,13,2,4,upper_middle,1.7,24.2,29.9,20.1,C,D,C,C,Utility Player,8.83,0.46,1.11,,1.11,,,,,-0.15,-0.47,0.34,,,3,,-1.23,0.0,0.66,,,,True
3883402f,Tian Sen Qun,China,9,26,69,37.68,2.89,1,0,5,upper_middle,1.7,1.3,0.2,1.0,D,D,D,D,Utility Player,5.67,0.74,,,,,,,,-0.32,-0.66,0.0,,,9,-0.64,-2.55,0.0,0.64,,,,True
21946d0d,AM Oyede,Nigeria,6,46,77,59.74,7.67,2,0,2,top_order,1.7,2.8,6.4,4.2,D,D,D,D,Utility Player,12.67,0.99,,,,,,,,0.75,-0.75,0.0,,,6,-0.7,-1.8,0.0,0.68,,,,True
3a1c34e6,D Gim,Nigeria,12,64,116,55.17,6.4,0,1,4,upper_middle,1.6,0.8,2.9,2.2,D,D,D,D,Utility Player,7.92,0.82,,,,,,-0.04,0.08,0.3,-0.54,0.0,0.0,-0.15,9,-0.3,-1.68,0.0,0.69,-0.16,Conditions-Proof,,False
4758488e,T Tumursukh,Mongolia,8,8,37,21.62,1.33,0,0,10,tail,1.6,4.4,0.6,1.7,D,D,D,D,Utility Player,2.88,0.62,,,,,,,,0.02,-0.95,0.0,,,8,-0.89,-6.13,0.0,1.0,,,,True
837be376,Nazmul Huda,Timor-Leste,7,22,62,35.48,4.4,2,0,4,upper_middle,1.6,3.6,6.5,4.3,D,D,D,D,Utility Player,3.71,0.42,,,,,,,,0.0,-0.69,0.0,,,2,,-2.31,0.0,0.63,,,,True
056e3558,A Augastin,Tanzania,9,170,160,106.25,21.25,20,4,3,top_order,1.6,11.0,32.6,18.8,C,D,D,C+,Utility Player,8.22,0.46,1.7,,1.7,,,,,-0.49,-0.42,0.29,,-0.48,6,-0.33,-0.68,0.2,0.7,,,,True
6829b373,Zeshan Arif,Austria,13,168,145,115.86,16.8,15,7,6,lower_middle,1.6,14.3,28.3,17.0,C,D,D,C,Utility Player,5.54,0.5,,,,,,0.15,0.41,0.12,-0.37,0.47,0.04,,2,,-1.08,0.3,0.7,0.09,Conditions-Proof,,False
d465c6d7,C Wright,Cayman Islands,23,139,178,78.09,8.69,5,3,8,lower_order,1.6,2.5,6.1,4.1,D,D,D,D,Utility Player,5.35,0.69,,,,-0.32,0.32,0.08,0.31,0.45,-0.62,0.21,0.01,0.4,22,0.45,-1.79,0.0,0.68,-0.49,Tough-Track Star,-0.79,False
e045c165,Rameez Shahzad,United Arab Emirates,15,302,299,101.0,23.23,24,6,3,top_order,1.6,3.2,60.3,30.1,C+,D,D,B+,Utility Player,7.2,0.36,1.5,,1.5,0.06,-0.06,0.25,0.61,0.51,-0.37,0.62,0.04,0.28,9,-0.07,-0.86,0.25,0.76,0.02,Conditions-Proof,-0.16,False
9bc324b5,JR Barry,Bahamas,12,175,255,68.63,21.88,14,0,9,lower_order,1.6,4.1,62.5,31.0,C+,D,D,B+,Utility Player,13.83,0.65,,,,-0.1,0.1,0.12,0.25,0.04,-0.43,1.13,0.09,,12,-0.42,-1.56,0.06,0.76,-0.44,Tough-Track Star,-0.43,False
88d574fd,EDS Pimheiro,Timor-Leste,6,5,31,16.13,1.25,0,0,9,lower_order,1.6,4.7,0.8,1.9,D,D,D,D,Utility Player,5.17,1.0,,,,,,,,0.0,-0.92,0.0,,,1,,-2.23,0.0,0.29,,,,True
6483c062,A Dizija,Serbia,27,601,516,116.47,23.12,56,24,2,top_order,1.5,32.1,42.1,27.9,C,D,C+,C+,Utility Player,8.48,0.44,1.89,0.43,1.45,0.11,-0.11,0.4,0.96,-0.4,-0.41,0.78,0.03,-0.47,12,-0.07,-0.92,0.24,0.75,0.29,Flat-Track Bully,0.27,False
1ac2a995,HR Walsh,West Indies,15,147,147,100.0,16.33,9,5,6,lower_middle,1.5,2.7,20.5,11.1,D,D,D,C,Utility Player,5.87,0.6,,,,-0.16,0.16,-0.0,0.31,0.4,-0.58,0.2,0.01,-0.07,12,-0.18,-0.98,0.1,0.7,-0.43,Tough-Track Star,-0.72,False
8d2c70ad,Kuldeep Yadav,India,9,48,71,67.61,8.0,2,0,9,lower_order,1.5,3.3,4.6,3.4,D,D,D,D,Utility Player,6.56,0.83,,,,,,,,-0.7,-0.82,0.0,,,3,,-1.56,0.0,0.6,,,,True
44116edc,Mustapha Suwareh,Gambia,8,24,52,46.15,3.0,2,0,3,top_order,1.5,1.7,0.2,1.0,D,D,D,D,Utility Player,4.25,0.65,,,,,,,,0.3,-0.75,0.0,,,8,-0.73,-2.19,0.0,0.5,,,,True
a3b9191a,PD Hennessy,Spain,8,134,142,94.37,19.14,6,4,2,top_order,1.5,0.8,33.3,16.7,C,D,D,C+,Utility Player,7.0,0.39,3.89,,3.89,,,,,-0.67,-0.49,0.27,,,0,,-1.46,0.13,0.75,,,,True
0e0afd8b,MO Jones,Bermuda,11,90,106,84.91,18.0,1,3,6,lower_middle,1.5,0.3,52.1,24.9,C,D,D,B,Utility Player,6.36,0.66,,,,,,0.3,0.57,-0.01,-0.29,0.62,0.06,-0.26,9,-0.47,-1.22,0.12,0.72,0.26,Flat-Track Bully,0.17,False
0ec45a9a,Abubacarr Kuyateh,Gambia,8,51,72,70.83,6.38,7,2,6,lower_middle,1.5,5.5,0.4,1.9,D,D,D,D,Utility Player,6.25,0.69,,,,,,,,-0.38,-0.81,0.02,,,8,-0.79,-0.94,0.25,0.57,,,,True
e15c6692,M Malle,Mali,6,13,81,16.05,2.17,0,0,4,upper_middle,1.5,2.3,0.2,1.1,D,D,D,D,Utility Player,9.0,0.67,,,,,,,,-0.11,-1.08,0.0,,,6,-0.86,-2.59,0.0,0.56,,,,True
f86ce673,AC Douglas,Bermuda,19,355,264,134.47,19.72,32,21,2,top_order,1.5,59.2,13.1,19.6,C,D,B,D,Utility Player,2.58,0.19,1.89,,1.89,0.25,-0.25,0.97,3.63,0.04,-0.32,0.9,0.05,2.52,15,0.49,-0.89,0.33,0.71,-0.02,Conditions-Proof,-0.09,False
c122fe73,Asad Ali Rehemtulla,Bulgaria,11,42,55,76.36,6.0,3,0,6,lower_middle,1.5,1.8,4.7,3.1,D,D,D,D,Utility Player,3.45,0.69,,,,,,0.01,0.09,-0.3,-0.59,0.0,0.0,0.02,7,0.02,-1.48,0.0,0.29,0.39,Flat-Track Bully,0.24,False
e6948355,P Suanchuai,Thailand,20,173,269,64.31,9.61,12,3,3,top_order,1.4,3.0,0.5,1.7,D,D,D,D,Utility Player,5.55,0.41,,,,-0.12,0.12,0.27,0.86,-0.26,-0.5,0.04,0.0,0.35,6,0.17,-1.91,0.1,0.72,-0.31,Tough-Track Star,,False
0f06d3cd,G Caisley,Brazil,6,16,37,43.24,2.67,2,0,1,top_order,1.4,2.9,0.7,1.4,D,D,D,D,Utility Player,3.33,0.54,,,,,,,,,-0.89,0.0,,-0.03,5,-0.01,-1.97,0.0,1.0,,,,True
21afb939,Shoaib Khan,Oman,25,348,326,106.75,18.32,33,12,3,top_order,1.4,10.5,18.3,12.0,D,D,D,C,Utility Player,3.96,0.3,0.83,,0.83,0.17,-0.17,0.34,1.0,0.34,-0.35,0.35,0.01,-0.42,10,-0.32,-1.01,0.21,0.77,0.2,Flat-Track Bully,0.21,False
9c3a8776,D Nikolov,Bulgaria,18,104,127,81.89,6.12,9,3,8,lower_order,1.4,6.7,1.4,2.6,D,D,D,D,Utility Player,3.67,0.52,0.24,,0.24,-0.3,0.3,-0.05,0.16,-0.09,-0.59,0.14,0.01,-0.14,9,-0.21,-1.12,0.4,0.6,0.16,Flat-Track Bully,0.23,False
eba871dd,S Hook,Estonia,23,359,352,101.99,19.94,28,15,6,lower_middle,1.4,35.7,44.9,29.2,C,D,C+,C+,Utility Player,7.52,0.49,1.12,,1.12,0.0,-0.0,0.2,0.31,0.24,-0.41,0.87,0.04,0.35,14,0.32,-0.88,0.27,0.78,-0.22,Tough-Track Star,-0.17,False
e76c8732,T Amarmend,Mongolia,12,69,157,43.95,6.27,6,1,8,lower_order,1.4,4.3,1.3,2.1,D,D,D,D,Utility Player,9.58,0.73,,,,,,-0.12,-0.09,0.42,-0.77,0.05,0.0,0.17,11,0.3,-2.65,0.0,0.65,0.33,Conditions-Proof,-0.06,False
933b30c9,D Issiaka,Ivory Coast,5,4,37,10.81,0.8,0,0,5,upper_middle,1.4,1.5,0.4,1.0,D,D,D,D,Utility Player,6.6,0.89,,,,,,,,,-0.99,0.0,,,5,-0.88,-2.41,0.0,0.46,,,,True
35ae9e8a,S Rungrueang,Thailand,21,89,143,62.24,5.24,1,3,6,lower_middle,1.4,1.8,0.3,1.1,D,D,D,D,Utility Player,4.19,0.62,,,,-0.27,0.27,0.05,0.27,0.25,-0.57,0.03,0.0,-0.33,11,-0.11,-2.31,0.0,0.65,-0.11,Conditions-Proof,-0.6,False
97e36a0f,Mahmud Jasat,Panama,17,224,307,72.96,14.0,14,2,1,top_order,1.4,0.9,17.1,9.0,D,D,D,C,Utility Player,7.41,0.41,,,,-0.09,0.09,0.19,0.44,0.16,-0.45,0.19,0.01,,17,-0.41,-1.61,0.08,0.75,-0.25,Conditions-Proof,0.02,False
327b58d3,PVD Chameera,Sri Lanka,35,116,152,76.32,5.27,9,1,9,lower_order,1.3,3.1,1.4,1.9,D,D,D,D,Utility Player,2.69,0.62,,,,0.18,-0.18,0.22,0.79,0.08,-0.54,0.12,0.0,0.51,16,0.5,-2.69,0.0,0.51,0.04,Conditions-Proof,0.27,False
431f2dd4,Jun Hyunwoo,South Korea,9,81,112,72.32,9.0,4,5,6,lower_middle,1.3,6.0,2.4,3.0,D,D,D,D,Utility Player,10.56,0.85,,,,,,,,-0.86,-0.73,0.04,,,9,-0.62,-2.07,0.0,0.67,,,,True
03beb59f,Luis Hermida,Mexico,14,199,270,73.7,18.09,11,0,4,upper_middle,1.3,0.1,43.7,21.2,C,D,D,C+,Utility Player,9.57,0.5,,,,-0.04,0.04,0.23,0.54,0.23,-0.32,0.56,0.04,0.0,8,-0.1,-1.33,0.14,0.77,-0.33,Tough-Track Star,,False
a03ee6e1,Zhuang Zelin,China,9,46,84,54.76,5.11,2,0,3,top_order,1.3,1.2,0.2,0.9,D,D,D,D,Utility Player,3.22,0.35,,,,,,,,0.27,-0.61,0.0,,0.3,6,0.17,-1.83,0.0,0.55,,,,True
86ea6123,Mohamed Coulibaly,Mali,8,20,58,34.48,2.5,1,0,2,top_order,1.3,0.9,0.4,0.9,D,D,D,D,Utility Player,6.0,0.83,,,,,,,,-0.85,-0.85,0.0,,,8,-0.68,-3.14,0.0,0.62,,,,True
6969d364,Maidul Islam,Estonia,8,143,149,95.97,17.88,13,4,4,upper_middle,1.3,11.8,15.6,10.8,D,D,D,C,Utility Player,10.75,0.58,0.96,,0.96,,,,,-0.63,-0.5,0.16,,,4,,-1.19,0.0,0.71,,,,True
84880baf,Milad Momend,Luxembourg,8,10,36,27.78,2.0,1,0,10,tail,1.3,4.5,1.7,2.1,D,D,D,D,Utility Player,2.88,0.64,,,,,,,,-0.19,-0.85,0.01,,,8,-0.85,-2.22,0.0,1.0,,,,True
c4ff0618,H Patel,Canada,10,182,193,94.3,18.2,15,1,1,top_order,1.2,0.4,43.3,21.0,C,D,D,C+,Utility Player,6.6,0.34,3.18,,3.18,,,0.04,0.11,-0.25,-0.44,0.36,0.04,-0.11,8,-0.37,-0.98,0.14,0.76,-0.44,Tough-Track Star,-0.28,False
e7631adc,W Niyitanga,Rwanda,41,501,607,82.54,13.54,28,19,3,top_order,1.2,2.1,4.2,3.6,D,D,D,D,Utility Player,8.17,0.55,1.97,,1.97,-0.14,0.14,0.14,0.25,0.04,-0.43,0.15,0.0,-0.22,16,-0.18,-1.49,0.15,0.73,0.03,Conditions-Proof,0.13,False
c381cec5,M Kpaka,Sierra Leone,14,77,140,55.0,5.92,0,1,7,lower_middle,1.2,0.8,0.5,1.0,D,D,D,D,Utility Player,6.0,0.6,,,,0.11,-0.11,0.07,0.4,0.57,-0.62,0.0,0.0,0.19,6,-0.16,-2.01,0.1,0.68,-0.06,Conditions-Proof,,False
1c40f69f,S Tosic,Serbia,14,131,235,55.74,11.91,8,0,8,lower_order,1.2,1.3,24.1,12.0,D,D,D,C,Utility Player,14.93,0.89,0.0,,0.0,-0.23,0.23,-0.05,0.07,0.3,-0.66,0.35,0.02,-0.2,8,-0.33,-1.86,0.0,0.71,-0.4,Tough-Track Star,-0.16,False
9238dd92,YM Nkanya,Tanzania,12,9,32,28.12,1.29,0,0,11,tail,1.2,3.0,0.9,1.4,D,D,D,D,Utility Player,1.92,0.72,,,,,,-0.24,-0.2,0.39,-0.88,0.0,0.0,-0.06,6,-0.12,,,,-0.11,Conditions-Proof,-0.24,False
d8976cb7,DG Blampied,Jersey,21,214,225,95.11,17.83,11,1,7,lower_middle,1.2,0.2,60.3,28.6,C,D,D,B+,Utility Player,6.48,0.6,,,,-0.31,0.31,0.21,0.5,0.39,-0.35,0.87,0.04,0.11,18,0.03,-1.46,0.09,0.74,0.18,Conditions-Proof,0.01,False
de896b79,DF Jacobs,Thailand,9,102,159,64.15,11.33,12,2,1,top_order,1.2,2.9,3.3,2.9,D,D,D,D,Utility Player,10.11,0.57,,,,,,,,-0.44,-0.71,0.0,,,0,,-2.03,0.07,0.75,,,,True
4a51c045,Kim Daeyeon,South Korea,16,100,152,65.79,6.67,9,1,7,lower_middle,1.2,6.6,0.4,2.1,D,D,D,D,Utility Player,7.56,0.8,,,,-0.11,0.11,-0.05,0.01,-0.1,-0.66,0.12,0.01,0.03,12,0.01,-2.04,0.0,0.7,-0.13,Conditions-Proof,-0.19,False
53c35b3a,Elias Tilman,Timor-Leste,7,12,59,20.34,2.4,0,0,9,lower_order,1.1,2.2,1.4,1.5,D,D,D,D,Utility Player,8.0,0.95,,,,,,,,0.0,-0.9,0.0,,,4,,-2.43,0.0,0.62,,,,True
4a78f962,V Zanko,Croatia,9,57,150,38.0,6.33,6,0,6,lower_middle,1.1,1.9,0.8,1.3,D,D,D,D,Utility Player,8.78,0.53,,,,,,,,-0.45,-0.85,0.0,,,4,,-2.33,0.0,0.74,,,,True
f06b5585,P Manning,Cayman Islands,13,138,203,67.98,12.55,10,1,3,top_order,1.1,1.1,13.7,7.3,D,D,D,D,Utility Player,6.54,0.42,,,,-0.33,0.33,0.01,0.17,0.47,-0.52,0.11,0.01,,13,-0.49,-1.76,0.0,0.67,-0.3,Tough-Track Star,,False
26d80a9d,M Campopiano,Italy,22,477,400,119.25,29.81,39,14,3,top_order,1.1,9.3,57.5,31.3,C+,D,D,B,Utility Player,8.68,0.48,0.95,,0.95,0.09,-0.09,0.61,1.39,0.28,-0.4,0.76,0.03,-0.17,17,-0.15,-0.72,0.28,0.72,-0.09,Conditions-Proof,-0.02,False
3239c8a9,R Coker,Sierra Leone,25,197,316,62.34,8.57,14,2,4,upper_middle,1.0,1.0,1.0,1.3,D,D,D,D,Utility Player,6.84,0.54,4.81,,4.81,-0.18,0.18,0.03,0.35,-0.17,-0.54,0.0,0.0,0.18,16,-0.04,-1.98,0.0,0.73,-0.07,Conditions-Proof,-0.51,False
91cd337c,R Panchal,Spain,13,131,178,73.6,16.38,3,4,4,upper_middle,1.0,0.5,45.0,21.5,C,D,D,B,Utility Player,10.92,0.8,,,,,,0.12,0.16,-0.23,-0.37,0.55,0.04,,2,,-1.49,0.14,0.69,-0.47,Tough-Track Star,-0.15,False
b7abb123,JB Abega,Cameroon,12,30,77,38.96,2.5,1,0,5,upper_middle,1.0,1.0,0.1,0.7,D,D,D,D,Utility Player,5.5,0.86,,,,0.24,-0.24,-0.08,0.07,0.43,-0.62,0.0,0.0,0.36,11,0.48,-2.06,0.0,0.57,-0.32,Tough-Track Star,-0.14,False
85119526,A Patmore,Japan,24,338,372,90.86,16.1,35,0,4,upper_middle,1.0,1.4,11.3,6.6,D,D,D,D,Utility Player,6.33,0.41,0.66,,0.66,,,0.21,0.5,-0.16,-0.41,0.15,0.01,-0.67,13,-0.54,-1.26,0.11,0.77,0.11,Conditions-Proof,0.27,False
2cc08c3c,Shahid Wasif,Hong Kong,25,378,357,105.88,21.0,29,10,1,top_order,1.0,0.7,69.8,33.4,C+,D,D,B+,Utility Player,5.12,0.36,1.06,,1.06,0.05,-0.05,0.28,0.24,0.13,-0.3,1.1,0.04,-0.09,8,0.16,-1.11,0.05,0.75,0.11,Conditions-Proof,0.11,False
4a8d1b14,A Ferguson,Argentina,19,425,456,93.2,30.36,46,2,3,top_order,1.0,3.4,61.4,31.9,C+,D,D,B+,Utility Player,9.05,0.38,1.3,,1.3,-0.21,0.21,0.43,1.06,0.02,-0.27,1.18,0.06,-0.95,16,-0.55,-1.02,0.15,0.78,-0.01,Conditions-Proof,0.05,False
f74b682b,AJ Ayannaike,Nigeria,17,115,149,77.18,6.76,9,3,3,top_order,1.0,2.4,0.2,1.1,D,D,D,D,Utility Player,3.12,0.36,,,,0.07,-0.07,0.09,0.1,0.0,-0.52,0.02,0.0,0.02,10,-0.02,-2.05,0.0,0.61,0.16,Conditions-Proof,,False
bc3fc527,SK Awiah,Ghana,25,343,435,78.85,14.91,28,5,2,top_order,1.0,1.3,26.0,13.1,D,D,D,C,Utility Player,10.16,0.58,1.48,,1.48,0.17,-0.17,0.28,0.45,0.33,-0.3,0.32,0.01,0.98,14,0.21,-1.6,0.14,0.78,-0.26,Conditions-Proof,0.05,False
90624d37,AJ Jabiri,Tanzania,15,122,212,57.55,8.13,11,1,2,top_order,0.9,1.0,0.4,1.0,D,D,D,D,Utility Player,9.93,0.7,,,,-0.09,0.09,-0.03,0.08,-0.24,-0.62,0.0,0.0,,4,,-1.99,0.0,0.77,-0.27,Tough-Track Star,-0.1,False
c57fa67e,E Otieno,Kenya,10,16,37,43.24,2.67,0,0,10,tail,0.9,3.7,3.7,2.8,D,D,D,D,Utility Player,3.4,0.92,,,,,,-0.11,-0.12,-0.67,-0.82,0.02,0.0,0.01,6,0.01,-1.86,0.0,1.0,0.05,Conditions-Proof,-0.34,False
ee40679e,HA Jackson,France,23,298,356,83.71,14.19,22,4,2,top_order,0.9,0.6,10.0,5.7,D,D,D,D,Utility Player,8.3,0.54,1.19,,1.19,0.04,-0.04,0.14,0.26,0.08,-0.41,0.14,0.01,-0.08,9,-0.16,-1.46,0.04,0.79,-0.25,Tough-Track Star,-0.39,False
f78aa227,Hilal Ahmad,Czech Republic,5,51,74,68.92,17.0,2,0,2,top_order,0.9,0.4,35.5,17.1,C,D,D,C+,Utility Player,14.8,1.0,0.83,,0.83,,,,,,-0.54,0.36,,,2,,-1.26,0.17,0.66,,,,True
28574428,J Singye,Bhutan,22,349,472,73.94,15.86,16,5,4,upper_middle,0.9,1.0,36.0,17.6,C,D,D,C+,Utility Player,10.32,0.48,0.97,,0.97,-0.16,0.16,0.12,0.24,-0.49,-0.44,0.37,0.02,0.06,12,0.04,-1.48,0.05,0.78,-0.39,Tough-Track Star,-0.24,False
869f61bc,RL Vitas,Serbia,6,82,109,75.23,41.0,7,2,5,upper_middle,0.9,1.1,49.8,28.1,C,D,D,B,Utility Player,14.5,0.8,,,,,,,,-0.03,-0.5,1.17,,,2,,-1.56,0.0,0.71,,,,True
0d37dea9,DE Budge,Scotland,6,60,62,96.77,15.0,2,3,5,upper_middle,0.9,11.4,4.1,5.0,D,D,D,D,Utility Player,10.33,1.0,,,,,,,,,-0.8,0.02,,,4,,-1.23,0.0,0.55,,,,True
a76d4082,T Suri,United Arab Emirates,9,197,176,111.93,21.89,19,3,1,top_order,0.9,1.6,43.8,21.8,C,D,D,C+,Utility Player,4.67,0.24,,,,,,,,0.32,-0.47,0.33,,,1,,-0.59,0.33,0.7,,,,True
04539335,D Wheatley,Bahamas,21,146,180,81.11,9.12,10,4,6,lower_middle,0.9,3.4,1.4,1.9,D,D,D,D,Utility Player,4.43,0.52,,,,-0.27,0.27,0.19,0.5,0.25,-0.51,0.07,0.0,0.51,20,0.55,-1.71,0.08,0.71,-0.06,Conditions-Proof,0.1,False
6cf75582,KK Lin Thu,Myanmar,29,291,407,71.5,10.78,25,3,1,top_order,0.9,0.9,2.6,2.2,D,D,D,D,Utility Player,5.0,0.36,2.0,,2.0,-0.21,0.21,0.24,0.53,-0.39,-0.49,0.0,0.0,-1.12,16,-0.14,-1.77,0.14,0.77,-0.15,Conditions-Proof,0.28,False
e43c9818,Mohamed Azzam,Maldives,30,231,316,73.1,8.56,13,2,6,lower_middle,0.9,0.9,6.9,4.0,D,D,D,D,Utility Player,6.77,0.64,,,,0.02,-0.02,0.13,0.45,-0.24,-0.43,0.15,0.01,-0.12,19,-0.2,-1.75,0.05,0.73,-0.4,Tough-Track Star,-0.21,False
b7873c81,E Duff,Bahamas,14,125,204,61.27,8.93,12,0,3,top_order,0.9,0.9,0.8,1.1,D,D,D,D,Utility Player,8.71,0.6,,,,-0.21,0.21,-0.07,0.13,0.33,-0.67,0.0,0.0,0.03,12,0.01,-1.6,0.07,0.72,-0.24,Tough-Track Star,-0.37,False
7cd0a092,Haris Sohail,Pakistan,13,210,204,102.94,19.09,16,3,4,upper_middle,0.9,0.9,45.2,22.0,C,D,D,B,Utility Player,6.46,0.41,0.94,,0.94,,,0.15,0.29,-0.41,-0.37,0.33,0.03,,1,,-0.85,0.27,0.75,0.13,Conditions-Proof,0.15,False
f5c198fb,SP Patil,United Arab Emirates,12,179,203,88.18,14.92,16,4,4,upper_middle,0.9,8.3,9.0,6.7,D,D,D,D,Utility Player,7.5,0.44,,,,,,0.12,0.22,0.3,-0.45,0.07,0.01,,4,,-1.1,0.08,0.74,0.16,Conditions-Proof,,False
97f44626,NK Tiwari,Cyprus,13,190,214,88.79,15.83,15,5,5,upper_middle,0.8,12.0,6.4,6.3,D,D,D,D,Utility Player,6.46,0.39,0.56,,0.56,0.11,-0.11,0.03,0.11,-0.32,-0.54,0.15,0.01,0.14,7,0.23,-1.42,0.07,0.71,-0.17,Tough-Track Star,-0.25,False
f8648b9b,R Goodwin,Philippines,9,28,55,50.91,4.0,1,0,2,top_order,0.8,2.1,0.2,0.9,D,D,D,D,Utility Player,4.33,0.71,,,,,,,,-0.49,-0.83,0.0,,,9,-0.83,-1.87,0.0,0.29,,,,True
68e21fb1,Devender Singh,Ghana,16,207,190,108.95,18.82,15,7,6,lower_middle,0.8,9.6,28.1,15.9,C,D,D,C,Utility Player,5.31,0.45,,,,0.01,-0.01,0.4,1.31,-0.49,-0.42,0.42,0.03,-0.17,12,-0.17,-0.93,0.4,0.64,-0.25,Tough-Track Star,-0.29,False
ad2efd29,Khin Aye,Myanmar,27,151,322,46.89,7.19,7,3,6,lower_middle,0.8,1.2,1.0,1.2,D,D,D,D,Utility Player,9.67,0.81,,,,-0.12,0.12,0.05,0.32,-0.32,-0.59,0.02,0.0,-0.56,18,-0.32,-2.21,0.05,0.74,0.09,Conditions-Proof,-0.12,False
2809b390,MV Pavlovic,Serbia,14,92,143,64.34,6.57,9,0,5,upper_middle,0.8,1.2,1.0,1.2,D,D,D,D,Utility Player,5.14,0.5,,,,,,-0.03,0.02,0.36,-0.61,0.0,0.0,0.18,10,0.29,-1.6,0.09,0.65,0.02,Conditions-Proof,0.14,False
c4e205e4,M Vivekanandan,Mongolia,12,75,159,47.17,6.25,8,0,1,top_order,0.8,2.5,0.3,1.1,D,D,D,D,Utility Player,5.42,0.41,,,,,,-0.05,-0.02,0.11,-0.61,0.0,0.0,-0.08,11,-0.18,-2.43,0.0,0.67,-0.2,Tough-Track Star,-0.17,False
871cf744,Deng Jinqi,China,4,53,95,55.79,17.67,2,0,2,top_order,0.8,0.8,26.5,13.2,D,D,D,C,Utility Player,23.75,1.0,,,,,,,,,-0.61,0.15,,,3,,-1.97,0.0,0.66,,,,True
39e9f0c9,B Arora,Malta,39,676,704,96.02,22.53,63,17,2,top_order,0.8,0.7,56.5,27.8,C,D,D,B,Utility Player,6.26,0.35,1.72,,1.72,0.03,-0.03,0.14,0.2,0.19,-0.35,0.82,0.02,0.07,13,0.03,-1.19,0.05,0.77,0.2,Flat-Track Bully,0.11,False
7d15170b,Mohamed Rishwan,Maldives,24,308,366,84.15,12.83,25,12,3,top_order,0.7,1.9,4.4,3.3,D,D,D,D,Utility Player,5.92,0.39,1.19,,1.19,0.05,-0.05,0.28,0.75,-0.3,-0.51,0.03,0.0,-1.21,15,-0.73,-1.4,0.22,0.78,-0.12,Conditions-Proof,0.19,False
4393e047,R Nehonde,Botswana,37,670,693,96.68,22.33,54,12,4,upper_middle,0.7,0.9,60.6,29.6,C,D,D,B+,Utility Player,9.86,0.53,1.97,,1.97,-0.14,0.14,0.19,0.57,-0.06,-0.32,0.72,0.02,0.1,24,0.15,-1.09,0.11,0.83,0.27,Flat-Track Bully,0.07,False
a482add2,KTK Rodrigo,Maldives,12,214,231,92.64,19.45,22,3,4,upper_middle,0.7,2.0,34.6,17.4,C,D,D,C+,Utility Player,11.33,0.59,3.24,,3.24,,,0.14,0.22,-0.09,-0.47,0.3,0.03,-0.33,6,0.03,-1.5,0.05,0.78,0.34,Flat-Track Bully,0.27,False
ae4a47d8,MP Ainsworth,Hungary,11,179,224,79.91,22.38,10,3,4,upper_middle,0.7,0.0,49.6,24.1,C,D,D,B,Utility Player,13.91,0.68,0.96,,0.96,,,0.06,0.07,0.07,-0.44,0.67,0.06,,0,,-1.03,0.22,0.75,-0.31,Tough-Track Star,-0.1,False
2a03bd2f,L Bruce,Gibraltar,41,1015,907,111.91,27.43,106,16,2,top_order,0.7,16.6,58.3,32.9,C+,D,C,B,Utility Player,9.61,0.43,1.56,,1.56,-0.14,0.14,0.35,0.66,0.22,-0.35,1.17,0.03,-0.32,15,-0.09,-0.71,0.27,0.81,-0.27,Tough-Track Star,-0.63,False
c45701b6,MP Biddappa,Philippines,5,63,101,62.38,15.75,4,1,3,top_order,0.6,1.6,26.2,13.0,D,D,D,C,Utility Player,15.8,0.78,,,,,,,,,-0.67,0.15,,,5,-0.67,-1.37,0.0,0.61,,,,True
8f0c3818,Hassan Khan,Germany,6,72,61,118.03,18.0,4,3,6,lower_middle,0.6,2.0,18.8,9.9,D,D,D,C,Utility Player,8.67,0.85,0.97,,0.97,,,,,0.0,-0.67,0.1,,,1,,-0.5,0.0,0.54,,,,True
46821fbd,Shahil Momin,Austria,15,231,251,92.03,19.25,14,1,5,upper_middle,0.6,0.1,44.2,21.3,C,D,D,C+,Utility Player,12.47,0.75,1.03,,1.03,-0.33,0.33,0.06,0.16,0.27,-0.45,0.44,0.03,-0.27,8,-0.42,-1.2,0.19,0.73,0.12,Conditions-Proof,-0.0,False
c343a8c6,H Lin Aung,Myanmar,28,187,301,62.13,6.93,9,10,4,upper_middle,0.6,3.8,0.1,1.3,D,D,D,D,Utility Player,5.96,0.55,,,,-0.26,0.26,0.01,0.11,-0.04,-0.57,0.12,0.0,0.1,15,0.17,-2.37,0.0,0.73,-0.18,Conditions-Proof,0.33,False
c4f8d754,L Erdenebulgan,Mongolia,13,20,116,17.24,1.54,1,0,8,lower_order,0.6,1.2,0.1,0.5,D,D,D,D,Utility Player,4.92,0.55,,,,,,-0.23,-0.21,0.35,-0.88,0.0,0.0,0.02,12,0.05,-3.21,0.0,0.7,-0.5,Tough-Track Star,-0.15,False
a71d0f89,R Chopra,United Arab Emirates,32,638,552,115.58,23.63,47,24,4,upper_middle,0.6,7.2,62.3,31.8,C+,D,D,B+,Utility Player,8.72,0.51,1.43,,1.43,-0.04,0.04,0.42,1.22,-0.1,-0.36,0.8,0.02,0.5,21,0.12,-0.75,0.32,0.8,0.14,Conditions-Proof,0.28,False
947346d8,G Ganbold,Mongolia,13,44,121,36.36,3.67,1,0,1,top_order,0.6,0.2,0.5,0.6,D,D,D,D,Utility Player,6.85,0.74,,,,,,-0.09,-0.05,0.14,-0.59,0.0,0.0,-0.45,12,-0.73,-2.95,0.0,0.67,-0.67,Tough-Track Star,-0.35,False
ab23a6a1,Syed Haider,United Arab Emirates,12,160,147,108.84,17.78,10,6,5,upper_middle,0.6,2.0,42.7,20.8,C,D,D,C+,Utility Player,5.83,0.48,0.77,,0.77,-0.17,0.17,0.24,0.35,0.13,-0.39,0.37,0.03,-0.09,5,-0.04,-0.95,0.17,0.65,-0.32,Tough-Track Star,-0.38,False
d6a2f3a5,A Magdalenic,Croatia,14,36,90,40.0,3.0,3,0,7,lower_middle,0.5,1.4,0.2,0.6,D,D,D,D,Utility Player,4.64,0.72,,,,,,-0.11,0.0,-0.07,-0.73,0.0,0.0,0.18,6,0.28,-2.87,0.0,0.55,0.41,Flat-Track Bully,0.35,False
1bae756b,ADS Fletcher,West Indies,56,973,879,110.69,19.46,65,53,2,top_order,0.5,21.8,18.3,14.5,D,D,C,C,Utility Player,6.91,0.44,1.36,,1.36,-0.25,0.25,0.29,1.48,-0.27,-0.49,0.51,0.01,-0.24,17,-0.28,-1.15,0.16,0.8,0.23,Flat-Track Bully,0.08,False
9e3575ce,N Nuntarach,Thailand,29,187,300,62.33,7.19,10,1,3,top_order,0.5,0.5,0.2,0.7,D,D,D,D,Utility Player,5.59,0.54,,,,0.01,-0.01,0.03,0.19,0.14,-0.53,0.0,0.0,0.04,12,-0.0,-2.24,0.0,0.74,-0.14,Conditions-Proof,,False
d2ebebbe,Kazim Somani,Malawi,14,164,192,85.42,18.22,14,1,5,upper_middle,0.5,0.7,54.4,25.8,C,D,D,B,Utility Player,7.43,0.54,,,,0.19,-0.19,0.21,0.37,0.23,-0.35,0.68,0.05,-0.34,5,-0.3,-1.29,0.0,0.64,-0.14,Conditions-Proof,-0.09,False
35971419,Waqas Khan,Hong Kong,14,164,189,86.77,16.4,6,5,5,upper_middle,0.5,0.5,43.8,20.8,C,D,D,C+,Utility Player,9.64,0.71,2.88,,2.88,-0.16,0.16,0.07,0.23,-0.58,-0.44,0.39,0.03,0.14,6,0.05,-1.5,0.07,0.73,-0.01,Conditions-Proof,0.0,False
400cf68e,S Mba,Nigeria,7,105,144,72.92,21.0,11,1,1,top_order,0.5,3.3,40.8,20.5,C,D,D,C+,Utility Player,6.43,0.31,,,,,,,,0.22,-0.46,0.36,,,4,,-1.21,0.0,0.61,,,,True
b0e16d9b,N Naranbaatar,Mongolia,11,16,87,18.39,1.6,1,0,7,lower_middle,0.5,1.1,0.1,0.5,D,D,D,D,Utility Player,7.18,0.91,,,,,,-0.23,-0.21,0.5,-0.9,0.0,0.0,0.1,10,0.16,-3.34,0.0,0.64,-0.05,Conditions-Proof,-0.21,False
3957a70a,GP Meade,Italy,29,343,338,101.48,15.59,24,9,6,lower_middle,0.5,2.3,11.5,6.7,D,D,D,D,Utility Player,5.48,0.47,0.59,,0.59,-0.11,0.11,0.5,1.77,0.1,-0.37,0.25,0.01,-0.24,23,-0.52,-1.17,0.12,0.82,-0.35,Tough-Track Star,-0.68,False
c4e73ff1,KH Prajapati,Oman,43,816,756,107.94,21.47,80,26,1,top_order,0.5,44.0,56.6,36.4,C+,D,C+,B,Utility Player,4.95,0.28,1.13,,1.13,0.08,-0.08,0.28,0.58,-0.09,-0.32,0.87,0.02,0.52,13,0.13,-0.91,0.27,0.77,-0.22,Tough-Track Star,-0.16,False
49f6d023,AL Stephen,Vanuatu,8,14,38,36.84,2.0,0,0,7,lower_middle,0.4,1.4,0.5,0.7,D,D,D,D,Utility Player,4.0,0.84,,,,,,,,0.22,-0.88,0.0,,-0.18,7,-0.29,-2.97,0.0,0.29,,,,True
4aef496b,Nazimuddin,Bangladesh,7,178,158,112.66,25.43,13,10,2,top_order,0.4,9.3,36.8,20.6,C,D,D,C+,Utility Player,13.0,0.58,1.46,,1.46,,,,,,-0.52,0.21,,,2,,-0.1,0.36,0.71,,,,True
2dde3e62,J Bulele,Mozambique,13,359,373,96.25,32.64,43,1,1,top_order,0.4,0.9,55.3,29.0,C,D,D,B,Utility Player,10.85,0.38,1.9,,1.9,-0.4,0.4,0.13,0.27,-0.42,-0.38,0.9,0.07,0.37,12,0.58,-1.11,0.06,0.81,-0.15,Conditions-Proof,0.0,False
a2eac9df,Waqas Barkat,Hong Kong,25,259,281,92.17,11.77,20,0,5,upper_middle,0.4,2.0,2.9,2.4,D,D,D,D,Utility Player,5.72,0.51,,,,-0.25,0.25,0.26,0.54,0.39,-0.45,0.03,0.0,0.44,15,0.25,-1.53,0.06,0.77,-0.22,Tough-Track Star,-0.32,False
a138f597,Ali Masood,Estonia,24,436,438,99.54,18.96,42,9,3,top_order,0.4,0.9,39.9,19.6,C,D,D,C+,Utility Player,10.12,0.55,1.08,,1.08,-0.01,0.01,0.24,0.57,0.04,-0.39,0.47,0.02,-0.12,13,-0.18,-0.92,0.23,0.78,-0.29,Tough-Track Star,-0.2,False
b5bd99da,Azhar Andani,Portugal,11,258,242,106.61,25.8,30,1,2,top_order,0.4,1.0,44.7,22.6,C,D,D,C+,Utility Player,5.64,0.26,3.05,,3.05,,,0.52,1.27,-0.28,-0.42,0.53,0.05,-0.98,5,-0.26,-1.0,0.19,0.75,0.44,Flat-Track Bully,0.46,False
72275237,Anjar Tadarus,Indonesia,55,622,704,88.35,13.52,63,14,2,top_order,0.4,1.8,5.8,4.1,D,D,D,D,Utility Player,5.96,0.47,1.07,,1.07,0.03,-0.03,0.3,0.42,0.02,-0.39,0.22,0.0,-0.51,10,-0.11,-1.69,0.05,0.79,-0.24,Tough-Track Star,-0.17,False
7fe9a7e6,Y Jalloh,Sierra Leone,16,234,269,86.99,15.6,19,1,3,top_order,0.4,2.2,16.4,8.8,D,D,D,C,Utility Player,10.44,0.62,1.19,,1.19,0.23,-0.23,0.03,0.13,-0.2,-0.49,0.18,0.01,-0.05,8,0.01,-1.42,0.16,0.72,0.38,Flat-Track Bully,0.47,False
d8dccff5,JP Kaltapau,Vanuatu,19,326,345,94.49,20.38,23,5,2,top_order,0.4,0.4,43.1,21.0,C,D,D,C+,Utility Player,9.95,0.55,2.38,,2.38,-0.32,0.32,0.1,0.23,-0.45,-0.4,0.45,0.02,-0.21,17,-0.29,-1.17,0.21,0.75,0.2,Flat-Track Bully,0.06,False
8c2ce459,D Mendonca,Timor-Leste,7,18,89,20.22,2.57,1,0,4,upper_middle,0.4,1.6,0.3,0.6,D,D,D,D,Utility Player,12.71,1.0,,,,,,,,0.0,-0.89,0.0,,,2,,-3.02,0.0,0.64,,,,True
4b83e65a,AR Balla,Cameroon,12,32,117,27.35,3.56,0,0,3,top_order,0.4,0.5,0.8,0.7,D,D,D,D,Utility Player,8.75,0.9,,,,,,-0.17,-0.11,0.47,-0.82,0.0,0.0,0.19,11,0.32,-2.75,0.0,0.7,-0.42,Conditions-Proof,0.0,False
af19aa66,PK Matautaava,Vanuatu,19,368,288,127.78,21.65,27,19,3,top_order,0.3,3.6,18.2,10.6,D,D,D,C,Utility Player,4.95,0.33,1.76,1.3,1.62,-0.06,0.06,1.08,2.92,-0.72,-0.47,0.21,0.01,0.14,11,-0.01,-0.73,0.35,0.71,0.63,Flat-Track Bully,0.81,False
7923a51d,Mohammad Naim,Bangladesh,35,839,809,103.71,25.42,74,18,1,top_order,0.3,0.0,76.1,36.9,C+,D,D,A,Strike Rotator,7.89,0.34,1.13,,1.13,0.06,-0.06,0.3,0.86,0.02,-0.35,0.85,0.02,0.17,7,-0.02,-1.02,0.2,0.76,0.02,Conditions-Proof,0.1,False
14b14cd8,DM Bravo,West Indies,22,405,379,106.86,21.32,32,14,4,upper_middle,0.3,1.6,64.8,31.2,C+,D,D,B+,Utility Player,10.05,0.58,0.31,,0.31,-0.41,0.41,0.23,0.45,-0.11,-0.35,0.59,0.03,-0.21,7,-0.13,-0.79,0.25,0.79,0.15,Conditions-Proof,0.06,False
6caae2dc,Omar Rassol,Bulgaria,20,291,247,117.81,17.12,23,18,6,lower_middle,0.3,16.7,7.7,7.9,D,D,C,D,Utility Player,6.3,0.51,2.33,1.27,2.02,0.13,-0.13,0.5,0.72,0.02,-0.53,0.33,0.02,-1.17,15,-0.15,-0.62,0.38,0.71,-0.09,Conditions-Proof,-0.15,False
5fbd0632,SA Wijeratne,Canada,13,261,214,121.96,21.75,38,2,2,top_order,0.3,7.6,39.1,20.7,C,D,D,C+,Utility Player,5.69,0.35,0.89,,0.89,-0.17,0.17,0.39,0.44,0.53,-0.45,0.36,0.03,-0.34,6,-0.35,-0.68,0.38,0.74,-0.43,Tough-Track Star,,False
29ee9bf9,K Nassoro,Tanzania,56,855,867,98.62,18.59,80,15,5,upper_middle,0.2,0.7,46.1,22.5,C,D,D,B,Utility Player,6.66,0.43,1.69,,1.69,-0.24,0.24,0.45,2.79,0.25,-0.36,0.5,0.01,0.28,31,0.12,-0.99,0.11,0.81,-0.14,Conditions-Proof,-0.14,False
30564b3e,Mazharul Islam,Seychelles,14,220,231,95.24,20.0,28,1,1,top_order,0.2,0.8,24.6,12.6,D,D,D,C,Utility Player,3.21,0.19,1.5,,1.5,0.25,-0.25,0.24,0.53,0.24,-0.53,0.23,0.02,,14,-0.51,-1.14,0.1,0.7,-0.16,Conditions-Proof,0.01,False
fb31ca49,O Manishimwe,Rwanda,61,968,1049,92.28,17.29,91,24,1,top_order,0.2,2.3,32.3,16.6,C,D,D,C+,Utility Player,6.02,0.35,1.41,,1.41,-0.04,0.04,0.25,0.49,0.1,-0.37,0.5,0.01,-0.43,20,-0.13,-1.34,0.14,0.81,-0.12,Conditions-Proof,-0.24,False
bb4b445b,Hussain Talat,Pakistan,22,441,387,113.95,22.05,41,5,3,top_order,0.2,0.2,57.0,27.5,C,D,D,B,Utility Player,6.64,0.38,1.63,,1.63,-0.01,0.01,0.24,0.5,0.19,-0.47,0.47,0.02,,3,,-0.8,0.26,0.77,-0.13,Conditions-Proof,-0.13,False
0f72f582,LB Ferbrache,Guernsey,19,258,286,90.21,18.43,12,4,6,lower_middle,0.2,0.2,54.9,25.9,C,D,D,B,Utility Player,8.68,0.58,1.85,,1.85,-0.2,0.2,0.27,0.7,0.23,-0.46,0.75,0.04,0.16,12,0.12,-1.08,0.11,0.79,-0.44,Tough-Track Star,-0.38,False
3e06e7ac,Azyan Farhath,Maldives,32,726,866,83.83,27.92,53,11,1,top_order,0.2,0.1,66.8,33.1,C+,D,D,B+,Utility Player,11.25,0.42,1.34,,1.34,0.03,-0.03,0.16,0.25,0.69,-0.32,1.34,0.04,-0.18,17,-0.21,-1.27,0.07,0.79,-0.3,Tough-Track Star,-0.16,False
de6b3760,Festus Benn,Bahamas,20,246,317,77.6,17.57,24,2,2,top_order,0.2,0.9,38.9,18.8,C,D,D,C+,Utility Player,6.3,0.4,,,,0.02,-0.02,0.24,0.59,-0.06,-0.42,0.39,0.02,-0.32,18,-0.15,-1.02,0.14,0.71,-0.1,Conditions-Proof,,False
eeb78e0a,D Gumyusenge,Rwanda,30,445,440,101.14,16.48,36,18,4,upper_middle,0.2,13.7,3.7,5.5,D,D,D,D,Utility Player,4.3,0.29,1.27,,1.27,-0.03,0.03,0.32,0.53,-0.27,-0.45,0.22,0.01,-0.76,9,-0.24,-1.27,0.13,0.71,0.09,Conditions-Proof,-0.2,False
1d8a3ca6,B Namsrai,Mongolia,11,15,72,20.83,1.5,2,0,2,top_order,0.2,0.8,0.0,0.3,D,D,D,D,Utility Player,6.55,1.0,,,,,,-0.24,-0.2,0.01,-0.93,0.0,0.0,0.08,10,0.13,-3.21,0.0,0.65,0.45,Flat-Track Bully,0.16,False
6084f6ee,Muhammed Manga,Gambia,8,149,187,79.68,21.29,8,4,1,top_order,0.2,0.2,24.0,12.3,D,D,D,C,Utility Player,2.38,0.1,1.88,,1.88,,,,,0.26,-0.64,0.17,,,8,-0.63,-1.37,0.06,0.78,,,,True
fb34b0ec,WJ Cope,Luxembourg,24,203,198,102.53,10.68,28,0,2,top_order,0.2,1.3,0.3,0.9,D,D,D,D,Utility Player,4.46,0.54,1.25,,1.25,0.08,-0.08,0.13,0.24,0.24,-0.6,0.0,0.0,-0.53,12,-0.0,-1.27,0.07,0.7,0.03,Conditions-Proof,0.05,False
3cbedf51,D Ndikubwimana,Rwanda,71,1198,1436,83.43,18.43,108,17,2,top_order,0.1,0.3,57.1,27.6,C,D,D,B,Utility Player,7.55,0.37,1.52,,1.52,-0.14,0.14,0.18,0.36,0.04,-0.34,0.72,0.01,-0.27,25,-0.07,-1.48,0.07,0.77,-0.0,Conditions-Proof,-0.02,False
b91083bd,Abhijeet Ahuja,Hungary,16,313,322,97.2,20.87,25,7,2,top_order,0.1,0.2,35.4,17.5,C,D,D,C+,Utility Player,7.25,0.36,1.71,,1.71,-0.09,0.09,0.06,0.11,0.22,-0.48,0.37,0.02,-0.0,7,0.02,-1.02,0.12,0.75,-0.16,Tough-Track Star,-0.12,False
39e599c8,A McAuley,Isle of Man,18,304,334,91.02,17.88,26,2,1,top_order,0.1,0.1,22.0,11.0,D,D,D,C,Utility Player,4.61,0.25,0.96,,0.96,0.04,-0.04,0.2,0.55,-0.42,-0.49,0.24,0.01,-0.03,9,-0.21,-1.04,0.13,0.74,0.31,Conditions-Proof,0.0,False
7cff331d,RR Sharan,Cambodia,15,270,271,99.63,20.77,20,16,3,top_order,0.1,6.5,17.1,10.4,D,D,D,C,Utility Player,4.07,0.23,1.67,,1.67,0.59,-0.59,0.23,0.5,0.35,-0.5,0.23,0.02,,1,,-0.92,0.31,0.67,-0.14,Conditions-Proof,-0.05,False
21549344,K Motlanka,Botswana,37,854,817,104.53,24.4,87,17,1,top_order,0.1,0.9,63.0,30.9,C+,D,D,B+,Utility Player,7.11,0.32,1.95,,1.95,-0.04,0.04,0.51,1.68,-0.07,-0.3,0.89,0.02,0.17,21,-0.16,-1.05,0.18,0.78,-0.09,Conditions-Proof,-0.11,False
3a60e0b5,WD Parnell,South Africa,21,174,180,96.67,17.4,13,4,7,lower_middle,0.0,0.2,60.5,28.2,C,D,D,B+,Utility Player,4.48,0.52,,,,-0.18,0.18,0.55,0.01,0.12,-0.47,0.62,0.03,0.43,5,0.17,-1.23,0.22,0.62,-0.08,Conditions-Proof,0.09,False
d5ae21a2,KD Shah,Hong Kong,43,684,641,106.71,19.0,52,16,4,upper_middle,0.0,2.8,28.0,14.7,D,D,D,C,Utility Player,6.6,0.44,1.6,,1.6,-0.0,0.0,0.38,1.18,0.31,-0.35,0.4,0.01,0.56,25,0.43,-1.02,0.19,0.8,-0.06,Conditions-Proof,-0.17,False
