bowler_id,bowler,country,matches,total_overs,total_wickets,career_economy,career_sr_bowl,phase_group,score_accuracy,score_control,score_threat,overall_score,overall_grade,grade_accuracy,grade_control,grade_threat,archetype,avg_wicket_quality_mean,bowled_lbw_pct,peak_composite_bowling,peak_window_composite,flat_track_index_bowl,war_bowling,war_bowling_rate,clutch_index_bowl,pressure_spells,avg_dominance_bowl,pct_dominant_bowl,bowl_first_index,bowl_second_index,condition_dependence_index_bowl,condition_dependence_tag_bowl,condition_spread_bowl,is_provisional_bowl
0a8fce53,Mustafizur Rahman,Bangladesh,114,416.0,163,7.46,15.31,middle_heavy,92.9,92.1,88.1,91.4,A+,A+,A+,A+,Death Specialist,0.75,0.24,0.56,0.81,-0.17,2.76,0.02,-0.25,24,-1.1,0.81,0.05,-0.05,-0.21,Flat-Track Leaker,-0.21,False
0dc00542,Shahid Afridi,Pakistan,93,350.67,103,6.78,20.43,middle_heavy,92.3,94.6,75.7,88.0,A+,A+,A+,A,Death Specialist,0.84,0.5,0.67,0.78,0.05,2.69,0.03,-0.09,15,-1.01,0.89,-0.06,0.06,0.1,Conditions-Proof,0.13,False
462411b3,JJ Bumrah,India,89,325.67,123,6.87,15.89,pp_heavy,90.5,92.3,92.6,92.2,A+,A+,A+,A+,Death Specialist,0.87,0.41,0.93,0.95,0.03,2.67,0.03,0.05,11,-0.98,0.82,-0.17,0.17,-0.06,Conditions-Proof,-0.05,False
9cb8d7a6,Imad Wasim,Pakistan,70,244.0,77,6.34,19.01,middle_heavy,89.9,91.2,86.4,89.5,A+,A+,A+,A+,Death Specialist,0.87,0.39,1.05,1.04,0.16,3.14,0.04,0.01,5,-1.22,0.88,0.04,-0.04,0.09,Conditions-Proof,0.1,False
99cddc5e,GH Dockrell,Ireland,78,220.5,82,6.92,16.13,middle_heavy,88.5,88.7,58.2,78.7,A,A+,A+,B,Utility Player,0.72,0.2,0.61,1.12,0.29,3.14,0.04,-0.05,28,-1.0,0.83,-0.02,0.02,0.06,Conditions-Proof,0.15,False
a12e1d51,SL Malinga,Sri Lanka,83,302.0,124,7.63,14.61,pp_heavy,88.3,82.8,83.5,85.0,A+,A+,A,A,Death Specialist,0.8,0.44,0.58,0.8,0.11,2.12,0.03,0.08,17,-0.86,0.81,-0.05,0.05,0.07,Conditions-Proof,0.07,False
2e81a32d,B Kumar,India,85,294.5,92,7.25,19.21,pp_heavy,88.0,91.3,76.2,85.5,A+,A+,A+,A,Death Specialist,0.8,0.28,0.82,0.91,-0.08,2.23,0.03,-0.17,14,-1.02,0.84,-0.22,0.22,-0.17,Flat-Track Leaker,-0.2,False
05d74535,Saeed Ajmal,Pakistan,63,238.33,94,6.56,15.21,middle_heavy,88.0,88.5,85.7,87.6,A+,A+,A+,A+,Death Specialist,0.86,0.27,0.88,0.57,-0.04,2.66,0.04,-0.29,13,-1.25,0.95,-0.07,0.07,-0.0,Conditions-Proof,-0.01,False
afe57f7a,SC Williams,Zimbabwe,69,182.0,48,7.05,22.75,middle_heavy,87.4,87.6,10.2,61.9,B+,A+,A+,D,Spin Restrictor,0.6,0.25,0.51,0.48,0.04,2.23,0.03,-0.0,18,-0.8,0.78,0.1,-0.1,0.07,Conditions-Proof,0.03,False
9d430b40,SP Narine,West Indies,46,172.67,51,6.12,20.31,middle_heavy,87.1,87.4,69.5,81.5,A,A+,A+,B+,Utility Player,0.64,0.22,1.01,0.86,0.1,2.65,0.06,-0.07,12,-1.28,0.89,-0.18,0.18,-0.13,Conditions-Proof,0.02,False
f19ccfad,Washington Sundar,India,52,162.33,52,6.99,18.73,middle_heavy,86.3,87.2,76.3,83.4,A,A+,A+,A,Death Specialist,0.89,0.23,0.67,1.13,0.03,2.63,0.05,,3,-0.98,0.77,-0.07,0.07,0.12,Conditions-Proof,0.18,False
76388dc8,S Badree,West Indies,48,176.0,55,6.43,19.2,pp_heavy,85.4,87.4,81.0,84.7,A,A+,A+,A,Death Specialist,0.93,0.35,1.05,0.97,0.07,2.5,0.05,-0.12,8,-1.26,0.84,-0.04,0.04,-0.0,Conditions-Proof,0.0,False
a2421394,AC Agar,Australia,48,169.67,54,6.67,18.85,middle_heavy,84.9,85.2,65.8,78.6,A,A,A+,B+,Utility Player,0.74,0.28,0.64,0.75,-0.02,2.32,0.05,,2,-1.03,0.83,-0.63,0.63,0.08,Conditions-Proof,-0.02,False
d7c6af50,DL Vettori,New Zealand,34,132.17,40,5.94,19.82,middle_heavy,84.1,84.6,70.4,79.7,A,A,A,B+,Death Specialist,0.88,0.38,1.21,1.31,-0.09,2.69,0.08,-0.15,7,-1.08,0.94,0.16,-0.16,-0.08,Conditions-Proof,-0.1,False
d3851cd8,Ehsan Khan,Hong Kong,95,347.33,144,6.46,14.47,middle_heavy,83.7,82.3,83.6,83.2,A,A,A,A,Death Specialist,0.89,0.49,0.92,0.86,0.01,3.13,0.03,0.04,41,-1.27,0.9,0.03,-0.03,-0.05,Conditions-Proof,-0.02,False
221ad9d9,GP Swann,England,37,131.0,51,6.59,15.41,middle_heavy,83.3,84.1,72.5,80.0,A,A,A,B+,Death Specialist,1.05,0.12,0.81,0.44,0.02,2.38,0.06,-0.21,8,-1.13,0.81,0.07,-0.07,-0.12,Conditions-Proof,-0.13,False
7dc35884,Shakib Al Hasan,Bangladesh,110,396.33,138,7.11,17.23,middle_heavy,83.3,83.8,76.7,81.3,A,A,A,A,Death Specialist,0.86,0.29,0.72,0.85,0.01,2.2,0.02,-0.03,24,-0.89,0.82,-0.13,0.13,0.17,Tough-Track Enforcer,0.07,False
3086f7a4,Mohammad Nawaz,Pakistan,62,197.33,74,7.41,16.0,middle_heavy,83.0,84.3,84.6,84.0,A,A,A,A,Death Specialist,0.81,0.34,0.65,1.01,-0.02,2.42,0.04,-0.04,9,-0.77,0.77,-0.24,0.24,-0.0,Conditions-Proof,-0.05,False
1747ea18,DS Airee,Nepal,66,192.33,71,6.24,16.25,middle_heavy,82.8,83.5,78.2,81.5,A,A,A,A,Death Specialist,0.64,0.25,0.79,0.73,0.18,3.03,0.05,-0.11,19,-1.0,0.83,-0.33,0.33,0.16,Conditions-Proof,0.01,False
7d608e12,DM de Silva,Sri Lanka,26,50.67,18,6.85,16.89,middle_heavy,82.8,82.4,67.6,77.6,A,A,A,B+,Utility Player,0.69,0.17,0.71,1.44,0.08,2.56,0.1,0.02,5,-0.27,0.67,0.21,-0.21,-0.08,Conditions-Proof,-0.28,False
26d041c4,Sikandar Raza,Zimbabwe,102,316.0,101,7.07,18.77,middle_heavy,82.6,89.3,65.9,79.5,A,A,A+,B+,Utility Player,0.62,0.46,0.49,0.36,-0.13,2.29,0.02,0.07,35,-0.81,0.78,0.23,-0.23,-0.1,Conditions-Proof,-0.03,False
ea0cdc12,BAW Mendis,Sri Lanka,37,139.5,61,6.77,13.72,middle_heavy,82.4,80.0,83.7,82.0,A,A,A,A,Death Specialist,0.9,0.46,0.75,1.06,0.06,2.51,0.07,-0.44,6,-1.06,0.76,-0.11,0.11,0.09,Conditions-Proof,0.1,False
7c503806,J Botha,South Africa,39,129.0,40,6.57,19.35,middle_heavy,81.8,85.0,64.8,77.2,A,A,A+,B+,Utility Player,0.75,0.32,0.73,1.02,0.41,2.22,0.06,0.19,10,-1.08,0.84,-0.08,0.08,0.06,Conditions-Proof,0.05,False
8b5b6769,Harbhajan Singh,India,26,98.0,28,6.39,21.0,middle_heavy,81.1,79.9,56.2,72.4,B+,A,A,B,Utility Player,0.71,0.36,0.92,0.81,-0.16,2.12,0.08,,2,-1.09,0.79,0.43,-0.43,0.11,Conditions-Proof,0.14,False
acee4cc4,Imran Tahir,South Africa,37,137.83,62,6.89,13.34,middle_heavy,80.9,84.0,83.6,82.8,A,A,A,A,Death Specialist,0.94,0.35,1.06,0.83,-0.15,2.57,0.07,-0.22,7,-1.08,0.9,-0.24,0.24,-0.06,Conditions-Proof,-0.11,False
9dad0f2e,Mahedi Hasan,Bangladesh,65,231.83,71,6.85,19.59,middle_heavy,80.9,82.7,85.4,83.0,A,A,A,A+,Death Specialist,0.84,0.35,0.66,0.65,-0.08,2.38,0.04,-0.1,16,-0.91,0.73,-0.1,0.1,-0.16,Flat-Track Leaker,-0.11,False
fd835ab3,DJ Hussey,Australia,25,60.17,21,6.75,17.19,middle_heavy,80.6,81.2,60.5,74.1,B+,A,A,B+,Utility Player,0.58,0.29,0.7,0.62,0.09,2.2,0.09,,1,-1.02,0.83,-0.21,0.21,-0.14,Conditions-Proof,-0.22,False
db584dad,CH Gayle,West Indies,30,63.5,20,7.1,19.05,middle_heavy,80.5,80.5,50.9,70.6,B+,A,A,B,Spin Restrictor,0.56,0.3,0.22,0.76,0.26,1.96,0.07,-0.19,7,-0.81,0.81,-0.02,0.02,0.43,Tough-Track Enforcer,0.52,False
469ea22b,KMDN Kulasekara,Sri Lanka,56,197.17,72,7.57,16.43,pp_heavy,80.4,73.9,76.6,77.0,A,A,B+,A,Powerplay Enforcer,0.96,0.28,0.51,0.39,0.06,1.81,0.03,-0.09,10,-0.92,0.71,0.15,-0.15,-0.09,Conditions-Proof,-0.03,False
f24c6701,M Theekshana,Sri Lanka,78,293.17,86,7.21,20.45,pp_heavy,80.3,84.6,60.3,75.1,A,A,A,B+,Utility Player,0.78,0.44,0.77,0.75,-0.13,1.78,0.02,-0.21,15,-0.83,0.79,0.03,-0.03,0.04,Conditions-Proof,0.01,False
5673a3fc,NL McCullum,New Zealand,59,187.17,63,6.9,17.83,middle_heavy,79.8,86.1,61.6,75.9,A,A,A+,B+,Utility Player,0.82,0.21,0.6,0.6,-0.17,2.08,0.04,-0.08,9,-0.91,0.81,0.0,-0.0,-0.22,Flat-Track Leaker,-0.14,False
03806cf8,JR Hazlewood,Australia,57,217.67,79,7.62,16.53,pp_heavy,78.8,84.5,86.6,83.4,A,A,A,A+,Death Specialist,0.87,0.23,0.76,0.65,0.09,2.17,0.04,,3,-0.93,0.78,0.15,-0.15,-0.3,Flat-Track Leaker,-0.14,False
415d30b6,Virandeep Singh,Malaysia,81,247.5,110,5.73,13.5,middle_heavy,78.8,78.8,78.0,78.5,A,A,A,A,Death Specialist,0.67,0.29,0.62,0.48,-0.19,3.65,0.05,-0.33,30,-1.44,0.9,0.26,-0.26,0.11,Conditions-Proof,0.0,False
64d43928,Sohail Tanvir,Pakistan,55,194.33,59,7.5,19.76,pp_heavy,78.8,67.8,36.8,61.1,B+,A,B+,C+,Restrictive Spinner,0.8,0.24,0.19,0.15,0.16,1.39,0.03,-0.18,10,-0.91,0.8,-0.03,0.03,0.06,Conditions-Proof,-0.03,False
cf494ffe,PR Stirling,Ireland,35,79.0,18,7.3,26.33,middle_heavy,78.8,79.5,31.0,63.1,B+,A,A,C+,Economical,0.52,0.22,0.2,0.66,0.35,2.03,0.06,-0.16,8,-0.65,0.69,0.8,-0.8,0.05,Conditions-Proof,0.08,False
49118dc7,SO Ngoche,Kenya,79,269.67,104,6.29,15.56,middle_heavy,78.6,79.3,75.1,77.7,A,A,A,A,Death Specialist,0.85,0.3,0.6,0.65,-0.05,2.89,0.04,-0.18,46,-1.13,0.85,-0.05,0.05,0.18,Tough-Track Enforcer,0.24,False
78fcc740,Pavandeep Singh,Malaysia,78,289.83,102,6.07,17.05,pp_heavy,78.5,78.7,77.6,78.3,A,A,A,A,Death Specialist,0.99,0.34,0.9,0.85,-0.08,3.15,0.04,0.06,30,-1.6,0.93,0.05,-0.05,-0.35,Flat-Track Leaker,-0.22,False
16dfcc19,Umar Gul,Pakistan,58,193.5,94,7.63,12.35,middle_heavy,78.4,61.8,88.7,76.5,A,A,B+,A+,Powerplay Enforcer,0.71,0.45,0.28,0.87,0.12,2.21,0.04,-0.55,10,-0.93,0.8,0.08,-0.08,0.11,Conditions-Proof,0.14,False
f0e293b0,Zahoor Khan,United Arab Emirates,46,167.5,64,7.07,15.7,middle_heavy,78.3,76.4,60.7,71.8,B+,A,A,B+,Utility Player,0.84,0.36,0.52,0.38,0.21,2.15,0.05,-0.17,23,-1.01,0.81,-0.13,0.13,0.07,Conditions-Proof,0.17,False
2e8994e7,JP Duminy,South Africa,41,77.17,22,7.87,21.05,middle_heavy,77.9,75.2,35.8,63.0,B+,A,A,C+,Restrictive Spinner,0.5,0.27,0.16,1.44,-0.09,1.63,0.04,0.45,8,-0.39,0.62,-0.36,0.36,-0.16,Flat-Track Leaker,-0.46,False
29b89ae8,WB Rankin,Ireland,40,145.0,48,6.66,18.12,pp_heavy,77.9,77.5,64.2,73.2,B+,A,A,B+,Utility Player,0.82,0.29,0.67,0.59,-0.17,1.99,0.05,-0.04,18,-1.04,0.86,-0.06,0.06,0.04,Conditions-Proof,0.11,False
46a7ac78,DM Nakrani,Uganda,70,236.17,100,5.85,14.17,middle_heavy,77.9,77.7,77.2,77.6,A,A,A,A,Death Specialist,0.82,0.56,0.69,0.62,0.11,3.42,0.05,0.26,36,-1.41,0.87,0.02,-0.02,-0.12,Conditions-Proof,-0.01,False
e741ed8f,Rizwan Butt,Bahrain,87,313.17,141,7.0,13.33,pp_heavy,77.1,76.2,79.7,77.7,A,A,A,A,Death Specialist,0.82,0.52,0.58,0.59,-0.11,2.76,0.03,-0.24,27,-1.29,0.84,0.04,-0.04,-0.06,Conditions-Proof,-0.08,False
8fd1a8f5,DW Steyn,South Africa,46,166.17,67,7.28,14.88,pp_heavy,77.1,78.6,78.4,78.0,A,A,A,A,Death Specialist,0.95,0.3,0.64,0.85,-0.36,1.86,0.04,0.09,12,-0.91,0.76,-0.06,0.06,-0.22,Flat-Track Leaker,-0.1,False
2f9d0389,LH Ferguson,New Zealand,48,167.33,72,7.48,13.94,pp_heavy,76.9,81.7,85.3,81.3,A,A,A,A+,Death Specialist,0.88,0.35,0.78,1.51,-0.1,2.14,0.04,,4,-1.0,0.68,-0.09,0.09,0.04,Conditions-Proof,-0.05,False
2b7609f1,H Ssenyondo,Uganda,78,270.17,105,5.49,15.44,middle_heavy,76.9,76.8,74.4,76.0,A,A,A,B+,Death Specialist,0.7,0.39,0.48,0.7,0.01,3.33,0.04,-0.26,32,-1.61,0.91,0.2,-0.2,-0.07,Conditions-Proof,-0.17,False
0cfb42b5,Abdul Majid Abbasi,Bahrain,74,262.67,75,5.68,21.01,middle_heavy,76.8,77.2,66.3,73.4,B+,A,A,B+,Utility Player,0.8,0.33,0.71,0.35,-0.23,3.09,0.04,-0.18,25,-1.23,0.87,-0.1,0.1,-0.05,Conditions-Proof,-0.19,False
249d60c9,AU Rashid,England,136,499.0,165,7.6,18.15,middle_heavy,76.6,92.6,86.0,85.4,A+,A,A+,A+,Death Specialist,0.96,0.26,0.8,1.16,0.0,2.38,0.02,-0.22,11,-0.95,0.8,0.12,-0.12,-0.03,Conditions-Proof,0.01,False
87e33d07,F Nsubuga,Uganda,63,215.0,71,4.73,18.17,pp_heavy,76.3,76.4,76.0,76.2,A,A,A,A,Death Specialist,0.83,0.61,0.75,0.78,0.02,3.64,0.06,-0.07,32,-1.74,0.89,-0.11,0.11,-0.19,Flat-Track Leaker,-0.15,False
ecdd8d60,Yasin Patel,Kuwait,54,200.33,70,6.08,17.17,pp_heavy,76.3,77.1,73.8,75.7,A,A,A,B+,Death Specialist,0.86,0.36,1.03,0.85,0.16,2.86,0.05,-0.06,23,-1.31,0.9,0.04,-0.04,0.14,Conditions-Proof,0.16,False
4c4fa80b,SMSM Senanayake,Sri Lanka,23,81.0,27,6.94,18.0,middle_heavy,76.3,73.8,70.6,73.6,B+,A,B+,B+,All-Round Threat,0.69,0.26,0.76,0.91,-0.29,1.91,0.08,,4,-0.63,0.69,-0.14,0.14,-0.13,Conditions-Proof,-0.04,False
f28a60e0,Saad Bin Zafar,Canada,61,216.0,79,6.26,16.41,middle_heavy,76.3,77.3,72.3,75.3,A,A,A,B+,Death Specialist,0.91,0.3,0.72,0.42,-0.11,2.48,0.04,0.08,33,-1.1,0.8,0.13,-0.13,0.06,Conditions-Proof,0.09,False
449f4e3c,B Muzarabani,Zimbabwe,76,273.17,92,7.23,17.82,pp_heavy,76.1,81.3,73.0,76.8,A,A,A,B+,Death Specialist,0.88,0.17,0.76,0.6,-0.2,1.92,0.03,-0.1,35,-1.05,0.82,-0.03,0.03,0.17,Tough-Track Enforcer,0.09,False
e85d03d6,BM Scholtz,Namibia,76,265.67,83,6.38,19.2,middle_heavy,76.0,83.2,57.4,72.2,B+,A,A,B,Utility Player,0.92,0.34,0.74,0.51,-0.23,2.18,0.03,0.25,33,-1.21,0.85,-0.27,0.27,-0.09,Conditions-Proof,-0.01,False
4861d29b,Mohammad Naveed,United Arab Emirates,23,84.67,34,5.98,14.94,pp_heavy,76.0,76.7,76.0,76.2,A,A,A,A,Death Specialist,1.0,0.5,1.12,1.26,0.16,2.5,0.11,-0.41,7,-1.59,0.95,-0.08,0.08,0.13,Conditions-Proof,0.12,False
b3b39bed,Aqib Ilyas,Oman,35,116.0,45,6.1,15.47,middle_heavy,75.8,77.3,75.8,76.3,A,A,A,A,Death Specialist,0.82,0.38,0.86,0.74,0.17,2.72,0.08,-0.12,14,-1.08,0.85,0.02,-0.02,0.15,Conditions-Proof,0.03,False
8d2c70ad,Kuldeep Yadav,India,50,180.83,93,7.03,11.67,middle_heavy,75.7,83.2,88.4,82.6,A,A,A,A+,Death Specialist,0.97,0.33,0.93,0.93,0.16,2.69,0.05,-0.53,5,-1.11,0.81,0.4,-0.4,0.25,Tough-Track Enforcer,0.41,False
4557dc54,PA van Meekeren,Netherlands,72,246.0,89,7.46,16.58,pp_heavy,75.4,71.4,63.4,70.1,B+,A,B+,B+,Utility Player,0.79,0.27,0.4,0.56,-0.28,1.7,0.02,-0.06,33,-1.0,0.77,0.08,-0.08,-0.14,Conditions-Proof,-0.12,False
73ad96ed,DJ Hooda,India,7,14.83,6,4.92,14.83,middle_heavy,75.4,75.3,62.4,71.0,B+,A,A,B+,Utility Player,0.28,0.17,,,,2.42,,,0,-0.89,0.83,,,,,,True
596982e6,Ali Dawood,Bahrain,72,257.33,125,6.46,12.35,pp_heavy,75.3,75.6,76.9,75.9,A,A,A,A,Death Specialist,0.85,0.55,0.72,0.4,-0.23,3.13,0.04,-0.17,21,-1.39,0.8,-0.17,0.17,-0.07,Conditions-Proof,-0.04,False
9ab63e7b,Mohammad Hafeez,Pakistan,78,206.17,65,6.72,19.03,middle_heavy,75.3,90.7,70.4,79.1,A,A,A+,B+,Death Specialist,0.71,0.35,0.44,0.93,0.02,2.18,0.03,-0.05,9,-1.01,0.83,-0.16,0.16,-0.04,Conditions-Proof,-0.06,False
2af28253,Vraj Patel,Kenya,57,207.0,84,5.45,14.79,middle_heavy,75.2,74.7,74.4,74.8,B+,A,B+,B+,All-Round Threat,0.87,0.25,1.03,1.18,-0.03,3.25,0.06,0.06,31,-1.51,0.89,-0.38,0.38,-0.18,Flat-Track Leaker,-0.09,False
95a5e066,MG Erasmus,Namibia,59,170.5,72,6.14,14.21,middle_heavy,75.2,81.1,79.9,78.7,A,A,A,A,Death Specialist,0.78,0.22,0.93,0.83,-0.05,2.57,0.04,-0.18,26,-1.24,0.79,0.02,-0.02,-0.13,Conditions-Proof,-0.09,False
64c34cd0,Shoaib Malik,Pakistan,47,87.0,26,7.46,20.08,middle_heavy,75.2,76.4,18.2,56.6,B,A,A,C,Restrictive Spinner,0.48,0.31,-0.12,0.54,0.12,1.52,0.03,0.12,8,-1.03,0.8,-0.09,0.09,0.01,Conditions-Proof,0.01,False
bf1d7d3e,Mahmudullah,Bangladesh,71,139.33,38,7.53,22.0,middle_heavy,75.1,86.9,31.9,64.7,B+,A,A+,C+,Restrictive Spinner,0.48,0.24,0.13,0.64,-0.04,1.8,0.03,0.03,17,-0.71,0.79,-0.02,0.02,0.05,Conditions-Proof,0.0,False
495d42a5,R Ashwin,India,62,230.0,72,7.1,19.17,middle_heavy,74.9,84.1,54.9,71.3,B+,B+,A,B,Utility Player,0.81,0.26,0.61,0.87,-0.25,1.89,0.03,0.04,6,-1.0,0.77,-0.09,0.09,-0.07,Conditions-Proof,-0.06,False
4d84ad05,CJA Amini,Papua New Guinea,42,116.83,38,6.56,18.45,middle_heavy,74.7,76.9,45.9,65.8,B+,B+,A,B,Utility Player,0.59,0.29,0.38,0.21,0.04,2.26,0.05,0.06,27,-1.04,0.8,0.03,-0.03,-0.14,Conditions-Proof,-0.12,False
d2d15439,Aayan Afzal Khan,United Arab Emirates,28,101.33,35,5.81,17.37,middle_heavy,74.7,77.0,73.0,74.9,B+,B+,A,B+,All-Round Threat,0.87,0.34,1.24,0.98,0.03,2.5,0.09,-0.25,5,-1.28,0.9,0.19,-0.19,0.06,Conditions-Proof,-0.03,False
f5180fe6,MG Johnson,Australia,30,109.5,42,7.49,15.64,middle_heavy,74.6,53.1,77.3,68.3,B+,B+,B,A,Powerplay Enforcer,1.01,0.17,0.69,0.44,-0.1,1.78,0.06,,3,-1.06,0.78,-0.07,0.07,-0.24,Flat-Track Leaker,-0.1,False
803dbf1d,A Dutt,Netherlands,30,97.33,31,7.05,18.84,pp_heavy,74.4,77.5,70.0,74.0,B+,B+,A,B+,All-Round Threat,0.96,0.32,0.84,0.52,-0.29,2.13,0.07,-0.16,12,-0.69,0.69,0.3,-0.3,-0.16,Flat-Track Leaker,-0.33,False
b410bd3d,S Lamichhane,Nepal,69,260.83,130,6.46,12.04,middle_heavy,74.4,75.9,83.3,77.9,A,B+,A,A,Powerplay Enforcer,0.93,0.38,0.86,0.78,-0.13,2.66,0.04,0.08,26,-1.32,0.81,0.11,-0.11,-0.1,Conditions-Proof,-0.18,False
30d8136b,AR Ramjani,Uganda,56,202.5,102,4.81,11.91,middle_heavy,74.4,74.4,74.4,74.4,B+,B+,B+,B+,All-Round Threat,1.02,0.45,1.16,0.92,0.06,4.0,0.07,0.0,12,-1.9,0.94,-0.34,0.34,0.07,Conditions-Proof,0.02,False
abb7c76c,Abrar Ahmed,Pakistan,36,131.33,51,6.86,15.45,middle_heavy,74.3,79.5,81.2,78.3,A,B+,A,A,Powerplay Enforcer,0.8,0.47,0.85,0.48,-0.07,2.23,0.06,,4,-1.2,0.75,-0.46,0.46,-0.18,Flat-Track Leaker,-0.08,False
fbd4f01f,AY Patel,New Zealand,7,26.0,11,4.58,14.18,pp_heavy,74.2,73.8,71.8,73.3,B+,B+,B+,B+,All-Round Threat,1.08,0.27,,,-0.06,2.55,,,3,-1.88,1.0,,,,,,True
20481563,MNM Aslam,Kuwait,68,235.5,80,6.22,17.66,middle_heavy,74.2,77.9,63.4,71.8,B+,B+,A,B+,Utility Player,0.84,0.26,0.76,1.24,-0.15,2.44,0.04,0.0,29,-1.26,0.85,-0.11,0.11,-0.13,Conditions-Proof,-0.14,False
3812d56b,MH Yardy,England,13,46.0,12,6.54,23.0,middle_heavy,74.2,75.0,40.9,63.4,B+,B+,A,C+,Utility Player,0.67,0.25,0.8,0.75,-0.34,1.69,0.13,,1,-0.85,0.85,,,-0.32,Flat-Track Leaker,-0.28,False
a818c1be,TA Boult,New Zealand,59,223.5,78,7.99,17.19,pp_heavy,74.2,77.7,78.5,76.8,A,B+,A,A,Powerplay Enforcer,0.81,0.29,0.6,0.87,-0.19,1.78,0.03,-0.16,5,-0.75,0.75,0.0,-0.0,-0.07,Conditions-Proof,-0.19,False
34464143,Zeeshan Maqsood,Oman,57,166.33,52,6.59,19.19,middle_heavy,74.1,78.5,39.2,63.9,B+,B+,A,C+,Utility Player,0.7,0.33,0.28,0.59,0.06,1.97,0.03,-0.08,27,-0.8,0.76,0.31,-0.31,0.08,Conditions-Proof,-0.04,False
5bdcdb72,TM Dilshan,Sri Lanka,25,43.0,13,7.33,19.85,middle_heavy,74.1,78.7,30.7,61.2,B+,B+,A,C+,Utility Player,0.45,0.23,0.18,0.85,0.02,1.61,0.06,0.26,7,-0.31,0.71,-0.6,0.6,-0.13,Conditions-Proof,-0.08,False
37312a74,Mudassar Bukhari,Netherlands,25,82.5,38,6.93,13.03,pp_heavy,74.0,64.0,74.6,70.9,B+,B+,B+,B+,Enforcer,0.71,0.26,0.39,0.18,0.02,1.89,0.08,0.25,15,-0.9,0.81,-0.32,0.32,0.07,Conditions-Proof,0.16,False
4277234d,Sufiyan Muqeem,Pakistan,15,49.5,25,6.34,11.88,middle_heavy,73.8,75.1,74.7,74.5,B+,B+,A,B+,All-Round Threat,0.83,0.32,1.13,0.98,-0.3,2.27,0.15,-0.55,6,-1.12,0.75,,,-0.41,Flat-Track Leaker,-0.33,False
9de271ef,P Utseya,Zimbabwe,30,105.67,23,7.4,27.57,middle_heavy,73.6,73.3,8.9,51.9,B,B+,B+,D,Utility Player,0.76,0.13,0.53,0.68,0.1,1.34,0.04,-0.13,6,-0.77,0.72,-0.05,0.05,-0.01,Conditions-Proof,0.09,False
d2fcce2f,HMRKB Herath,Sri Lanka,16,56.83,19,6.18,17.95,middle_heavy,73.6,77.3,68.3,73.1,B+,B+,A,B+,Utility Player,0.7,0.42,0.85,0.59,0.2,1.99,0.12,-0.14,6,-0.87,0.9,-0.27,0.27,-0.3,Conditions-Proof,-0.04,False
12bffe91,LL Tsotsobe,South Africa,23,78.0,20,7.17,23.4,pp_heavy,73.4,66.9,38.1,59.5,B,B+,B+,C+,Utility Player,0.71,0.1,0.35,0.75,0.02,1.28,0.06,-0.35,6,-1.1,0.76,0.63,-0.63,-0.26,Flat-Track Leaker,-0.14,False
f737ab44,S Vijay Unni,Malaysia,63,199.83,69,6.24,17.38,middle_heavy,73.4,73.8,69.6,72.3,B+,B+,B+,B+,Utility Player,0.82,0.41,0.42,0.3,-0.18,2.53,0.04,-0.15,23,-1.29,0.88,0.17,-0.17,-0.05,Conditions-Proof,-0.07,False
07687c15,Sultan Ahmed,United Arab Emirates,21,70.5,21,5.72,20.14,pp_heavy,73.2,73.3,62.0,69.5,B+,B+,B+,B+,Utility Player,0.81,0.33,0.65,0.39,0.15,2.33,0.11,-0.29,11,-1.29,0.86,-0.42,0.42,-0.51,Flat-Track Leaker,-0.6,False
4c61a0f9,NW Bracken,Australia,19,62.83,21,7.21,17.95,pp_heavy,73.2,72.6,56.9,67.6,B+,B+,B+,B,Utility Player,0.74,0.19,0.59,0.59,0.09,1.52,0.08,,3,-0.74,0.71,-0.0,0.0,-0.16,Conditions-Proof,-0.05,False
d1988788,Rohan Mustafa,United Arab Emirates,43,145.83,57,6.91,15.35,middle_heavy,73.1,72.4,72.3,72.6,B+,B+,B+,B+,All-Round Threat,0.73,0.4,0.52,0.64,-0.15,2.09,0.05,-0.08,23,-0.79,0.79,0.32,-0.32,0.26,Tough-Track Enforcer,0.08,False
2f49c897,Mohammed Siraj,India,17,62.0,18,7.92,20.67,pp_heavy,73.1,74.0,52.3,66.5,B+,B+,B+,B,Utility Player,0.72,0.22,0.37,0.77,-0.0,1.58,0.09,,2,-0.79,0.74,-0.25,0.25,-0.0,Conditions-Proof,-0.03,False
c9d05f1a,Yasim Murtaza,Hong Kong,67,236.0,81,6.51,17.48,middle_heavy,73.0,76.6,71.4,73.7,B+,B+,A,B+,All-Round Threat,0.81,0.22,0.73,0.68,0.02,2.37,0.04,-0.04,27,-1.19,0.8,0.23,-0.23,-0.01,Conditions-Proof,0.02,False
14810ee7,Kaleem Sana,Canada,42,146.33,67,6.41,13.1,pp_heavy,72.7,71.1,75.7,73.2,B+,B+,B+,A,Powerplay Enforcer,0.84,0.54,0.58,0.66,0.07,2.32,0.06,0.08,21,-1.32,0.88,-0.11,0.11,-0.03,Conditions-Proof,0.01,False
2ecd844a,BJ Currie,Scotland,21,75.0,36,6.13,12.5,pp_heavy,72.3,74.0,74.5,73.6,B+,B+,B+,B+,All-Round Threat,0.99,0.17,1.45,0.92,0.09,2.44,0.12,0.26,11,-1.29,0.86,-0.01,0.01,0.13,Conditions-Proof,0.07,False
9f998ed8,CW Perchard,Jersey,42,149.0,71,6.3,12.59,middle_heavy,71.9,68.7,73.3,71.3,B+,B+,B+,B+,Enforcer,0.86,0.31,0.77,0.78,-0.13,2.62,0.06,-0.19,34,-1.22,0.86,0.0,-0.0,-0.18,Flat-Track Leaker,-0.14,False
090f96e4,Muhammad Nadir,Rwanda,54,204.67,62,5.35,19.81,middle_heavy,71.8,72.1,69.6,71.2,B+,B+,B+,B+,Utility Player,0.96,0.37,1.22,0.98,-0.11,3.25,0.06,-0.12,22,-1.46,0.91,0.03,-0.03,-0.27,Flat-Track Leaker,-0.31,False
681f522f,SA Okpe,Nigeria,72,210.67,73,5.83,17.32,middle_heavy,71.5,71.7,64.0,69.1,B+,B+,B+,B+,Utility Player,0.72,0.29,0.31,0.71,-0.13,2.44,0.03,-0.03,43,-1.23,0.87,0.39,-0.39,0.15,Conditions-Proof,0.2,False
72e60730,A Vala,Papua New Guinea,38,88.83,37,6.6,14.41,middle_heavy,71.5,73.1,63.9,69.5,B+,B+,B+,B+,Utility Player,0.64,0.32,0.41,0.42,0.03,2.04,0.05,0.04,24,-0.91,0.79,0.13,-0.13,0.02,Conditions-Proof,-0.02,False
9e0bd203,B Ward,Jersey,36,132.5,58,5.8,13.71,middle_heavy,71.4,71.2,70.8,71.1,B+,B+,B+,B+,All-Round Threat,0.92,0.33,0.68,0.69,0.07,2.6,0.07,-0.08,31,-1.29,0.85,0.34,-0.34,0.13,Conditions-Proof,0.11,False
e29e9c12,Shakeel Ahmed,Oman,44,154.0,45,6.75,20.53,pp_heavy,71.2,76.5,62.5,70.1,B+,B+,A,B+,Utility Player,0.78,0.49,0.7,0.65,-0.02,1.85,0.04,-0.01,19,-0.92,0.81,0.04,-0.04,0.1,Conditions-Proof,0.1,False
4f7279a4,Raza Hasan,Pakistan,10,38.0,11,5.92,20.73,middle_heavy,71.1,73.7,53.5,66.1,B+,B+,B+,B,Utility Player,0.99,0.18,0.83,0.38,0.36,1.66,0.17,,2,-1.14,0.93,,,0.12,Conditions-Proof,,False
6667067e,Syed Aziz,Malaysia,66,188.17,69,7.63,16.36,pp_heavy,71.1,67.8,68.7,69.2,B+,B+,B+,B+,Utility Player,0.68,0.32,-0.01,-0.0,-0.09,2.02,0.03,-0.16,20,-0.92,0.75,0.32,-0.32,0.07,Conditions-Proof,-0.12,False
79aad751,PADLR Sandakan,Sri Lanka,20,76.67,24,7.41,19.17,middle_heavy,71.1,77.2,52.7,67.0,B+,B+,A,B,Utility Player,0.67,0.25,0.69,0.4,-0.42,1.69,0.08,,3,-0.91,0.85,0.03,-0.03,0.14,Conditions-Proof,0.19,False
b0482a1d,Tilak Varma,India,7,9.5,4,5.89,14.25,middle_heavy,71.0,69.6,47.3,62.6,B+,B+,B+,B,Utility Player,0.6,0.0,,,0.31,1.7,,,1,-1.13,0.67,,,,,,True
3355b542,F du Plessis,South Africa,2,1.33,0,2.25,999.0,middle_heavy,71.0,69.2,32.5,57.6,B,B+,B+,C+,Utility Player,0.0,0.0,,,,1.73,,,0,,,,,,,,True
ff1e12a0,AJ Turner,Australia,6,13.0,4,6.38,19.5,pp_heavy,71.0,68.6,42.6,60.7,B+,B+,B+,C+,Utility Player,0.69,0.25,,,,1.55,,,1,-1.05,0.86,,,,,,True
29b322c7,Ateeq Iqbal,Hong Kong,37,110.33,34,6.24,19.47,pp_heavy,71.0,72.0,61.1,68.0,B+,B+,B+,B+,Utility Player,0.83,0.35,0.52,0.77,-0.16,2.16,0.06,-0.13,14,-1.36,0.82,0.42,-0.42,-0.4,Flat-Track Leaker,-0.41,False
3a7ea906,VJ Kingma,Netherlands,24,79.33,22,7.88,21.64,pp_heavy,70.9,70.9,50.4,64.1,B+,B+,B+,B,Utility Player,0.82,0.27,0.59,1.22,0.17,1.6,0.07,0.26,6,-0.88,0.66,-0.23,0.23,0.2,Conditions-Proof,-0.01,False
e4a0deae,MJ Santner,New Zealand,126,448.0,141,7.32,19.06,middle_heavy,70.9,85.3,48.7,68.3,B+,B+,A+,B,Utility Player,0.8,0.12,0.76,0.88,-0.1,1.84,0.01,-0.11,11,-1.05,0.84,-0.06,0.06,-0.11,Conditions-Proof,-0.07,False
bb134e5c,JJ Smit,Namibia,49,167.33,71,7.07,14.14,pp_heavy,70.8,50.2,72.6,64.5,B+,B+,B,B+,Enforcer,0.71,0.27,0.36,0.67,-0.18,1.61,0.03,0.11,25,-0.91,0.75,-0.2,0.2,-0.04,Conditions-Proof,-0.04,False
abbdca1a,PM Seelaar,Netherlands,52,148.67,46,7.27,19.39,middle_heavy,70.8,82.0,56.3,69.7,B+,B+,A,B,Utility Player,0.69,0.28,0.42,0.58,0.25,2.07,0.04,0.05,23,-0.7,0.72,-0.3,0.3,0.31,Tough-Track Enforcer,0.33,False
42172c3c,JT Smuts,South Africa,17,48.17,7,7.33,41.29,middle_heavy,70.7,75.9,6.7,51.1,B,B+,A,D,Utility Player,0.41,0.14,0.21,0.71,0.45,1.33,0.08,,2,-0.46,0.65,0.89,-0.89,-0.03,Conditions-Proof,-0.08,False
0848ac5f,S Thakor,Tanzania,51,161.0,64,5.63,15.09,middle_heavy,70.7,70.0,69.7,70.1,B+,B+,B+,B+,Utility Player,0.82,0.28,0.63,1.12,0.02,2.75,0.05,0.41,33,-1.56,0.93,0.14,-0.14,0.15,Tough-Track Enforcer,0.23,False
c01d7726,H Thaker,Canada,40,118.67,40,6.13,17.8,middle_heavy,70.5,73.6,65.5,69.9,B+,B+,B+,B+,Utility Player,0.61,0.35,0.62,1.01,-0.23,2.28,0.06,0.25,19,-1.25,0.82,-0.07,0.07,0.17,Conditions-Proof,0.03,False
e01895bb,DT Johnston,Ireland,18,64.0,19,6.45,20.21,pp_heavy,70.5,63.4,54.6,62.8,B+,B+,B+,B,Utility Player,0.83,0.37,0.47,0.3,-0.25,1.48,0.08,0.22,9,-1.2,0.86,0.03,-0.03,-0.14,Conditions-Proof,-0.32,False
f78e7113,S Prasanna,Sri Lanka,18,50.0,12,7.28,25.0,middle_heavy,70.4,70.6,29.4,56.8,B,B+,B+,C,Utility Player,0.74,0.42,0.54,0.64,-0.16,1.35,0.07,,4,-0.5,0.75,0.11,-0.11,-0.29,Conditions-Proof,-0.03,False
7e9f1cde,Kushal Malla,Nepal,27,62.0,23,6.44,16.17,middle_heavy,70.3,73.9,46.0,63.4,B+,B+,B+,B,Utility Player,0.63,0.17,0.59,0.89,0.15,1.97,0.07,0.24,9,-1.22,0.86,-0.07,0.07,0.06,Conditions-Proof,0.02,False
42bf1b7d,H Carlyon,Jersey,25,62.0,22,5.87,16.91,pp_heavy,70.3,70.6,62.2,67.7,B+,B+,B+,B+,Utility Player,0.67,0.36,0.5,0.78,-0.19,2.3,0.09,0.15,21,-1.01,0.92,-0.43,0.43,-0.3,Flat-Track Leaker,-0.53,False
e174dadd,Mohammad Amir,Pakistan,61,221.33,79,7.39,16.81,pp_heavy,70.2,67.3,70.7,69.4,B+,B+,B+,B+,Utility Player,0.81,0.3,0.59,0.69,-0.15,1.54,0.03,-0.13,7,-0.91,0.79,0.01,-0.01,-0.16,Flat-Track Leaker,-0.2,False
33609a8c,Saim Ayub,Pakistan,32,81.0,31,7.43,15.68,middle_heavy,70.0,76.2,73.7,73.3,B+,B+,A,B+,All-Round Threat,0.71,0.29,0.49,0.3,-0.26,1.94,0.06,,4,-0.64,0.72,0.2,-0.2,-0.26,Flat-Track Leaker,-0.33,False
056b433b,Ishtiaq Ahmad,Saudi Arabia,41,146.33,67,7.08,13.1,pp_heavy,70.0,68.4,73.0,70.5,B+,B+,B+,B+,Enforcer,0.95,0.28,0.82,0.5,-0.11,2.42,0.06,-0.2,18,-1.14,0.79,-0.02,0.02,-0.03,Conditions-Proof,-0.02,False
9238dd92,YM Nkanya,Tanzania,42,139.5,56,5.61,14.95,middle_heavy,70.0,70.8,67.8,69.5,B+,B+,B+,B+,Utility Player,0.78,0.39,0.82,0.99,0.18,2.71,0.06,0.0,19,-1.46,0.86,0.3,-0.3,0.08,Conditions-Proof,0.09,False
ddc0828d,A Flintoff,England,7,25.0,5,6.56,30.0,pp_heavy,69.9,70.5,17.5,52.6,B,B+,B+,C,Utility Player,0.71,0.2,,,-0.74,1.19,,,1,-1.23,0.8,,,,,,True
57efa3be,SB Styris,New Zealand,21,51.5,20,6.95,15.45,middle_heavy,69.9,78.2,58.0,68.7,B+,B+,A,B,Utility Player,0.81,0.25,0.54,0.35,0.21,1.78,0.08,,3,-0.9,0.74,-0.21,0.21,-0.12,Conditions-Proof,-0.14,False
a9a18e3e,Imran Anwar,Bahrain,86,253.83,91,7.28,16.74,pp_heavy,69.8,70.7,63.6,68.0,B+,B+,B+,B+,Utility Player,0.76,0.21,0.25,0.39,0.14,1.89,0.02,-0.1,31,-1.01,0.76,0.27,-0.27,0.06,Conditions-Proof,0.03,False
1c914163,Yuvraj Singh,India,29,65.67,30,7.23,13.13,middle_heavy,69.8,74.9,74.9,73.2,B+,B+,B+,B+,Enforcer,0.72,0.2,0.36,1.13,-0.08,1.86,0.06,,2,-0.77,0.8,-0.18,0.18,0.23,Tough-Track Enforcer,0.38,False
888e32bf,Abdur Razzak,Bangladesh,28,101.5,36,7.08,16.92,middle_heavy,69.7,75.9,71.7,72.4,B+,B+,A,B+,Utility Player,0.98,0.36,0.98,0.95,-0.12,1.92,0.07,,4,-0.86,0.79,-0.18,0.18,0.07,Conditions-Proof,0.09,False
f233bbb4,ST Jayasuriya,Sri Lanka,23,57.83,20,7.45,17.35,middle_heavy,69.6,60.9,42.5,57.7,B,B+,B+,C+,Utility Player,0.63,0.35,0.13,0.39,-0.01,1.36,0.06,,4,-1.04,0.65,-0.56,0.56,0.37,Tough-Track Enforcer,0.27,False
44e00a4c,N Senamontree,Thailand,49,179.67,75,5.5,14.37,middle_heavy,69.5,70.1,70.3,70.0,B+,B+,B+,B+,Utility Player,1.1,0.31,1.05,0.63,-0.05,3.28,0.07,-0.17,21,-1.51,0.91,-0.09,0.09,0.21,Tough-Track Enforcer,0.25,False
7fa12533,MS Chapman,Hong Kong,6,11.0,3,6.91,22.0,middle_heavy,69.4,68.9,24.4,54.2,B,B+,B+,C,Utility Player,0.58,0.33,,,,1.49,,,2,-0.5,0.75,,,,,,True
6a63c29c,SVE Bharathi,Germany,34,115.83,46,5.16,15.11,middle_heavy,69.2,69.7,68.4,69.1,B+,B+,B+,B+,Utility Player,0.8,0.37,0.8,1.32,-0.05,2.86,0.08,0.0,16,-1.56,0.98,-0.01,0.01,0.33,Tough-Track Enforcer,0.18,False
f310704c,Shiraz Khan,Kuwait,45,152.67,47,6.57,19.49,middle_heavy,69.1,70.6,49.1,62.9,B+,B+,B+,B,Utility Player,0.76,0.36,0.64,0.81,-0.24,2.02,0.04,-0.02,25,-1.16,0.79,0.18,-0.18,-0.05,Conditions-Proof,-0.1,False
d99de998,ZB Lion-Cachet,Netherlands,11,30.0,10,6.93,18.0,middle_heavy,69.1,66.5,43.1,59.6,B,B+,B+,C+,Utility Player,0.64,0.3,0.53,0.41,0.15,1.76,0.16,,4,-1.38,0.82,-0.0,0.0,0.62,Tough-Track Enforcer,0.65,False
2c54c49b,MJ Humphreys,Ireland,18,67.0,28,7.0,14.36,middle_heavy,69.1,66.6,73.9,69.9,B+,B+,B+,B+,Enforcer,0.82,0.36,1.19,1.35,0.25,1.9,0.11,,1,-0.9,0.8,0.13,-0.13,0.2,Conditions-Proof,-0.21,False
df064e1a,Ravi Bishnoi,India,40,153.67,64,7.5,14.41,middle_heavy,69.1,65.2,84.1,72.8,B+,B+,B+,A,Strike Bowler,1.0,0.48,0.88,0.62,0.1,2.03,0.05,,2,-0.93,0.74,-0.04,0.04,0.27,Tough-Track Enforcer,0.17,False
c70448aa,R Hekure,Papua New Guinea,21,50.83,12,7.46,25.42,middle_heavy,69.1,70.3,23.0,54.1,B,B+,B+,C,Utility Player,0.6,0.33,0.62,0.91,0.09,1.73,0.08,-0.2,13,-0.56,0.76,0.2,-0.2,0.19,Tough-Track Enforcer,0.24,False
b93b87ae,Zain Ul Abidin,Saudi Arabia,42,137.17,47,5.83,17.51,middle_heavy,68.9,73.0,62.1,68.0,B+,B+,B+,B+,Utility Player,0.78,0.26,0.72,0.65,-0.24,2.4,0.06,-0.19,17,-1.08,0.9,-0.14,0.14,-0.14,Conditions-Proof,-0.18,False
008a024c,M Mooketsi,Botswana,39,140.67,49,6.62,17.22,pp_heavy,68.6,69.7,67.0,68.4,B+,B+,B+,B+,Utility Player,0.95,0.24,0.82,0.67,0.1,2.42,0.06,0.19,23,-1.12,0.8,-0.0,0.0,-0.21,Flat-Track Leaker,-0.1,False
a9da7784,KJ Abbott,South Africa,20,68.67,27,8.11,15.26,pp_heavy,68.6,69.9,64.1,67.5,B+,B+,B+,B+,Utility Player,0.62,0.22,0.62,0.72,-0.3,1.44,0.07,,3,-0.71,0.76,-0.12,0.12,0.14,Conditions-Proof,0.17,False
7ab1eab7,Salman Mirza,Pakistan,16,57.67,24,6.57,14.42,pp_heavy,68.5,73.9,73.6,72.0,B+,B+,B+,B+,Enforcer,0.8,0.33,0.77,0.61,0.13,1.84,0.11,,2,-1.4,0.86,0.45,-0.45,-0.1,Conditions-Proof,-0.06,False
4d1ec7eb,A Nao,Papua New Guinea,18,61.0,25,6.11,14.64,pp_heavy,68.5,70.0,70.2,69.6,B+,B+,B+,B+,Utility Player,0.89,0.28,0.68,0.78,0.12,2.33,0.13,-0.63,10,-1.07,0.73,0.56,-0.56,0.34,Tough-Track Enforcer,0.25,False
71fa64d6,P Useni,Nigeria,58,145.67,55,6.44,15.89,pp_heavy,68.5,72.7,69.8,70.3,B+,B+,B+,B+,Utility Player,0.81,0.31,0.41,1.32,-0.17,2.29,0.04,0.13,37,-1.19,0.88,-0.27,0.27,-0.05,Conditions-Proof,0.19,False
a9d788e3,Mohameed Taiwo,Nigeria,43,119.67,35,6.7,20.51,pp_heavy,68.4,69.9,54.6,64.3,B+,B+,B+,B,Utility Player,0.58,0.2,0.17,0.18,0.24,2.03,0.05,-0.16,23,-1.34,0.94,-0.14,0.14,0.16,Tough-Track Enforcer,0.72,False
6b19d823,A Mishra,India,10,38.0,17,6.5,13.41,middle_heavy,68.4,68.1,67.0,67.8,B+,B+,B+,B+,Utility Player,1.06,0.24,0.85,0.16,0.38,1.69,0.17,,1,-0.86,0.68,,,-0.42,Flat-Track Leaker,-0.35,False
bb95564b,Saif Hassan,Bangladesh,8,13.17,2,6.3,39.5,middle_heavy,68.4,70.4,9.2,49.3,B,B+,B+,D,Utility Player,0.16,0.0,,,-0.35,1.28,,,3,-1.23,0.83,,,,,,True
270bf7e2,KV Morea,Papua New Guinea,23,78.33,38,7.58,12.37,pp_heavy,68.4,65.0,72.4,68.6,B+,B+,B+,B+,Enforcer,0.87,0.29,0.72,0.52,-0.24,2.0,0.09,-0.28,13,-0.79,0.81,0.08,-0.08,-0.39,Flat-Track Leaker,-0.22,False
91ffa6c6,JD Ryder,New Zealand,5,10.0,2,6.8,30.0,middle_heavy,68.3,64.6,36.8,56.6,B,B+,B+,C+,Utility Player,0.34,0.5,,,,1.3,,,0,-0.89,0.75,,,,,,True
87e562a9,DJ Bravo,West Indies,76,246.83,93,8.3,15.92,middle_heavy,68.2,66.7,48.2,61.0,B+,B+,B+,B,Utility Player,0.62,0.15,0.15,0.54,0.06,1.56,0.02,-0.08,11,-0.51,0.69,0.08,-0.08,0.33,Tough-Track Enforcer,0.23,False
3f5f39cd,Al-Amin Hossain,Bangladesh,28,100.33,46,7.31,13.09,pp_heavy,68.1,76.6,78.5,74.4,B+,B+,A,A,Enforcer,1.05,0.24,0.75,0.78,0.28,1.86,0.07,-0.11,6,-1.04,0.87,0.11,-0.11,-0.02,Conditions-Proof,-0.07,False
94d7f855,C de Grandhomme,New Zealand,21,53.5,15,8.79,21.4,middle_heavy,68.0,69.2,9.9,49.0,B,B+,B+,D,Utility Player,0.73,0.07,0.08,-0.2,-0.15,1.17,0.06,,3,-0.14,0.5,0.15,-0.15,0.04,Conditions-Proof,0.13,False
f99a219a,E Sebareme,Rwanda,44,127.67,52,6.02,14.73,middle_heavy,68.0,68.1,70.4,68.8,B+,B+,B+,B+,Utility Player,0.8,0.42,0.72,0.49,-0.41,2.46,0.06,0.08,25,-1.4,0.87,-0.29,0.29,-0.3,Flat-Track Leaker,-0.2,False
28131839,MA Leask,Scotland,54,145.5,57,7.77,15.32,middle_heavy,68.0,73.8,74.5,72.1,B+,B+,B+,B+,Enforcer,0.78,0.23,0.16,0.48,0.24,1.98,0.04,0.17,15,-0.85,0.73,-0.04,0.04,0.06,Conditions-Proof,0.04,False
aeab0d4f,D Klein,Germany,23,88.0,30,6.25,17.6,pp_heavy,67.9,68.6,60.3,65.6,B+,B+,B+,B+,Utility Player,0.95,0.37,0.74,0.45,0.09,2.0,0.09,-0.05,18,-1.16,0.85,-0.25,0.25,0.17,Conditions-Proof,-0.07,False
568e5a4a,AR Cusack,Ireland,26,79.0,28,7.32,16.93,middle_heavy,67.8,61.9,45.5,58.4,B,B+,B+,B,Utility Player,0.73,0.29,0.17,0.44,-0.34,1.47,0.06,-0.19,13,-0.91,0.73,0.37,-0.37,-0.76,Flat-Track Leaker,-0.46,False
4ba44e19,M Muralitharan,Sri Lanka,12,47.0,14,6.57,20.14,middle_heavy,67.8,70.4,48.1,62.1,B+,B+,B+,B,Utility Player,0.8,0.14,0.68,0.72,-0.12,1.47,0.12,,2,-0.97,0.89,,,0.03,Conditions-Proof,,False
79b4839e,Ahmed Raza,United Arab Emirates,43,136.33,30,6.64,27.27,middle_heavy,67.7,72.0,3.0,47.6,B,B+,B+,D,Utility Player,0.65,0.2,0.17,0.34,-0.31,1.28,0.03,0.1,21,-0.89,0.84,0.2,-0.2,-0.07,Conditions-Proof,-0.11,False
05c2ca46,RE van der Merwe,Netherlands,66,211.17,75,6.65,16.89,middle_heavy,67.7,78.8,55.0,67.2,B+,B+,A,B,Utility Player,0.81,0.44,0.5,1.02,-0.29,1.83,0.03,0.25,26,-0.87,0.74,-0.31,0.31,0.05,Conditions-Proof,-0.01,False
e73f6c4b,I Ntirenganya,Rwanda,40,129.5,44,7.03,17.66,pp_heavy,67.6,64.4,58.8,63.6,B+,B+,B+,B,Utility Player,0.97,0.27,0.42,0.02,-0.62,1.9,0.05,-0.23,14,-1.12,0.84,0.41,-0.41,-0.48,Flat-Track Leaker,-0.43,False
7ca5e05d,RS Bopara,England,21,53.67,17,7.36,18.94,middle_heavy,67.6,70.1,34.0,57.2,B,B+,B+,C+,Utility Player,0.55,0.35,0.28,0.67,-0.26,1.35,0.06,,3,-0.86,0.67,0.18,-0.18,-0.22,Flat-Track Leaker,-0.16,False
9f2be73d,S Ravichandran,Japan,41,126.83,55,4.97,13.84,middle_heavy,67.6,67.6,67.4,67.5,B+,B+,B+,B+,Utility Player,0.78,0.51,0.92,0.66,-0.3,3.76,0.09,-0.16,26,-1.58,0.89,0.41,-0.41,-0.23,Flat-Track Leaker,-0.06,False
2c13defe,TM Odoyo,Kenya,6,21.0,9,5.48,14.0,pp_heavy,67.5,70.2,63.2,67.0,B+,B+,B+,B+,Utility Player,1.28,0.22,,,,1.83,,0.15,5,-1.74,1.0,,,,,,True
2e392afa,P Aho,Nigeria,59,181.17,72,6.35,15.1,pp_heavy,67.3,58.2,62.0,62.5,B+,B+,B,B+,Utility Player,0.78,0.46,0.19,0.59,0.14,1.83,0.03,0.19,39,-1.37,0.84,-0.22,0.22,0.16,Tough-Track Enforcer,0.24,False
1f943bef,H Rathod,Qatar,19,65.17,35,6.58,11.17,middle_heavy,67.3,68.4,68.8,68.2,B+,B+,B+,B+,Utility Player,0.98,0.23,1.44,0.99,0.27,2.72,0.14,-0.0,10,-1.16,0.88,-0.28,0.28,0.13,Conditions-Proof,0.11,False
8919756f,Mosaddek Hossain,Bangladesh,21,46.67,15,7.59,18.67,middle_heavy,67.2,73.2,45.5,62.0,B+,B+,B+,B,Utility Player,0.5,0.27,0.38,1.55,-0.25,1.54,0.07,,1,-0.85,0.79,0.92,-0.92,0.15,Conditions-Proof,,False
cde067e1,J Kariko,Papua New Guinea,19,67.83,26,5.43,15.65,middle_heavy,67.1,65.2,55.1,62.5,B+,B+,B+,B,Utility Player,1.12,0.23,0.78,0.89,-0.51,2.0,0.11,0.16,11,-1.71,0.84,-0.38,0.38,-0.13,Conditions-Proof,-0.05,False
a97c8ec2,PWH de Silva,Sri Lanka,86,325.67,148,7.29,13.2,middle_heavy,67.1,83.8,94.1,82.1,A,B+,A,A+,Strike Bowler,0.98,0.5,0.8,0.91,-0.15,2.46,0.03,-0.21,18,-1.22,0.82,0.13,-0.13,-0.09,Conditions-Proof,-0.17,False
dab18aa5,DL Brangman,Bermuda,34,110.17,49,5.74,13.49,middle_heavy,67.1,63.9,66.6,65.9,B+,B+,B+,B+,Utility Player,0.84,0.2,0.03,0.56,-0.49,2.51,0.07,-0.01,28,-1.54,0.92,0.44,-0.44,-0.22,Flat-Track Leaker,-0.06,False
f43dd8c2,SM Sharif,Scotland,66,222.33,90,8.24,14.82,pp_heavy,67.0,34.5,65.2,55.6,B,B+,C+,B+,Utility Player,0.87,0.3,0.3,0.21,0.04,1.35,0.02,-0.08,35,-0.58,0.71,-0.02,0.02,-0.1,Conditions-Proof,-0.02,False
5bb5a915,M Morkel,South Africa,43,155.67,49,7.76,19.06,pp_heavy,67.0,65.4,53.7,62.0,B+,B+,B+,B,Utility Player,0.85,0.24,0.41,0.85,-0.02,1.31,0.03,-0.04,9,-0.82,0.75,0.25,-0.25,0.01,Conditions-Proof,-0.03,False
c4ecc42c,Joshua Asia,Nigeria,23,71.0,34,4.83,12.53,middle_heavy,67.0,67.0,65.9,66.6,B+,B+,B+,B+,Utility Player,0.68,0.15,1.06,0.89,-0.14,3.0,0.13,-0.28,11,-1.76,0.94,0.17,-0.17,0.09,Conditions-Proof,-0.1,False
91052c96,PW Borren,Netherlands,21,57.67,12,7.13,28.83,middle_heavy,66.9,70.5,1.8,46.4,B,B+,B+,D,Utility Player,0.54,0.25,0.02,0.07,-0.07,1.14,0.05,-0.02,11,-0.67,0.82,-0.25,0.25,0.15,Tough-Track Enforcer,0.24,False
da3b91fd,Imran Khan,Bahrain,52,154.17,53,7.29,17.45,pp_heavy,66.8,63.0,57.4,62.4,B+,B+,B+,B,Utility Player,0.76,0.34,0.1,0.1,-0.17,1.76,0.03,-0.12,14,-0.89,0.8,0.1,-0.1,-0.11,Conditions-Proof,-0.19,False
79209272,Yasir Ali,Spain,35,106.5,54,5.85,11.83,middle_heavy,66.7,66.2,66.4,66.4,B+,B+,B+,B+,Utility Player,0.9,0.28,0.53,0.41,0.12,3.46,0.1,0.12,13,-1.68,0.88,0.11,-0.11,0.15,Conditions-Proof,0.32,False
3c8faed4,F Banunaek,Indonesia,81,242.5,85,6.96,17.12,pp_heavy,66.6,66.7,56.1,63.1,B+,B+,B+,B,Utility Player,0.79,0.22,0.29,0.11,-0.07,2.12,0.03,-0.08,28,-1.27,0.86,-0.1,0.1,-0.07,Conditions-Proof,0.06,False
57fcfd3b,S Muniandy,Malaysia,46,123.0,43,8.98,17.16,middle_heavy,66.5,62.5,37.0,55.3,B,B+,B+,C+,Utility Player,0.51,0.19,-0.46,0.32,-0.03,1.68,0.04,-0.11,13,-0.28,0.61,0.31,-0.31,0.14,Conditions-Proof,0.31,False
e94d1dcd,Usman Tariq,Pakistan,8,30.17,18,6.7,10.06,middle_heavy,66.4,65.4,71.4,67.7,B+,B+,B+,B+,Utility Player,0.85,0.28,,,-0.38,1.8,,,0,-1.01,0.69,,,,,,False
aa8d28ae,D Wiese,Namibia,51,169.67,68,7.14,14.97,pp_heavy,66.3,78.1,76.5,73.6,B+,B+,A,A,Enforcer,0.76,0.22,0.54,0.68,-0.09,1.81,0.04,-0.23,15,-0.85,0.69,0.22,-0.22,0.07,Conditions-Proof,0.05,False
f3171936,BW Hilfenhaus,Australia,7,26.0,9,6.54,17.33,pp_heavy,66.3,61.9,57.7,62.0,B+,B+,B+,B,Utility Player,1.34,0.44,,,-0.17,1.29,,,2,-1.4,0.87,,,,,,True
8de618ab,SA Ahmad,Denmark,29,92.0,35,5.82,15.77,middle_heavy,66.3,66.2,60.2,64.2,B+,B+,B+,B+,Utility Player,0.86,0.26,0.73,0.92,0.01,2.4,0.08,0.15,23,-1.17,0.83,-0.21,0.21,-0.06,Conditions-Proof,-0.0,False
0c24fb7b,S Yeshi,Bhutan,35,121.0,37,5.64,19.62,middle_heavy,66.1,66.2,59.6,64.0,B+,B+,B+,B,Utility Player,0.66,0.27,0.77,0.71,-0.31,2.63,0.08,-0.14,19,-1.35,0.82,0.04,-0.04,-0.11,Conditions-Proof,,False
53597be1,BRM Taylor,Zimbabwe,2,5.0,1,4.2,30.0,middle_heavy,66.0,65.8,33.5,55.1,B,B+,B+,C+,Utility Player,0.75,0.0,,,,1.44,,,1,-1.09,1.0,,,,,,True
1c5c3dce,IO Okpe,Nigeria,78,228.67,92,6.85,14.91,middle_heavy,66.0,45.7,60.9,57.5,B,B+,B,B+,Utility Player,0.72,0.27,-0.1,0.28,-0.26,1.86,0.02,-0.24,50,-1.1,0.77,-0.13,0.13,-0.17,Flat-Track Leaker,-0.25,False
2fdd16fe,RG Aga,Kenya,11,24.67,12,5.76,12.33,middle_heavy,66.0,67.5,69.3,67.6,B+,B+,B+,B+,Utility Player,0.78,0.42,0.54,0.45,,1.92,0.17,-0.46,8,-1.45,0.92,,,0.11,Conditions-Proof,0.08,True
314f0889,Usman Khalid,Saudi Arabia,28,85.33,26,6.09,19.69,middle_heavy,65.9,65.6,53.7,61.7,B+,B+,B+,B,Utility Player,0.61,0.27,0.74,0.62,0.12,2.13,0.08,-0.32,8,-1.05,0.89,0.02,-0.02,0.08,Conditions-Proof,0.11,False
c988daa1,I Takahashi,Japan,43,111.5,40,6.05,16.73,middle_heavy,65.9,63.0,62.3,63.7,B+,B+,B+,B+,Utility Player,0.78,0.28,0.29,0.34,-0.17,2.32,0.05,-0.02,26,-1.26,0.78,0.06,-0.06,-0.12,Conditions-Proof,-0.05,False
6b46ce43,EJB Miles,Jersey,22,68.0,28,6.49,14.57,middle_heavy,65.8,63.7,61.0,63.5,B+,B+,B+,B+,Utility Player,0.78,0.32,0.56,0.26,0.03,1.91,0.09,0.02,21,-1.1,0.83,-0.12,0.12,0.04,Conditions-Proof,-0.04,False
f33cfd25,B Masaba,Uganda,23,60.33,23,5.6,15.74,middle_heavy,65.7,65.4,55.6,62.2,B+,B+,B+,B,Utility Player,0.58,0.26,0.49,0.3,-0.31,2.3,0.1,-0.19,8,-1.37,0.92,-0.21,0.21,0.05,Conditions-Proof,-0.07,False
af19aa66,PK Matautaava,Vanuatu,17,56.0,21,6.0,16.0,pp_heavy,65.7,65.9,56.2,62.6,B+,B+,B+,B,Utility Player,0.93,0.24,1.1,0.99,0.31,2.26,0.13,-0.07,12,-1.36,0.83,0.29,-0.29,0.16,Tough-Track Enforcer,0.06,False
e1592949,KS Leverock,Bermuda,22,68.67,25,6.83,16.48,pp_heavy,65.6,58.6,60.1,61.4,B+,B+,B,B+,Utility Player,0.74,0.4,0.4,0.2,0.05,1.83,0.08,0.11,20,-0.91,0.83,-0.63,0.63,0.11,Conditions-Proof,0.25,False
626af7ff,C Hinze,Japan,32,101.67,40,5.4,15.25,pp_heavy,65.6,65.3,64.1,65.0,B+,B+,B+,B+,Utility Player,0.66,0.48,0.57,0.5,-0.26,2.37,0.07,-0.15,19,-1.55,0.78,0.02,-0.02,0.12,Conditions-Proof,0.08,False
a75a78eb,MR Swart,Netherlands,15,42.0,12,6.6,21.0,pp_heavy,65.5,67.5,46.1,59.7,B,B+,B+,B,Utility Player,0.81,0.25,0.28,0.78,-0.44,1.35,0.09,0.08,7,-0.56,0.75,-0.35,0.35,0.18,Tough-Track Enforcer,0.16,False
29e253dd,Iftikhar Ahmed,Pakistan,25,49.17,10,7.26,29.5,middle_heavy,65.5,72.4,5.7,47.9,B,B+,B+,D,Utility Player,0.35,0.4,0.01,0.27,0.15,1.14,0.05,,3,-0.6,0.92,0.23,-0.23,0.02,Conditions-Proof,-0.09,False
915264c2,HN Ya France,Namibia,15,29.0,7,6.62,24.86,middle_heavy,65.5,67.5,10.9,48.0,B,B+,B+,D,Utility Player,0.59,0.14,0.02,0.18,-0.64,1.46,0.1,-0.21,6,-0.85,0.9,-0.36,0.36,-0.19,Flat-Track Leaker,-0.32,True
b38a9f73,OH Agbomadzie,Ghana,33,112.33,41,5.66,16.44,middle_heavy,65.4,65.3,64.9,65.2,B+,B+,B+,B+,Utility Player,0.68,0.34,0.88,1.13,-0.01,2.91,0.09,-0.17,20,-1.21,0.84,0.11,-0.11,-0.02,Conditions-Proof,0.03,False
d8e79af0,AC Botha,Ireland,5,16.0,9,5.62,10.67,middle_heavy,65.3,56.7,62.1,61.4,B+,B+,B,B+,Utility Player,0.68,0.33,,,,1.64,,,3,-1.62,1.0,,,,,,True
dfcdb11e,LT Bichard,Guernsey,30,98.5,37,6.25,15.97,pp_heavy,65.2,63.5,53.2,60.6,B+,B+,B+,B,Utility Player,0.73,0.24,0.64,0.59,0.07,1.81,0.06,0.15,16,-1.05,0.85,0.4,-0.4,-0.02,Conditions-Proof,-0.0,False
eba6a852,SCJ Broad,England,54,192.5,65,7.9,17.77,pp_heavy,65.2,51.5,60.3,59.0,B,B+,B,B+,Utility Player,0.85,0.17,0.41,0.31,-0.1,1.27,0.02,-0.43,11,-0.81,0.8,0.0,-0.0,-0.11,Conditions-Proof,-0.13,False
1a3cc554,RK Paudel,Nepal,18,39.83,15,6.63,15.93,middle_heavy,65.2,72.3,51.5,63.0,B+,B+,B+,B,Utility Player,0.67,0.07,0.7,0.76,0.47,1.77,0.1,-0.07,6,-1.0,0.81,0.16,-0.16,0.42,Tough-Track Enforcer,0.35,False
531f0278,K Santokie,West Indies,12,40.83,19,7.0,12.89,pp_heavy,65.1,59.7,74.3,66.4,B+,B+,B,B+,Enforcer,1.03,0.53,0.38,0.63,-0.24,1.52,0.13,,3,-0.63,0.75,0.06,-0.06,-0.03,Conditions-Proof,0.16,False
2e171977,AR Patel,India,83,262.67,95,7.65,16.59,middle_heavy,65.1,86.2,87.7,79.8,A,B+,A+,A+,Strike Bowler,0.79,0.33,0.59,0.74,0.17,2.2,0.03,-0.04,5,-1.03,0.79,-0.08,0.08,0.13,Conditions-Proof,-0.09,False
847b4bdd,HA Chohan,Tanzania,24,75.0,28,6.35,16.07,pp_heavy,65.0,64.0,59.2,62.7,B+,B+,B+,B,Utility Player,0.94,0.39,0.51,0.32,-0.14,2.28,0.09,0.04,20,-1.05,0.82,-0.07,0.07,-0.07,Conditions-Proof,0.18,False
0a4736eb,Asif Ali,Bahrain,33,70.67,22,6.4,19.27,middle_heavy,64.9,65.0,35.4,55.1,B,B+,B+,C+,Utility Player,0.6,0.23,0.11,-0.06,-0.11,1.95,0.06,-0.15,10,-1.29,0.93,0.35,-0.35,-0.13,Conditions-Proof,-0.31,False
364ee2cf,SJ Benn,West Indies,23,80.67,19,7.61,25.47,middle_heavy,64.9,66.5,36.4,55.9,B,B+,B+,C+,Utility Player,0.67,0.47,0.48,0.46,-0.25,1.28,0.06,,1,-0.44,0.56,,,-0.1,Conditions-Proof,-0.17,False
797f52cc,AAhan Achar,Singapore,9,26.0,8,5.96,19.5,middle_heavy,64.9,66.8,35.1,55.6,B,B+,B+,C+,Utility Player,0.79,0.12,,,-0.24,1.77,,,3,-0.67,0.83,,,,,,True
9c333e40,Namgay Thinley,Bhutan,35,116.67,44,5.79,15.91,middle_heavy,64.9,65.4,58.6,63.0,B+,B+,B+,B,Utility Player,0.92,0.27,0.82,0.93,-0.26,2.46,0.07,0.18,18,-1.24,0.89,-0.54,0.54,-0.05,Conditions-Proof,,False
58043739,TT Bresnan,England,34,110.5,27,8.14,24.56,pp_heavy,64.9,69.6,9.2,47.9,B,B+,B+,D,Utility Player,0.67,0.26,0.3,0.52,-0.08,0.98,0.03,0.08,7,-0.62,0.72,-0.23,0.23,-0.21,Flat-Track Leaker,-0.18,False
023f6b02,Nadeem Ahmed,Hong Kong,19,63.5,25,6.6,15.24,middle_heavy,64.9,61.1,70.6,65.5,B+,B+,B+,B+,Utility Player,0.79,0.32,0.62,0.23,0.31,1.77,0.09,-0.7,6,-1.11,0.84,0.28,-0.28,0.44,Tough-Track Enforcer,0.43,False
ded9240e,PJ Cummins,Australia,55,202.0,69,7.65,17.57,pp_heavy,64.9,51.6,44.7,53.7,B,B+,B,C+,Utility Player,0.97,0.19,0.5,0.28,0.09,1.15,0.02,,3,-0.76,0.74,0.01,-0.01,-0.12,Conditions-Proof,-0.06,False
0bf15e52,Harmeet Singh,United States of America,28,102.67,35,7.05,17.6,middle_heavy,64.8,71.9,63.9,66.9,B+,B+,B+,B+,Utility Player,0.77,0.31,0.83,1.01,-0.14,1.76,0.06,,2,-0.87,0.67,0.24,-0.24,0.13,Conditions-Proof,-0.52,False
5b616bf0,LA Burns,Spain,32,116.67,52,5.62,13.46,middle_heavy,64.8,64.7,64.0,64.5,B+,B+,B+,B+,Utility Player,0.95,0.23,0.62,0.4,0.13,3.06,0.1,-0.42,12,-1.61,0.91,0.19,-0.19,-0.07,Conditions-Proof,0.06,False
342d8ade,CRD Fernando,Sri Lanka,16,57.0,17,7.54,20.12,pp_heavy,64.8,70.5,44.7,60.0,B+,B+,B+,C+,Utility Player,0.84,0.35,0.62,0.35,0.23,1.24,0.08,,4,-0.88,0.75,-0.05,0.05,-0.02,Conditions-Proof,-0.07,False
7ee25c46,Raja Adeel,Spain,28,94.33,44,6.1,12.86,pp_heavy,64.7,62.4,65.6,64.2,B+,B+,B+,B+,Utility Player,0.96,0.34,0.55,0.85,-0.04,2.68,0.1,-0.03,11,-1.38,0.82,-0.51,0.51,0.09,Conditions-Proof,-0.12,False
3ed4e2ad,C Rumistrzewicz,Spain,25,91.0,42,4.85,13.0,middle_heavy,64.5,64.5,63.6,64.2,B+,B+,B+,B+,Utility Player,0.79,0.31,0.92,0.89,-0.14,3.25,0.13,0.06,9,-1.59,0.88,-0.11,0.11,-0.14,Conditions-Proof,-0.14,False
4f629497,SE Bond,New Zealand,20,77.5,27,7.14,17.22,pp_heavy,64.4,73.4,65.1,67.6,B+,B+,B+,B+,Utility Player,0.91,0.19,0.75,0.76,0.24,1.5,0.08,,3,-0.77,0.75,-0.02,0.02,0.2,Conditions-Proof,0.02,False
7ca68967,NA Greenwood,Jersey,20,58.0,20,6.02,17.4,middle_heavy,64.4,62.4,40.7,55.8,B,B+,B+,C+,Utility Player,0.48,0.25,0.28,0.33,0.13,1.78,0.09,-0.07,15,-1.07,0.86,-0.09,0.09,0.23,Tough-Track Enforcer,0.26,False
0e0afd8b,MO Jones,Bermuda,14,44.33,15,5.66,17.73,middle_heavy,64.4,61.9,53.2,59.8,B,B+,B+,B,Utility Player,0.71,0.33,0.14,0.45,-0.5,2.0,0.14,-0.36,12,-1.48,0.83,0.18,-0.18,0.17,Tough-Track Enforcer,0.56,False
2318ba22,TLW Cooper,Netherlands,9,15.0,3,7.87,30.0,middle_heavy,64.3,70.9,21.4,52.2,B,B+,B+,C,Utility Player,0.3,0.67,,,-0.14,1.28,,,1,-0.18,0.75,,,,,,True
c942a53b,WK McCallan,Ireland,6,19.83,10,6.96,11.9,middle_heavy,64.3,60.1,64.7,63.0,B+,B+,B+,B+,Utility Player,1.11,0.2,,,-0.9,1.56,,,2,-0.91,0.88,,,,,,True
dd09ff8e,B Lee,Australia,25,90.83,30,8.12,18.17,pp_heavy,64.2,61.3,59.7,61.7,B+,B+,B+,B,Utility Player,0.94,0.37,0.38,0.17,-0.12,1.26,0.05,,4,-0.69,0.65,0.25,-0.25,-0.19,Flat-Track Leaker,-0.15,False
e6d298e8,CD de Lange,Scotland,6,23.0,10,5.74,13.8,middle_heavy,64.1,63.3,61.4,62.9,B+,B+,B+,B+,Utility Player,1.05,0.3,,,0.03,1.91,,,1,-1.42,0.75,,,,,,True
9a95bebb,S Bau,Papua New Guinea,30,58.5,14,6.7,25.07,middle_heavy,64.1,67.2,25.3,52.2,B,B+,B+,C,Utility Player,0.43,0.29,0.07,0.42,-0.13,1.46,0.05,0.1,18,-0.53,0.67,-0.11,0.11,0.02,Conditions-Proof,-0.06,False
9025e58f,Junaid Siddiqui,Canada,20,65.17,16,5.71,24.44,pp_heavy,64.1,64.4,4.0,44.2,C+,B+,B+,D,Utility Player,0.75,0.44,0.55,0.98,0.44,1.09,0.05,-0.6,18,-1.13,0.78,-0.03,0.03,0.3,Conditions-Proof,0.0,False
13c35c9e,TG Southee,New Zealand,122,460.5,175,8.3,15.79,pp_heavy,64.0,75.8,85.9,75.3,A,B+,A,A+,Strike Bowler,0.89,0.15,0.43,0.35,-0.07,1.77,0.01,-0.16,11,-0.77,0.73,0.03,-0.03,0.05,Conditions-Proof,0.01,False
856cbb1e,Mohammed Nadeem,Qatar,24,86.0,27,6.47,19.11,middle_heavy,63.9,69.0,38.3,57.1,B,B+,B+,C+,Utility Player,0.91,0.22,0.93,0.96,-0.38,1.83,0.08,-0.22,14,-1.14,0.91,0.41,-0.41,-0.03,Conditions-Proof,-0.09,False
b0f2d3bd,ND Laegsgaard,Denmark,24,76.5,30,5.9,15.3,middle_heavy,63.9,63.2,65.4,64.2,B+,B+,B+,B+,Utility Player,0.83,0.5,0.91,0.83,0.18,2.23,0.09,0.28,21,-1.33,0.85,0.32,-0.32,-0.07,Conditions-Proof,-0.02,False
395695ce,C Kyewuta,Uganda,42,137.17,60,7.04,13.72,pp_heavy,63.9,51.6,69.7,61.7,B+,B+,B,B+,Utility Player,0.76,0.28,0.22,0.88,-0.24,1.68,0.04,-0.28,13,-1.29,0.81,0.04,-0.04,0.34,Tough-Track Enforcer,0.21,False
5bbabe59,TL Chatara,Zimbabwe,53,188.5,64,7.44,17.67,pp_heavy,63.9,63.9,45.8,57.9,B,B+,B+,B,Utility Player,0.9,0.27,0.37,0.61,-0.14,1.29,0.02,-0.1,17,-0.9,0.8,0.12,-0.12,-0.18,Conditions-Proof,-0.03,False
04a418e8,R Parag,India,5,12.33,5,6.73,14.8,middle_heavy,63.8,64.8,59.6,62.7,B+,B+,B+,B,Utility Player,0.39,0.6,,,,1.55,,,1,-0.47,0.8,,,,,,True
1a9e9efe,Bilal Hassun,Uganda,35,114.0,54,7.35,12.67,pp_heavy,63.8,48.0,70.0,60.6,B+,B+,B,B+,Utility Player,0.75,0.74,-0.03,-0.17,0.25,1.93,0.06,0.0,19,-1.31,0.9,0.03,-0.03,-0.01,Conditions-Proof,0.1,False
d20e22f7,Atif-Ur-Rehman,Saudi Arabia,16,53.0,19,5.81,16.74,pp_heavy,63.8,62.2,50.4,58.8,B,B+,B+,B,Utility Player,1.04,0.32,0.63,0.62,-0.41,1.8,0.11,,4,-1.46,0.92,0.36,-0.36,0.01,Conditions-Proof,,False
27cc4361,PJ Ongondo,Kenya,5,18.0,3,6.44,36.0,pp_heavy,63.8,63.9,36.3,54.7,B,B+,B+,C+,Utility Player,0.57,0.0,,,,1.13,,,4,-1.69,0.78,,,,,,True
74a578d0,C Udekwe,Nigeria,24,75.17,30,6.03,15.03,pp_heavy,63.7,56.6,58.9,59.7,B,B+,B,B,Utility Player,0.77,0.43,0.35,0.12,-0.54,1.81,0.08,-0.39,14,-1.48,0.81,0.2,-0.2,-0.49,Flat-Track Leaker,-0.68,False
65a29a30,Huzaifa Mohammed,Philippines,23,86.83,27,6.33,19.3,middle_heavy,63.7,62.2,59.6,61.8,B+,B+,B+,B,Utility Player,0.85,0.59,0.75,0.5,-0.35,2.31,0.1,-0.21,18,-1.18,0.82,-0.31,0.31,0.17,Tough-Track Enforcer,0.22,False
243431b5,KJ O'Brien,Ireland,34,99.83,48,7.2,12.48,middle_heavy,63.7,60.9,74.2,66.3,B+,B+,B+,B+,Enforcer,0.78,0.25,0.33,0.59,-0.33,1.76,0.05,0.43,13,-0.93,0.81,-0.44,0.44,-0.14,Conditions-Proof,-0.12,False
1a628a92,Mohammad Kamran,Spain,19,71.17,28,5.14,15.25,pp_heavy,63.5,63.5,63.3,63.4,B+,B+,B+,B+,Utility Player,0.86,0.57,0.64,0.23,0.44,3.43,0.18,-0.6,8,-1.79,1.0,0.3,-0.3,-0.19,Conditions-Proof,0.19,False
0dbe27b8,BD Glover,Netherlands,23,75.83,37,6.87,12.3,pp_heavy,63.5,42.1,74.7,60.1,B+,B+,C+,B+,Enforcer,0.91,0.24,0.66,0.81,0.2,1.58,0.07,-0.13,15,-1.25,0.83,-0.03,0.03,0.24,Tough-Track Enforcer,0.28,False
baa7dd37,V Ganesan,Germany,29,78.0,26,5.86,18.0,middle_heavy,63.5,66.5,47.5,59.2,B,B+,B+,B,Utility Player,0.61,0.19,0.28,0.14,0.06,1.92,0.07,0.05,14,-1.18,0.83,-0.38,0.38,0.15,Conditions-Proof,0.27,False
7fcc57bf,Atif Mehmood,Spain,23,74.83,25,5.57,17.96,pp_heavy,63.4,61.9,57.3,60.9,B+,B+,B+,B,Utility Player,0.79,0.48,0.23,0.17,0.27,2.4,0.1,-0.15,5,-1.54,0.87,-0.49,0.49,-0.14,Conditions-Proof,-0.59,False
414d8a10,J Miyaji,Uganda,39,128.17,62,6.62,12.4,pp_heavy,63.4,55.0,72.5,63.6,B+,B+,B,B+,Enforcer,0.8,0.55,0.21,0.69,-0.14,2.02,0.05,-0.09,11,-1.41,0.84,-0.24,0.24,0.22,Tough-Track Enforcer,0.09,False
f42064d5,CN Greaves,Scotland,29,77.0,27,7.64,17.11,middle_heavy,63.4,70.1,58.4,64.0,B+,B+,B+,B,Utility Player,0.7,0.52,0.49,0.31,0.22,1.65,0.06,0.11,10,-0.45,0.63,0.17,-0.17,0.3,Tough-Track Enforcer,0.26,False
28adcce9,Anwar Rahman,Malaysia,17,54.17,22,6.15,14.77,middle_heavy,63.4,68.2,64.0,65.2,B+,B+,B+,B+,Utility Player,0.87,0.45,1.14,1.35,-0.41,1.99,0.12,-0.23,7,-1.17,0.88,-0.55,0.55,-0.12,Conditions-Proof,-0.16,False
c9945bdf,Simi Singh,Ireland,42,140.33,39,7.47,21.59,middle_heavy,63.3,70.4,18.2,50.6,B,B+,B+,C,Utility Player,0.73,0.21,0.35,0.67,0.16,1.36,0.03,0.1,11,-0.6,0.72,-0.11,0.11,0.01,Conditions-Proof,-0.0,False
98d05440,B Regmi,Nepal,15,51.17,22,6.41,13.95,middle_heavy,63.3,67.9,66.7,66.0,B+,B+,B+,B+,Utility Player,0.9,0.27,0.93,0.66,-0.06,1.95,0.13,-0.07,9,-0.89,0.78,-0.4,0.4,0.02,Conditions-Proof,-0.15,False
dd572696,Haider Ali,United Arab Emirates,23,88.0,32,6.26,16.5,middle_heavy,63.3,71.7,74.3,69.8,B+,B+,B+,B+,Enforcer,0.82,0.53,1.27,1.39,-0.19,2.08,0.09,-0.25,7,-1.01,0.82,0.26,-0.26,0.16,Tough-Track Enforcer,0.11,False
6ad2d5f7,LN Rajbanshi,Nepal,38,123.83,40,6.61,18.58,middle_heavy,63.3,70.1,54.1,62.5,B+,B+,B+,B,Utility Player,0.83,0.22,0.54,0.5,-0.4,1.76,0.05,-0.07,10,-1.29,0.81,0.03,-0.03,-0.03,Conditions-Proof,-0.01,False
0e6c2f00,AF Ifill,Cayman Islands,23,74.33,26,6.65,17.15,middle_heavy,63.2,64.7,60.4,62.8,B+,B+,B+,B+,Utility Player,0.89,0.38,0.4,0.35,-0.26,1.99,0.09,-0.35,20,-1.35,0.9,-0.42,0.42,0.12,Conditions-Proof,0.87,False
51a3c5ef,MJ McClenaghan,New Zealand,29,101.33,30,7.98,20.27,pp_heavy,63.2,68.8,40.2,57.4,B,B+,B+,C+,Utility Player,0.96,0.13,0.54,0.84,0.07,1.18,0.04,0.01,5,-0.6,0.74,0.42,-0.42,-0.02,Conditions-Proof,-0.01,False
609d6c7c,W Peatfield,Guernsey,16,56.0,27,5.7,12.44,pp_heavy,63.2,62.5,62.6,62.8,B+,B+,B+,B+,Utility Player,0.63,0.48,0.64,0.54,0.02,2.57,0.16,-0.23,11,-1.4,0.88,-0.07,0.07,0.13,Conditions-Proof,,False
a9a4df9f,JO Ngoche,Kenya,6,20.0,2,5.7,60.0,pp_heavy,63.1,66.0,6.0,45.0,B,B+,B+,D,Utility Player,0.42,0.0,,,,1.08,,,3,-1.28,1.0,,,,,,True
94238673,HK Bennett,New Zealand,11,35.83,10,9.4,21.5,pp_heavy,63.1,33.0,7.6,34.6,C+,B+,C+,D,Utility Player,0.57,0.0,0.13,-0.1,0.49,0.6,0.05,,2,-0.51,0.69,-0.06,0.06,0.03,Conditions-Proof,0.13,False
64c81abf,D Suzuki,Japan,40,83.33,32,7.26,15.62,middle_heavy,63.0,53.5,55.2,57.2,B,B+,B,B,Utility Player,0.62,0.31,-0.02,0.05,0.25,1.91,0.05,-0.06,23,-1.24,0.82,-0.7,0.7,0.01,Conditions-Proof,0.21,False
f5f18a18,S Randiv,Sri Lanka,7,21.0,8,6.62,15.75,middle_heavy,63.0,64.1,53.8,60.3,B+,B+,B+,B,Utility Player,0.67,0.25,,,,1.31,,,2,-1.15,0.86,,,,,,True
8088632c,C Rububagumya,Rwanda,54,144.67,55,7.69,15.78,middle_heavy,63.0,58.9,32.3,51.4,B,B+,B,C+,Utility Player,0.73,0.2,0.23,0.31,-0.36,1.57,0.03,-0.1,26,-0.84,0.77,-0.24,0.24,0.04,Conditions-Proof,0.1,False
9868bc75,BMAJ Mendis,Sri Lanka,14,35.0,12,7.2,17.5,middle_heavy,62.9,72.7,52.9,62.8,B+,B+,B+,B,Utility Player,0.77,0.42,0.66,0.48,0.06,1.48,0.11,,0,-0.84,0.64,-0.08,0.08,0.26,Tough-Track Enforcer,0.56,False
0d38ab25,H Fennell,Argentina,24,83.17,42,6.12,11.88,pp_heavy,62.8,61.4,62.9,62.4,B+,B+,B+,B+,Utility Player,0.92,0.31,0.54,0.38,-0.15,2.73,0.11,0.5,16,-1.33,0.88,-0.01,0.01,-0.59,Flat-Track Leaker,-0.49,False
2343b4bf,WT Mubayiwa,Zimbabwe,5,19.0,6,4.84,19.0,pp_heavy,62.8,61.2,53.4,59.1,B,B+,B+,B,Utility Player,0.8,0.67,,,,1.78,,,0,-1.51,1.0,,,,,,True
e6b3c3cc,Parveen Kumar,Canada,7,26.0,9,5.27,17.33,middle_heavy,62.8,66.5,63.3,64.2,B+,B+,B+,B+,Utility Player,0.92,0.33,,,-0.48,1.84,,,3,-1.55,0.89,,,,,,True
fbcfa528,T Munyonga,Zimbabwe,5,13.0,3,4.92,26.0,middle_heavy,62.8,60.1,28.0,50.3,B,B+,B+,C,Utility Player,0.64,0.33,,,,1.39,,,0,-1.69,1.0,,,,,,True
e9173fb0,SR Bhudia,Kenya,15,31.67,9,5.81,21.11,middle_heavy,62.6,58.8,36.1,52.5,B,B+,B,C+,Utility Player,0.43,0.33,0.41,0.69,-0.6,1.59,0.11,0.01,12,-1.39,0.92,-0.31,0.31,0.38,Tough-Track Enforcer,0.74,False
c556b9d2,G Sesay,Sierra Leone,27,74.5,40,6.07,11.18,pp_heavy,62.6,60.0,63.2,61.9,B+,B+,B+,B+,Utility Player,1.07,0.48,0.33,0.13,0.22,2.6,0.1,-0.06,19,-1.65,0.94,0.7,-0.7,0.39,Conditions-Proof,0.02,False
3ad06915,J Coetzee,Thailand,25,85.33,50,5.1,10.24,pp_heavy,62.6,62.5,62.7,62.6,B+,B+,B+,B+,Utility Player,0.96,0.38,1.05,0.7,-0.01,3.64,0.15,-0.34,9,-1.76,0.93,0.58,-0.58,-0.08,Conditions-Proof,0.13,False
eeeebf82,HA Varaiya,Kenya,12,37.33,12,6.46,18.67,middle_heavy,62.6,60.7,39.0,54.1,B,B+,B+,C+,Utility Player,0.84,0.33,0.26,0.18,,1.27,0.11,-0.2,9,-0.83,0.87,0.39,-0.39,0.5,Tough-Track Enforcer,0.19,False
f468293b,JN Loftie-Eaton,Namibia,32,69.33,25,7.63,16.64,middle_heavy,62.6,68.9,54.7,62.1,B+,B+,B+,B,Utility Player,0.52,0.36,0.14,0.29,0.12,1.63,0.05,0.24,14,-0.33,0.54,0.41,-0.41,0.03,Conditions-Proof,0.22,False
a3a275ec,K Waiswa,Uganda,32,91.0,45,7.46,12.13,middle_heavy,62.6,48.5,66.8,59.3,B,B+,B,B+,Utility Player,0.77,0.38,0.04,-0.21,0.02,1.91,0.06,-0.0,6,-0.88,0.78,-0.19,0.19,0.11,Conditions-Proof,0.15,False
5b7ab5a9,CV Varun,India,42,157.5,74,7.57,12.77,middle_heavy,62.5,65.9,86.4,71.7,B+,B+,B+,A+,Strike Bowler,1.0,0.43,0.92,0.98,-0.18,2.22,0.05,-0.06,5,-0.92,0.76,0.1,-0.1,-0.18,Flat-Track Leaker,-0.14,False
c03c6200,DJG Sammy,West Indies,58,150.67,50,7.42,18.08,middle_heavy,62.5,71.6,39.3,57.8,B,B+,B+,C+,Utility Player,0.52,0.18,0.09,0.66,-0.01,1.45,0.02,0.35,14,-0.64,0.71,-0.11,0.11,-0.26,Flat-Track Leaker,-0.22,False
934b36a6,Khawar Ali,Oman,33,99.33,41,6.74,14.54,middle_heavy,62.5,66.8,51.0,60.1,B+,B+,B+,B,Utility Player,0.74,0.41,0.27,0.41,-0.18,1.59,0.05,0.17,19,-0.98,0.7,0.12,-0.12,-0.25,Flat-Track Leaker,-0.18,False
7f6c2dae,DC Stovell,Bermuda,15,43.17,17,6.79,15.24,middle_heavy,62.5,55.7,52.2,56.8,B,B+,B,B,Utility Player,0.8,0.18,0.06,0.37,-0.59,1.87,0.12,-0.36,14,-0.78,0.75,-0.73,0.73,-0.52,Flat-Track Leaker,-0.3,False
8f70fff7,S Conteh,Sierra Leone,23,67.67,30,5.81,13.53,middle_heavy,62.4,54.3,57.7,58.1,B,B+,B,B,Utility Player,0.64,0.37,0.37,0.26,0.23,2.35,0.1,-0.21,14,-1.49,0.93,0.31,-0.31,-0.15,Conditions-Proof,,False
6fd0c8e1,JD Campbell,West Indies,1,1.0,0,1.0,999.0,middle_heavy,62.4,61.3,35.5,53.1,B,B+,B+,C+,Utility Player,0.0,0.0,,,,1.23,,,1,,,,,,,,True
7d7ab238,MR Gillespie,New Zealand,10,35.0,12,7.37,17.5,pp_heavy,62.4,55.6,47.2,55.1,B,B+,B,B,Utility Player,0.63,0.25,0.46,0.31,-0.25,1.06,0.11,,4,-0.58,0.71,,,-0.44,Flat-Track Leaker,-0.4,False
adbf0400,Basil Hameed,United Arab Emirates,34,85.33,38,7.15,13.47,middle_heavy,62.2,63.7,71.3,65.7,B+,B+,B+,B+,Utility Player,0.76,0.37,0.43,1.02,0.4,1.79,0.05,0.31,12,-0.81,0.71,-0.24,0.24,0.09,Conditions-Proof,0.15,False
78bbeba1,Khizar Hayat,Malaysia,50,161.33,51,6.56,18.98,middle_heavy,62.2,63.6,24.4,50.1,B,B+,B+,C,Utility Player,0.67,0.35,0.22,0.4,-0.1,1.52,0.03,-0.12,19,-1.02,0.76,-0.26,0.26,-0.05,Conditions-Proof,-0.05,False
cbd91942,M Taniyama,Japan,32,75.67,37,5.44,12.27,middle_heavy,62.2,61.5,62.4,62.0,B+,B+,B+,B+,Utility Player,0.51,0.32,0.01,0.1,-0.11,2.45,0.08,-0.29,18,-1.8,0.87,-0.48,0.48,0.07,Conditions-Proof,0.18,False
89394502,MA Baig,Malawi,19,58.5,32,5.08,10.97,middle_heavy,62.2,62.7,63.2,62.7,B+,B+,B+,B+,Utility Player,0.59,0.47,0.89,0.93,-0.21,2.67,0.14,-0.78,18,-1.76,0.9,0.05,-0.05,-0.07,Conditions-Proof,-0.11,False
59ea70a4,HT Tector,Ireland,17,36.0,11,6.97,19.64,middle_heavy,62.2,71.2,25.1,52.8,B,B+,B+,C,Utility Player,0.71,0.18,0.63,1.1,-0.07,1.29,0.08,,3,-1.4,0.88,-0.22,0.22,-0.34,Flat-Track Leaker,-0.37,False
327b58d3,PVD Chameera,Sri Lanka,75,272.0,100,8.22,16.32,pp_heavy,62.2,62.6,87.0,70.7,B+,B+,B+,A+,Strike Bowler,0.88,0.28,0.36,0.44,-0.06,1.68,0.02,-0.18,22,-0.86,0.74,0.06,-0.06,-0.07,Conditions-Proof,-0.07,False
dae28050,Sahel Zadran,Austria,37,120.33,42,7.43,17.19,pp_heavy,62.1,63.2,52.5,59.3,B,B+,B+,B,Utility Player,0.7,0.33,0.42,0.63,0.02,1.9,0.05,-0.04,12,-0.75,0.77,0.16,-0.16,0.15,Tough-Track Enforcer,0.09,False
28b032ac,Lucky Ali,Denmark,13,39.0,16,5.21,14.62,middle_heavy,62.0,57.8,54.6,58.1,B,B+,B,B,Utility Player,0.84,0.19,0.45,0.5,-0.23,1.91,0.15,-0.59,7,-1.73,0.89,-0.08,0.08,-0.04,Conditions-Proof,,False
548d4188,KS Airee,Nepal,10,34.17,16,6.73,12.81,pp_heavy,62.0,57.2,61.0,60.1,B+,B+,B,B+,Utility Player,0.98,0.19,0.54,0.19,0.41,1.44,0.14,,4,-1.26,0.79,,,0.14,Conditions-Proof,0.09,False
bcce309e,WPUJC Vaas,Sri Lanka,6,22.0,6,6.09,22.0,pp_heavy,62.0,61.1,44.6,55.9,B,B+,B+,C+,Utility Player,0.8,0.67,,,0.76,1.13,,,1,-1.31,0.91,,,,,,True
5332fc2f,Hamid Mahmood,Sweden,15,46.5,15,5.2,18.6,middle_heavy,62.0,62.0,50.0,58.0,B,B+,B+,B,Utility Player,0.75,0.4,1.09,0.95,0.65,2.4,0.16,0.17,8,-1.06,0.82,,,0.12,Conditions-Proof,0.02,False
a3bfec5d,SR Clark,Australia,9,36.0,14,6.83,15.43,middle_heavy,62.0,64.4,63.7,63.4,B+,B+,B+,B+,Utility Player,0.77,0.0,,,-0.25,1.44,,,1,-1.01,0.88,,,,,,False
4d7c5b56,IK Gamantika,Indonesia,48,139.17,51,5.89,16.37,middle_heavy,61.9,59.9,55.8,59.2,B,B+,B,B,Utility Player,0.6,0.25,0.2,0.23,0.08,2.19,0.05,-0.24,15,-1.41,0.92,0.13,-0.13,-0.09,Conditions-Proof,-0.04,False
7fa6bd8e,RR Patel,Kenya,36,96.83,40,5.94,14.52,middle_heavy,61.9,68.6,63.9,64.8,B+,B+,B+,B+,Utility Player,0.64,0.25,0.47,0.28,0.02,2.04,0.06,-0.06,16,-1.38,0.86,0.16,-0.16,0.09,Conditions-Proof,0.26,False
9048c17e,DM Gondaria,Kenya,9,26.83,10,6.34,16.1,middle_heavy,61.9,60.7,56.7,59.8,B,B+,B+,B,Utility Player,0.98,0.3,,,0.13,1.76,,0.14,7,-1.12,0.77,,,,,,True
14af45c4,KDA Lukies,Philippines,29,106.67,48,5.65,13.33,pp_heavy,61.8,61.7,62.3,61.9,B+,B+,B+,B+,Utility Player,0.87,0.35,1.01,1.06,0.27,2.85,0.1,-0.14,13,-1.37,0.89,-0.1,0.1,0.21,Tough-Track Enforcer,0.12,False
addfb70e,SW Tait,Australia,21,80.17,30,7.85,16.03,pp_heavy,61.8,43.1,69.0,58.0,B,B+,C+,B+,Utility Player,0.82,0.37,0.43,0.32,-0.27,1.21,0.06,,1,-1.1,0.82,-0.19,0.19,-0.35,Flat-Track Leaker,-0.27,False
af42d9f2,K Thuchila,Malawi,15,51.17,15,5.86,20.47,pp_heavy,61.6,63.5,56.9,60.7,B+,B+,B+,B,Utility Player,0.88,0.33,0.98,0.58,0.54,2.08,0.14,-0.12,11,-1.35,0.84,0.31,-0.31,0.7,Tough-Track Enforcer,,False
fb0abc20,Haseeb Amjad,Hong Kong,14,47.33,26,7.52,10.92,pp_heavy,61.4,56.2,71.6,63.1,B+,B+,B,B+,Utility Player,0.94,0.27,0.46,0.25,-0.37,1.61,0.12,0.03,5,-1.16,0.77,,,-0.09,Conditions-Proof,0.22,False
d953bf92,A Kirschbaum,Argentina,24,81.17,28,6.22,17.39,middle_heavy,61.4,58.5,58.5,59.5,B,B+,B,B,Utility Player,0.78,0.32,0.37,0.2,-0.08,2.23,0.09,-0.03,16,-1.23,0.86,-0.29,0.29,-0.1,Conditions-Proof,-0.29,False
552b228c,Anshuman Rath,Hong Kong,14,35.67,8,8.16,26.75,middle_heavy,61.4,68.8,53.5,61.2,B+,B+,B+,B,Utility Player,0.4,0.62,-0.23,-0.17,0.01,1.71,0.12,,1,-0.33,0.75,-0.39,0.39,0.03,Conditions-Proof,0.03,False
3e6e9a5f,S Gill,Kenya,15,51.33,13,6.16,23.69,pp_heavy,61.3,60.1,34.0,51.8,B,B+,B+,C+,Utility Player,0.85,0.46,0.56,0.24,0.59,1.36,0.09,-0.24,12,-1.12,0.86,0.34,-0.34,0.1,Conditions-Proof,0.2,False
ef141f36,Surya Anand,Denmark,26,74.17,16,6.08,27.81,pp_heavy,61.3,57.4,5.8,41.5,C+,B+,B,D,Utility Player,0.56,0.06,0.17,0.41,0.15,1.13,0.04,0.04,20,-1.13,0.78,-0.35,0.35,-0.05,Conditions-Proof,0.04,False
eee46f77,Raza Iqbal,Norway,23,75.0,26,5.73,17.31,middle_heavy,61.2,60.8,41.0,54.3,B,B+,B+,C+,Utility Player,0.78,0.19,0.63,0.86,0.09,1.83,0.08,0.21,16,-1.4,0.94,0.16,-0.16,-0.3,Flat-Track Leaker,-0.58,False
64839cb3,M Pathirana,Sri Lanka,23,74.83,33,8.71,13.61,middle_heavy,61.2,45.5,67.9,58.2,B,B+,B,B+,Utility Player,0.91,0.27,0.43,0.18,0.1,1.39,0.06,-0.12,5,-1.01,0.81,-0.18,0.18,-0.01,Conditions-Proof,-0.04,False
ef503cfe,P Kumbhare,Japan,18,61.17,24,4.66,15.29,pp_heavy,61.2,61.8,61.3,61.4,B+,B+,B+,B+,Utility Player,0.95,0.38,1.03,1.37,0.06,2.67,0.15,0.17,15,-1.9,0.89,,,0.01,Conditions-Proof,0.09,False
3df3f50b,Waheed Ahmed,United Arab Emirates,12,31.0,8,7.32,23.25,middle_heavy,61.1,55.9,17.0,44.7,C+,B+,B,C,Utility Player,0.52,0.38,-0.05,-0.24,0.16,1.1,0.09,-0.02,8,-0.59,0.79,-0.58,0.58,0.24,Tough-Track Enforcer,,False
cf73ad76,JEC Franklin,New Zealand,26,54.5,25,7.74,13.08,middle_heavy,61.1,72.2,75.8,69.7,B+,B+,B+,A,Enforcer,0.58,0.32,0.46,0.3,0.15,1.75,0.07,,4,-0.74,0.68,-0.28,0.28,0.2,Tough-Track Enforcer,0.22,False
2e89652e,H Bharadwaj,Singapore,12,45.0,19,5.24,14.21,middle_heavy,61.0,61.1,59.0,60.4,B+,B+,B+,B,Utility Player,0.99,0.42,1.5,0.92,-0.07,2.54,0.21,0.22,9,-1.03,0.95,0.47,-0.47,-0.06,Conditions-Proof,0.04,False
96275259,B Ito-Davis,Japan,19,52.67,29,4.41,10.9,middle_heavy,61.0,60.4,61.0,60.8,B+,B+,B+,B+,Utility Player,0.81,0.31,0.56,0.41,-0.17,2.9,0.15,-0.09,12,-1.94,0.9,-0.13,0.13,-0.53,Flat-Track Leaker,-0.53,False
cef52835,Owais Ahmed,Qatar,15,50.0,12,6.76,25.0,middle_heavy,61.0,64.9,23.4,49.8,B,B+,B+,C,Utility Player,0.75,0.25,0.63,0.19,0.3,1.47,0.1,0.05,8,-0.97,0.81,0.29,-0.29,-0.06,Conditions-Proof,-0.11,False
6e3f5a5c,R Ngarava,Zimbabwe,82,292.33,110,7.56,15.95,pp_heavy,61.0,65.4,78.2,68.2,B+,B+,B+,A,Enforcer,0.96,0.32,0.48,0.47,-0.41,1.63,0.02,0.15,37,-0.98,0.76,-0.2,0.2,-0.09,Conditions-Proof,-0.1,False
ea3ffd1b,NO Miller,West Indies,9,31.67,12,7.17,15.83,middle_heavy,60.9,60.9,63.6,61.8,B+,B+,B+,B+,Utility Player,0.94,0.33,,,-0.34,1.38,,,3,-0.66,0.75,,,,,,False
3b4a8cfb,Amjad Sher,Finland,29,107.67,38,6.75,17.0,pp_heavy,60.9,60.1,56.0,59.0,B,B+,B+,B,Utility Player,0.81,0.13,0.69,1.15,-0.05,1.88,0.06,-0.28,16,-1.05,0.87,0.12,-0.12,-0.12,Conditions-Proof,0.35,False
e969e580,GD Arta,Indonesia,33,92.0,31,5.8,17.81,middle_heavy,60.9,61.4,53.9,58.7,B,B+,B+,B,Utility Player,0.77,0.29,0.4,0.13,0.25,2.38,0.07,-0.26,8,-1.37,0.76,0.06,-0.06,-0.28,Flat-Track Leaker,-0.41,False
92f0e10e,Ahmed Aqeel,Malaysia,13,26.0,5,6.5,31.2,middle_heavy,60.8,66.0,21.1,49.3,B,B+,B+,C,Utility Player,0.42,0.6,0.58,0.4,0.15,1.63,0.13,-0.14,5,-0.31,0.73,0.3,-0.3,-0.19,Flat-Track Leaker,-0.11,True
e3eb9e46,Nizakat Khan,Hong Kong,14,32.83,12,6.03,16.42,middle_heavy,60.7,66.0,34.2,53.6,B,B+,B+,C+,Utility Player,0.59,0.25,0.4,0.08,-0.13,1.47,0.1,0.06,5,-1.14,0.91,0.07,-0.07,-0.52,Flat-Track Leaker,-0.28,False
d0042e16,Z Burgess,Bermuda,27,85.17,26,6.05,19.65,pp_heavy,60.7,60.3,51.7,57.6,B,B+,B+,B,Utility Player,0.72,0.5,0.36,0.11,-0.05,1.66,0.06,-0.07,23,-1.45,0.93,0.1,-0.1,0.3,Tough-Track Enforcer,0.26,False
8ce2080b,TJG Pringle,Netherlands,22,70.0,19,6.66,22.11,middle_heavy,60.7,69.7,36.5,55.6,B,B+,B+,C+,Utility Player,0.88,0.21,0.5,0.4,0.18,1.36,0.06,-0.22,8,-0.8,0.72,0.48,-0.48,0.3,Tough-Track Enforcer,0.23,False
3239c8a9,R Coker,Sierra Leone,29,94.0,27,5.85,20.89,middle_heavy,60.7,58.5,36.5,51.9,B,B+,B,C+,Utility Player,0.68,0.33,0.42,0.62,-0.05,1.93,0.07,0.18,17,-1.19,0.91,0.06,-0.06,0.04,Conditions-Proof,0.07,False
e258a603,N Dutta,Canada,24,75.17,24,6.75,18.79,middle_heavy,60.6,65.6,41.0,55.7,B,B+,B+,C+,Utility Player,0.73,0.29,0.35,0.34,-0.25,1.56,0.06,0.43,15,-1.19,0.79,-0.03,0.03,-0.31,Flat-Track Leaker,-0.31,False
20f4a109,TGJ Gruijters,Netherlands,5,12.0,3,6.33,24.0,pp_heavy,60.6,65.4,43.0,56.3,B,B+,B+,C+,Utility Player,0.9,0.33,,,,1.33,,,2,-0.93,0.67,,,,,,True
2d9451cc,MK Thakur,Thailand,21,72.5,25,6.21,17.4,pp_heavy,60.6,56.7,43.9,53.7,B,B+,B,C+,Utility Player,0.8,0.4,0.32,0.22,-0.24,1.82,0.09,,4,-1.33,0.97,-0.17,0.17,0.14,Conditions-Proof,0.21,False
ffc308ee,O Muzondo,Zimbabwe,5,18.0,11,5.17,9.82,middle_heavy,60.6,52.7,63.2,58.8,B,B+,B,B+,Utility Player,0.97,0.18,,,,1.87,,,0,-1.61,1.0,,,,,,True
e16e7347,CG Williams,Namibia,13,29.0,9,6.45,19.33,middle_heavy,60.6,61.5,17.0,46.4,B,B+,B+,C,Utility Player,0.3,0.11,0.05,-0.06,-0.17,1.28,0.1,-0.01,8,-0.97,0.83,-0.55,0.55,0.04,Conditions-Proof,-0.22,True
dd14abf5,R Sakurano-Thomas,Japan,33,80.17,32,7.0,15.03,pp_heavy,60.5,50.0,50.6,53.7,B,B+,B,B,Utility Player,0.71,0.25,-0.06,0.31,0.13,1.57,0.05,-0.31,19,-1.36,0.73,0.26,-0.26,0.07,Conditions-Proof,0.06,False
4bc0a378,WP Masakadza,Zimbabwe,66,197.67,50,7.41,23.72,middle_heavy,60.5,68.0,1.7,43.4,C+,B+,B+,D,Utility Player,0.68,0.16,0.36,0.29,-0.09,1.08,0.02,0.13,19,-0.74,0.72,-0.22,0.22,0.1,Conditions-Proof,0.02,False
bbab35a3,M Yunusu Issa,Tanzania,22,54.0,21,7.28,15.43,pp_heavy,60.5,59.4,57.9,59.3,B,B+,B,B,Utility Player,0.75,0.14,0.3,0.11,-0.24,1.68,0.08,-0.05,6,-0.87,0.73,0.33,-0.33,-0.23,Flat-Track Leaker,-0.21,False
5902f2eb,Saud Munir,Denmark,15,51.67,24,6.56,12.92,middle_heavy,60.4,49.4,47.5,52.4,B,B+,B,B,Utility Player,0.75,0.25,0.31,0.52,-0.67,1.53,0.1,-0.33,10,-0.96,0.89,0.32,-0.32,-0.27,Flat-Track Leaker,,False
9c91218d,A Natubhai Ahir,Panama,18,56.83,17,5.37,20.06,middle_heavy,60.4,60.4,42.6,54.5,B,B+,B+,C+,Utility Player,0.81,0.35,0.87,0.94,0.1,1.98,0.11,-0.34,16,-1.3,0.81,0.22,-0.22,0.27,Tough-Track Enforcer,0.1,False
4b2d6789,TS Chisoro,Zimbabwe,11,41.0,9,6.78,27.33,middle_heavy,60.3,71.2,36.5,56.0,B,B+,B+,C+,Utility Player,0.6,0.44,1.02,0.31,0.0,1.29,0.12,,3,-1.38,0.85,,,0.49,Tough-Track Enforcer,0.44,False
14157abf,Aqib Iqbal,Austria,56,200.17,74,7.13,16.23,pp_heavy,60.3,55.1,62.3,59.2,B,B+,B,B+,Utility Player,0.99,0.22,0.63,0.57,-0.05,1.85,0.03,-0.05,18,-1.24,0.86,-0.21,0.21,0.11,Conditions-Proof,-0.03,False
6e60a792,MJ Ansell,Isle of Man,17,61.5,18,5.35,20.5,pp_heavy,60.3,61.2,38.2,53.2,B,B+,B+,C+,Utility Player,0.68,0.33,0.79,0.63,0.15,2.03,0.12,-0.41,12,-1.42,0.94,0.09,-0.09,0.28,Tough-Track Enforcer,0.23,False
39f0b039,Baljit Singh,Italy,7,20.0,6,5.9,20.0,middle_heavy,60.2,58.8,34.4,51.1,B,B+,B,C+,Utility Player,0.59,0.17,,,0.17,1.98,,0.6,6,-1.24,1.0,,,,,,True
b9fd3959,Iqbal Hussain,Qatar,8,30.83,24,6.52,7.71,middle_heavy,60.1,55.1,65.9,60.4,B+,B+,B,B+,Utility Player,0.98,0.21,,,-0.36,2.12,,-0.43,7,-0.67,0.71,,,,,,False
f708a0bc,GB Hogg,Australia,15,49.0,7,7.78,42.0,middle_heavy,60.1,65.1,1.1,42.1,C+,B+,B+,D,Utility Player,0.48,0.14,0.11,0.25,-0.28,0.88,0.06,,1,-0.58,0.68,,,-0.03,Conditions-Proof,-0.13,False
c06c25fd,Akhil Anil,Tanzania,19,55.33,19,6.69,17.47,middle_heavy,60.1,59.4,56.5,58.7,B,B+,B,B,Utility Player,0.88,0.42,0.44,0.14,-0.26,1.86,0.1,-0.02,12,-0.89,0.78,0.19,-0.19,0.01,Conditions-Proof,0.14,False
1f4a78c5,Utkarsh Jain,Cambodia,22,76.17,25,5.71,18.28,middle_heavy,60.0,63.8,55.1,59.6,B,B+,B+,B,Utility Player,0.87,0.36,1.11,0.97,-0.1,2.06,0.09,-0.12,10,-1.05,0.78,0.1,-0.1,-0.1,Conditions-Proof,0.0,False
91a4a398,Z Khan,India,15,52.67,17,7.59,18.59,pp_heavy,60.0,64.1,54.1,59.4,B,B+,B+,B,Utility Player,0.87,0.41,0.53,0.27,-0.1,1.17,0.08,,0,-0.76,0.7,-0.35,0.35,0.18,Conditions-Proof,0.03,False
c3d35165,JA Morkel,South Africa,44,101.83,30,8.33,20.37,middle_heavy,59.9,45.7,15.4,40.3,C+,B,B,C,Utility Player,0.52,0.17,-0.17,0.02,-0.02,1.06,0.02,-0.27,12,-0.54,0.67,0.45,-0.45,-0.28,Flat-Track Leaker,-0.22,False
3f9d95f9,LJ Myott,Philippines,21,74.5,32,6.17,13.97,middle_heavy,59.9,59.7,53.5,57.7,B,B,B,B,Utility Player,0.88,0.22,0.81,0.35,0.23,2.37,0.11,0.02,11,-0.95,0.87,-0.01,0.01,0.25,Tough-Track Enforcer,0.23,False
716bf559,BA Pai,Gibraltar,34,114.5,32,6.86,21.47,pp_heavy,59.9,61.4,45.3,55.5,B,B,B+,B,Utility Player,0.71,0.25,0.93,0.9,0.04,1.95,0.06,-0.35,14,-0.77,0.74,0.07,-0.07,0.02,Conditions-Proof,-0.0,False
f7b2cbe8,C Viljoen,Namibia,12,37.17,21,6.43,10.62,pp_heavy,59.8,51.3,64.4,58.5,B,B,B,B+,Utility Player,0.8,0.29,0.17,0.35,-0.6,1.54,0.13,,12,-0.72,0.65,-0.28,0.28,-0.01,Conditions-Proof,-0.27,False
1c1bb0d5,MB Tambe,Finland,25,80.33,30,7.32,16.07,middle_heavy,59.8,54.5,52.4,55.6,B,B,B,B,Utility Player,0.8,0.33,0.26,0.2,0.24,1.87,0.07,0.08,15,-0.73,0.68,-0.26,0.26,0.21,Tough-Track Enforcer,0.6,False
8e9d3dc4,PF Gallagher,Finland,16,62.83,26,6.16,14.5,middle_heavy,59.7,59.6,58.5,59.3,B,B,B,B,Utility Player,1.05,0.15,1.17,0.71,-0.1,2.28,0.14,0.34,8,-1.22,0.82,0.06,-0.06,-0.14,Conditions-Proof,-0.05,False
04cf2e94,A Morris,Cayman Islands,24,87.17,31,5.91,16.87,middle_heavy,59.6,55.7,63.2,59.5,B,B,B,B+,Utility Player,0.86,0.55,0.91,1.05,-0.32,1.78,0.07,0.74,23,-1.2,0.84,-0.75,0.75,-0.38,Flat-Track Leaker,-0.17,False
c156cc1f,I Danladi,Nigeria,36,88.67,38,6.06,14.0,middle_heavy,59.6,59.1,65.4,61.4,B+,B,B,B+,Utility Player,0.63,0.5,0.22,0.77,-0.4,1.96,0.05,0.25,20,-1.19,0.84,0.27,-0.27,0.13,Conditions-Proof,0.36,False
60bec5c3,Muhammad Amir,Malaysia,28,80.17,39,6.94,12.33,middle_heavy,59.6,60.6,63.6,61.3,B+,B,B+,B+,Utility Player,0.83,0.08,0.09,0.26,-0.03,1.79,0.06,-0.08,11,-1.1,0.79,0.05,-0.05,0.19,Tough-Track Enforcer,0.3,False
5441db8c,Aizaz Cheema,Pakistan,5,17.0,9,7.0,11.33,pp_heavy,59.5,54.2,57.8,57.2,B,B,B,B,Utility Player,0.93,0.44,,,,1.14,,,1,-0.58,0.67,,,,,,True
27159c6a,RM Haq,Scotland,9,36.0,16,6.92,13.5,middle_heavy,59.5,61.4,66.4,62.4,B+,B,B+,B+,Utility Player,1.04,0.31,,,0.07,1.59,,0.07,7,-1.14,0.77,,,,,,False
b471ff6c,K Fubler,Bermuda,13,44.83,20,4.59,13.45,middle_heavy,59.4,57.9,54.7,57.3,B,B,B,B,Utility Player,0.79,0.25,0.57,0.68,-0.38,2.35,0.18,0.4,10,-1.53,0.94,-0.08,0.08,-0.2,Conditions-Proof,,False
3b282e51,Bashir Shah,Denmark,8,28.0,11,5.75,15.27,pp_heavy,59.4,61.1,60.3,60.3,B+,B,B+,B+,Utility Player,1.01,0.36,,,0.18,1.77,,,8,-1.06,0.82,,,,,,True
4bb7f51e,A Wright,Cayman Islands,19,65.5,17,5.8,23.12,middle_heavy,59.4,60.9,30.1,50.1,B,B,B+,C+,Utility Player,0.8,0.41,0.82,0.67,-0.11,1.52,0.08,0.15,13,-1.11,0.87,0.04,-0.04,-0.22,Flat-Track Leaker,-0.23,False
de6b3760,Festus Benn,Bahamas,20,62.5,27,6.5,13.89,middle_heavy,59.3,62.8,62.5,61.5,B+,B,B+,B+,Utility Player,0.79,0.26,0.85,0.75,-0.21,2.18,0.11,0.65,17,-0.58,0.69,-0.65,0.65,-0.1,Conditions-Proof,0.28,False
62b2aa65,M Dale-Bradley,Guernsey,16,55.0,22,6.67,15.0,middle_heavy,59.3,60.9,54.6,58.3,B,B,B+,B,Utility Player,0.75,0.32,0.83,0.77,-0.73,1.76,0.11,0.02,10,-1.16,0.87,0.36,-0.36,-0.22,Flat-Track Leaker,-0.11,False
9061a703,J Little,Ireland,59,220.33,69,7.69,19.16,pp_heavy,59.2,50.5,43.2,51.0,B,B,B,C+,Utility Player,0.73,0.22,0.55,0.64,0.3,1.14,0.02,-0.13,21,-0.72,0.68,0.06,-0.06,0.08,Conditions-Proof,0.16,False
45ca12a7,D Kansonkho,Malawi,9,16.17,5,7.48,19.4,middle_heavy,59.2,58.3,51.4,56.3,B,B,B,B,Utility Player,0.31,0.6,,,-0.33,2.33,,-0.51,8,-0.23,0.5,,,,,,True
33b3d2df,GJ Delany,Ireland,62,171.33,50,7.78,20.56,middle_heavy,59.1,72.7,40.8,57.5,B,B,B+,C+,Utility Player,0.67,0.24,0.32,0.2,-0.11,1.52,0.02,-0.13,17,-0.74,0.68,0.3,-0.3,0.12,Conditions-Proof,-0.0,False
f98c24ec,DK Anefie,Ghana,19,56.0,15,6.38,22.4,middle_heavy,59.1,55.4,31.8,48.8,B,B,B,C+,Utility Player,0.56,0.2,0.22,0.05,-0.16,1.52,0.08,0.18,13,-1.16,0.81,0.14,-0.14,-0.4,Flat-Track Leaker,-0.47,False
9dc3ea7e,H Hiri,Papua New Guinea,3,4.0,3,3.25,8.0,middle_heavy,59.1,58.8,52.2,56.7,B,B,B,B,Utility Player,0.38,0.0,,,,2.1,,,1,-1.55,1.0,,,,,,True
34712b35,M Musinguzi,Uganda,6,12.83,6,6.62,12.83,middle_heavy,59.0,51.8,54.4,55.1,B,B,B,B,Utility Player,0.62,0.33,,,0.0,1.51,,,1,-0.54,0.57,,,,,,True
e6ddab51,EH Hutchinson,United States of America,3,8.0,2,4.5,24.0,pp_heavy,59.0,56.2,38.6,51.3,B,B,B,C+,Utility Player,0.48,0.0,,,,1.76,,,2,-1.14,0.67,,,,,,True
9dca07d7,RJ Sidebottom,England,18,61.17,26,7.54,14.12,pp_heavy,59.0,58.9,68.4,62.1,B+,B,B,B+,Utility Player,0.82,0.23,0.32,0.71,0.58,1.3,0.07,,3,-0.98,0.79,-0.05,0.05,0.13,Conditions-Proof,0.21,False
5be810ba,MD Dai,Papua New Guinea,7,21.0,4,5.76,31.5,middle_heavy,59.0,54.4,27.2,46.9,B,B,B,C,Utility Player,0.29,0.5,,,,1.0,,0.08,5,-0.68,0.8,,,,,,True
7f74b21d,ACF Stokes,Guernsey,16,53.0,20,6.04,15.9,middle_heavy,58.9,62.3,56.7,59.3,B,B,B+,B,Utility Player,0.91,0.2,0.84,0.62,0.1,1.92,0.12,-0.46,13,-1.03,0.79,0.19,-0.19,-0.05,Conditions-Proof,-0.17,False
007113d7,HAM Shah,Denmark,13,37.83,22,6.58,10.32,middle_heavy,58.9,58.9,61.2,59.7,B,B,B,B+,Utility Player,0.87,0.18,0.15,0.67,0.59,2.14,0.16,-0.38,10,-0.83,0.82,1.01,-1.01,0.32,Tough-Track Enforcer,1.18,False
bb9b51f4,JOA Gordon,Canada,16,54.33,22,7.71,14.82,pp_heavy,58.9,24.3,56.0,46.4,B,B,C,B,Utility Player,0.76,0.18,0.3,0.32,-0.21,1.07,0.07,0.26,13,-0.42,0.62,-0.51,0.51,-0.25,Flat-Track Leaker,-0.38,False
dce2019b,F Behardien,South Africa,3,5.0,3,5.4,10.0,middle_heavy,58.9,64.0,56.3,59.7,B,B,B+,B,Utility Player,0.93,0.33,,,,1.4,,,0,,,,,,,,True
abee08c7,JO Adedeji,Nigeria,13,34.0,8,6.56,25.5,middle_heavy,58.8,62.6,31.2,50.9,B,B,B+,C+,Utility Player,0.63,0.38,0.6,0.31,0.33,1.47,0.11,-0.15,11,-0.65,0.64,0.39,-0.39,0.29,Tough-Track Enforcer,,False
69caf2be,G Ngegba,Sierra Leone,18,66.67,28,5.42,14.29,middle_heavy,58.8,57.7,59.3,58.6,B,B,B,B,Utility Player,0.85,0.39,0.64,0.23,-0.08,2.51,0.14,0.28,13,-1.15,0.86,-0.12,0.12,0.49,Tough-Track Enforcer,,False
ba607b88,V Kohli,India,13,25.33,5,8.17,30.4,middle_heavy,58.8,69.8,3.3,44.0,C+,B,B+,D,Utility Player,0.52,0.2,-0.07,-0.04,0.17,0.94,0.07,,3,-0.19,0.5,-0.59,0.59,-0.15,Conditions-Proof,0.04,True
b6e29ef5,VM Vaghela,United States of America,3,10.0,8,4.1,7.5,middle_heavy,58.8,56.3,61.5,58.9,B,B,B,B+,Utility Player,0.9,0.12,,,,2.01,,,1,-1.72,1.0,,,,,,True
33f28243,Naved-ul-Hasan,Pakistan,3,11.17,6,6.54,11.17,pp_heavy,58.7,46.6,59.3,54.9,B,B,B,B,Utility Player,1.02,0.67,,,,1.09,,,0,-0.76,0.6,,,,,,True
67af6f81,RW Price,Zimbabwe,12,45.5,9,7.38,30.33,middle_heavy,58.6,62.1,28.6,49.8,B,B,B+,C,Utility Player,0.7,0.22,0.6,0.37,0.27,1.03,0.09,-0.05,5,-0.81,0.84,,,0.33,Tough-Track Enforcer,0.12,False
66a7f213,Anas Khan,Hong Kong,19,58.5,30,6.34,11.7,middle_heavy,58.6,58.3,67.6,61.5,B+,B,B,B+,Utility Player,0.78,0.47,0.61,0.5,0.04,2.0,0.11,-0.17,6,-1.34,0.83,0.29,-0.29,0.29,Tough-Track Enforcer,0.06,False
90a41671,L Karlsson,Sweden,14,40.83,19,6.2,12.89,pp_heavy,58.6,58.4,57.0,58.0,B,B,B,B,Utility Player,0.79,0.11,0.46,0.08,-0.12,1.97,0.14,0.03,8,-1.75,0.95,1.04,-1.04,-0.18,Conditions-Proof,,False
28392e11,Zaman Khan,Pakistan,7,21.0,5,8.43,25.2,pp_heavy,58.5,58.2,25.8,47.5,B,B,B,C,Utility Player,0.96,0.6,,,0.08,0.8,,,1,-0.59,0.78,,,,,,True
8930a2a6,A Kalasi,Thailand,11,37.0,12,4.92,18.5,middle_heavy,58.5,58.7,42.9,53.4,B,B,B,C+,Utility Player,0.7,0.25,0.84,1.21,-0.18,1.97,0.18,-0.52,5,-1.51,0.93,,,0.03,Conditions-Proof,,False
e27cff77,A Khan,Denmark,9,22.83,7,6.57,19.57,pp_heavy,58.4,57.8,45.6,53.9,B,B,B,B,Utility Player,0.7,0.57,,,-0.18,1.4,,-0.14,7,-1.37,1.0,,,,,,True
9c181b99,Vinay Ravi,Norway,34,101.5,35,6.89,17.4,pp_heavy,58.4,60.4,55.7,58.2,B,B,B+,B,Utility Player,0.85,0.11,0.5,0.51,-0.1,1.71,0.05,-0.03,19,-1.09,0.87,0.26,-0.26,-0.24,Flat-Track Leaker,-0.29,False
f83b77f9,Raaz Mohammad,Finland,21,64.33,25,7.13,15.44,pp_heavy,58.4,48.8,53.7,53.6,B,B,B,B,Utility Player,0.79,0.6,0.18,0.14,0.15,1.58,0.08,0.38,12,-0.79,0.75,-0.05,0.05,0.08,Conditions-Proof,0.42,False
864c199e,AC Voges,Australia,1,2.0,2,2.5,6.0,middle_heavy,58.4,51.5,52.7,54.2,B,B,B,B,Utility Player,0.45,0.0,,,,1.16,,,0,,,,,,,,True
585dda5d,KNA Bandara,Sri Lanka,1,1.0,0,2.0,999.0,middle_heavy,58.4,57.6,32.8,49.6,B,B,B,C+,Utility Player,0.0,0.0,,,,1.05,,,1,,,,,,,,True
658c2e71,MGSM Fernando,Italy,6,24.0,9,5.12,16.0,middle_heavy,58.3,56.3,52.5,55.7,B,B,B,B,Utility Player,1.35,0.56,,,0.0,1.75,,,6,-1.46,1.0,,,,,,True
1911dcbc,AAP Rivero,Argentina,17,58.17,26,5.12,13.42,death_heavy,58.2,56.2,53.7,56.0,B,B,B,B,Utility Player,0.68,0.42,0.73,0.46,-0.14,2.8,0.16,0.13,10,-1.63,0.96,0.02,-0.02,0.25,Conditions-Proof,-0.11,False
43d365ca,Tashi Phuntsho,Bhutan,14,42.0,20,5.26,12.6,pp_heavy,58.2,60.9,61.7,60.3,B+,B,B+,B+,Utility Player,1.12,0.5,0.88,0.37,-0.08,2.43,0.17,0.52,8,-1.66,0.94,-0.12,0.12,0.01,Conditions-Proof,,False
58aa33cd,Najjam Shahzad,Portugal,23,63.33,23,7.31,16.52,pp_heavy,58.1,55.3,46.9,53.4,B,B,B,B,Utility Player,0.84,0.48,0.28,0.66,0.23,1.68,0.07,-0.09,9,-0.96,0.8,-0.24,0.24,0.34,Tough-Track Enforcer,0.33,False
14f96089,A Zampa,Australia,110,403.17,145,7.53,16.68,middle_heavy,58.1,84.0,91.3,78.1,A,B,A,A+,Strike Bowler,0.82,0.42,0.76,1.01,0.01,2.15,0.02,-0.03,7,-0.99,0.81,-0.09,0.09,0.08,Conditions-Proof,0.09,False
04bc296f,D Sabir,Bermuda,20,58.17,28,5.95,12.46,middle_heavy,58.0,58.1,57.1,57.7,B,B,B,B,Utility Player,0.79,0.29,0.44,0.12,-0.14,1.89,0.09,-0.42,16,-1.47,0.87,-0.53,0.53,0.33,Tough-Track Enforcer,0.58,False
acdc62f5,A Nortje,South Africa,45,160.0,62,7.73,15.48,middle_heavy,58.0,45.4,66.1,56.5,B,B,B,B+,Utility Player,0.9,0.27,0.54,0.62,-0.28,1.41,0.03,0.06,7,-0.92,0.75,-0.14,0.14,-0.13,Conditions-Proof,-0.05,False
0fa81719,V Saini,Romania,44,142.17,47,7.39,18.15,middle_heavy,58.0,51.1,46.3,51.8,B,B,B,B,Utility Player,0.69,0.17,0.5,0.62,0.19,1.87,0.04,-0.14,11,-0.72,0.69,-0.39,0.39,0.06,Conditions-Proof,-0.05,False
c7a995d3,R Sai Kishore,India,2,8.0,4,4.75,12.0,middle_heavy,57.9,54.3,54.3,55.5,B,B,B,B,Utility Player,1.35,0.0,,,,1.35,,,0,-2.12,1.0,,,,,,True
42581e6d,K Kubota,Japan,15,35.33,17,5.15,12.47,middle_heavy,57.9,53.4,55.4,55.6,B,B,B,B,Utility Player,0.82,0.35,0.48,0.15,0.11,2.39,0.16,-0.26,9,-1.66,1.0,,,0.54,Tough-Track Enforcer,0.35,False
c3d1402f,RP Singh,India,9,33.0,19,7.18,10.42,pp_heavy,57.9,66.0,76.7,66.9,B+,B,B+,A,Enforcer,1.12,0.53,,,0.4,1.74,,,0,-0.65,0.69,,,,,,False
3fa5672e,P Mishra,Bulgaria,42,147.33,42,7.39,21.05,middle_heavy,57.9,59.3,42.7,53.3,B,B,B,C+,Utility Player,0.7,0.45,0.86,0.81,0.17,2.1,0.05,-0.13,15,-0.91,0.86,-0.01,0.01,0.13,Conditions-Proof,0.26,False
95bd9407,E Karimi,Denmark,11,34.0,15,6.44,13.6,middle_heavy,57.9,57.2,59.1,58.1,B,B,B,B,Utility Player,0.82,0.47,0.98,0.99,-0.1,1.97,0.18,-0.35,7,-1.45,0.92,,,-0.25,Flat-Track Leaker,-0.59,False
073126d6,LS Barkania,Tanzania,14,44.0,16,5.45,16.5,middle_heavy,57.9,59.6,58.0,58.5,B,B,B,B,Utility Player,0.74,0.5,0.58,0.83,0.13,1.77,0.13,-0.25,10,-1.2,0.94,,,0.31,Conditions-Proof,-0.07,False
3957a70a,GP Meade,Italy,11,30.33,9,6.23,20.22,middle_heavy,57.9,54.6,13.6,42.0,C+,B,B,D,Utility Player,0.56,0.11,0.18,0.04,-0.08,1.21,0.11,0.25,10,-0.81,0.75,,,0.27,Tough-Track Enforcer,0.36,False
6834d1f2,B Stanlake,Australia,19,70.0,29,7.94,14.48,pp_heavy,57.9,45.9,75.7,59.8,B,B,B,A,Enforcer,1.03,0.14,0.56,0.16,-0.01,1.34,0.07,,0,-0.98,0.81,,,-0.27,Flat-Track Leaker,-0.35,False
45c2196c,DE Bollinger,Australia,9,35.0,10,7.23,21.0,pp_heavy,57.8,62.0,43.3,54.4,B,B,B+,C+,Utility Player,1.47,0.3,,,-0.45,1.01,,,0,-0.93,0.8,,,,,,False
3c6b4b2b,Aftab Hussain,Hong Kong,10,38.0,17,6.63,13.41,middle_heavy,57.7,55.4,55.4,56.2,B,B,B,B,Utility Player,1.19,0.12,0.72,0.23,-0.65,1.51,0.15,,2,-1.37,0.92,,,-0.29,Flat-Track Leaker,-0.62,False
1be70c88,LPC Silva,Sri Lanka,2,3.0,1,5.33,18.0,middle_heavy,57.6,58.4,31.3,49.1,B,B,B,C+,Utility Player,0.4,0.0,,,,1.16,,,0,-0.49,1.0,,,,,,True
57c95c3c,LH Rodrigues,Brazil,13,47.67,17,6.02,16.82,pp_heavy,57.6,51.9,50.3,53.3,B,B,B,B,Utility Player,0.93,0.53,0.57,0.58,0.36,1.83,0.14,-0.23,11,-1.3,0.88,,,0.18,Tough-Track Enforcer,0.11,False
6cf75582,KK Lin Thu,Myanmar,20,55.0,16,6.05,20.62,pp_heavy,57.5,58.3,49.5,55.1,B,B,B,B,Utility Player,0.81,0.12,0.86,0.66,0.43,2.08,0.1,-0.21,10,-1.69,0.95,0.27,-0.27,0.14,Conditions-Proof,0.37,False
96503059,Ahsan Malik,Netherlands,23,74.5,32,7.97,13.97,middle_heavy,57.5,46.1,51.1,51.6,B,B,B,B,Utility Player,0.79,0.16,0.09,0.18,0.19,1.25,0.05,-0.2,10,-0.64,0.59,0.41,-0.41,0.11,Conditions-Proof,-0.13,False
1f74f675,T Yotharat,Thailand,5,10.0,4,5.9,15.0,middle_heavy,57.5,57.0,47.5,54.0,B,B,B,B,Utility Player,0.87,0.0,,,,2.18,,,3,-1.4,0.75,,,,,,True
30a45b23,SPD Smith,Australia,17,48.5,18,7.81,16.17,middle_heavy,57.4,56.1,42.1,51.9,B,B,B,C+,Utility Player,0.8,0.17,0.12,-0.28,-0.2,1.13,0.07,,2,-0.69,0.64,0.17,-0.17,-0.2,Flat-Track Leaker,-0.19,False
4ec07775,RN ten Doeschate,Netherlands,6,21.0,10,7.76,12.6,middle_heavy,57.4,48.7,52.7,52.9,B,B,B,B,Utility Player,1.25,0.2,,,-0.27,1.14,,,3,-0.91,0.62,,,,,,True
95c434f7,GDR Eranga,Canada,8,28.0,10,6.86,16.8,pp_heavy,57.4,50.4,39.8,49.2,B,B,B,C+,Utility Player,0.91,0.4,,,0.87,1.04,,,8,-1.11,0.8,,,,,,True
dfa6db1a,Vichanath Singh,Thailand,11,35.5,6,5.77,35.5,middle_heavy,57.3,56.9,22.9,45.7,B,B,B,C,Utility Player,0.67,0.33,0.4,0.54,0.56,1.43,0.13,-0.05,7,-1.06,0.87,,,-0.0,Conditions-Proof,,False
65cd62a9,A Martel,Guernsey,20,56.17,16,7.09,21.06,middle_heavy,57.3,55.3,20.5,44.4,C+,B,B,C,Utility Player,0.61,0.31,0.35,0.38,0.14,1.27,0.06,0.13,12,-0.79,0.75,-0.05,0.05,-0.07,Conditions-Proof,0.05,False
e38e240a,NT Rajendran,Kuwait,8,31.0,13,6.55,14.31,middle_heavy,57.3,57.0,63.1,59.1,B,B,B,B+,Utility Player,1.1,0.46,,,0.47,1.65,,,2,-1.14,0.79,,,,,,False
ffb3b559,JJ Nyambo,Tanzania,10,30.33,10,7.22,18.2,middle_heavy,57.3,53.8,38.1,49.7,B,B,B,C+,Utility Player,0.83,0.2,0.48,0.04,0.24,1.38,0.14,,4,-0.51,0.64,,,-0.08,Conditions-Proof,,False
a268c07b,K Hinds,Bahamas,26,91.0,34,5.8,16.06,middle_heavy,57.2,56.7,64.5,59.5,B,B,B,B+,Utility Player,0.8,0.35,0.94,1.07,-0.05,1.89,0.07,0.13,23,-1.28,0.84,0.52,-0.52,0.18,Tough-Track Enforcer,0.23,False
cb9b8664,W O'Rourke,New Zealand,7,27.0,7,7.22,23.14,middle_heavy,57.2,53.9,30.1,47.1,B,B,B,C+,Utility Player,0.9,0.14,,,0.75,0.91,,,0,-0.96,0.71,,,,,,True
eb5aa5b9,Bilal Muhammad,Malta,22,84.0,31,6.98,16.26,pp_heavy,57.1,54.2,55.7,55.7,B,B,B,B,Utility Player,0.97,0.48,1.04,1.3,0.57,1.92,0.09,-0.17,5,-1.3,0.91,-0.01,0.01,0.21,Tough-Track Enforcer,0.14,False
32198ae0,MC Henriques,Australia,10,23.0,7,8.61,19.71,middle_heavy,57.0,47.1,40.6,48.2,B,B,B,C+,Utility Player,0.48,0.29,-0.03,,0.58,0.96,0.1,,0,-0.4,0.67,,,-0.18,Conditions-Proof,0.18,True
2503e881,A Nel,South Africa,2,8.0,2,5.38,24.0,pp_heavy,57.0,56.7,45.2,53.0,B,B,B,B,Utility Player,0.72,0.5,,,,1.02,,,1,-0.92,1.0,,,,,,True
98e908bd,TB Sole,Scotland,5,17.0,4,6.53,25.5,middle_heavy,57.0,58.7,26.2,47.3,B,B,B,C,Utility Player,0.78,0.0,,,,1.17,,,4,-0.5,0.75,,,,,,True
4167f30b,IG Holland,United States of America,5,20.0,9,4.75,13.33,middle_heavy,56.9,52.0,53.9,54.3,B,B,B,B,Utility Player,1.28,0.44,,,,1.82,,,5,-1.51,0.88,,,,,,True
0d0f0385,F Akankwasa,Uganda,18,52.67,20,6.25,15.8,middle_heavy,56.9,59.4,54.8,57.0,B,B,B,B,Utility Player,0.7,0.55,0.19,0.53,-0.52,1.63,0.09,-0.25,14,-1.22,0.77,-0.19,0.19,0.06,Conditions-Proof,-0.18,False
b7abb123,JB Abega,Cameroon,13,36.83,15,7.87,14.73,pp_heavy,56.9,55.1,57.7,56.6,B,B,B,B,Utility Player,0.71,0.6,0.78,0.72,-0.29,2.16,0.17,,13,-0.08,0.77,0.19,-0.19,-0.1,Conditions-Proof,-0.19,False
6c6591ab,PP Ojha,India,6,21.0,11,6.43,11.45,middle_heavy,56.9,58.0,64.0,59.6,B,B,B,B+,Utility Player,0.96,0.36,,,0.5,1.4,,,0,-0.84,0.75,,,,,,True
795df06c,AS Hansra,Canada,6,15.0,7,6.27,12.86,middle_heavy,56.8,51.3,40.0,49.4,B,B,B,C+,Utility Player,0.92,0.0,,,,1.15,,,4,-0.42,1.0,,,,,,True
5570c4c1,M Choamba,Malawi,16,34.83,11,6.03,19.0,middle_heavy,56.8,61.3,36.0,51.4,B,B,B+,C+,Utility Player,0.47,0.18,0.51,0.33,0.02,1.65,0.1,-0.2,10,-1.36,1.0,0.34,-0.34,0.19,Conditions-Proof,-0.14,False
9c376401,CS MacLeod,Scotland,12,23.0,3,8.0,46.0,middle_heavy,56.8,65.3,0.3,40.8,C+,B,B+,D,Utility Player,0.31,0.0,-0.02,0.45,0.31,0.95,0.08,-0.14,6,-0.43,0.67,0.7,-0.7,-0.21,Flat-Track Leaker,-0.28,True
ba57fb08,Z Bimenyimana,Rwanda,80,250.83,91,7.38,16.54,pp_heavy,56.8,58.1,64.2,59.7,B,B,B,B+,Utility Player,0.89,0.26,0.31,0.16,-0.04,1.65,0.02,-0.11,40,-1.11,0.85,-0.21,0.21,-0.07,Conditions-Proof,0.08,False
5de198db,Abdullah Akbarjan,Austria,21,71.33,32,6.9,13.38,middle_heavy,56.8,62.4,58.8,59.3,B,B,B+,B,Utility Player,0.98,0.28,0.95,0.45,-0.04,2.03,0.1,-0.03,17,-0.8,0.73,0.27,-0.27,0.33,Tough-Track Enforcer,0.22,False
08df0bd3,A Rangaswamy,Botswana,8,23.67,12,6.59,11.83,pp_heavy,56.7,54.1,58.4,56.4,B,B,B,B,Utility Player,0.87,0.25,,,,1.6,,-0.04,7,-1.64,0.78,,,,,,True
711249d1,Shamim Hossain,Bangladesh,10,16.17,3,7.36,32.33,middle_heavy,56.7,69.8,1.7,42.7,C+,B,B+,D,Utility Player,0.33,0.0,0.62,0.47,-0.54,0.95,0.09,,1,-0.64,0.5,,,-0.18,Flat-Track Leaker,-0.64,True
0730a707,SI Kamea,Papua New Guinea,18,62.33,21,7.75,17.81,pp_heavy,56.6,49.9,54.0,53.5,B,B,B,B,Utility Player,0.72,0.43,0.23,0.01,-0.28,1.21,0.07,0.09,9,-0.74,0.7,-0.11,0.11,-0.3,Flat-Track Leaker,-0.31,False
51a60c16,CJ Boyce,Australia,7,23.0,8,6.61,17.25,middle_heavy,56.6,59.6,40.6,52.3,B,B,B,C+,Utility Player,0.96,0.12,,,-0.27,1.03,,,0,-1.24,1.0,,,,,,True
951686f5,Dawood Ahmadzai,France,32,113.0,37,6.49,18.32,middle_heavy,56.6,58.9,55.5,57.0,B,B,B,B,Utility Player,0.74,0.32,0.56,0.74,-0.12,1.98,0.06,-0.26,15,-1.01,0.82,-0.28,0.28,0.14,Conditions-Proof,0.09,False
27df03d2,Shoaib Rafiq,Mexico,13,42.17,22,4.03,11.5,middle_heavy,56.6,53.0,57.2,55.6,B,B,B,B,Utility Player,0.87,0.82,0.61,1.01,0.26,2.56,0.2,-0.27,10,-1.9,0.82,0.19,-0.19,-0.23,Flat-Track Leaker,,False
099135ad,Aryan Lakra,United Arab Emirates,3,7.0,2,6.57,21.0,pp_heavy,56.5,51.0,28.9,45.5,B,B,B,C,Utility Player,1.0,1.0,,,,0.78,,,0,-0.42,0.75,,,,,,True
65a60be7,V Ateak,Ghana,6,18.5,7,7.24,15.86,middle_heavy,56.5,46.1,48.7,50.4,B,B,B,B,Utility Player,0.74,0.43,,,-0.56,1.55,,,6,-0.58,0.88,,,,,,True
2498e163,JR Hopes,Australia,12,37.0,11,7.76,20.18,middle_heavy,56.5,53.9,31.9,47.4,B,B,B,C+,Utility Player,0.92,0.36,0.4,0.21,0.29,0.97,0.08,,2,-0.58,0.71,,,0.47,Tough-Track Enforcer,0.56,False
ed524599,RA Abolarin,Nigeria,8,25.0,9,5.76,16.67,pp_heavy,56.5,52.7,49.3,52.8,B,B,B,B,Utility Player,0.85,0.22,,,-0.18,1.71,,0.12,5,-1.72,1.0,,,,,,True
0daf3ffc,P Bhart,Norway,9,30.0,8,6.2,22.5,middle_heavy,56.4,49.3,26.1,43.9,C+,B,B,C,Utility Player,1.02,0.38,,,0.46,1.22,,-0.16,8,-1.03,1.0,,,,,,False
94113d54,AJ Parmar,Norway,21,72.0,37,6.4,11.68,middle_heavy,56.4,56.8,61.2,58.1,B,B,B,B+,Utility Player,0.88,0.24,0.77,0.81,-0.13,2.1,0.1,0.31,7,-1.31,0.9,0.31,-0.31,0.12,Conditions-Proof,0.09,False
c57fa67e,E Otieno,Kenya,26,71.83,26,7.85,16.58,pp_heavy,56.4,39.3,49.4,48.4,B,B,C+,B,Utility Player,0.58,0.12,-0.4,0.96,-0.18,1.1,0.04,-0.06,20,-0.78,0.68,-0.65,0.65,0.28,Tough-Track Enforcer,0.39,False
be0077ba,Junaid Khan,Portugal,16,54.0,17,5.98,19.06,pp_heavy,56.3,55.9,49.9,54.0,B,B,B,B,Utility Player,1.01,0.41,0.64,0.52,0.1,1.93,0.12,-0.26,7,-1.25,0.71,0.68,-0.68,0.41,Tough-Track Enforcer,0.34,False
fc362c5d,Qamar Mushtaque,Norway,28,83.83,44,7.31,11.43,middle_heavy,56.3,40.0,62.6,53.0,B,B,C+,B+,Utility Player,0.69,0.3,0.55,0.36,0.27,1.88,0.07,-0.44,13,-1.34,0.81,0.3,-0.3,0.15,Conditions-Proof,0.33,False
d73891ad,PK Mohanarangam,Mexico,7,22.67,14,3.62,9.71,middle_heavy,56.3,55.4,55.7,55.8,B,B,B,B,Utility Player,0.97,0.29,,,-0.13,2.52,,,7,-2.43,1.0,,,,,,True
06b45b20,A Venkatesh,Sweden,11,32.33,20,6.71,9.7,middle_heavy,56.3,52.1,58.6,55.7,B,B,B,B,Utility Player,0.68,0.3,0.51,0.04,0.37,2.08,0.19,0.41,7,-0.93,0.83,,,-0.21,Conditions-Proof,,False
d465c6d7,C Wright,Cayman Islands,30,93.67,33,7.08,17.03,pp_heavy,56.3,57.3,41.6,51.7,B,B,B,C+,Utility Player,0.8,0.36,0.59,0.57,-0.36,1.3,0.04,0.16,24,-0.9,0.69,-0.17,0.17,-0.4,Flat-Track Leaker,-0.35,False
b8e65260,Imran Ameer,Malta,18,61.5,14,6.98,26.36,middle_heavy,56.3,57.7,34.3,49.4,B,B,B,C+,Utility Player,0.67,0.43,0.62,0.31,-0.27,1.82,0.1,-0.18,7,-0.95,0.75,-0.03,0.03,-0.07,Conditions-Proof,-0.08,False
6c7a68d0,Shubham Ranjane,United States of America,3,4.0,1,6.5,24.0,middle_heavy,56.2,54.9,29.5,46.9,B,B,B,C,Utility Player,0.5,0.0,,,,0.9,,,0,0.64,0.0,,,,,,True
c381cec5,M Kpaka,Sierra Leone,14,33.0,11,6.24,18.0,middle_heavy,56.2,45.3,33.1,44.9,C+,B,B,C+,Utility Player,0.42,0.18,-0.13,-0.19,-0.2,1.38,0.1,-0.14,6,-1.06,0.93,,,-0.25,Flat-Track Leaker,,False
e0c9637f,Zahoor Ahmad,Saudi Arabia,4,12.0,3,6.42,24.0,pp_heavy,56.2,52.5,26.2,45.0,B,B,B,C,Utility Player,1.08,0.0,,,,1.01,,,1,-1.35,0.83,,,,,,True
2d45d7d2,MPGT Ketiyage,Cyprus,15,44.67,13,7.46,20.62,pp_heavy,56.1,52.9,30.8,46.6,B,B,B,C+,Utility Player,0.63,0.31,0.42,0.08,-0.18,1.67,0.11,0.24,5,-0.87,0.71,-0.34,0.34,-0.34,Flat-Track Leaker,-0.25,False
6b64e7a3,J Mulder,Ireland,3,12.0,7,5.17,10.29,middle_heavy,56.1,59.1,58.3,57.8,B,B,B,B,Utility Player,1.17,0.0,,,,1.59,,,0,-1.56,0.8,,,,,,True
98514dce,Ibrahim Nashath,Maldives,7,19.0,6,6.32,19.0,middle_heavy,56.1,56.6,43.4,52.0,B,B,B,C+,Utility Player,0.64,0.5,,,-0.29,1.58,,,4,-1.4,1.0,,,,,,True
e03ca117,K Kato-Stafford,Japan,12,25.33,17,5.09,8.94,middle_heavy,56.1,47.3,56.8,53.4,B,B,B,B,Utility Player,0.74,0.65,-0.11,-0.31,-0.33,2.24,0.19,,1,-3.03,1.0,,,0.09,Conditions-Proof,0.03,True
5b351aff,Pratik Singh Bais,Mexico,16,55.0,27,4.8,12.22,pp_heavy,56.0,54.8,56.9,55.9,B,B,B,B,Utility Player,0.89,0.56,0.66,0.66,0.13,2.54,0.16,-0.11,8,-1.83,0.94,0.03,-0.03,0.25,Tough-Track Enforcer,,False
28574428,J Singye,Bhutan,23,63.67,17,6.91,22.47,middle_heavy,56.0,60.5,14.6,43.7,C+,B,B+,D,Utility Player,0.53,0.29,0.17,0.17,-0.31,1.36,0.06,-0.0,13,-1.16,0.89,-0.0,0.0,-0.24,Flat-Track Leaker,-0.08,False
fd94c29f,L Bonner,Belize,7,27.83,15,4.6,11.13,pp_heavy,56.0,54.9,55.4,55.4,B,B,B,B,Utility Player,1.11,0.4,,,0.73,2.27,,,7,-1.14,0.92,,,,,,True
1252f71a,MRJ Watt,Scotland,73,265.17,88,7.17,18.08,middle_heavy,56.0,57.8,55.2,56.3,B,B,B,B,Utility Player,0.83,0.36,0.83,0.83,-0.39,1.52,0.02,0.14,26,-0.79,0.78,-0.29,0.29,-0.05,Conditions-Proof,0.02,False
4ec0443d,Ali Nayyer,Switzerland,25,90.0,37,7.53,14.59,pp_heavy,56.0,53.4,58.1,55.8,B,B,B,B,Utility Player,0.95,0.41,0.58,0.7,0.04,1.86,0.07,-0.11,9,-0.94,0.74,-0.43,0.43,0.01,Conditions-Proof,0.05,False
dcdb87f2,Bilal Khan,Oman,68,246.33,106,7.06,13.94,pp_heavy,56.0,70.4,81.1,69.2,B+,B,B+,A,Strike Bowler,0.88,0.33,0.65,1.08,-0.03,1.88,0.03,-0.07,35,-1.07,0.79,0.12,-0.12,0.25,Tough-Track Enforcer,0.27,False
9018bf65,Mansoor Amjad,Pakistan,1,1.0,3,3.0,2.0,middle_heavy,55.9,46.3,66.7,56.3,B,B,B,B+,Utility Player,0.5,0.33,,,,1.7,,,0,,,,,,,,True
79f8472d,Mohammad Mohsin,United States of America,4,12.0,4,6.0,18.0,middle_heavy,55.9,61.9,45.1,54.3,B,B,B+,B,Utility Player,0.76,0.5,,,,1.17,,,0,-1.4,0.75,,,,,,True
5470418a,T Rossi,Argentina,19,55.33,21,7.08,15.81,pp_heavy,55.9,37.9,51.2,48.3,B,B,C+,B,Utility Player,0.93,0.43,-0.14,0.16,-0.22,1.35,0.07,0.07,13,-1.25,0.8,0.22,-0.22,-0.16,Flat-Track Leaker,-0.23,False
fa4f5a0b,Ali Sheikh,United States of America,6,22.0,10,6.41,13.2,middle_heavy,55.9,50.8,56.0,54.2,B,B,B,B,Utility Player,0.84,0.3,,,0.09,1.42,,,0,-1.27,0.78,,,,,,True
705b8c5c,Mohammad Atif,Spain,10,38.33,15,5.03,15.33,pp_heavy,55.8,54.4,50.4,53.5,B,B,B,B,Utility Player,0.94,0.4,0.49,0.16,-0.3,2.45,0.24,,3,-1.51,0.75,,,-0.13,Conditions-Proof,0.25,False
832b77c6,DKD Warnakulasuriya,Italy,9,26.0,12,6.5,13.0,middle_heavy,55.8,50.4,57.3,54.5,B,B,B,B,Utility Player,0.95,0.5,,,0.63,1.73,,-0.16,6,-1.53,0.82,,,,,,True
2b203501,Akhil Arjunan,Finland,12,37.83,9,7.24,25.22,middle_heavy,55.8,56.1,29.9,47.3,B,B,B,C,Utility Player,0.68,0.11,0.35,0.31,0.27,1.56,0.13,0.2,7,-0.82,0.7,0.1,-0.1,-0.35,Flat-Track Leaker,,False
438aef39,ZR Jaboneke,Tanzania,3,6.0,1,4.67,36.0,middle_heavy,55.7,51.9,20.7,42.8,C+,B,B,C,Utility Player,0.5,0.0,,,,1.38,,,3,-2.0,1.0,,,,,,True
5fe3709e,G Bakiweyem,Ghana,32,93.0,28,6.99,19.93,pp_heavy,55.7,48.4,37.4,47.2,B,B,B,C+,Utility Player,0.64,0.57,0.1,-0.22,0.08,1.26,0.04,0.12,22,-1.25,0.85,0.02,-0.02,0.11,Conditions-Proof,0.18,False
270b3f8e,JK Kamande,Kenya,4,15.0,8,6.53,11.25,middle_heavy,55.7,52.8,63.4,57.3,B,B,B,B+,Utility Player,1.36,0.5,,,,1.38,,,3,-0.71,0.67,,,,,,True
d981a1de,J Jojo,Denmark,10,33.0,9,6.3,22.0,middle_heavy,55.6,51.4,43.0,50.0,B,B,B,C+,Utility Player,0.47,0.44,0.21,-0.11,-0.0,1.46,0.15,-0.24,8,-0.92,0.76,,,0.16,Tough-Track Enforcer,0.35,False
20ab5aad,PD Blignaut,Namibia,5,13.83,4,6.22,20.75,middle_heavy,55.6,42.3,29.0,42.3,C+,B,C+,C,Utility Player,0.68,0.5,,,,0.86,,,2,-0.97,0.86,,,,,,True
cf0b9a0d,Khalid Ahmadi,Belgium,27,98.17,46,6.95,12.8,pp_heavy,55.6,48.6,62.4,55.5,B,B,B,B+,Utility Player,0.83,0.39,0.67,0.33,0.32,1.97,0.07,-0.27,11,-1.4,0.81,0.12,-0.12,0.18,Tough-Track Enforcer,0.09,False
e662b18f,JAR Blain,Scotland,3,12.0,4,5.33,18.0,pp_heavy,55.6,54.8,50.1,53.5,B,B,B,B,Utility Player,1.0,0.0,,,,1.17,,,2,-1.63,1.0,,,,,,True
b3bad3f2,NR Kumar,Canada,11,26.0,6,6.42,26.0,middle_heavy,55.6,59.9,12.3,42.6,C+,B,B,D,Utility Player,0.55,0.5,0.35,0.05,-0.6,1.02,0.09,-0.31,10,-1.11,0.77,0.49,-0.49,0.34,Tough-Track Enforcer,0.27,True
5ad8c974,I Kaia,Zimbabwe,2,2.0,0,4.5,999.0,middle_heavy,55.6,56.2,23.3,45.0,B,B,B,C,Utility Player,0.0,0.0,,,,0.9,,,0,-1.13,1.0,,,,,,True
d76ab352,Jaspreet Singh,Italy,24,67.33,26,7.26,15.54,middle_heavy,55.6,50.1,28.5,44.7,C+,B,B,C,Utility Player,0.72,0.23,0.09,0.46,-0.16,1.19,0.05,0.16,20,-0.96,0.8,0.05,-0.05,-0.25,Flat-Track Leaker,-0.1,False
a7c226e1,FH Edwards,West Indies,26,74.83,23,8.41,19.52,pp_heavy,55.4,34.6,29.8,39.9,C+,B,C+,C,Utility Player,0.62,0.22,0.07,0.21,-0.2,0.78,0.03,-0.23,5,-0.57,0.68,-0.01,0.01,0.11,Conditions-Proof,-0.16,False
4329fbb5,SR Watson,Australia,49,155.0,55,7.94,16.91,middle_heavy,55.4,48.7,45.7,49.9,B,B,B,B,Utility Player,0.81,0.16,0.34,1.01,-0.14,1.26,0.03,0.35,5,-0.78,0.78,-0.1,0.1,-0.05,Conditions-Proof,-0.04,False
2327fdc7,AA Rahayu,Indonesia,27,66.83,29,5.81,13.83,middle_heavy,55.3,52.5,56.7,54.8,B,B,B,B,Utility Player,0.61,0.28,0.11,0.16,0.19,2.01,0.07,-0.76,7,-1.67,0.87,0.72,-0.72,-0.2,Flat-Track Leaker,-0.69,False
5c93efb1,Khalid Zahid,Sweden,25,85.83,26,7.3,19.81,pp_heavy,55.3,45.3,49.9,50.2,B,B,B,B,Utility Player,0.71,0.19,0.32,0.15,0.49,1.37,0.05,-0.06,11,-0.8,0.81,0.1,-0.1,-0.19,Flat-Track Leaker,-0.06,False
b52ffbbd,FA Allen,West Indies,35,100.83,24,7.78,25.21,middle_heavy,55.3,68.4,4.3,42.7,C+,B,B+,D,Utility Player,0.7,0.17,0.44,0.62,0.05,0.99,0.03,,4,-0.42,0.69,0.26,-0.26,0.14,Conditions-Proof,0.12,False
36a0a88c,Sarawut Maliwan,Thailand,36,103.83,38,6.74,16.39,middle_heavy,55.3,54.1,42.7,50.7,B,B,B,C+,Utility Player,0.71,0.26,0.15,-0.06,0.05,1.55,0.04,-0.34,14,-1.04,0.87,0.16,-0.16,0.07,Conditions-Proof,0.67,False
1dc12ab9,SK Raina,India,27,58.17,14,7.74,24.93,middle_heavy,55.2,64.7,6.8,42.2,C+,B,B+,D,Utility Player,0.54,0.29,-0.16,0.05,0.03,0.97,0.04,,4,-0.93,0.74,0.57,-0.57,-0.09,Conditions-Proof,-0.0,False
5f5ca1a7,Tanwir Afzal,Hong Kong,16,53.0,17,7.04,18.71,pp_heavy,55.2,42.7,65.0,54.3,B,B,C+,B+,Utility Player,0.93,0.47,0.21,0.1,0.17,1.2,0.08,-0.2,5,-1.18,0.8,0.14,-0.14,0.02,Conditions-Proof,-0.08,False
b743f01b,Syed Rasel,Bangladesh,8,29.0,5,7.14,34.8,pp_heavy,55.1,52.6,12.5,40.1,C+,B,B,D,Utility Player,0.92,0.2,,,0.61,0.64,,,1,-0.78,0.75,,,,,,True
a24be938,VR Iyer,India,4,9.17,6,8.18,9.17,middle_heavy,55.1,41.0,58.8,51.6,B,B,C+,B,Utility Player,0.75,0.0,,,,1.05,,,0,-0.18,1.0,,,,,,True
5ef3c310,M Shahbaz Butt,Norway,10,34.83,15,5.97,13.93,middle_heavy,55.1,55.5,54.5,55.0,B,B,B,B,Utility Player,0.83,0.13,0.91,0.79,0.48,1.99,0.2,-0.32,6,-0.91,0.73,,,0.25,Tough-Track Enforcer,0.49,False
af98bf5b,Ammar Khalid,Canada,7,26.0,13,6.77,12.0,pp_heavy,55.1,59.4,64.6,59.7,B,B,B,B+,Utility Player,0.63,0.15,,,0.0,1.69,,,0,-1.36,0.83,,,,,,True
34ab1e6e,A Gbla,Sierra Leone,23,63.33,31,6.85,12.26,middle_heavy,55.1,54.4,58.5,56.0,B,B,B,B,Utility Player,0.93,0.42,0.44,0.45,0.24,1.92,0.08,-0.16,11,-1.55,0.94,-0.06,0.06,0.33,Tough-Track Enforcer,0.16,False
34e36b65,AM Kimote,Tanzania,63,172.83,79,7.44,13.13,middle_heavy,55.0,42.4,74.1,57.2,B,B,C+,B+,Enforcer,0.78,0.39,0.1,0.02,-0.03,1.97,0.03,-0.02,36,-1.29,0.86,0.15,-0.15,0.0,Conditions-Proof,0.11,False
1294ee6d,Muhammad Arfan,United Arab Emirates,10,32.67,14,6.77,14.0,middle_heavy,55.0,61.7,51.9,56.2,B,B,B+,B,Utility Player,0.91,0.29,0.92,0.89,-0.73,1.37,0.14,0.51,6,-0.67,0.69,0.02,-0.02,0.06,Conditions-Proof,0.19,False
8d646b49,Soyeb Pendi,Zambia,9,33.0,16,6.27,12.38,pp_heavy,55.0,51.5,56.5,54.3,B,B,B,B,Utility Player,0.95,0.5,,,0.0,2.0,,,2,-1.74,1.0,,,,,,False
52f96571,RJ Trott,Bermuda,14,46.0,16,6.65,17.25,middle_heavy,55.0,63.1,45.8,54.6,B,B,B+,B,Utility Player,0.78,0.19,0.47,0.18,-0.18,1.45,0.1,,14,-0.91,0.71,0.54,-0.54,0.33,Tough-Track Enforcer,0.27,False
8cf61570,Shashikant Laxman,Mexico,15,50.17,21,5.56,14.33,middle_heavy,55.0,50.6,52.8,52.8,B,B,B,B,Utility Player,1.02,0.19,0.29,-0.14,-0.37,2.02,0.13,0.24,8,-1.25,0.87,-0.43,0.43,-0.31,Flat-Track Leaker,,False
8b248d88,R Frylinck,South Africa,3,10.0,5,6.3,12.0,pp_heavy,54.9,59.6,56.4,57.0,B,B,B,B,Utility Player,1.15,0.2,,,,1.22,,,0,-0.3,0.67,,,,,,True
0e80e47d,U Shantu,Portugal,8,30.67,17,5.61,10.82,pp_heavy,54.9,57.4,58.6,57.0,B,B,B,B,Utility Player,1.38,0.06,,,0.26,2.45,,,0,-2.02,0.91,,,,,,False
6577a6ad,BK Stroud,St Helena,8,25.0,7,5.84,21.43,pp_heavy,54.9,53.6,45.7,51.4,B,B,B,B,Utility Player,1.09,0.57,,,0.25,1.9,,,8,-1.43,0.82,,,,,,True
26b59073,C Dickson,Cook Islands,14,49.83,13,6.86,23.0,middle_heavy,54.9,54.4,47.0,52.1,B,B,B,B,Utility Player,0.6,0.54,0.54,0.55,-0.08,1.83,0.13,-0.44,12,-0.66,0.72,,,-0.5,Flat-Track Leaker,-0.33,False
e38bce7a,MG Bracewell,New Zealand,37,100.83,36,7.43,16.81,middle_heavy,54.9,71.6,43.2,56.6,B,B,B+,C+,Utility Player,0.83,0.17,0.62,0.97,0.03,1.38,0.04,,4,-0.87,0.74,-0.07,0.07,-0.11,Conditions-Proof,0.08,False
a968d39b,DC Smith,Philippines,24,65.5,19,8.15,20.68,pp_heavy,54.8,43.9,30.9,43.2,C+,B,C+,C+,Utility Player,0.65,0.42,0.05,-0.11,-0.35,1.06,0.04,0.42,20,-0.49,0.6,-0.11,0.11,0.15,Conditions-Proof,0.28,False
16ddd36b,TD Chaoana,Lesotho,12,36.67,6,7.2,36.67,pp_heavy,54.8,53.9,21.3,43.3,C+,B,B,C,Utility Player,0.52,0.67,0.5,0.51,-0.13,1.34,0.11,,12,-0.79,0.73,-0.23,0.23,0.38,Tough-Track Enforcer,0.08,False
5c658441,Ayaz Dadabhai,Zambia,9,29.0,13,5.93,13.38,pp_heavy,54.8,53.7,49.7,52.7,B,B,B,B,Utility Player,0.66,0.46,,,0.0,1.77,,,3,-1.41,0.92,,,,,,True
12c9c558,Wang Qi,China,4,10.17,4,4.72,15.25,pp_heavy,54.8,52.1,50.6,52.5,B,B,B,B,Utility Player,1.11,1.0,,,,1.98,,,4,-1.26,1.0,,,,,,True
e8a552ef,Usman Khan,France,23,69.83,35,6.86,11.97,middle_heavy,54.8,47.6,57.6,53.3,B,B,B,B,Utility Player,0.73,0.14,0.53,0.34,-0.28,1.82,0.08,0.06,11,-1.31,0.82,-0.17,0.17,0.2,Tough-Track Enforcer,0.23,False
c404f58a,DP Nannes,Australia,16,61.0,30,7.66,12.2,pp_heavy,54.7,48.1,78.1,60.3,B+,B,B,A,Utility Player,1.01,0.2,0.69,0.41,-0.36,1.45,0.09,,2,-0.93,0.85,-0.17,0.17,-0.26,Flat-Track Leaker,-0.17,False
33b67317,Bilal Zalmai,Austria,39,152.83,46,7.33,19.93,middle_heavy,54.6,58.2,43.7,52.2,B,B,B,C+,Utility Player,0.85,0.35,0.58,0.45,-0.24,1.77,0.05,-0.05,6,-0.86,0.76,-0.01,0.01,0.12,Conditions-Proof,0.05,False
2d8aae2f,SP Gauchan,Nepal,6,23.0,7,5.52,19.71,middle_heavy,54.6,54.5,48.4,52.5,B,B,B,B,Utility Player,0.88,0.43,,,,1.22,,,4,-1.41,0.6,,,,,,True
24a93558,OE Taylor,Cook Islands,11,40.0,24,6.55,10.0,middle_heavy,54.6,48.7,57.2,53.5,B,B,B,B,Utility Player,1.16,0.12,0.9,0.3,-0.33,2.04,0.19,0.24,8,-1.2,0.88,,,-0.09,Conditions-Proof,-0.01,False
a09323d8,AM Patel,Panama,9,18.0,6,6.0,18.0,pp_heavy,54.5,53.9,43.6,50.7,B,B,B,C+,Utility Player,0.79,0.17,,,-0.11,1.57,,,9,-0.94,0.86,,,,,,True
269cc4ff,Riazat Ali Shah,Uganda,44,123.67,48,7.27,15.46,middle_heavy,54.5,21.7,59.6,45.3,B,B,C,B,Utility Player,0.7,0.35,-0.08,-0.18,-0.07,1.4,0.03,-0.01,26,-1.06,0.85,0.39,-0.39,0.04,Conditions-Proof,-0.32,False
091880f7,Shantanu Kaveri,Mexico,12,29.17,11,5.01,15.91,middle_heavy,54.5,51.2,37.5,47.7,B,B,B,C+,Utility Player,0.52,0.27,-0.01,0.0,0.23,1.64,0.14,-0.14,8,-1.52,0.92,0.32,-0.32,-0.16,Conditions-Proof,,True
3967b66f,CJ Langford,Isle of Man,14,43.0,19,6.19,13.58,pp_heavy,54.5,53.5,55.7,54.6,B,B,B,B,Utility Player,0.9,0.32,0.48,0.3,0.03,1.79,0.13,0.09,11,-0.81,0.79,0.04,-0.04,-0.16,Conditions-Proof,,False
017faef2,Z Groenewald,Namibia,10,28.0,8,5.96,21.0,pp_heavy,54.5,50.5,45.2,50.1,B,B,B,B,Utility Player,0.69,0.88,0.06,0.23,-0.58,1.18,0.12,-0.19,7,-0.72,0.67,,,0.25,Tough-Track Enforcer,0.26,True
38702fb5,I Kamara,Sierra Leone,6,15.17,8,5.21,11.38,pp_heavy,54.4,52.7,50.7,52.6,B,B,B,B,Utility Player,0.41,0.25,,,-0.34,2.14,,,4,-1.41,0.89,,,,,,True
6d5983d4,JC Darji,Tanzania,5,16.83,12,4.1,8.42,middle_heavy,54.4,54.5,57.8,55.6,B,B,B,B,Utility Player,0.6,0.75,,,,2.39,,,5,-2.38,1.0,,,,,,True
896d78ad,AD Mathews,Sri Lanka,68,185.83,45,7.29,24.78,pp_heavy,54.4,80.6,44.4,59.8,B,B,A,C+,Utility Player,0.61,0.33,0.25,0.66,0.06,1.33,0.02,-0.17,13,-0.78,0.73,0.28,-0.28,-0.08,Conditions-Proof,-0.11,False
175937f6,R Sandeep,Eswatini,8,23.33,6,5.31,23.33,pp_heavy,54.4,53.9,39.0,49.1,B,B,B,C+,Utility Player,0.64,0.33,,,0.24,1.96,,0.02,5,-1.59,1.0,,,,,,True
fc4375ef,BFW de Leede,Netherlands,38,107.5,46,8.12,14.02,middle_heavy,54.3,60.9,66.0,60.4,B+,B,B+,B+,Utility Player,0.68,0.3,0.13,-0.03,0.06,1.55,0.04,0.15,15,-0.7,0.65,0.02,-0.02,-0.12,Conditions-Proof,-0.12,False
ed90abe4,AP Devcich,New Zealand,4,12.0,2,7.08,36.0,middle_heavy,54.2,55.5,23.4,44.4,C+,B,B,C,Utility Player,0.36,0.5,,,,0.78,,,2,-0.5,0.75,,,,,,True
f0a45427,RM Koda,Indonesia,64,201.17,60,6.83,20.12,pp_heavy,54.1,57.9,30.7,47.6,B,B,B,C+,Utility Player,0.63,0.27,0.09,0.06,-0.02,1.4,0.02,-0.24,24,-1.17,0.89,0.03,-0.03,-0.25,Flat-Track Leaker,-0.33,False
31ca7a9c,Ethan D'Souza,United Arab Emirates,4,7.83,5,6.77,9.4,middle_heavy,54.1,52.5,44.0,50.2,B,B,B,C+,Utility Player,0.44,0.0,,,,1.15,,,0,0.41,0.0,,,,,,True
f4f892a3,XSD Smith,Suriname,8,27.0,9,4.89,18.0,middle_heavy,54.1,53.2,48.3,51.9,B,B,B,B,Utility Player,0.76,0.56,,,0.03,1.87,,,8,-1.75,1.0,,,,,,True
f1eb3c73,DMW Rawlins,Bermuda,34,106.0,31,6.32,20.52,middle_heavy,54.1,55.6,38.3,49.3,B,B,B,C+,Utility Player,0.54,0.39,0.28,0.77,-0.31,1.39,0.04,-0.32,29,-1.32,0.81,0.37,-0.37,-0.23,Conditions-Proof,0.02,False
c391d077,L Nyarko,Ghana,4,11.0,4,4.0,16.5,pp_heavy,54.1,52.2,50.9,52.4,B,B,B,B,Utility Player,0.71,1.0,,,,1.7,,,3,-1.64,0.83,,,,,,True
b69e69ed,AA Noffke,Australia,2,7.5,5,5.47,9.0,middle_heavy,54.1,42.6,53.2,50.0,B,B,C+,B,Utility Player,0.59,0.4,,,,0.93,,,0,-1.67,1.0,,,,,,True
673be48f,W Nalisa,Vanuatu,22,76.83,29,7.39,15.9,middle_heavy,54.0,44.8,50.8,49.9,B,B,C+,B,Utility Player,0.84,0.28,0.07,0.02,0.09,1.46,0.07,0.64,17,-0.94,0.82,-0.41,0.41,-0.06,Conditions-Proof,0.06,False
8f75193e,Muhammad Zohaib,United Arab Emirates,2,5.0,1,3.6,30.0,middle_heavy,54.0,49.2,23.9,42.4,C+,B,B,C,Utility Player,0.4,0.0,,,,1.25,,,0,-2.16,1.0,,,,,,True
089ebf89,K Juma,Tanzania,13,48.67,21,6.88,13.9,pp_heavy,54.0,49.4,58.3,53.9,B,B,B,B,Utility Player,0.94,0.52,0.52,0.19,-0.49,1.36,0.1,0.4,9,-0.72,0.62,,,-0.37,Flat-Track Leaker,-0.26,False
eddf25bd,CAJ Meschede,Germany,4,16.0,5,5.31,19.2,pp_heavy,54.0,50.3,48.4,50.9,B,B,B,B,Utility Player,1.08,0.8,,,,1.4,,,4,-1.57,0.88,,,,,,True
e8c95491,HB Dickson,Cook Islands,6,23.0,6,5.57,23.0,pp_heavy,53.9,51.0,28.3,44.4,C+,B,B,C,Utility Player,0.59,0.33,,,0.67,1.3,,,3,-1.41,0.89,,,,,,True
e553e27f,K Senamontree,Thailand,23,60.17,23,6.91,15.7,pp_heavy,53.9,56.6,60.4,57.0,B,B,B,B+,Utility Player,0.63,0.39,-0.18,-0.14,-0.55,1.71,0.07,-0.51,9,-1.23,0.83,0.5,-0.5,-0.08,Conditions-Proof,-0.41,False
f86ce673,AC Douglas,Bermuda,11,29.33,14,6.27,12.57,middle_heavy,53.9,48.8,38.4,47.0,B,B,B,C+,Utility Player,0.69,0.21,0.08,-0.52,0.2,1.19,0.11,,11,-0.97,0.73,1.15,-1.15,-0.33,Flat-Track Leaker,,True
a96b36af,D Maisuria,Botswana,29,101.67,58,5.84,10.52,middle_heavy,53.8,61.0,68.5,61.1,B+,B,B+,B+,Utility Player,0.83,0.21,0.96,1.34,0.13,2.04,0.07,-0.74,20,-1.5,0.84,0.45,-0.45,0.2,Tough-Track Enforcer,0.28,False
01679383,DB Loic,Cameroon,13,35.5,12,6.45,17.75,pp_heavy,53.8,49.1,49.1,50.7,B,B,B,B,Utility Player,0.74,0.58,0.66,0.85,0.01,1.52,0.12,,13,-1.96,0.93,0.38,-0.38,0.02,Conditions-Proof,0.11,False
51e1ed69,SG Borthwick,England,1,4.0,1,3.75,24.0,middle_heavy,53.8,49.0,38.4,47.1,B,B,B,C+,Utility Player,1.5,1.0,,,,0.86,,,0,-1.79,1.0,,,,,,True
2c12bc65,Abhishek Anand,Japan,2,2.0,1,4.0,12.0,middle_heavy,53.8,54.3,44.3,50.8,B,B,B,C+,Utility Player,0.55,1.0,,,,1.56,,,1,,,,,,,,True
46821fbd,Shahil Momin,Austria,15,50.0,13,6.52,23.08,middle_heavy,53.7,51.8,13.2,39.6,C+,B,B,D,Utility Player,0.83,0.31,0.67,0.59,-0.39,1.1,0.07,-0.16,11,-1.08,0.88,0.2,-0.2,0.05,Conditions-Proof,-0.11,False
aae9ce90,JF Mooney,Ireland,8,23.0,11,6.43,12.55,middle_heavy,53.7,42.4,51.8,49.3,B,B,C+,B,Utility Player,0.81,0.09,,,0.48,1.14,,0.44,6,-1.71,1.0,,,,,,True
2dfe0612,Ghulam Ahmadi,Germany,46,170.0,55,6.37,18.55,pp_heavy,53.7,54.1,59.1,55.6,B,B,B,B,Utility Player,0.72,0.22,0.46,1.39,-0.22,1.45,0.03,-0.35,23,-1.07,0.8,0.2,-0.2,-0.34,Flat-Track Leaker,-0.26,False
d12143bf,JM Anderson,England,19,70.33,20,8.02,21.1,pp_heavy,53.7,57.0,22.9,44.5,C+,B,B,C,Utility Player,0.79,0.15,0.5,0.3,0.07,0.82,0.04,,4,-0.6,0.59,0.36,-0.36,0.28,Tough-Track Enforcer,0.07,False
e93b6c95,G Singh,Suriname,6,22.33,8,4.97,16.75,pp_heavy,53.7,52.3,48.6,51.5,B,B,B,B,Utility Player,0.82,0.5,,,-0.01,1.76,,,6,-1.02,0.9,,,,,,True
db1bf9c2,RN Patel,Kenya,7,8.33,7,6.36,7.14,middle_heavy,53.7,43.9,53.2,50.3,B,B,C+,B,Utility Player,0.35,0.43,,,0.17,1.79,,,4,-0.55,1.0,,,,,,True
aef2982e,MB van Schelven,Netherlands,2,7.0,3,5.29,14.0,pp_heavy,53.6,47.0,45.1,48.6,B,B,B,B,Utility Player,1.38,0.0,,,,0.99,,,0,-2.5,1.0,,,,,,True
db95ddeb,Sarfaraz Ali,Bahrain,37,112.17,38,7.32,17.71,middle_heavy,53.6,62.0,50.5,55.4,B,B,B+,B,Utility Player,0.66,0.5,0.48,0.69,-0.26,1.51,0.04,-0.45,14,-0.74,0.73,0.08,-0.08,0.02,Conditions-Proof,0.01,False
985b649e,Taranjit Singh,Cyprus,14,46.5,19,6.86,14.68,middle_heavy,53.6,46.5,44.5,48.2,B,B,B,C+,Utility Player,0.84,0.21,0.41,0.13,-0.36,1.68,0.12,0.15,5,-1.13,0.79,-0.52,0.52,-0.28,Conditions-Proof,-0.05,False
d0513f63,CL White,Australia,5,7.0,2,7.57,21.0,middle_heavy,53.5,53.6,11.1,39.4,C+,B,B,D,Utility Player,0.3,0.0,,,,0.66,,,2,-0.4,0.5,,,,,,True
39799e49,T Wangchuk,Bhutan,33,96.83,30,7.55,19.37,pp_heavy,53.5,44.3,46.3,48.0,B,B,C+,B,Utility Player,0.75,0.4,-0.02,-0.11,-0.23,1.28,0.04,-0.24,19,-0.78,0.81,0.38,-0.38,-0.05,Conditions-Proof,,False
384cebed,Abdul Majid,Bahrain,6,20.0,5,6.0,24.0,middle_heavy,53.5,54.4,21.6,43.2,C+,B,B,C,Utility Player,0.42,0.2,,,-0.27,1.04,,,1,-0.94,0.8,,,,,,True
98dae38e,TK Lal,Czech Republic,7,28.0,10,6.18,16.8,pp_heavy,53.5,51.2,44.8,49.8,B,B,B,C+,Utility Player,1.11,0.2,,,-0.54,1.65,,,4,-1.19,0.8,,,,,,True
390ff45b,Abdul Razzaq,Pakistan,21,54.5,22,7.08,14.86,pp_heavy,53.5,66.2,74.0,64.6,B+,B,B+,B+,Utility Player,0.67,0.23,0.18,0.46,0.13,1.38,0.07,,4,-0.91,0.78,0.26,-0.26,-0.12,Conditions-Proof,-0.05,False
2e092d2c,Thuya Aung,Myanmar,20,59.67,21,6.08,17.05,middle_heavy,53.5,44.1,51.6,49.7,B,B,C+,B,Utility Player,0.57,0.33,0.3,0.69,0.25,1.68,0.08,-0.45,12,-1.37,0.8,0.89,-0.89,0.1,Conditions-Proof,,False
10eef955,MJM Kavana,Cook Islands,6,14.5,8,6.9,10.88,middle_heavy,53.5,53.7,53.7,53.6,B,B,B,B,Utility Player,1.12,0.25,,,0.27,2.06,,,4,-0.88,0.83,,,,,,True
e21ef7ec,Ronald Ebanks,Cayman Islands,6,24.0,11,5.17,13.09,middle_heavy,53.5,50.5,50.0,51.3,B,B,B,B,Utility Player,1.22,0.55,,,0.68,1.93,,,6,-1.3,0.78,,,,,,True
55a73018,Waqar Ali,Cyprus,13,49.0,32,4.94,9.19,middle_heavy,53.4,52.9,53.8,53.4,B,B,B,B,Utility Player,0.93,0.47,1.51,0.93,0.09,3.16,0.24,,0,-1.93,0.96,-0.13,0.13,0.32,Tough-Track Enforcer,0.14,False
21dbacff,Abdul Samad,Japan,13,34.67,16,4.62,13.0,pp_heavy,53.4,54.7,61.2,56.4,B,B,B,B+,Utility Player,0.91,0.38,0.5,0.34,-0.06,1.82,0.14,-0.23,7,-1.92,0.92,,,0.32,Tough-Track Enforcer,0.54,False
11f56b14,HV Mandhyan,Hungary,17,65.67,24,7.32,16.42,pp_heavy,53.4,54.0,51.2,52.9,B,B,B,B,Utility Player,0.85,0.29,0.93,0.88,-0.04,1.73,0.1,0.06,7,-0.88,0.75,0.31,-0.31,-0.28,Flat-Track Leaker,-0.22,False
7516045a,WT Gavera,Papua New Guinea,5,15.0,5,7.27,18.0,pp_heavy,53.4,36.6,43.5,44.5,C+,B,C+,C+,Utility Player,0.48,0.2,,,,0.81,,,4,-0.75,0.6,,,,,,True
479da8f9,JW Chilia,Vanuatu,8,28.33,4,6.39,42.5,middle_heavy,53.4,55.1,22.8,43.8,C+,B,B,C,Utility Player,0.69,0.75,,,-0.48,1.08,,,3,-1.0,0.82,,,,,,True
d1761087,RM West,Ireland,5,19.0,3,7.79,38.0,middle_heavy,53.3,47.9,6.8,36.0,C+,B,B,D,Utility Player,0.7,0.33,,,,0.61,,,1,-0.49,0.62,,,,,,True
1c790f4f,Rumman Raees,Pakistan,8,28.83,8,7.7,21.62,pp_heavy,53.3,44.5,33.7,43.8,C+,B,C+,C+,Utility Player,0.92,0.5,,,-0.53,0.81,,,1,-1.07,0.79,,,,,,True
11b37b2a,JL Tutty,Cook Islands,8,30.0,9,6.27,20.0,pp_heavy,53.3,49.0,35.9,46.1,B,B,B,C+,Utility Player,0.95,0.56,,,0.28,1.51,,0.06,7,-1.38,0.93,,,,,,False
395179e8,D Parashar,United Arab Emirates,31,95.0,30,6.81,19.0,pp_heavy,53.2,65.4,33.6,50.7,B,B,B+,C+,Utility Player,0.94,0.2,0.55,0.94,0.16,1.16,0.04,0.34,14,-0.98,0.82,-0.23,0.23,0.0,Conditions-Proof,0.12,False
d2ec068c,Fitri Sham,Malaysia,36,124.33,47,6.93,15.87,middle_heavy,53.2,49.2,65.5,56.0,B,B,B,B+,Utility Player,0.86,0.3,0.51,0.54,-0.03,1.67,0.05,-0.28,12,-1.14,0.85,0.28,-0.28,0.39,Tough-Track Enforcer,0.22,False
4e3fd330,S Kushretha,Luxembourg,11,42.0,19,6.52,13.26,pp_heavy,53.2,52.7,56.5,54.1,B,B,B,B,Utility Player,1.08,0.21,0.91,0.7,-0.41,1.75,0.16,0.73,9,-0.95,0.94,,,-0.47,Conditions-Proof,0.04,False
fa39ad19,D Robson,Estonia,13,51.83,21,6.17,14.81,pp_heavy,53.2,55.0,53.5,53.9,B,B,B,B,Utility Player,0.99,0.24,1.29,0.97,0.33,1.96,0.15,-0.02,6,-0.79,0.76,-0.15,0.15,0.21,Conditions-Proof,-0.05,False
797ee165,SS Kang,United Arab Emirates,15,46.5,18,6.11,15.5,middle_heavy,53.2,66.0,57.8,59.0,B,B,B+,B,Utility Player,0.7,0.17,0.86,0.63,0.17,1.64,0.11,-0.35,8,-1.09,0.88,0.05,-0.05,-0.02,Conditions-Proof,0.08,False
7213d757,C Bah,Sierra Leone,21,59.5,12,6.81,29.75,pp_heavy,53.2,51.1,7.2,37.2,C+,B,B,D,Utility Player,0.56,0.25,0.14,0.12,0.52,1.03,0.05,0.12,12,-0.88,0.85,-0.02,0.02,0.26,Tough-Track Enforcer,0.64,False
71ad618b,Saqlain Arshad,Qatar,11,22.0,10,7.18,13.2,middle_heavy,53.1,60.2,58.1,57.1,B,B,B+,B,Utility Player,0.67,0.2,0.37,0.22,-0.19,1.68,0.15,,4,-0.5,0.67,,,-0.11,Conditions-Proof,0.01,True
e7e14ecc,A Chenthamara,Kuwait,10,30.67,17,7.24,10.82,pp_heavy,53.1,53.7,67.0,57.9,B,B,B,B+,Utility Player,0.88,0.18,0.9,0.42,-0.24,1.54,0.15,,3,-1.2,0.88,0.31,-0.31,-0.46,Flat-Track Leaker,-0.32,False
8a28c5d4,Nadeem Khan,Oman,10,37.0,12,6.08,18.5,middle_heavy,53.1,54.2,53.0,53.4,B,B,B,B,Utility Player,0.8,0.42,0.91,0.8,-0.59,1.28,0.13,0.53,7,-0.71,0.76,,,-0.15,Conditions-Proof,-0.14,False
190957d2,IKEG Artawan,Indonesia,65,179.33,63,6.61,17.08,middle_heavy,53.0,64.1,51.8,56.3,B,B,B+,B,Utility Player,0.74,0.29,0.33,0.99,0.07,1.93,0.03,-0.09,26,-1.27,0.88,0.21,-0.21,-0.03,Conditions-Proof,0.03,False
b506636b,AA Jimoh,Nigeria,5,12.17,5,6.0,14.6,pp_heavy,53.0,57.4,50.4,53.6,B,B,B,B,Utility Player,1.12,0.4,,,,1.23,,,3,-1.24,1.0,,,,,,True
352e589f,Sahir Naqash,Germany,27,77.5,41,7.7,11.34,middle_heavy,52.9,17.1,65.4,45.1,B,B,C,B+,Utility Player,0.68,0.34,-0.19,-0.31,-0.26,1.49,0.06,-0.36,17,-0.9,0.79,0.47,-0.47,-0.13,Conditions-Proof,-0.01,False
9eb1455b,NT Ellis,Australia,36,125.5,61,7.93,12.34,death_heavy,52.9,53.8,81.2,62.6,B+,B,B,A,Strike Bowler,0.79,0.31,0.88,1.39,0.16,2.21,0.06,,3,-0.62,0.66,-0.01,0.01,0.28,Tough-Track Enforcer,0.23,False
09e86895,Pyae Phyo Wai,Myanmar,25,66.17,23,6.91,17.26,middle_heavy,52.8,48.4,52.2,51.1,B,B,B,B,Utility Player,0.7,0.22,0.21,0.1,-0.12,1.67,0.07,-0.31,15,-1.24,0.75,0.04,-0.04,0.14,Conditions-Proof,0.7,False
cefe0886,E Schiferli,Netherlands,4,15.0,2,7.6,45.0,pp_heavy,52.8,41.8,5.6,33.4,C+,B,C+,D,Utility Player,0.72,0.0,,,,0.53,,,2,-0.12,0.5,,,,,,True
362fde0f,NA Maiolo,Italy,4,16.0,4,5.75,24.0,pp_heavy,52.8,50.3,35.7,46.3,B,B,B,C+,Utility Player,1.05,0.5,,,,1.14,,,3,-0.78,0.75,,,,,,True
5995707a,R Ankad,Mexico,10,33.0,14,4.94,14.14,pp_heavy,52.7,50.5,51.8,51.7,B,B,B,B,Utility Player,1.29,0.57,0.78,0.63,,2.14,0.21,0.12,6,-1.83,1.0,0.04,-0.04,-0.01,Conditions-Proof,,False
3c4007d3,Sagar Pun,Nepal,6,16.5,3,5.88,33.0,middle_heavy,52.7,47.9,4.7,35.1,C+,B,B,D,Utility Player,0.38,0.0,,,,0.69,,,4,-1.15,0.9,,,,,,True
d996ba33,J Kila,Papua New Guinea,9,17.0,3,5.82,34.0,middle_heavy,52.7,54.2,14.9,40.6,C+,B,B,D,Utility Player,0.41,0.67,,,0.05,0.97,,,9,-1.32,1.0,,,,,,True
ff1e08eb,Azam Khalil,Sweden,9,31.0,9,5.84,20.67,middle_heavy,52.7,51.3,39.5,47.8,B,B,B,C+,Utility Player,0.61,0.33,,,-0.3,1.38,,-0.04,6,-1.3,0.93,,,,,,False
ad37baac,Tejwinder Singh,Cyprus,10,35.83,14,6.2,15.36,pp_heavy,52.6,46.3,44.4,47.8,B,B,B,C+,Utility Player,1.07,0.29,0.75,0.76,-0.1,1.5,0.15,-0.37,6,-2.01,0.92,,,0.14,Conditions-Proof,,False
5a0dbdeb,A Dhabe,Sweden,7,26.0,9,6.15,17.33,middle_heavy,52.5,49.9,41.3,47.9,B,B,B,C+,Utility Player,0.57,0.0,,,,1.41,,,2,-0.98,0.8,,,,,,True
5bdeeed4,Shivam Sharma,Canada,10,30.0,17,5.6,10.59,middle_heavy,52.5,55.1,59.6,55.7,B,B,B,B,Utility Player,0.97,0.35,0.6,0.47,-0.22,1.69,0.17,0.34,5,-1.71,0.8,,,0.43,Tough-Track Enforcer,0.15,False
a2dd9236,K Cawte,Isle of Man,11,31.17,10,7.48,18.7,middle_heavy,52.5,46.4,26.1,41.7,C+,B,B,C,Utility Player,0.58,0.3,0.14,0.09,0.09,1.22,0.11,,11,-0.59,0.67,,,-0.61,Flat-Track Leaker,-0.48,False
e5437608,GF Linde,South Africa,31,98.0,33,7.41,17.82,middle_heavy,52.5,75.0,65.9,64.5,B+,B,A,B+,Utility Player,0.71,0.27,0.79,0.93,0.36,1.59,0.05,,3,-0.85,0.76,0.08,-0.08,0.13,Conditions-Proof,-0.24,False
24fcd95d,Kashif Daud,United Arab Emirates,14,36.83,11,7.71,20.09,pp_heavy,52.5,54.0,7.6,38.0,C+,B,B,D,Utility Player,0.56,0.18,-0.12,-0.06,0.51,0.7,0.05,0.15,8,-0.79,0.64,,,0.32,Tough-Track Enforcer,0.4,False
5b8c830e,KH Pandya,India,19,68.33,15,8.24,27.33,middle_heavy,52.5,58.2,15.5,42.1,C+,B,B,C,Utility Player,0.59,0.47,0.13,-0.11,-0.6,0.93,0.05,,3,-0.33,0.62,-0.08,0.08,-0.37,Flat-Track Leaker,-0.28,False
eaa36b2a,BJ Bennett,Zimbabwe,16,23.33,6,8.27,23.33,middle_heavy,52.4,73.4,32.2,52.7,B,B,B+,C+,Utility Player,0.32,0.33,0.19,0.88,0.04,1.26,0.08,,3,-0.36,0.62,0.17,-0.17,-0.32,Flat-Track Leaker,-0.49,True
a03bba42,T Shamsi,South Africa,69,249.67,90,7.51,16.64,middle_heavy,52.4,81.9,76.3,70.2,B+,B,A,A,Utility Player,0.87,0.28,0.78,0.99,0.04,1.82,0.03,0.06,6,-1.06,0.76,-0.27,0.27,-0.11,Conditions-Proof,0.11,False
502b2c81,XJ Doherty,Australia,11,38.0,10,7.95,22.8,middle_heavy,52.4,51.3,25.9,43.2,C+,B,B,C,Utility Player,0.86,0.2,0.26,-0.16,-0.47,0.84,0.08,,3,-0.39,0.8,-0.48,0.48,-0.19,Flat-Track Leaker,-0.14,False
db218528,GC Galanis,Greece,10,34.83,12,6.52,17.42,middle_heavy,52.4,55.4,42.3,50.0,B,B,B,C+,Utility Player,0.86,0.25,1.01,0.56,0.03,1.71,0.17,-0.3,7,-0.95,0.87,,,0.09,Conditions-Proof,0.09,False
eb4f9c61,LN Oluoch,Kenya,56,165.67,64,7.38,15.53,pp_heavy,52.4,10.0,44.2,35.5,C+,B,D,C+,Utility Player,0.69,0.22,-0.0,0.39,-0.09,0.92,0.02,0.08,33,-0.97,0.71,0.35,-0.35,-0.2,Flat-Track Leaker,-0.4,False
db571b24,BS Stephenson,Belize,7,24.0,7,7.33,20.57,middle_heavy,52.3,45.5,34.5,44.1,C+,B,B,C+,Utility Player,0.5,0.29,,,-0.44,1.2,,,7,-0.81,1.0,,,,,,True
2472ad2c,Aamir Lal,South Korea,9,32.0,14,6.5,13.71,pp_heavy,52.3,52.1,55.5,53.3,B,B,B,B,Utility Player,1.07,0.36,,,0.18,1.73,,,9,-1.49,1.0,,,,,,False
8069f81f,J Tuffin,Philippines,17,60.0,21,6.6,17.14,pp_heavy,52.3,52.4,53.5,52.7,B,B,B,B,Utility Player,0.87,0.33,0.61,0.21,0.16,1.6,0.09,0.0,5,-1.16,0.83,-0.09,0.09,0.21,Tough-Track Enforcer,0.23,False
2064e555,Lucas Rossi,Argentina,12,42.0,20,5.14,12.6,middle_heavy,52.3,48.8,52.7,51.3,B,B,B,B,Utility Player,0.94,0.5,0.39,-0.13,0.59,2.18,0.18,-0.72,7,-1.75,1.0,,,0.11,Conditions-Proof,,False
96fe3e9f,ZM Tribe,Jersey,5,9.67,3,5.9,19.33,middle_heavy,52.2,50.1,18.1,40.1,C+,B,B,C,Utility Player,0.25,0.0,,,,0.99,,,2,-1.61,1.0,,,,,,True
5d38476c,Saqib Zulfiqar,Netherlands,6,13.0,4,6.38,19.5,middle_heavy,52.2,49.3,27.3,42.9,C+,B,B,C,Utility Player,0.41,0.0,,,,0.89,,,3,-1.08,1.0,,,,,,True
526fe472,DE Martel,Guernsey,4,12.33,2,5.43,37.0,middle_heavy,52.2,53.3,20.3,41.9,C+,B,B,C,Utility Player,0.65,0.0,,,,1.06,,,1,-1.27,0.83,,,,,,True
31366b7e,G Mckeon,France,9,25.5,8,6.59,19.12,middle_heavy,52.2,48.7,27.9,42.9,C+,B,B,C,Utility Player,0.58,0.25,,,0.71,1.21,,-0.34,8,-0.85,0.8,,,,,,True
ca72ea31,SJ Hughes-Pinan,Spain,7,27.33,8,4.06,20.5,middle_heavy,52.2,49.8,40.9,47.6,B,B,B,C+,Utility Player,0.69,0.62,,,0.03,2.01,,,2,-2.38,0.9,,,,,,True
48fd7349,MEK Hussey,Australia,1,1.0,0,6.0,999.0,middle_heavy,52.2,52.0,17.1,40.4,C+,B,B,C,Utility Player,0.0,0.0,,,,0.69,,,0,,,,,,,,True
69e53eb3,F Stoman,Portugal,17,59.0,21,6.66,16.86,middle_heavy,52.2,46.6,48.3,49.0,B,B,B,B,Utility Player,0.75,0.33,0.35,0.52,0.51,1.64,0.1,,4,-1.49,0.81,0.88,-0.88,0.27,Tough-Track Enforcer,0.26,False
e1631e47,M Khojbariya,Eswatini,9,27.0,9,6.15,18.0,middle_heavy,52.1,52.7,47.7,50.8,B,B,B,B,Utility Player,0.68,0.33,,,0.14,1.92,,-0.07,5,-0.86,0.73,,,,,,True
9f500ddb,L Nou,Papua New Guinea,2,7.0,2,5.57,21.0,pp_heavy,52.1,48.8,27.5,42.8,C+,B,B,C,Utility Player,1.1,0.0,,,,0.7,,,2,-0.9,1.0,,,,,,True
2a03bd2f,L Bruce,Gibraltar,37,114.33,34,8.06,20.18,pp_heavy,52.1,51.8,36.8,46.9,B,B,B,C+,Utility Player,0.7,0.26,0.45,0.5,0.11,1.4,0.04,-0.16,12,-0.59,0.69,-0.23,0.23,-0.06,Conditions-Proof,-0.37,False
dabbd0ae,B Fernando,Sri Lanka,23,79.17,24,8.41,19.79,pp_heavy,52.1,62.3,32.8,49.1,B,B,B+,C+,Utility Player,0.9,0.29,0.53,0.42,0.02,0.95,0.04,,3,-0.62,0.66,0.3,-0.3,-0.37,Flat-Track Leaker,-0.13,False
36d33dd0,RR Sarwan,West Indies,1,2.0,2,5.0,6.0,middle_heavy,52.1,50.6,53.5,52.1,B,B,B,B,Utility Player,1.15,0.0,,,,1.15,,,1,-2.72,1.0,,,,,,True
a22b4f3f,A Mansale,Vanuatu,7,15.0,6,7.6,15.0,middle_heavy,52.0,45.2,27.6,41.6,C+,B,B,C,Utility Player,0.37,0.17,,,0.49,0.97,,,2,-0.8,0.86,,,,,,True
82623a3a,Waqas Ahmad,Malta,15,57.5,29,7.25,11.9,pp_heavy,52.0,47.8,58.0,52.6,B,B,B,B,Utility Player,0.86,0.24,0.9,0.67,-0.08,1.84,0.12,,2,-1.0,0.95,0.16,-0.16,-0.43,Flat-Track Leaker,-0.35,False
b91f2a31,KP Meiyappan,United Arab Emirates,15,52.0,25,7.12,12.48,middle_heavy,52.0,64.2,69.8,62.0,B+,B,B+,B+,Utility Player,1.03,0.28,0.62,0.25,0.13,1.64,0.11,-0.16,8,-0.69,0.65,-0.44,0.44,-0.27,Flat-Track Leaker,-0.15,False
c573d173,MWR Stokes,Guernsey,25,67.83,19,7.09,21.42,middle_heavy,51.9,52.0,10.8,38.2,C+,B,B,D,Utility Player,0.77,0.26,0.17,0.17,-0.25,1.12,0.04,-0.19,15,-0.91,0.76,-0.12,0.12,-0.24,Flat-Track Leaker,-0.25,False
2deb4082,A Kheterpal,Hungary,16,55.33,12,7.66,27.67,middle_heavy,51.8,48.5,20.7,40.3,C+,B,B,C,Utility Player,0.58,0.5,0.48,0.77,0.48,1.33,0.08,,3,-0.45,0.7,0.29,-0.29,0.35,Tough-Track Enforcer,0.48,False
96fd40ae,A Nehra,India,26,94.0,35,8.09,16.11,pp_heavy,51.8,54.4,59.4,55.2,B,B,B,B,Utility Player,0.98,0.2,0.34,-0.07,0.47,1.1,0.04,,3,-0.9,0.74,-0.14,0.14,0.4,Tough-Track Enforcer,0.48,False
2d46e8ed,Zulqarnain Haider,Spain,6,16.0,7,5.31,13.71,middle_heavy,51.8,50.4,52.9,51.7,B,B,B,B,Utility Player,0.84,0.43,,,-0.13,1.57,,,4,-0.96,0.71,,,,,,True
486f252b,MO Bacarese,Gibraltar,2,8.0,1,4.0,48.0,pp_heavy,51.8,51.4,22.0,41.7,C+,B,B,C,Utility Player,0.7,0.0,,,,1.03,,,2,-1.07,1.0,,,,,,True
0b581ed6,J Sumerauer,Jersey,35,108.17,38,7.55,17.08,pp_heavy,51.7,39.7,30.4,40.6,C+,B,C+,C+,Utility Player,0.68,0.32,-0.27,-0.2,-0.05,0.98,0.03,-0.21,28,-0.7,0.62,0.23,-0.23,0.31,Tough-Track Enforcer,0.5,False
6a88d66d,Abdul Naser Baluch,Sweden,13,45.83,19,7.2,14.47,pp_heavy,51.7,37.7,53.6,47.7,B,B,C+,B,Utility Player,1.06,0.37,0.61,0.64,-0.32,1.31,0.1,0.24,7,-1.37,0.73,0.23,-0.23,0.21,Tough-Track Enforcer,0.34,False
befef38f,Shahzaib,Saudi Arabia,5,15.0,6,5.2,15.0,pp_heavy,51.7,52.2,47.1,50.3,B,B,B,B,Utility Player,0.99,0.5,,,,1.58,,,2,-1.53,1.0,,,,,,True
98ae73b1,PP Chawla,India,7,23.0,4,6.7,34.5,middle_heavy,51.7,61.2,17.2,43.4,C+,B,B+,C,Utility Player,0.6,0.5,,,-0.0,0.81,,,0,-0.61,0.75,,,,,,True
b03db6fa,MJG Rippon,Netherlands,13,41.67,18,6.94,13.89,middle_heavy,51.6,45.7,61.1,52.8,B,B,B,B+,Utility Player,0.64,0.22,0.31,1.03,0.24,1.3,0.1,-0.74,6,-1.15,0.81,0.23,-0.23,0.03,Conditions-Proof,-0.04,False
9d1f42c6,Ashfaq Ahmed,United Arab Emirates,2,6.0,2,5.67,18.0,middle_heavy,51.6,53.3,38.9,47.9,B,B,B,C+,Utility Player,1.5,0.5,,,,1.0,,,0,-1.0,0.75,,,,,,True
1a156c88,DJM Short,Australia,9,19.0,4,8.0,28.5,middle_heavy,51.6,50.1,3.9,35.2,C+,B,B,D,Utility Player,0.59,0.0,,,-0.92,0.63,,,0,-1.16,0.8,,,,,,True
49f6d023,AL Stephen,Vanuatu,15,46.17,17,7.71,16.29,pp_heavy,51.6,51.8,44.4,49.3,B,B,B,C+,Utility Player,0.7,0.18,0.48,-0.08,0.18,1.19,0.08,-0.26,11,-0.46,0.61,0.33,-0.33,0.16,Conditions-Proof,0.04,False
2bc636df,Jamshid Nasiri,France,5,16.0,7,5.25,13.71,middle_heavy,51.5,53.9,47.4,50.9,B,B,B,B,Utility Player,1.28,0.0,,,,1.86,,,1,-1.16,0.8,,,,,,True
1adb8ee8,Sompal Kami,Nepal,83,257.67,91,7.44,16.99,pp_heavy,51.5,60.0,79.9,63.8,B+,B,B+,A,Utility Player,0.81,0.41,0.24,0.52,0.13,1.65,0.02,-0.04,28,-1.0,0.76,0.43,-0.43,-0.0,Conditions-Proof,-0.03,False
e087956b,BA Stokes,England,34,95.0,26,8.69,21.92,middle_heavy,51.5,70.0,14.7,45.4,B,B,B+,D,Utility Player,0.66,0.15,0.25,0.49,-0.22,1.11,0.03,,3,-0.44,0.63,0.05,-0.05,0.18,Conditions-Proof,-0.17,False
00863408,MTMMJ Ave,Cook Islands,10,26.83,11,7.12,14.64,middle_heavy,51.5,43.7,43.2,46.1,B,B,C+,C+,Utility Player,0.84,0.18,0.43,0.49,0.5,1.4,0.14,0.24,7,-1.09,0.86,,,0.34,Conditions-Proof,-0.1,True
2cf2fc9e,CPPM Sadun,Cyprus,16,44.5,11,6.9,24.27,middle_heavy,51.4,40.5,8.0,33.3,C+,B,C+,D,Utility Player,0.46,0.36,0.02,0.56,-0.44,1.09,0.07,0.28,10,-0.82,0.89,0.01,-0.01,-0.54,Flat-Track Leaker,-1.22,False
3377f988,Y Jasti,Mexico,6,17.67,7,5.72,15.14,pp_heavy,51.4,47.0,48.0,48.8,B,B,B,B,Utility Player,0.93,0.43,,,,1.48,,0.03,5,-1.14,0.86,,,,,,True
308ca4bd,Bashar Khan,Italy,4,12.5,6,4.16,12.5,middle_heavy,51.4,47.8,42.2,47.1,B,B,B,C+,Utility Player,1.01,0.17,,,,1.64,,,4,-2.05,1.0,,,,,,True
2feb5b8d,Akhil Kumar,Canada,12,32.67,11,7.78,17.82,middle_heavy,51.4,41.7,31.1,41.4,C+,B,C+,C+,Utility Player,0.71,0.0,0.16,0.02,0.01,0.93,0.08,,2,-0.58,0.82,-0.16,0.16,0.11,Conditions-Proof,0.2,False
e204b898,Syed Maisam Ali,Portugal,8,23.17,16,6.26,8.69,middle_heavy,51.3,49.7,55.5,52.2,B,B,B,B,Utility Player,0.78,0.25,,,0.29,1.96,,0.12,6,-1.18,1.0,,,,,,True
3c13fc3b,E Frimpong,Ghana,4,10.0,4,3.3,15.0,middle_heavy,51.3,50.5,45.5,49.1,B,B,B,B,Utility Player,0.48,0.75,,,,1.83,,,4,-1.83,1.0,,,,,,True
97f44626,NK Tiwari,Cyprus,15,48.83,15,6.76,19.53,middle_heavy,51.3,53.8,47.2,50.8,B,B,B,B,Utility Player,0.63,0.13,0.59,0.64,0.29,1.8,0.12,-0.1,6,-1.23,0.93,0.42,-0.42,0.17,Tough-Track Enforcer,0.24,False
c042b412,FJ Klaassen,Netherlands,40,141.0,48,7.89,17.62,pp_heavy,51.2,40.5,54.4,48.7,B,B,C+,B,Utility Player,0.8,0.25,0.28,0.68,-0.31,1.09,0.03,0.07,16,-0.75,0.61,-0.09,0.09,-0.01,Conditions-Proof,0.05,False
f8dcfe4e,JK Mukhiya,Nepal,9,22.0,8,7.0,16.5,pp_heavy,51.2,44.7,50.2,48.7,B,B,C+,B,Utility Player,0.64,0.25,,,0.13,0.98,,0.03,6,-0.95,0.86,,,,,,True
96013995,DJ Turkich,Croatia,9,30.0,11,4.63,16.36,middle_heavy,51.2,55.3,54.3,53.6,B,B,B,B,Utility Player,0.74,0.45,,,-0.72,1.87,,,9,-1.91,0.92,,,,,,False
172dff15,C Bosch,South Africa,22,75.0,36,8.01,12.5,middle_heavy,51.1,49.2,77.6,59.3,B,B,B,A,Utility Player,0.86,0.22,0.69,0.39,-0.04,1.51,0.07,0.09,5,-0.82,0.76,-0.4,0.4,-0.1,Conditions-Proof,0.11,False
ce794613,T Natarajan,India,4,16.0,9,7.69,10.67,middle_heavy,51.1,50.9,64.2,55.4,B,B,B,B+,Utility Player,1.1,0.33,,,,1.16,,,0,-0.97,0.86,,,,,,True
ec483176,Taranjeet Singh,Romania,40,131.33,51,6.98,15.45,middle_heavy,51.0,58.8,61.1,57.0,B,B,B,B+,Utility Player,0.84,0.47,0.78,0.88,0.08,2.16,0.05,-0.13,11,-1.09,0.81,-0.24,0.24,0.07,Conditions-Proof,-0.04,False
576d6fdf,SS Shukla,Bahrain,7,19.0,8,5.11,14.25,middle_heavy,51.0,48.0,45.0,48.0,B,B,B,B,Utility Player,0.75,0.25,,,-0.28,1.44,,,1,-1.58,0.86,,,,,,True
05ea0342,J Dzulfikar,Indonesia,7,16.83,7,4.34,14.43,middle_heavy,51.0,48.3,44.3,47.9,B,B,B,C+,Utility Player,0.8,0.14,,,0.35,1.57,,,2,-2.65,1.0,,,,,,True
ec201565,JD Newton,Croatia,4,13.17,3,5.24,26.33,pp_heavy,51.0,49.6,21.2,40.6,C+,B,B,C,Utility Player,0.85,0.33,,,,1.14,,,4,-1.45,0.88,,,,,,True
c89474d1,TJ Murtagh,Ireland,12,39.83,12,7.48,19.92,pp_heavy,50.9,55.1,35.7,47.2,B,B,B,C+,Utility Player,0.7,0.25,0.45,0.1,-0.34,0.9,0.08,,3,-0.9,0.83,0.38,-0.38,0.13,Conditions-Proof,-0.04,False
bb01f9e0,Shuvagata Hom,Bangladesh,4,11.0,3,6.55,22.0,middle_heavy,50.9,60.4,40.6,50.6,B,B,B+,C+,Utility Player,1.02,0.67,,,,0.96,,,0,-1.41,1.0,,,,,,True
edfe226f,Omid Shafi Rahman,United Arab Emirates,5,13.67,5,6.51,16.4,pp_heavy,50.9,42.7,46.2,46.6,B,B,C+,B,Utility Player,0.77,0.4,,,,1.0,,,1,-1.02,0.86,,,,,,True
c46999c7,M Podosky,Philippines,5,19.0,4,7.47,28.5,pp_heavy,50.9,45.4,29.0,41.8,C+,B,B,C,Utility Player,0.5,0.25,,,,0.8,,,5,-0.49,0.56,,,,,,True
3d8feaf8,MR Marsh,Australia,25,50.0,19,7.82,15.79,middle_heavy,50.9,67.5,39.5,52.6,B,B,B+,C+,Utility Player,0.65,0.11,0.16,0.94,0.28,1.21,0.05,,2,-0.81,0.65,-0.5,0.5,0.2,Tough-Track Enforcer,0.16,False
244009ae,Irfan Hafejee,Panama,15,51.0,22,7.0,13.91,middle_heavy,50.8,35.7,54.1,46.9,B,B,C+,B,Utility Player,0.76,0.5,0.06,0.16,0.22,1.48,0.1,-0.43,14,-1.12,0.8,0.1,-0.1,0.13,Conditions-Proof,0.03,False
d5ae21a2,KD Shah,Hong Kong,29,73.0,17,7.48,25.76,pp_heavy,50.8,47.5,1.9,33.4,C+,B,B,D,Utility Player,0.61,0.18,-0.31,-0.14,0.08,0.7,0.02,-0.17,13,-0.61,0.64,0.22,-0.22,-0.11,Conditions-Proof,0.04,False
4d7f517e,AJ Hosein,West Indies,91,323.33,96,7.5,20.21,middle_heavy,50.8,85.9,72.6,69.8,B+,B,A+,B+,Utility Player,0.93,0.23,0.88,0.77,-0.28,1.84,0.02,,4,-0.84,0.77,0.02,-0.02,-0.15,Conditions-Proof,-0.21,False
4286e899,Syed Aqeel Israr,Ghana,9,25.5,8,6.12,19.12,pp_heavy,50.7,51.5,40.8,47.7,B,B,B,C+,Utility Player,0.82,0.75,,,-0.16,1.21,,-0.24,5,-1.26,0.89,,,,,,True
e56f4180,A Turkmen,Turkey,15,54.0,17,7.19,19.06,pp_heavy,50.7,51.7,42.0,48.1,B,B,B,C+,Utility Player,0.94,0.41,1.07,0.84,0.24,1.5,0.1,-0.0,8,-0.93,0.85,-0.02,0.02,0.37,Tough-Track Enforcer,0.25,False
a1448a10,JK Vifah,Ghana,7,16.83,6,6.83,16.83,middle_heavy,50.7,41.5,28.4,40.2,C+,B,C+,C,Utility Player,0.74,0.17,,,-0.04,1.03,,,4,-0.83,0.62,,,,,,True
0a15f357,Prashant Shukla,Sweden,4,14.0,10,4.21,8.4,middle_heavy,50.7,48.0,53.7,50.8,B,B,B,B,Utility Player,0.78,0.4,,,,2.13,,,3,-1.91,0.86,,,,,,True
a8e3170f,Mohammad Irfan,Pakistan,22,75.5,18,7.62,25.17,pp_heavy,50.7,52.4,11.5,38.2,C+,B,B,D,Utility Player,0.74,0.22,0.12,0.01,-0.27,0.7,0.03,-0.27,7,-0.63,0.74,0.18,-0.18,0.23,Tough-Track Enforcer,0.11,False
6876264c,Santiago Duggan,Argentina,7,20.0,6,5.1,20.0,middle_heavy,50.7,47.1,38.8,45.5,B,B,B,C+,Utility Player,0.89,0.33,,,,1.56,,,4,-1.7,1.0,,,,,,True
490f475a,RD Atangana,Cameroon,6,16.0,5,5.25,19.2,middle_heavy,50.7,43.9,45.1,46.6,B,B,C+,B,Utility Player,0.56,0.8,,,0.26,1.59,,,6,-1.5,1.0,,,,,,True
fb3e0d39,C Karunaratne,Sri Lanka,40,114.83,26,8.26,26.5,middle_heavy,50.7,45.6,1.5,32.6,C+,B,B,D,Utility Player,0.6,0.31,0.15,-0.06,0.09,0.74,0.02,-0.45,5,-0.36,0.67,0.21,-0.21,0.24,Tough-Track Enforcer,0.17,False
a36915ce,N Vanua,Papua New Guinea,43,142.33,58,7.81,14.72,pp_heavy,50.6,28.8,60.5,46.6,B,B,C,B+,Utility Player,0.81,0.33,0.08,0.33,-0.06,1.14,0.03,0.25,27,-0.86,0.72,-0.16,0.16,0.06,Conditions-Proof,-0.02,False
2a853aa5,U Shahid,France,4,12.33,6,6.24,12.33,pp_heavy,50.6,46.0,48.9,48.5,B,B,B,B,Utility Player,1.43,0.0,,,,1.27,,,1,-0.71,0.75,,,,,,True
b25a3800,Meet Bhavsar,Kuwait,18,40.33,16,7.14,15.12,middle_heavy,50.6,53.2,57.1,53.6,B,B,B,B,Utility Player,0.53,0.25,-0.23,-0.09,-0.11,1.37,0.08,-0.67,8,-0.72,0.79,1.4,-1.4,0.16,Tough-Track Enforcer,0.14,False
b501b61e,S Biko,Kenya,2,6.0,1,5.5,36.0,middle_heavy,50.6,52.3,19.7,40.9,C+,B,B,C,Utility Player,0.55,0.0,,,,0.88,,,1,-1.86,1.0,,,,,,True
31f01815,CB Roposo,Mozambique,14,41.67,19,6.74,13.16,middle_heavy,50.5,52.1,50.2,50.9,B,B,B,B,Utility Player,0.79,0.26,0.81,0.65,-0.47,1.73,0.12,0.4,10,-1.19,0.84,,,-0.17,Flat-Track Leaker,-0.29,False
6e397f37,Asif Javed,Bahrain,5,17.0,9,4.71,11.33,middle_heavy,50.5,45.5,48.6,48.2,B,B,B,B,Utility Player,0.94,0.22,,,,1.78,,,0,-1.86,1.0,,,,,,True
7bbeac6d,GH O'Brien,Bermuda,9,31.5,10,6.79,18.9,pp_heavy,50.4,48.3,54.0,50.9,B,B,B,B,Utility Player,0.82,0.5,,,-0.59,1.08,,,9,-1.29,0.84,,,,,,False
84d0b84c,Tauqeer Hussain,Spain,4,8.5,7,6.59,7.29,middle_heavy,50.4,46.9,52.3,49.9,B,B,B,B,Utility Player,0.57,0.29,,,,1.56,,,0,-1.47,1.0,,,,,,True
26f12506,CT Mutombodzi,Zimbabwe,8,23.0,7,7.43,19.71,middle_heavy,50.4,59.3,40.5,50.1,B,B,B,C+,Utility Player,0.54,0.14,,,,1.09,,,1,-0.37,0.67,,,,,,True
e5542f57,JK Masara,Zimbabwe,1,1.0,0,5.0,999.0,middle_heavy,50.4,49.9,20.5,40.3,C+,B,B,C,Utility Player,0.0,0.0,,,,0.66,,,0,,,,,,,,True
d7e51f87,GM Muthui,Kenya,23,69.0,27,7.22,15.33,pp_heavy,50.3,38.7,60.8,49.9,B,B,C+,B+,Utility Player,0.66,0.41,-0.09,-0.04,0.09,1.35,0.06,0.28,7,-1.13,0.74,-0.15,0.15,-0.24,Conditions-Proof,-0.03,False
18eaf2fa,Amjad Javed,United Arab Emirates,17,58.0,29,7.22,12.0,pp_heavy,50.3,37.2,75.1,54.2,B,B,C+,A,Utility Player,0.97,0.38,0.47,0.21,-0.05,1.48,0.09,-0.36,7,-0.71,0.79,0.43,-0.43,0.39,Conditions-Proof,-0.05,False
424a7994,Nilansh Keswani,United Arab Emirates,11,39.0,10,6.69,23.4,middle_heavy,50.2,50.9,17.4,39.5,C+,B,B,C,Utility Player,1.01,0.2,0.56,0.77,0.46,0.91,0.08,,4,-0.81,0.8,0.85,-0.85,0.19,Conditions-Proof,0.03,False
305c9b8a,V Rathinasamy,Croatia,3,6.0,3,6.17,12.0,pp_heavy,50.2,47.5,52.6,50.1,B,B,B,B,Utility Player,0.98,0.33,,,,1.23,,,2,-1.22,0.67,,,,,,True
06fc82b8,T Musekiwa,Zimbabwe,5,18.0,8,5.83,13.5,middle_heavy,50.2,54.5,51.9,52.2,B,B,B,B,Utility Player,0.72,0.5,,,,1.28,,,0,-0.64,0.71,,,,,,True
cbabd6ad,NS Dhaliwal,Canada,6,10.0,4,6.1,15.0,middle_heavy,50.2,57.5,44.9,50.9,B,B,B,C+,Utility Player,0.73,0.25,,,-0.12,1.38,,,6,-1.16,0.67,,,,,,True
753c95b9,SS Pathirana,Sri Lanka,5,15.83,5,7.52,19.0,middle_heavy,50.1,47.5,32.0,43.2,C+,B,B,C+,Utility Player,1.07,0.0,,,,0.72,,,3,-0.4,0.67,,,,,,True
792805ee,M Abdulla,Malawi,4,14.5,3,6.14,29.0,pp_heavy,50.1,44.3,27.6,40.7,C+,B,C+,C,Utility Player,0.41,0.67,,,,1.04,,,4,-0.92,0.8,,,,,,True
3e06e7ac,Azyan Farhath,Maldives,14,37.17,20,6.08,11.15,middle_heavy,50.1,52.9,55.8,52.9,B,B,B,B,Utility Player,0.74,0.35,0.81,0.72,-0.05,1.72,0.12,0.35,9,-1.78,0.93,-0.16,0.16,-0.29,Flat-Track Leaker,,False
e205ce8b,FL Patel,Panama,7,16.0,4,7.75,24.0,pp_heavy,50.1,46.0,20.9,39.0,C+,B,B,C,Utility Player,0.47,0.25,,,-0.24,0.91,,0.08,5,-0.86,0.71,,,,,,True
85c56be8,C Chatphaisan,Thailand,10,22.0,9,6.45,14.67,pp_heavy,50.1,35.7,26.1,37.3,C+,B,C+,C,Utility Player,0.94,0.0,-0.53,-0.76,-0.67,0.89,0.09,-0.01,6,-1.25,0.83,0.15,-0.15,-0.08,Conditions-Proof,,True
16084b50,LA Simango,Mozambique,9,24.0,9,7.25,16.0,pp_heavy,50.1,43.6,51.9,48.5,B,B,C+,B,Utility Player,0.96,0.33,,,0.1,1.29,,0.13,6,-1.07,0.7,,,,,,True
2dde3e62,J Bulele,Mozambique,12,40.33,16,6.97,15.12,middle_heavy,50.1,43.9,45.1,46.4,B,B,C+,B,Utility Player,0.69,0.25,0.4,0.08,0.0,1.37,0.11,0.74,10,-0.79,0.9,-0.65,0.65,0.3,Tough-Track Enforcer,0.49,False
00d69fa4,SO Tikolo,Kenya,5,14.33,10,6.42,8.6,middle_heavy,50.1,30.2,63.3,47.9,B,B,C+,B+,Utility Player,0.76,0.1,,,,1.14,,,4,0.32,0.5,,,,,,True
d3d096f5,DGAPD Wiswi,Indonesia,13,20.17,11,6.25,11.0,middle_heavy,50.1,47.8,54.5,50.8,B,B,B,B,Utility Player,0.59,0.09,-0.05,0.0,-0.03,1.66,0.13,0.26,5,-1.58,1.0,-0.39,0.39,0.43,Tough-Track Enforcer,,True
63a1874a,AK Kitchen,New Zealand,3,6.0,2,7.67,18.0,pp_heavy,50.1,42.7,33.0,41.9,C+,B,C+,C+,Utility Player,0.8,0.0,,,,0.58,,,0,-0.72,0.5,,,,,,True
0b130202,CL Cairns,New Zealand,2,8.0,2,6.5,24.0,middle_heavy,50.1,51.0,28.4,43.2,C+,B,B,C,Utility Player,1.25,0.5,,,,0.65,,,0,-0.79,0.67,,,,,,True
3883402f,Tian Sen Qun,China,9,29.83,9,6.5,19.89,pp_heavy,50.0,52.3,56.5,52.9,B,B,B,B,Utility Player,0.58,0.56,,,0.5,1.49,,-0.76,5,-0.77,0.75,,,,,,True
2df72aae,B Akhilesh Reddy,United States of America,4,16.0,1,5.31,96.0,middle_heavy,50.0,50.2,4.5,34.9,C+,B,B,D,Utility Player,0.12,0.0,,,,0.85,,,0,-0.91,0.86,,,,,,True
3b417422,T Panyangara,Zimbabwe,13,46.5,20,7.98,13.95,pp_heavy,49.9,52.0,61.9,54.6,B,B,B,B+,Utility Player,0.79,0.25,0.34,-0.15,0.07,1.1,0.08,,3,-0.64,0.76,-0.12,0.12,0.0,Conditions-Proof,-0.03,False
c2409632,ML Bojang,Gambia,5,16.0,3,5.06,32.0,middle_heavy,49.9,49.2,30.9,43.3,C+,B,B,C+,Utility Player,0.88,0.33,,,,1.76,,,5,-1.05,1.0,,,,,,True
a049c39b,Tariq Aziz,Portugal,3,12.0,6,5.25,12.0,middle_heavy,49.9,47.6,52.6,50.0,B,B,B,B,Utility Player,1.32,0.83,,,,1.49,,,1,-1.65,1.0,,,,,,True
d8b2f218,BB Sran,India,2,8.0,6,5.75,8.0,pp_heavy,49.9,43.7,63.4,52.3,B,B,C+,B+,Utility Player,1.29,0.33,,,,1.21,,,1,-2.16,1.0,,,,,,True
773cec26,JN Mohammed,West Indies,2,2.0,0,6.5,999.0,middle_heavy,49.9,53.4,11.7,38.3,C+,B,B,D,Utility Player,0.0,0.0,,,,0.63,,,1,-0.66,1.0,,,,,,True
aea11d1d,D Birrell,Jersey,14,49.17,23,6.96,12.83,pp_heavy,49.9,45.1,62.2,52.4,B,B,B,B+,Utility Player,0.99,0.22,0.44,0.15,-0.06,1.55,0.11,0.03,8,-1.45,0.83,0.09,-0.09,0.2,Tough-Track Enforcer,0.09,False
eff8b730,GRD Munasinghe,Italy,4,16.0,8,7.0,12.0,pp_heavy,49.9,37.1,50.0,45.7,B,B,C+,B,Utility Player,0.73,0.38,,,,1.1,,,3,-0.36,0.71,,,,,,True
2e9fdf9b,DAJ Bracewell,New Zealand,18,51.67,22,9.29,14.09,pp_heavy,49.8,31.7,41.5,41.0,C+,B,C+,C+,Utility Player,0.84,0.05,-0.12,-0.41,-0.23,0.77,0.04,,3,-0.58,0.59,-0.21,0.21,-0.14,Conditions-Proof,-0.0,False
927b34c9,S Pillai,Costa Rica,8,27.83,6,5.64,27.83,pp_heavy,49.8,45.3,21.2,38.8,C+,B,B,C,Utility Player,0.43,0.5,,,,1.32,,,3,-1.81,1.0,,,,,,True
823a57a9,S di Bartolomeo,Italy,7,24.5,14,5.27,10.5,middle_heavy,49.8,54.0,57.9,53.9,B,B,B,B,Utility Player,0.94,0.21,,,0.42,1.75,,,7,-1.03,0.88,,,,,,True
9920dd86,CA Soper,Papua New Guinea,22,68.83,29,7.23,14.24,pp_heavy,49.8,29.4,50.3,43.2,C+,B,C,B,Utility Player,0.93,0.17,0.34,0.42,-0.0,0.93,0.04,0.18,10,-0.96,0.72,0.21,-0.21,0.31,Tough-Track Enforcer,0.33,False
034d3c52,A Husain,Argentina,10,28.0,9,6.75,18.67,middle_heavy,49.8,42.3,16.6,36.2,C+,B,C+,C,Utility Player,0.63,0.22,0.09,0.32,-0.36,1.03,0.1,0.07,7,-0.77,0.83,,,0.09,Conditions-Proof,-0.19,True
51a125b3,T Nightingale,Guernsey,12,25.0,5,7.48,30.0,middle_heavy,49.7,50.7,26.1,42.2,C+,B,B,C,Utility Player,0.3,0.4,-0.17,0.62,0.46,1.1,0.09,-0.32,5,-0.7,0.75,0.21,-0.21,0.71,Tough-Track Enforcer,0.87,True
20ac8219,S Vashisht,Romania,23,73.17,28,6.71,15.68,pp_heavy,49.7,49.1,52.1,50.3,B,B,B,B,Utility Player,0.76,0.25,0.64,0.55,0.02,1.66,0.07,-0.3,8,-1.01,0.8,0.74,-0.74,-0.11,Conditions-Proof,-0.15,False
9244df4b,A Ashokan,Czech Republic,18,57.0,18,7.74,19.0,middle_heavy,49.7,47.6,40.3,45.9,B,B,B,C+,Utility Player,0.56,0.17,0.37,0.27,0.03,1.43,0.08,,3,-0.65,0.6,0.02,-0.02,0.46,Tough-Track Enforcer,0.41,False
c16d2e28,SJ Harmison,England,2,6.5,1,6.62,39.0,middle_heavy,49.7,42.9,35.7,42.8,C+,B,C+,C+,Utility Player,0.15,1.0,,,,0.64,,,0,-0.87,1.0,,,,,,True
7636b587,D Muhumuza,Uganda,15,34.0,11,7.18,18.55,middle_heavy,49.7,40.7,17.8,36.1,C+,B,C+,C,Utility Player,0.63,0.27,-0.31,-0.4,-0.21,0.91,0.06,-0.09,9,-0.9,0.86,0.2,-0.2,-0.0,Conditions-Proof,-0.13,False
bf19d427,SF Tiai,Samoa,22,80.0,30,7.35,16.0,middle_heavy,49.5,57.4,48.4,51.8,B,B,B,B,Utility Player,0.76,0.13,0.82,0.38,-0.07,1.48,0.07,0.0,19,-0.89,0.81,-0.26,0.26,0.08,Conditions-Proof,0.01,False
5485c999,P Dakainivanua,Fiji,5,20.0,7,5.65,17.14,middle_heavy,49.5,48.9,42.3,46.9,B,B,B,C+,Utility Player,0.77,0.57,,,,1.6,,,5,-1.83,0.9,,,,,,True
62f6d8ce,Zaheer Zahiri,France,11,39.83,19,6.58,12.58,pp_heavy,49.5,45.1,59.5,51.4,B,B,B,B,Utility Player,1.1,0.47,0.89,0.5,-0.1,1.72,0.16,-0.16,6,-1.27,0.88,,,-0.65,Flat-Track Leaker,-0.76,False
f70f8dbb,S Selvaraj,Tanzania,5,18.0,3,6.61,36.0,middle_heavy,49.5,49.9,19.3,39.6,C+,B,B,C,Utility Player,0.8,0.33,,,,0.79,,,5,-0.55,0.86,,,,,,True
3b53243a,XC Bartlett,Australia,20,66.5,27,8.12,14.78,pp_heavy,49.5,54.7,63.2,55.8,B,B,B,B+,Utility Player,1.09,0.11,0.8,0.9,0.38,1.11,0.06,,1,-0.78,0.65,-0.04,0.04,0.34,Tough-Track Enforcer,,False
eb0f2802,M Koli,Romania,30,109.83,43,7.41,15.33,pp_heavy,49.4,52.9,58.3,53.5,B,B,B,B,Utility Player,0.96,0.23,0.67,0.57,0.44,1.7,0.06,-0.26,11,-1.08,0.83,0.2,-0.2,-0.01,Conditions-Proof,0.12,False
5a8dc41e,Yasar Haroon,Brazil,12,40.0,13,6.28,18.46,middle_heavy,49.4,55.1,39.2,47.9,B,B,B,C+,Utility Player,0.82,0.31,0.63,0.24,0.0,1.55,0.13,-0.02,10,-1.2,0.75,,,0.0,Conditions-Proof,-0.35,False
4393e047,R Nehonde,Botswana,18,49.67,19,7.13,15.68,middle_heavy,49.4,45.0,54.1,49.5,B,B,B,B,Utility Player,0.53,0.32,0.19,0.14,0.63,1.34,0.07,0.37,13,-0.81,0.8,0.25,-0.25,0.22,Tough-Track Enforcer,0.34,False
8b8745fd,ML Lewis,Australia,2,7.5,4,6.67,11.25,pp_heavy,49.4,52.3,57.0,52.9,B,B,B,B,Utility Player,0.9,0.75,,,,1.01,,,0,-0.02,1.0,,,,,,True
ff722bc8,C Outerbridge,Bermuda,4,9.0,4,5.67,13.5,pp_heavy,49.4,49.1,46.6,48.4,B,B,B,B,Utility Player,0.74,0.0,,,,1.14,,,4,-2.59,1.0,,,,,,True
de3acffe,AJ McKay,New Zealand,2,5.67,2,5.65,17.0,pp_heavy,49.3,47.1,37.1,44.5,C+,B,B,C+,Utility Player,0.2,0.5,,,,0.68,,,2,-1.15,1.0,,,,,,True
6ebf4d4e,Farzan Afzal,Spain,3,12.0,4,3.83,18.0,middle_heavy,49.3,47.9,39.1,45.4,B,B,B,C+,Utility Player,0.86,0.5,,,,1.63,,,0,-1.8,1.0,,,,,,True
e6082b10,BP Adapaka,Hungary,11,37.17,10,7.37,22.3,middle_heavy,49.3,46.3,35.1,43.6,C+,B,B,C+,Utility Player,0.73,0.5,0.57,0.39,0.05,1.37,0.12,0.1,5,-0.75,0.8,0.13,-0.13,-0.03,Conditions-Proof,-0.06,False
ac1ddea1,Garret Banner,Belize,11,39.0,11,7.51,21.27,pp_heavy,49.3,23.7,35.2,36.1,C+,B,C,C+,Utility Player,0.73,0.55,0.35,0.78,0.44,0.82,0.07,,11,-0.67,0.65,,,0.5,Tough-Track Enforcer,,False
ae4d0b45,Jonte Smith,Bermuda,8,25.0,14,6.24,10.71,middle_heavy,49.3,42.9,55.4,49.2,B,B,C+,B,Utility Player,0.77,0.57,,,-0.13,1.63,,-0.24,6,-1.18,0.92,,,,,,True
a64e3b89,SK Atai,Papua New Guinea,9,15.0,3,7.4,30.0,middle_heavy,49.3,63.7,20.2,44.4,C+,B,B+,C,Utility Player,0.46,0.33,,,0.68,1.05,,,3,-0.99,1.0,,,,,,True
2a13e6b1,Muhammad Shoaib Ahmed,Cyprus,5,18.0,6,6.06,18.0,pp_heavy,49.3,43.5,37.6,43.5,C+,B,C+,C+,Utility Player,0.78,0.17,,,,1.35,,,5,-0.84,0.67,,,,,,True
b878fc9a,Nestor Dhamba,Oman,1,3.0,0,4.0,999.0,middle_heavy,49.2,47.2,22.1,39.5,C+,B,B,C,Utility Player,0.0,0.0,,,,0.68,,,1,-1.05,1.0,,,,,,True
b18dbaff,A Prashar,Hungary,11,32.33,13,6.4,14.92,pp_heavy,49.2,48.7,46.5,48.1,B,B,B,B,Utility Player,0.84,0.15,0.64,0.51,0.52,1.48,0.13,,2,-1.24,0.88,,,-0.22,Flat-Track Leaker,-0.54,False
3b8e7647,SP Krishnamurthi,United States of America,2,5.0,2,4.2,15.0,middle_heavy,49.2,44.4,33.7,42.4,C+,B,C+,C+,Utility Player,0.52,0.0,,,,1.0,,,0,-1.59,1.0,,,,,,True
835a58da,NA Karnik,Singapore,8,26.33,10,9.08,15.8,middle_heavy,49.1,50.0,55.5,51.5,B,B,B,B,Utility Player,0.74,0.2,,,-0.63,1.41,,,3,0.05,0.64,,,,,,True
e938e1bc,P Kumar,India,9,23.0,6,8.22,23.0,pp_heavy,49.1,35.1,11.3,31.8,C+,B,C+,D,Utility Player,0.77,0.17,,,0.42,0.44,,,2,-0.88,0.67,,,,,,True
dc60abdc,Rizwan Haider,Malaysia,33,94.33,39,7.67,14.51,pp_heavy,49.0,37.2,57.2,47.8,B,B,C+,B,Utility Player,0.85,0.26,-0.07,-0.25,-0.18,1.21,0.04,-0.12,16,-0.76,0.76,0.42,-0.42,-0.19,Flat-Track Leaker,-0.11,False
a6de4c41,Zikria Islam,Oman,2,4.0,1,7.0,24.0,middle_heavy,49.0,46.6,38.2,44.6,C+,B,B,C+,Utility Player,0.5,1.0,,,,0.79,,,0,0.13,0.0,,,,,,True
6821ac10,JJ van der Wath,South Africa,7,28.0,9,7.71,18.67,death_heavy,48.9,47.5,35.0,43.8,C+,B,B,C+,Utility Player,0.92,0.22,,,0.32,1.1,,,1,-0.27,0.56,,,,,,True
6d36cb93,Shafat Ali Syed,Spain,6,14.0,6,8.07,14.0,pp_heavy,48.9,23.6,24.6,32.4,C+,B,C,C,Utility Player,0.4,0.17,,,-0.08,0.81,,,2,-0.13,0.6,,,,,,True
402ea377,Ronitkumar Ahir,Panama,3,12.0,12,2.5,6.0,middle_heavy,48.9,47.9,49.9,48.9,B,B,B,B,Utility Player,1.18,0.58,,,,2.98,,,1,-3.3,1.0,,,,,,True
2f6f44bb,RDB Ahir,Panama,14,41.83,15,7.03,16.73,middle_heavy,48.8,30.8,40.7,40.1,C+,B,C+,C+,Utility Player,0.68,0.13,-0.07,-0.15,-0.53,1.12,0.08,,14,-0.58,0.62,,,-0.34,Flat-Track Leaker,-0.46,False
0697b5a1,NN Banner,Belize,8,29.0,13,7.24,13.38,middle_heavy,48.8,40.9,50.6,46.8,B,B,C+,B,Utility Player,1.2,0.15,,,-0.18,1.44,,,8,-1.32,0.75,,,,,,True
82294960,P Sarraf,Nepal,8,15.0,2,5.87,45.0,middle_heavy,48.8,54.5,2.0,35.1,C+,B,B,D,Utility Player,0.38,0.0,,,,0.86,,,0,-1.01,0.67,,,,,,True
4b57e452,M Vijay,India,1,2.0,0,5.0,999.0,middle_heavy,48.6,46.5,21.9,39.0,C+,B,B,C,Utility Player,0.0,0.0,,,,0.6,,,0,-1.05,1.0,,,,,,True
a025c156,Muhammad Saleem,Brazil,2,3.0,1,3.0,18.0,middle_heavy,48.6,46.5,32.4,42.5,C+,B,B,C+,Utility Player,0.75,0.0,,,,1.52,,,2,-1.97,1.0,,,,,,True
9c9f8dbc,H Davids,South Africa,2,2.0,1,6.5,12.0,middle_heavy,48.6,43.2,40.8,44.2,C+,B,C+,C+,Utility Player,0.75,0.0,,,,0.71,,,1,,,,,,,,True
ce9ee68f,DK Dahyabhai Ahir,Panama,7,22.0,10,5.14,13.2,middle_heavy,48.6,48.4,47.0,48.0,B,B,B,B,Utility Player,0.87,0.2,,,-0.17,1.64,,,7,-1.06,0.89,,,,,,True
d482c8b8,Musawar Shah,Qatar,9,31.0,14,6.94,13.29,middle_heavy,48.6,53.6,63.9,55.4,B,B,B,B+,Utility Player,0.81,0.43,,,-0.31,1.59,,,3,-1.14,0.79,,,,,,False
2fff8b43,AK Gokoel,Suriname,8,27.17,12,6.33,13.58,middle_heavy,48.6,44.0,49.9,47.5,B,B,C+,B,Utility Player,1.08,0.5,,,-0.23,1.5,,,8,-1.06,0.83,,,,,,True
fb27d38c,S Waqas Ahmed,Norway,8,23.0,8,6.78,17.25,middle_heavy,48.5,50.0,25.7,41.4,C+,B,B,C,Utility Player,1.24,0.0,,,0.31,1.04,,-0.04,7,-1.7,1.0,,,,,,True
18db3f22,C Waiswa,Uganda,6,19.0,10,7.63,11.4,pp_heavy,48.5,32.0,56.5,45.7,B,B,C+,B,Utility Player,0.79,0.5,,,,1.17,,,4,-1.1,0.8,,,,,,True
e0672ff4,RR Behera,United States of America,1,1.0,0,5.0,999.0,middle_heavy,48.5,48.5,20.6,39.2,C+,B,B,C,Utility Player,0.0,0.0,,,,0.64,,,0,,,,,,,,True
407d13cc,Ashiqullah Said,Belgium,8,29.0,12,5.48,14.5,pp_heavy,48.5,46.6,48.9,48.0,B,B,B,B,Utility Player,1.2,0.25,,,-0.61,1.6,,,2,-2.01,1.0,,,,,,True
f5bd70f2,NM Salonen,Finland,14,47.83,20,7.25,14.35,pp_heavy,48.5,39.5,52.6,46.9,B,B,C+,B,Utility Player,1.02,0.25,0.38,0.12,-0.46,1.26,0.09,0.28,9,-1.23,0.93,0.16,-0.16,-0.03,Conditions-Proof,,False
ab21795b,BAD Manenti,Italy,12,44.0,8,7.66,33.0,middle_heavy,48.5,58.9,23.9,43.8,C+,B,B,C,Utility Player,0.51,0.12,0.4,0.62,0.11,0.98,0.08,-0.39,8,-0.46,0.73,,,-0.4,Flat-Track Leaker,,False
5f25b104,Sheikh Rasik,Hungary,10,29.0,8,6.59,21.75,pp_heavy,48.4,46.1,18.1,37.5,C+,B,B,C,Utility Player,0.65,0.0,0.51,0.5,0.06,0.94,0.09,0.18,5,-0.86,0.83,,,0.46,Tough-Track Enforcer,0.64,True
7c7303eb,JD Nel,Scotland,4,14.0,6,6.07,14.0,pp_heavy,48.4,45.9,54.6,49.6,B,B,B,B,Utility Player,0.68,0.67,,,,0.96,,,3,-1.25,1.0,,,,,,True
ff36e706,Sirajullah Khadim,Portugal,25,84.33,37,6.18,13.68,middle_heavy,48.4,54.9,57.4,53.6,B,B,B,B,Utility Player,0.81,0.3,0.68,0.9,0.28,1.84,0.07,-0.22,10,-1.52,0.86,-0.05,0.05,0.07,Conditions-Proof,0.18,False
4ff67681,MM Iqbal,Scotland,1,4.0,2,4.25,12.0,middle_heavy,48.4,44.9,40.7,44.7,C+,B,C+,C+,Utility Player,1.05,0.5,,,,0.94,,,1,-1.42,1.0,,,,,,True
bd021695,Qudratullah Mir Afzail,Sweden,6,15.83,4,6.32,23.75,pp_heavy,48.3,49.5,27.5,41.8,C+,B,B,C,Utility Player,0.46,0.0,,,0.08,1.04,,,2,-1.4,1.0,,,,,,True
4353bba5,YA Abdulla,South Africa,2,7.0,2,6.29,21.0,pp_heavy,48.3,52.0,42.8,47.7,B,B,B,C+,Utility Player,1.45,0.5,,,,0.75,,,0,-0.8,0.75,,,,,,True
42151725,GK Berg,Italy,15,49.0,21,6.65,14.0,pp_heavy,48.3,43.7,59.2,50.4,B,B,C+,B,Utility Player,0.69,0.19,0.43,0.53,-0.05,1.32,0.09,,15,-0.5,0.75,-0.63,0.63,0.14,Conditions-Proof,0.12,False
00321fff,Mohammad Ghazanfar,Hong Kong,25,80.0,26,6.8,18.46,middle_heavy,48.3,62.3,65.5,58.7,B,B,B+,B+,Utility Player,0.62,0.58,0.52,0.57,-0.09,1.55,0.06,-0.06,15,-0.85,0.74,-0.07,0.07,-0.18,Flat-Track Leaker,-0.15,False
6a97c7a4,Karanbir Singh,Austria,23,54.67,31,7.98,10.58,middle_heavy,48.3,53.2,59.2,53.6,B,B,B,B,Utility Player,0.76,0.26,0.38,-0.03,0.24,1.91,0.08,-0.24,5,-0.58,0.57,-0.23,0.23,-0.02,Conditions-Proof,-0.24,False
d7074ddc,Zaker Taqawi,Sweden,13,44.5,26,6.74,10.27,middle_heavy,48.2,26.4,60.2,44.9,C+,B,C,B+,Utility Player,0.98,0.42,0.44,0.15,-0.28,1.5,0.12,-0.16,9,-1.13,0.63,,,-0.23,Flat-Track Leaker,-0.31,False
65122d56,K Christie,Hong Kong,10,36.0,10,7.78,21.6,pp_heavy,48.2,44.1,27.1,39.8,C+,B,C+,C,Utility Player,0.54,0.1,0.16,0.08,-0.42,0.71,0.07,0.08,8,-0.45,0.67,,,-0.49,Flat-Track Leaker,-0.2,False
ada72696,Sukhjinder Singh,Canada,4,13.0,3,5.46,26.0,middle_heavy,48.2,39.8,18.9,35.6,C+,B,C+,C,Utility Player,0.62,0.0,,,,0.7,,,0,-1.09,0.67,,,,,,True
57ee1fde,YS Chahal,India,79,294.0,100,8.27,17.64,middle_heavy,48.2,69.0,68.9,62.0,B+,B,B+,B+,Utility Player,0.94,0.31,0.44,0.2,-0.04,1.6,0.02,,4,-0.83,0.75,0.15,-0.15,-0.08,Conditions-Proof,-0.07,False
271f83cd,SA Yadav,India,1,1.0,2,5.0,3.0,death_heavy,48.2,43.7,53.9,48.6,B,B,C+,B,Utility Player,0.65,0.0,,,,1.07,,,1,,,,,,,,True
b9e07e44,R Abdulkareem,Nigeria,47,122.67,60,6.58,12.27,middle_heavy,48.1,42.7,66.8,52.5,B,B,C+,B+,Utility Player,0.86,0.33,0.04,0.16,-0.32,1.71,0.04,-0.06,34,-1.39,0.82,-0.04,0.04,-0.2,Flat-Track Leaker,-0.42,False
a9231c3f,SR Taylor,United States of America,19,49.0,12,6.14,24.5,middle_heavy,48.1,64.9,26.2,46.4,B,B,B+,C,Utility Player,0.61,0.17,0.44,0.39,-0.27,1.2,0.06,0.12,10,-1.11,0.81,0.2,-0.2,-0.42,Flat-Track Leaker,-0.47,False
93f104b4,Tanvir Ahmed,Pakistan,1,3.0,2,4.33,9.0,pp_heavy,48.1,45.0,52.5,48.5,B,B,B,B,Utility Player,1.45,0.0,,,,0.86,,,0,-1.13,1.0,,,,,,True
5152ab02,Habib Khan,Estonia,21,74.33,30,7.26,14.87,middle_heavy,48.1,36.7,57.6,47.5,B,B,C+,B,Utility Player,0.88,0.57,0.85,0.71,-0.25,1.62,0.08,-0.12,12,-1.22,0.91,0.27,-0.27,0.09,Conditions-Proof,0.01,False
c83c594d,M Cope,Luxembourg,8,29.67,13,9.03,13.69,middle_heavy,48.0,44.3,46.3,46.2,B,B,C+,B,Utility Player,1.23,0.15,,,-0.88,1.4,,,3,-0.62,0.62,,,,,,True
736123bb,DN Wellalage,Sri Lanka,14,53.5,16,7.38,20.06,middle_heavy,48.0,53.5,41.8,47.8,B,B,B,C+,Utility Player,0.84,0.31,0.53,0.21,0.05,1.0,0.07,,0,-0.68,0.71,-0.37,0.37,0.12,Conditions-Proof,0.24,False
0fc88c2a,SMK Waththage,Czech Republic,13,43.0,12,7.95,21.5,pp_heavy,47.9,37.5,23.2,36.2,C+,B,C+,C,Utility Player,0.9,0.25,0.2,-0.13,-0.33,0.91,0.07,,4,-1.05,0.68,-0.4,0.4,-0.1,Conditions-Proof,0.01,False
94eac556,CJ McKay,Australia,6,22.67,4,8.07,34.0,middle_heavy,47.9,40.9,29.0,39.3,C+,B,C+,C,Utility Player,0.4,0.25,,,,0.66,,,2,-0.26,0.6,,,,,,True
f96933f0,Izatullah Dawlatzai,Germany,7,24.17,6,6.41,24.17,pp_heavy,47.9,42.4,12.9,34.4,C+,B,C+,D,Utility Player,0.45,0.33,,,,0.64,,0.79,6,-1.04,0.9,,,,,,True
f58295c2,JM Iradukunda,Rwanda,10,32.17,12,7.71,16.08,pp_heavy,47.9,34.4,46.3,42.9,C+,B,C+,B,Utility Player,0.69,0.33,0.26,0.23,-0.24,1.02,0.1,,4,-0.66,0.62,-0.55,0.55,-0.26,Conditions-Proof,-0.01,False
8e38d470,Robert Raina,Thailand,11,24.0,17,6.08,8.47,middle_heavy,47.9,44.2,57.7,49.9,B,B,C+,B,Utility Player,0.83,0.41,0.33,0.0,0.55,1.83,0.17,0.1,6,-1.47,0.9,0.07,-0.07,-0.29,Flat-Track Leaker,-0.32,True
1be67d37,RTM Mendis,Sri Lanka,3,7.0,2,6.86,21.0,middle_heavy,47.9,35.4,27.7,37.0,C+,B,C+,C,Utility Player,0.8,0.5,,,,0.46,,,0,-1.33,1.0,,,,,,True
13501ff4,Mohamed Khan,Sierra Leone,4,6.0,3,6.83,12.0,middle_heavy,47.8,45.3,40.8,44.6,C+,B,B,C+,Utility Player,0.62,0.67,,,,1.24,,,4,-1.42,0.5,,,,,,True
d5dea4e7,LG Moras,Brazil,4,9.17,0,6.87,999.0,pp_heavy,47.8,51.5,5.7,35.0,C+,B,B,D,Utility Player,0.0,0.0,,,,1.04,,,2,-0.71,0.75,,,,,,True
da4a1e46,M Spoors,Canada,1,2.0,2,2.5,6.0,middle_heavy,47.8,45.0,48.1,47.0,B,B,B,B,Utility Player,1.25,0.5,,,,1.42,,,1,-1.94,1.0,,,,,,True
732c038e,KIC Asalanka,Sri Lanka,16,31.67,7,7.96,27.14,middle_heavy,47.7,59.5,21.5,42.9,C+,B,B,C,Utility Player,0.31,0.57,0.03,-0.24,-0.11,0.93,0.06,,4,-0.89,0.73,-0.13,0.13,0.09,Conditions-Proof,-0.39,False
460fc0ba,Muhammad Salman,Bahrain,14,45.0,13,6.71,20.77,middle_heavy,47.7,52.5,36.4,45.5,B,B,B,C+,Utility Player,0.67,0.23,0.32,0.19,0.41,1.19,0.09,,4,-1.03,0.84,,,0.29,Tough-Track Enforcer,0.34,False
86dc8f2e,JH Kallis,South Africa,19,46.0,13,7.5,21.23,middle_heavy,47.7,38.3,24.3,36.8,C+,B,C+,C,Utility Player,0.52,0.15,-0.04,-0.08,-0.24,0.82,0.04,,4,-0.73,0.72,0.2,-0.2,-0.13,Conditions-Proof,-0.05,False
d8bee9a1,J Shaju,Malta,20,66.33,30,7.85,13.27,pp_heavy,47.6,42.5,55.3,48.5,B,B,C+,B,Utility Player,0.59,0.27,0.41,0.28,0.23,1.47,0.07,-0.07,9,-0.64,0.68,0.05,-0.05,-0.1,Conditions-Proof,-0.05,False
ccdd8308,ST Finn,England,20,76.0,29,7.87,15.72,pp_heavy,47.6,59.6,74.2,60.5,B+,B,B,B+,Utility Player,0.96,0.24,0.63,0.41,0.37,1.29,0.06,,2,-0.96,0.85,0.13,-0.13,0.12,Conditions-Proof,0.12,False
69649715,JT Darrell,Bermuda,2,7.0,3,3.29,14.0,pp_heavy,47.6,43.8,32.8,41.4,C+,B,C+,C+,Utility Player,1.5,0.0,,,,1.38,,,2,-2.23,1.0,,,,,,True
e186f49c,Mashrafe Mortaza,Bangladesh,48,173.83,39,8.36,26.74,pp_heavy,47.6,52.5,3.8,34.6,C+,B,B,D,Utility Player,0.73,0.28,0.1,-0.06,-0.09,0.67,0.01,0.28,7,-0.39,0.65,-0.21,0.21,-0.21,Flat-Track Leaker,-0.11,False
cf17c429,Avi Dixit,Singapore,4,13.0,5,6.46,15.6,middle_heavy,47.6,45.4,45.1,46.0,B,B,B,B,Utility Player,0.55,0.2,,,,1.27,,,2,-1.01,0.71,,,,,,True
c079c66a,Noman Amjad,France,23,71.33,19,7.78,22.53,pp_heavy,47.5,52.8,9.0,36.4,C+,B,B,D,Utility Player,0.68,0.16,-0.02,0.12,-0.19,0.95,0.04,0.21,9,-0.61,0.71,-0.52,0.52,0.3,Tough-Track Enforcer,0.22,False
7bb926a7,Tamoor Sajjad,Qatar,6,20.83,4,7.44,31.25,middle_heavy,47.5,54.4,25.0,42.3,C+,B,B,C,Utility Player,0.72,0.25,,,0.25,0.91,,0.23,5,-0.58,0.83,,,,,,True
290cba17,SJ Modani,United States of America,1,1.0,1,2.0,6.0,middle_heavy,47.5,42.6,40.9,43.7,C+,B,C+,C+,Utility Player,0.7,0.0,,,,1.25,,,1,,,,,,,,True
231daa19,Asif Shaikh,Bahrain,14,49.33,17,6.63,17.41,middle_heavy,47.5,49.6,43.3,46.8,B,B,B,C+,Utility Player,0.84,0.24,0.06,-0.15,-0.07,1.44,0.1,,2,-0.79,0.81,-0.18,0.18,0.23,Tough-Track Enforcer,,False
ee17d329,D Abeyrathna,Norway,15,38.67,16,7.03,14.5,middle_heavy,47.5,45.1,48.1,46.9,B,B,B,B,Utility Player,0.51,0.12,0.31,0.86,-0.23,1.35,0.09,,4,-1.16,0.87,-0.72,0.72,-0.37,Flat-Track Leaker,-0.54,False
1f7adc8a,Arafat Sunny,Bangladesh,10,31.0,12,7.65,15.5,middle_heavy,47.5,58.2,63.5,56.4,B,B,B,B+,Utility Player,1.08,0.25,0.61,0.31,0.36,1.24,0.12,,2,-0.81,0.69,,,-0.07,Conditions-Proof,0.1,False
8b46fc4f,J Baguma,Uganda,18,58.17,28,6.74,12.46,middle_heavy,47.5,51.0,61.2,53.2,B,B,B,B+,Utility Player,0.81,0.29,0.09,-0.23,0.11,1.63,0.09,-0.06,5,-1.41,0.86,,,0.25,Tough-Track Enforcer,0.32,False
63249474,O Davidson,Scotland,4,12.0,3,8.83,24.0,middle_heavy,47.4,52.9,24.1,41.5,C+,B,B,C,Utility Player,1.0,0.0,,,,0.71,,,0,-0.1,0.67,,,,,,True
d77ddc9f,JQK Moala,Fiji,6,20.0,10,6.05,12.0,pp_heavy,47.4,46.3,52.6,48.8,B,B,B,B,Utility Player,0.91,0.2,,,0.0,1.68,,,6,-2.01,0.92,,,,,,True
7fa2ab1f,RML Taylor,Scotland,7,19.0,4,8.42,28.5,middle_heavy,47.3,20.2,31.9,33.1,C+,B,C,C+,Utility Player,0.28,0.75,,,,0.66,,0.3,5,-0.32,0.64,,,,,,True
3cf06094,Bilal Tahir,Kuwait,6,12.33,6,6.16,12.33,middle_heavy,47.3,59.1,48.0,51.5,B,B,B,B,Utility Player,1.1,0.5,,,-0.61,1.34,,,2,-1.57,1.0,,,,,,True
4a2159dc,E Ernest,Sierra Leone,6,19.0,4,4.95,28.5,middle_heavy,47.2,47.2,29.4,41.3,C+,B,B,C,Utility Player,0.64,0.75,,,0.5,1.07,,,4,-1.04,0.9,,,,,,True
c25d26dc,Sulaimon Runsewe,Nigeria,3,4.5,3,8.22,9.0,middle_heavy,47.2,42.2,47.7,45.7,B,B,C+,B,Utility Player,1.23,0.0,,,,0.91,,,2,1.01,0.5,,,,,,True
8c7d6cbe,MW Machan,Scotland,3,12.0,2,6.75,36.0,middle_heavy,47.1,44.1,17.4,36.2,C+,B,C+,C,Utility Player,0.32,0.0,,,,0.57,,,2,-0.63,1.0,,,,,,True
9656afbf,Ahmed Daniyal,Pakistan,2,7.0,3,5.71,14.0,middle_heavy,47.1,39.9,47.6,44.9,C+,B,C+,B,Utility Player,1.32,0.33,,,,0.78,,,0,-1.59,1.0,,,,,,True
3c87f0c3,JN Frylinck,Namibia,48,153.5,59,7.15,15.61,middle_heavy,47.1,50.6,28.6,42.1,C+,B,B,C,Utility Player,0.84,0.25,0.24,0.47,-0.15,1.16,0.02,0.02,24,-0.95,0.78,-0.11,0.11,0.04,Conditions-Proof,0.08,False
a62f55ba,DJ Hawoe,Indonesia,83,240.0,81,7.1,17.78,pp_heavy,47.1,43.1,38.8,43.0,C+,B,C+,C+,Utility Player,0.71,0.2,0.02,0.24,0.3,1.25,0.02,-0.19,27,-1.14,0.85,0.27,-0.27,0.12,Conditions-Proof,0.13,False
2687fff2,KC D'Souza,Bulgaria,5,14.0,4,6.0,21.0,middle_heavy,47.1,46.1,35.1,42.8,C+,B,B,C+,Utility Player,0.45,0.5,,,,1.4,,,3,-1.13,0.83,,,,,,True
49235be5,Gurpratap Singh,Cyprus,10,34.0,19,6.91,10.74,pp_heavy,47.0,26.9,55.5,43.1,C+,B,C,B,Utility Player,1.05,0.26,0.56,0.0,-0.3,1.59,0.16,0.21,6,-1.1,0.9,,,0.55,Tough-Track Enforcer,,False
06989091,Javid Patel,Zambia,10,36.0,9,6.56,24.0,middle_heavy,47.0,43.5,17.1,35.9,C+,B,C+,C,Utility Player,0.79,0.22,0.35,0.34,0.0,1.0,0.1,,3,-1.24,0.87,,,0.6,Tough-Track Enforcer,0.8,False
441b1b20,LS Baker,West Indies,3,8.0,2,7.25,24.0,pp_heavy,47.0,57.3,39.1,47.8,B,B,B,C+,Utility Player,1.0,0.5,,,,0.76,,,0,-0.66,0.67,,,,,,True
d2c2b2d5,SR Tendulkar,India,1,2.5,2,5.2,7.5,middle_heavy,47.0,42.4,48.8,46.1,B,B,C+,B,Utility Player,0.85,0.5,,,,0.79,,,0,,,,,,,,True
97555d44,R Aurora,Botswana,1,2.0,0,4.0,999.0,middle_heavy,47.0,44.4,23.3,38.2,C+,B,C+,C,Utility Player,0.0,0.0,,,,0.65,,,1,-1.11,1.0,,,,,,True
6a091f62,SJ Patel,Czech Republic,7,15.0,6,7.33,15.0,middle_heavy,47.0,40.5,38.5,42.0,C+,B,C+,C+,Utility Player,0.34,0.67,,,-0.38,1.29,,,1,-0.98,1.0,,,,,,True
0f71478c,YSD Seneveratne,Cayman Islands,3,3.0,0,9.67,999.0,middle_heavy,47.0,42.4,6.2,31.9,C+,B,C+,D,Utility Player,0.0,0.0,,,,0.57,,,3,,,,,,,,True
c6e10e5c,NK Patel,United States of America,20,63.67,29,5.76,13.17,middle_heavy,47.0,64.5,64.6,58.7,B,B,B+,B+,Utility Player,0.9,0.28,0.77,0.79,-0.24,1.64,0.08,0.18,15,-1.28,0.84,0.62,-0.62,-0.03,Conditions-Proof,0.14,False
808f425a,JP Faulkner,Australia,24,85.83,36,8.24,14.31,death_heavy,47.0,50.1,58.8,52.0,B,B,B,B,Utility Player,0.78,0.22,0.55,0.45,0.29,1.68,0.07,,1,-0.38,0.6,0.02,-0.02,0.29,Tough-Track Enforcer,0.1,False
65cfc56b,DK Shetty,Indonesia,21,56.5,21,6.73,16.14,pp_heavy,46.9,45.7,53.9,48.8,B,B,B,B,Utility Player,0.85,0.33,0.3,0.34,0.6,1.4,0.07,-0.09,5,-1.01,0.82,-0.29,0.29,-0.27,Flat-Track Leaker,-0.29,False
373954ca,Fayaz Khan,Germany,15,48.0,21,7.33,13.71,pp_heavy,46.9,40.1,53.6,46.9,B,B,C+,B,Utility Player,0.78,0.24,0.29,0.14,-0.04,1.15,0.08,0.09,9,-0.98,0.82,1.2,-1.2,-0.37,Flat-Track Leaker,-0.36,False
a14b3bc0,Kawsar Khan,Brazil,6,24.0,12,5.75,12.0,pp_heavy,46.9,43.9,51.4,47.4,B,B,C+,B,Utility Player,1.04,0.42,,,,1.5,,,6,-1.47,0.88,,,,,,True
5787be00,S Davizi,Czech Republic,8,18.0,6,8.44,18.0,middle_heavy,46.9,44.0,20.3,37.1,C+,B,C+,C,Utility Player,0.51,0.33,,,0.58,1.04,,,1,-0.79,0.88,,,,,,True
c311564c,Ibrahim Jabarkhel,France,7,17.0,5,6.06,20.4,middle_heavy,46.9,48.9,24.0,39.9,C+,B,B,C,Utility Player,0.62,0.0,,,0.27,1.1,,,3,-0.41,0.57,,,,,,True
fb7dc205,JL Martel,Guernsey,3,11.0,7,5.55,9.43,middle_heavy,46.8,39.1,51.1,45.7,B,B,C+,B,Utility Player,1.1,0.29,,,,1.31,,,3,-0.96,0.6,,,,,,True
d4f2a7b0,Toqeer Ahmad,Denmark,6,19.67,8,6.97,14.75,pp_heavy,46.8,46.8,43.3,45.6,B,B,B,C+,Utility Player,1.12,0.38,,,0.46,1.11,,0.25,5,-1.13,0.67,,,,,,True
3924b2ee,NR Johns-Wickberg,Serbia,16,55.5,21,6.58,15.86,middle_heavy,46.8,51.8,51.4,50.0,B,B,B,B,Utility Player,0.74,0.57,1.29,1.7,0.13,1.94,0.12,-0.07,8,-1.07,0.84,-0.24,0.24,-0.01,Conditions-Proof,0.01,False
22651574,D Nanda,Indonesia,3,9.0,5,3.67,10.8,middle_heavy,46.8,35.1,39.4,40.4,C+,B,C+,C+,Utility Player,1.07,0.0,,,,1.46,,,0,-2.24,1.0,,,,,,True
aa76333b,Sikder Billah,Bahrain,3,5.67,2,6.53,17.0,middle_heavy,46.8,50.3,21.2,39.4,C+,B,B,C,Utility Player,0.73,0.0,,,,0.84,,,2,-0.7,1.0,,,,,,True
26d80a9d,M Campopiano,Italy,3,7.17,2,6.0,21.5,middle_heavy,46.7,51.7,34.8,44.4,C+,B,B,C+,Utility Player,0.63,0.5,,,,1.03,,,0,-1.02,1.0,,,,,,True
e84ac20c,MJ Henry,New Zealand,37,131.83,53,8.62,14.92,pp_heavy,46.7,66.7,80.8,64.7,B+,B,B+,A,Strike Bowler,0.96,0.13,0.71,0.59,-0.02,1.5,0.04,,2,-0.35,0.6,0.17,-0.17,-0.15,Flat-Track Leaker,-0.22,False
4a0a532f,O Isiyaku,Nigeria,8,25.67,12,6.62,12.83,pp_heavy,46.7,45.4,50.2,47.4,B,B,B,B,Utility Player,0.68,0.42,,,0.0,1.55,,,2,-1.25,0.9,,,,,,True
1a5d690f,Gurpreet Singh,Italy,2,4.0,0,6.75,999.0,pp_heavy,46.7,38.5,9.3,31.5,C+,B,C+,D,Utility Player,0.0,0.0,,,,0.59,,,1,-1.51,1.0,,,,,,True
cc796077,Ghulam Abbas Butt,Finland,7,18.0,3,6.28,36.0,middle_heavy,46.6,43.5,25.3,38.5,C+,B,C+,C,Utility Player,0.35,0.67,,,-0.19,0.98,,,4,-0.95,0.78,,,,,,True
2d02f041,S Sugaya-Slater,Japan,10,24.83,7,8.01,21.29,pp_heavy,46.6,32.4,19.2,32.7,C+,B,C+,C,Utility Player,0.64,0.14,0.04,-0.01,0.48,0.66,0.07,0.04,8,-1.75,0.75,,,0.02,Conditions-Proof,0.01,True
84624717,D Ganesh,Costa Rica,8,30.0,10,6.33,18.0,pp_heavy,46.6,33.6,34.8,38.3,C+,B,C+,C+,Utility Player,1.0,0.3,,,,1.14,,,3,-1.51,0.82,,,,,,False
e3386c8a,K Bhurtel,Nepal,29,69.33,31,7.14,13.42,middle_heavy,46.6,65.7,62.8,58.4,B,B,B+,B+,Utility Player,0.47,0.23,0.32,1.4,0.15,1.53,0.05,-0.6,8,-0.94,0.73,-0.34,0.34,0.34,Tough-Track Enforcer,0.27,False
9caf69a1,WG Jacks,England,16,36.0,17,8.75,12.71,middle_heavy,46.6,36.9,72.6,52.0,B,B,C+,B+,Utility Player,0.66,0.18,0.21,0.26,-0.51,1.28,0.08,,1,-0.92,0.69,-0.25,0.25,0.16,Conditions-Proof,-0.4,False
1e5708ac,Zahid Hussain,Canada,2,5.5,0,5.64,999.0,middle_heavy,46.6,51.7,21.1,39.8,C+,B,B,C,Utility Player,0.0,0.0,,,,0.63,,,2,-0.84,1.0,,,,,,True
a7d6c101,Waseeq Ahmed,Bahrain,12,41.0,14,7.12,17.57,middle_heavy,46.6,54.7,37.7,46.3,B,B,B,C+,Utility Player,0.77,0.29,0.52,0.34,0.12,1.14,0.09,-0.13,7,-0.63,0.65,0.11,-0.11,-0.66,Flat-Track Leaker,-0.46,False
53419aff,J Ghadiyali,Swaziland,4,9.83,4,5.69,14.75,middle_heavy,46.6,51.0,48.3,48.6,B,B,B,B,Utility Player,0.74,0.5,,,,1.48,,,4,-1.49,1.0,,,,,,True
4175d211,SK Springer,West Indies,4,10.0,6,9.3,10.0,middle_heavy,46.5,49.9,54.3,50.2,B,B,B,B,Utility Player,1.23,0.0,,,,0.96,,,0,1.05,0.0,,,,,,True
0c95e20e,F Clarke,Isle of Man,4,13.0,4,7.38,19.5,middle_heavy,46.5,43.9,33.8,41.4,C+,B,C+,C+,Utility Player,1.08,0.0,,,,0.87,,,3,-1.27,0.71,,,,,,True
0bd536fb,P Raho,Papua New Guinea,2,3.0,3,6.67,6.0,middle_heavy,46.5,41.6,57.5,48.5,B,B,C+,B,Utility Player,0.62,0.0,,,,1.01,,,1,-1.3,1.0,,,,,,True
e2abcf16,Niv Nagavkar,Israel,8,27.0,6,7.19,27.0,pp_heavy,46.5,46.1,18.3,37.0,C+,B,B,C,Utility Player,0.58,0.33,,,-0.09,0.86,,,8,-1.12,0.93,,,,,,True
8c3cbee9,Imran Ahmed Kaneez,Costa Rica,4,11.0,5,4.91,13.2,middle_heavy,46.5,43.4,43.8,44.6,C+,B,C+,C+,Utility Player,0.91,0.6,,,,1.77,,,1,-1.74,1.0,,,,,,True
eb40ed89,VP Thamotharam,Malta,45,122.83,35,7.85,21.06,middle_heavy,46.5,54.6,20.7,40.6,C+,B,B,C,Utility Player,0.57,0.23,0.22,0.33,0.17,1.36,0.03,-0.12,10,-0.62,0.8,0.08,-0.08,0.07,Conditions-Proof,-0.13,False
47c449c5,Dayyaan Galiem,South Africa,1,4.0,2,5.25,12.0,middle_heavy,46.4,47.9,45.8,46.7,B,B,B,B,Utility Player,1.15,0.0,,,,0.82,,,0,-1.05,1.0,,,,,,True
f3e65a4b,E Ndubudem,Nigeria,7,23.0,8,5.52,17.25,middle_heavy,46.4,39.7,34.5,40.2,C+,B,C+,C+,Utility Player,0.87,0.12,,,0.0,1.2,,,1,-2.14,0.86,,,,,,True
bbd365ad,S Ogundipe,Nigeria,3,6.0,1,4.17,36.0,middle_heavy,46.3,39.4,15.2,33.6,C+,B,C+,C,Utility Player,0.37,0.0,,,,1.11,,,2,-1.66,1.0,,,,,,True
34c3f7b9,Adam Senn,Cyprus,10,35.0,6,6.4,35.0,pp_heavy,46.3,46.4,4.6,32.4,C+,B,B,D,Utility Player,0.5,0.33,0.13,-0.0,-0.13,1.07,0.11,,0,-1.01,0.93,0.58,-0.58,-0.12,Conditions-Proof,-0.12,False
a0a27cd4,J Jagroo,Bahamas,4,9.0,1,8.33,54.0,middle_heavy,46.3,47.2,9.6,34.4,C+,B,B,D,Utility Player,0.28,0.0,,,,0.73,,,4,0.15,0.5,,,,,,True
7a6decc8,Luqman Butt,Cambodia,31,86.33,21,7.55,24.67,pp_heavy,46.3,50.6,13.0,36.6,C+,B,B,D,Utility Player,0.64,0.19,0.09,0.02,-0.36,0.93,0.03,-0.0,15,-0.86,0.8,-0.22,0.22,0.12,Conditions-Proof,0.31,False
bc3fc527,SK Awiah,Ghana,15,45.17,23,6.58,11.78,middle_heavy,46.3,50.7,54.3,50.4,B,B,B,B,Utility Player,0.71,0.3,0.19,-0.09,0.01,1.54,0.1,-0.18,11,-1.6,0.95,0.39,-0.39,0.25,Tough-Track Enforcer,0.66,False
3185266a,DLS van Bunge,Netherlands,2,2.33,1,6.43,14.0,middle_heavy,46.2,52.5,35.1,44.6,C+,B,B,C+,Utility Player,0.7,0.0,,,,0.97,,,2,0.45,0.0,,,,,,True
663ad386,I Asif,Austria,5,11.33,7,7.94,9.71,middle_heavy,46.1,38.6,37.2,40.6,C+,B,C+,C+,Utility Player,0.89,0.29,,,,1.13,,,4,-1.72,0.67,,,,,,True
0b37840b,J Dickinson,Scotland,1,4.0,1,5.75,24.0,middle_heavy,46.1,37.1,23.2,35.5,C+,B,C+,C,Utility Player,1.0,0.0,,,,0.46,,,1,-0.73,1.0,,,,,,True
85d8110a,KJ Coetzer,Scotland,1,3.0,2,5.33,9.0,death_heavy,46.0,41.0,38.6,41.9,C+,B,C+,C+,Utility Player,0.9,0.0,,,,0.77,,,1,,,,,,,,True
c17dcc29,F Khaliq,Belgium,8,24.0,10,6.21,14.4,pp_heavy,46.0,51.2,47.4,48.2,B,B,B,B,Utility Player,0.75,0.2,,,0.06,1.41,,,3,-1.08,0.9,,,,,,True
7f929ebe,AN Toube,Cameroon,6,19.0,5,7.63,22.8,middle_heavy,46.0,36.9,35.0,39.3,C+,B,C+,C+,Utility Player,0.41,0.4,,,-0.5,1.08,,,6,-0.32,0.62,,,,,,True
907d6e58,Aamer Yamin,Pakistan,2,6.0,2,6.33,18.0,pp_heavy,46.0,53.5,46.8,48.8,B,B,B,B,Utility Player,1.3,1.0,,,,0.81,,,0,-0.47,0.33,,,,,,True
37137c8b,BV Vitori,Zimbabwe,11,39.67,5,8.29,47.6,pp_heavy,46.0,43.6,1.0,30.2,C+,B,C+,D,Utility Player,0.44,0.4,0.15,0.01,0.69,0.5,0.05,,2,-0.54,0.57,0.14,-0.14,0.67,Tough-Track Enforcer,0.73,False
9124aa4c,Zuhaib Zubair,United Arab Emirates,17,47.0,18,7.55,15.67,middle_heavy,46.0,48.7,46.9,47.2,B,B,B,B,Utility Player,0.62,0.28,-0.18,-0.33,0.17,1.19,0.07,0.05,6,-0.59,0.57,-0.06,0.06,-0.02,Conditions-Proof,0.08,False
622be0d9,S Gooch,Estonia,15,49.0,23,7.51,12.78,pp_heavy,46.0,33.6,54.9,44.8,C+,B,C+,B,Utility Player,0.98,0.17,0.69,1.0,-0.28,1.36,0.09,-0.12,5,-1.06,0.84,,,0.25,Tough-Track Enforcer,0.36,False
12c3ba4d,P Khadka,Nepal,22,47.0,12,6.68,23.5,middle_heavy,46.0,51.3,19.3,38.9,C+,B,B,C,Utility Player,0.45,0.25,-0.25,-0.01,-0.27,0.98,0.04,-0.01,6,-0.78,0.63,-0.7,0.7,-0.21,Conditions-Proof,0.02,False
3ed39f01,S Murari,Costa Rica,4,15.0,3,4.53,30.0,middle_heavy,45.9,42.4,21.4,36.6,C+,B,C+,C,Utility Player,1.12,0.33,,,,1.26,,,1,-1.31,1.0,,,,,,True
b85c0597,H Khogiyani,Austria,11,33.0,8,7.48,24.75,middle_heavy,45.9,47.0,8.5,33.8,C+,B,B,D,Utility Player,0.74,0.12,0.39,0.17,-0.05,0.95,0.09,,2,-0.33,0.71,,,0.05,Conditions-Proof,-0.02,False
03beb59f,Luis Hermida,Mexico,10,29.0,12,6.66,14.5,middle_heavy,45.9,25.0,43.4,38.1,C+,B,C,C+,Utility Player,0.72,0.42,-0.05,-0.15,0.23,1.18,0.12,,4,-0.76,0.54,,,-0.27,Flat-Track Leaker,,True
53d0b0dc,A Kaul,Singapore,3,5.83,4,5.31,8.75,middle_heavy,45.8,43.6,42.8,44.1,C+,B,C+,C+,Utility Player,0.56,0.5,,,,1.26,,,3,-1.8,1.0,,,,,,True
f08adc01,MG Hunter,Gibraltar,3,7.5,3,6.27,15.0,pp_heavy,45.8,44.2,42.9,44.3,C+,B,C+,C+,Utility Player,1.0,0.33,,,,0.97,,,3,-1.25,1.0,,,,,,True
06b387f1,Waseem Yaqoob,Lesotho,9,28.0,18,8.46,9.33,pp_heavy,45.8,28.8,56.1,43.6,C+,B,C,B,Utility Player,1.21,0.56,,,-0.12,1.58,,,9,-0.45,0.6,,,,,,True
098a757c,Muhammad Jawadullah,United Arab Emirates,33,121.17,54,7.91,13.46,middle_heavy,45.8,27.8,74.2,49.3,B,B,C,B+,Utility Player,0.91,0.41,0.56,0.29,0.04,1.5,0.05,0.13,8,-0.39,0.61,-0.11,0.11,-0.1,Conditions-Proof,-0.17,False
85ec8e33,SS Iyer,India,1,0.33,0,6.0,999.0,death_heavy,45.7,46.5,25.8,39.3,C+,B,B,C,Utility Player,0.0,0.0,,,,0.56,,,1,,,,,,,,True
27320242,IW Budiarta,Indonesia,3,9.0,2,6.0,27.0,middle_heavy,45.7,44.4,18.5,36.2,C+,B,C+,C,Utility Player,0.8,0.0,,,,0.9,,,1,-1.89,1.0,,,,,,True
4d0d5b7d,I Elec,Turkey,7,19.0,6,6.68,19.0,middle_heavy,45.7,42.4,32.5,40.2,C+,B,C+,C+,Utility Player,0.47,0.33,,,0.23,1.24,,,4,-0.87,0.78,,,,,,True
e068d48e,Ahmadullah Shinwari,Norway,26,79.17,25,6.99,19.0,pp_heavy,45.7,54.0,50.3,50.0,B,B,B,B,Utility Player,0.72,0.24,0.26,0.08,0.02,1.32,0.05,-0.34,12,-0.92,0.76,0.31,-0.31,0.43,Tough-Track Enforcer,0.3,False
78eb4223,KAJ Roach,West Indies,11,39.0,13,7.62,18.0,pp_heavy,45.7,14.7,38.1,32.8,C+,B,D,C+,Utility Player,0.74,0.15,0.03,-0.33,-0.51,0.51,0.05,,2,-0.75,0.85,,,-0.2,Flat-Track Leaker,-0.12,False
679af2e2,Salman Nazar,Canada,7,25.0,15,6.32,10.0,middle_heavy,45.6,48.4,63.0,52.3,B,B,B,B+,Utility Player,1.04,0.47,,,-0.89,1.57,,0.59,6,-1.39,0.79,,,,,,True
1636356e,Zuber Sunasara,Saudi Arabia,1,0.33,0,6.0,999.0,middle_heavy,45.6,46.3,15.5,35.8,C+,B,B,C,Utility Player,0.0,0.0,,,,0.7,,,1,,,,,,,,True
89ce57a8,S Fouché,Namibia,3,6.0,1,8.83,36.0,middle_heavy,45.6,45.6,7.7,33.0,C+,B,B,D,Utility Player,0.47,0.0,,,,0.58,,,2,0.24,0.5,,,,,,True
75ebfe19,Baseer Khan,Austria,2,8.0,5,4.62,9.6,middle_heavy,45.6,41.1,47.7,44.8,C+,B,C+,B,Utility Player,1.4,0.4,,,,1.37,,,0,-2.23,1.0,,,,,,True
af5b6464,N Bidaisee,West Indies,3,8.0,3,7.75,16.0,middle_heavy,45.6,48.9,34.9,43.1,C+,B,B,C+,Utility Player,0.41,0.0,,,,0.78,,,0,-0.73,0.8,,,,,,True
526a1047,MJ Tugaga,Samoa,2,7.0,1,6.29,42.0,pp_heavy,45.6,32.7,14.8,31.0,C+,B,C+,D,Utility Player,0.55,0.0,,,,0.42,,,2,-1.32,1.0,,,,,,True
249fe400,Lemar Momand,Sweden,6,13.0,1,6.08,78.0,pp_heavy,45.6,42.7,26.7,38.3,C+,B,C+,C,Utility Player,0.25,1.0,,,0.08,0.83,,,4,-1.04,1.0,,,,,,True
ac5ae4af,I Udana,Sri Lanka,32,105.17,32,8.8,19.72,middle_heavy,45.6,26.4,7.3,26.4,C,B,C,D,Utility Player,0.73,0.22,0.06,0.11,-0.13,0.7,0.02,-0.18,10,-0.43,0.65,-0.31,0.31,-0.14,Conditions-Proof,-0.11,False
43f3c050,Shahzeb Choudhry,Sweden,2,7.0,2,4.86,21.0,middle_heavy,45.5,36.6,29.1,37.1,C+,B,C+,C,Utility Player,0.57,0.0,,,,0.87,,,1,-1.53,1.0,,,,,,True
8b0b3bba,SA Mohandas,Hungary,26,87.0,28,7.87,18.64,pp_heavy,45.5,53.4,50.1,49.7,B,B,B,B,Utility Player,1.02,0.29,0.53,0.39,0.3,1.45,0.06,-0.16,6,-0.74,0.74,0.32,-0.32,-0.17,Conditions-Proof,0.03,False
67ae5a56,Aslam Mohammad,Greece,7,22.0,6,7.05,22.0,pp_heavy,45.5,40.0,24.4,36.6,C+,B,C+,C,Utility Player,0.7,0.33,,,0.56,0.87,,,4,-1.28,0.75,,,,,,True
bd77eb62,A Symonds,Australia,12,30.83,10,9.11,18.5,middle_heavy,45.5,19.7,24.2,29.8,C,B,C,C,Utility Player,0.38,0.3,-0.44,-0.31,0.18,0.58,0.05,,1,0.13,0.54,0.44,-0.44,-0.29,Flat-Track Leaker,-0.8,False
8955b928,S Dhakal,Nepal,6,20.0,3,8.1,40.0,middle_heavy,45.4,46.7,3.2,31.8,C+,B,B,D,Utility Player,0.53,0.0,,,0.7,0.59,,,3,-0.14,0.6,,,,,,True
83904270,DBL Powell,West Indies,5,17.0,2,8.29,51.0,pp_heavy,45.4,48.0,17.4,36.9,C+,B,B,C,Utility Player,0.6,0.5,,,,0.47,,,0,-0.48,0.62,,,,,,True
1ce4f664,KS Bagabena,Ghana,33,79.83,20,7.03,23.95,pp_heavy,45.3,44.9,17.3,35.8,C+,B,C+,C,Utility Player,0.44,0.4,-0.36,0.01,0.14,0.9,0.03,0.05,21,-1.01,0.76,0.26,-0.26,-0.14,Conditions-Proof,0.21,False
817c1746,Elias Sunny,Bangladesh,4,13.0,7,6.85,11.14,middle_heavy,45.3,45.9,61.2,50.8,B,B,B,B+,Utility Player,0.55,0.43,,,,1.1,,,1,-0.9,0.57,,,,,,True
9c1ccdea,J Louw,South Africa,2,7.0,2,7.71,21.0,pp_heavy,45.3,33.3,27.5,35.4,C+,B,C+,C,Utility Player,0.3,0.0,,,,0.33,,,1,-0.61,0.75,,,,,,True
dd968a7b,Naveena Shetty,Bahrain,2,2.0,0,6.0,999.0,middle_heavy,45.3,41.4,3.4,30.0,C+,B,C+,D,Utility Player,0.0,0.0,,,,0.72,,,1,,,,,,,,True
fe5175ce,Yasir Mohammad,United States of America,12,42.5,20,7.29,12.75,middle_heavy,45.3,36.1,58.6,46.7,B,B,C+,B,Utility Player,0.76,0.1,0.11,-0.04,-0.4,1.14,0.1,,1,-1.17,0.74,,,-0.46,Flat-Track Leaker,-0.3,False
e0557f7f,DE Bernard,West Indies,1,4.0,1,4.75,24.0,middle_heavy,45.2,39.3,29.7,38.1,C+,B,C+,C,Utility Player,1.2,0.0,,,,0.45,,,0,-1.86,1.0,,,,,,True
d85d52c2,M Dixit,Luxembourg,20,56.83,17,7.67,20.06,middle_heavy,45.2,41.6,25.8,37.5,C+,B,C+,C,Utility Player,0.6,0.18,0.31,0.4,0.07,1.12,0.06,-0.42,5,-0.31,0.65,-0.05,0.05,0.17,Tough-Track Enforcer,0.22,False
b67bfaae,GE Mathurin,West Indies,3,10.0,5,6.9,12.0,pp_heavy,45.1,44.5,60.8,50.1,B,B,C+,B+,Utility Player,1.42,0.6,,,,0.89,,,1,-1.48,0.75,,,,,,True
e4f13acd,A Mene-Ejegi,Serbia,11,37.67,12,7.3,18.83,pp_heavy,45.1,39.9,42.8,42.6,C+,B,C+,C+,Utility Player,0.74,0.42,0.89,1.17,0.43,1.31,0.12,-0.1,6,-1.48,0.92,-0.26,0.26,0.26,Tough-Track Enforcer,0.24,False
443d1fd8,K Fletcher,Switzerland,19,64.0,23,6.95,16.7,pp_heavy,45.1,42.7,44.1,44.0,C+,B,C+,C+,Utility Player,0.87,0.22,0.63,0.51,0.24,1.2,0.06,0.02,9,-0.61,0.62,0.32,-0.32,0.1,Conditions-Proof,-0.14,False
7be8a0ed,JW Dernbach,England,38,135.33,48,8.86,16.92,pp_heavy,45.0,29.1,31.3,35.1,C+,B,C,C+,Utility Player,0.86,0.21,0.21,0.31,0.36,0.75,0.02,-0.17,12,-0.5,0.64,0.02,-0.02,0.25,Tough-Track Enforcer,0.12,False
d6b4e3e2,KJ Patel,Seychelles,5,18.17,4,6.22,27.25,middle_heavy,45.0,47.7,23.8,38.8,C+,B,B,C,Utility Player,0.83,0.25,,,,1.03,,,5,-0.81,0.75,,,,,,True
43ae7b1c,R Agamiire,Uganda,2,6.0,1,2.5,36.0,middle_heavy,45.0,40.6,29.1,38.2,C+,B,C+,C,Utility Player,0.55,1.0,,,,1.57,,,2,-1.92,1.0,,,,,,True
0e63259d,J Campbell,Zimbabwe,1,2.0,1,3.5,12.0,death_heavy,45.0,40.7,28.9,38.2,C+,B,C+,C,Utility Player,0.5,0.0,,,,0.84,,,0,,,,,,,,True
2809b390,MV Pavlovic,Serbia,20,66.33,31,7.04,12.84,middle_heavy,44.9,48.7,55.9,49.8,B,C+,B,B,Utility Player,0.85,0.32,0.92,0.89,0.06,1.84,0.09,-0.22,10,-0.98,0.73,,,-0.13,Conditions-Proof,-0.07,False
d3868bd0,JH Davey,Scotland,26,92.83,33,8.39,16.88,pp_heavy,44.9,21.5,35.6,34.0,C+,C+,C,C+,Utility Player,0.77,0.15,0.04,0.15,-0.03,0.73,0.03,-0.02,14,-0.2,0.57,-0.06,0.06,0.17,Tough-Track Enforcer,0.11,False
a9a09cb8,S Wickramasekara,Czech Republic,19,54.83,22,7.5,14.95,middle_heavy,44.9,44.4,45.8,45.0,B,C+,C+,B,Utility Player,0.74,0.36,0.4,0.4,-0.12,1.4,0.07,0.77,5,-0.67,0.82,0.21,-0.21,-0.13,Conditions-Proof,-0.01,False
d047f983,P Sharma,Kenya,9,20.33,5,6.44,24.4,middle_heavy,44.8,41.7,13.0,33.2,C+,C+,C+,D,Utility Player,0.67,0.4,,,-0.23,0.73,,0.49,8,-1.43,1.0,,,,,,True
8ba04532,Muhammad Asim,Zambia,9,26.0,8,7.19,19.5,middle_heavy,44.8,30.3,30.3,35.1,C+,C+,C+,C+,Utility Player,0.33,0.25,,,0.0,0.95,,,2,-0.68,0.73,,,,,,True
f4ccbe6f,K Namchaikul,Thailand,10,26.83,11,5.81,14.64,middle_heavy,44.7,45.7,50.5,47.0,B,C+,B,B,Utility Player,0.69,0.55,-0.29,-0.05,-0.4,1.43,0.14,0.08,5,-1.29,0.91,-0.29,0.29,0.12,Conditions-Proof,,True
6575e3bc,Nazmul Islam,Bangladesh,9,26.5,6,7.74,26.5,middle_heavy,44.7,65.5,25.1,45.1,B,C+,B+,C,Utility Player,0.43,0.17,,,-0.64,0.89,,,2,-0.51,0.78,,,,,,True
5e67d4e0,Imran Yousaf,Saudi Arabia,6,20.0,7,6.45,17.14,middle_heavy,44.7,48.2,45.5,46.1,B,C+,B,B,Utility Player,1.02,0.57,,,-0.83,1.21,,,3,-0.95,0.67,,,,,,True
e13f8b16,AR Leo,St Helena,5,16.0,8,7.56,12.0,pp_heavy,44.7,31.8,41.7,39.4,C+,C+,C+,C+,Utility Player,0.76,0.62,,,,1.02,,,5,-0.51,0.6,,,,,,True
940255af,A Mongar,Bhutan,7,14.33,7,5.86,12.29,middle_heavy,44.7,36.8,41.8,41.1,C+,C+,C+,C+,Utility Player,0.53,0.29,,,0.24,1.14,,,4,-2.09,1.0,,,,,,True
6978bff0,Sajad Ahmadzai,Belgium,11,32.0,10,7.81,19.2,pp_heavy,44.7,41.9,25.1,37.2,C+,C+,C+,C,Utility Player,0.62,0.4,0.33,0.43,0.01,0.86,0.08,0.09,8,-0.43,0.71,,,0.32,Tough-Track Enforcer,0.24,False
9d6cba1d,TJ Ramphoma,Lesotho,1,0.67,1,0.0,4.0,middle_heavy,44.6,41.0,43.3,43.0,C+,C+,C+,C+,Utility Player,0.4,1.0,,,,1.92,,,1,,,,,,,,True
0d51e658,CD Barnwell,West Indies,4,6.0,1,8.5,36.0,middle_heavy,44.6,42.5,18.0,35.0,C+,C+,C+,C,Utility Player,0.25,1.0,,,,0.47,,,1,-1.15,1.0,,,,,,True
9633359f,JS Malhotra,United States of America,2,3.0,0,4.33,999.0,middle_heavy,44.6,44.8,16.1,35.2,C+,C+,C+,C,Utility Player,0.0,0.0,,,,0.89,,,2,-1.55,1.0,,,,,,True
507dd87f,Gaurav Mishra,Romania,12,33.0,6,7.39,33.0,pp_heavy,44.6,47.3,17.9,36.6,C+,C+,B,C,Utility Player,0.62,0.17,0.45,0.24,-0.09,1.0,0.08,,3,-1.21,0.94,,,0.07,Conditions-Proof,-0.07,False
9d0344f3,Akif Raja,United Arab Emirates,19,56.0,19,7.86,17.68,pp_heavy,44.5,30.3,45.2,40.0,C+,C+,C+,B,Utility Player,0.72,0.47,-0.19,0.2,-0.26,0.85,0.04,,0,-0.59,0.78,0.28,-0.28,-0.37,Flat-Track Leaker,-0.39,False
f27f89e8,AR White,Ireland,1,4.0,2,4.5,12.0,middle_heavy,44.5,38.4,34.6,39.2,C+,C+,C+,C+,Utility Player,1.15,0.0,,,,0.79,,,1,-1.66,1.0,,,,,,True
dbfb8218,DT Tiripano,Zimbabwe,16,48.5,13,8.04,22.38,pp_heavy,44.5,39.1,5.2,29.6,C,C+,C+,D,Utility Player,0.51,0.23,0.19,0.65,-0.1,0.5,0.03,0.05,7,-0.52,0.67,-0.38,0.38,-0.16,Flat-Track Leaker,-0.19,False
c9c2a7e8,FC Muniz,Brazil,3,10.0,2,5.6,30.0,middle_heavy,44.5,44.2,27.3,38.7,C+,C+,C+,C,Utility Player,0.97,0.5,,,,0.99,,,1,-0.84,0.75,,,,,,True
8a00eec1,AN Hyobeom,South Korea,6,11.0,4,7.91,16.5,middle_heavy,44.5,39.9,21.8,35.4,C+,C+,C+,C,Utility Player,0.43,0.0,,,-0.64,0.89,,,6,-0.65,0.8,,,,,,True
02888f23,A Donovan,Philippines,11,21.0,3,7.1,42.0,middle_heavy,44.4,43.3,2.1,29.9,C,C+,C+,D,Utility Player,0.24,0.33,-0.2,-0.21,0.45,0.82,0.07,,2,-0.94,0.75,,,0.33,Tough-Track Enforcer,0.38,True
42a01b52,Ilyas Ahmed,Kuwait,16,50.0,17,7.86,17.65,pp_heavy,44.4,47.6,49.6,47.2,B,C+,B,B,Utility Player,0.8,0.35,0.09,0.22,-0.39,1.07,0.07,-0.18,10,-0.49,0.67,0.25,-0.25,-0.4,Flat-Track Leaker,-0.24,False
11174f6d,S Gasteratos,Greece,3,8.83,7,6.23,7.57,pp_heavy,44.4,43.9,49.0,45.8,B,C+,C+,B,Utility Player,1.22,0.43,,,,1.87,,,0,-0.88,0.67,,,,,,True
26ff4c29,RJ Peterson,South Africa,19,59.83,26,7.59,13.81,middle_heavy,44.4,67.2,73.1,61.6,B+,C+,B+,B+,Utility Player,0.95,0.23,0.55,0.15,0.09,1.46,0.08,,3,-0.78,0.77,0.11,-0.11,-0.07,Conditions-Proof,-0.09,False
336a85f6,Abdullah Sheikh,Norway,4,12.0,2,6.58,36.0,middle_heavy,44.4,38.7,8.2,30.4,C+,C+,C+,D,Utility Player,0.65,0.0,,,,0.58,,,3,-1.4,0.83,,,,,,True
6ec13131,Shah Abrar Hussain,Cambodia,23,73.17,22,7.71,19.95,middle_heavy,44.4,50.3,32.6,42.4,C+,C+,B,C+,Utility Player,0.64,0.18,0.27,0.09,-0.01,1.25,0.05,-0.38,11,-0.79,0.74,0.06,-0.06,0.01,Conditions-Proof,-0.02,False
571f11e4,Tanveer Ahmed,Hong Kong,4,9.5,2,9.47,28.5,middle_heavy,44.4,28.8,33.5,35.6,C+,C+,C,C+,Utility Player,0.14,1.0,,,,0.58,,,1,0.84,0.25,,,,,,True
027662be,J Evans,Israel,8,31.0,17,7.1,10.94,middle_heavy,44.3,45.4,56.1,48.6,B,C+,B,B,Utility Player,1.14,0.47,,,-0.15,1.61,,,8,-0.6,0.73,,,,,,False
7fc8bb18,M Faheem,Thailand,7,20.0,9,7.05,13.33,pp_heavy,44.3,47.2,54.9,48.8,B,C+,B,B,Utility Player,0.99,0.33,,,0.3,1.21,,-0.32,5,-1.29,0.78,,,,,,True
b858be20,AV Lalcheta,Oman,11,38.0,6,6.92,38.0,pp_heavy,44.3,51.4,18.4,38.0,C+,C+,B,C,Utility Player,0.76,0.67,0.32,0.52,-0.11,0.67,0.06,,3,-0.88,0.81,,,-0.24,Flat-Track Leaker,-0.11,False
465aa633,N Burger,South Africa,8,29.0,6,8.66,29.0,pp_heavy,44.3,29.1,4.6,26.0,C,C+,C,D,Utility Player,0.73,0.17,,,0.04,0.36,,,2,-0.61,0.77,,,,,,True
8f5313ce,WJ Malinda,Maldives,4,9.0,1,7.33,54.0,middle_heavy,44.3,48.0,6.4,32.9,C+,C+,B,D,Utility Player,0.38,0.0,,,,0.7,,,3,-0.95,1.0,,,,,,True
509a7ca1,MD Gunathilaka,Sri Lanka,12,20.5,6,7.66,20.5,middle_heavy,44.3,54.1,22.4,40.3,C+,C+,B,C,Utility Player,0.5,0.33,0.04,0.52,-0.12,0.8,0.07,,3,-0.99,1.0,,,0.37,Tough-Track Enforcer,0.3,True
f97e4db3,D Dewald,Belgium,8,29.0,9,6.62,19.33,middle_heavy,44.2,50.2,34.9,43.1,C+,C+,B,C+,Utility Player,0.99,0.11,,,0.01,1.26,,,4,-1.03,0.93,,,,,,True
ec4dada1,MN Waller,Zimbabwe,3,5.0,0,8.4,999.0,middle_heavy,44.2,51.4,7.5,34.4,C+,C+,B,D,Utility Player,0.0,0.0,,,,0.52,,,0,1.04,0.0,,,,,,True
5f5efae1,N Tanner,Philippines,16,42.67,20,7.71,12.8,middle_heavy,44.2,35.5,50.2,43.3,C+,C+,C+,B,Utility Player,0.65,0.1,-0.01,-0.43,0.78,1.34,0.08,,4,-0.99,0.67,0.56,-0.56,0.43,Tough-Track Enforcer,0.36,False
1c4161b3,Bilal Safdar,Norway,3,11.0,3,5.73,22.0,middle_heavy,44.2,49.1,32.8,42.0,C+,C+,B,C+,Utility Player,0.4,0.0,,,,1.01,,,2,-0.87,1.0,,,,,,True
7dfb8890,S Muthusamy,South Africa,5,18.0,5,7.11,21.6,middle_heavy,44.2,62.8,38.5,48.5,B,C+,B+,C+,Utility Player,0.94,0.2,,,,0.9,,,1,-0.87,0.9,,,,,,True
c8065f31,SC Getkate,Ireland,17,44.0,15,8.05,17.6,middle_heavy,44.2,49.7,46.0,46.6,B,C+,B,B,Utility Player,0.71,0.33,0.14,0.15,-0.08,1.06,0.06,,2,-0.95,0.71,-0.44,0.44,0.16,Tough-Track Enforcer,0.17,False
e412cb64,HF Gurney,England,2,8.0,4,7.0,12.0,pp_heavy,44.2,51.0,49.1,48.1,B,C+,B,B,Utility Player,1.18,0.5,,,,0.79,,,0,0.14,0.33,,,,,,True
2e966563,RM Hira,New Zealand,13,42.33,10,8.01,25.4,middle_heavy,44.2,62.9,19.5,42.2,C+,C+,B+,C,Utility Player,0.9,0.3,0.66,0.29,0.15,0.87,0.07,,1,-0.37,0.56,,,-0.4,Flat-Track Leaker,-0.16,False
b975210d,DAM Louis,Qatar,12,38.0,19,7.74,12.0,middle_heavy,44.1,48.8,60.9,51.3,B,C+,B,B+,Utility Player,0.87,0.37,0.6,0.16,0.24,1.35,0.11,-0.36,6,-0.63,0.71,-0.12,0.12,-0.13,Conditions-Proof,-0.03,False
52f08be8,JM Muirhead,Australia,5,15.0,6,7.4,15.0,middle_heavy,44.1,48.4,41.5,44.7,C+,C+,B,C+,Utility Player,0.99,0.33,,,,0.76,,,0,-0.66,0.83,,,,,,True
72253b87,Kaleemullah,Oman,39,121.83,36,7.34,20.31,pp_heavy,44.1,59.4,53.8,52.4,B,C+,B,B,Utility Player,0.72,0.25,0.28,0.36,-0.12,1.18,0.03,-0.12,18,-0.84,0.77,0.03,-0.03,-0.27,Flat-Track Leaker,-0.12,False
8ea6e670,NM Hauritz,Australia,2,7.33,2,6.55,22.0,middle_heavy,44.1,47.9,31.5,41.2,C+,C+,B,C+,Utility Player,1.2,0.0,,,,0.59,,,1,-1.6,1.0,,,,,,True
0f6ffe16,Mokbul Ahammed,Qatar,2,4.0,0,6.25,999.0,middle_heavy,44.0,39.1,11.8,31.6,C+,C+,C+,D,Utility Player,0.0,0.0,,,,0.51,,,1,-0.48,0.5,,,,,,True
f68bac56,B Lewis,Belize,5,13.0,6,5.77,13.0,middle_heavy,44.0,35.3,47.0,42.1,C+,C+,C+,B,Utility Player,0.77,0.17,,,,1.15,,,5,-0.84,0.75,,,,,,True
2af0e3b1,GA Priandana,Indonesia,31,64.17,29,7.29,13.28,middle_heavy,44.0,49.9,58.1,50.7,B,C+,B,B,Utility Player,0.71,0.24,-0.01,-0.13,0.34,1.65,0.05,-0.44,10,-1.18,0.81,0.09,-0.09,0.08,Conditions-Proof,0.16,False
8b6aebf7,SF Nhavotso,Mozambique,3,5.33,1,7.88,32.0,middle_heavy,44.0,40.2,20.0,34.7,C+,C+,C+,C,Utility Player,0.4,1.0,,,,0.85,,,3,-0.8,0.5,,,,,,True
9a8f01b7,W Behr,Germany,6,18.0,9,6.0,12.0,pp_heavy,43.9,50.7,51.4,48.7,B,C+,B,B,Utility Player,0.71,0.0,,,0.28,1.22,,,1,-2.1,1.0,,,,,,True
67ec2b09,Umair Tariq,Austria,33,83.17,47,7.91,10.62,middle_heavy,43.8,42.3,64.4,50.2,B,C+,C+,B+,Utility Player,0.88,0.21,-0.12,0.29,0.16,1.99,0.06,-0.6,8,-1.41,0.81,0.16,-0.16,-0.01,Conditions-Proof,-0.26,False
5efa8af3,M Syahadat Ramli,Malaysia,10,21.83,15,6.23,8.73,middle_heavy,43.7,57.6,63.7,55.0,B,C+,B,B+,Utility Player,0.62,0.2,-0.02,0.17,-0.24,1.75,0.17,-0.83,6,-1.38,0.88,,,0.02,Conditions-Proof,0.07,True
28b99edd,Delawar Khan,Denmark,21,55.17,19,7.58,17.42,middle_heavy,43.7,28.3,30.3,34.1,C+,C+,C,C+,Utility Player,0.71,0.21,-0.11,-0.22,0.39,0.96,0.05,-0.24,16,-0.69,0.78,-0.24,0.24,-0.09,Conditions-Proof,-0.01,False
7a80ddf2,D Bishoo,West Indies,7,20.17,8,6.79,15.12,middle_heavy,43.7,64.0,55.6,54.4,B,C+,B+,B,Utility Player,0.66,0.38,,,,1.11,,,3,-0.93,0.88,,,,,,True
a0a32dd1,Imran Khan,Portugal,2,6.0,1,4.5,36.0,middle_heavy,43.6,37.9,22.5,34.7,C+,C+,C+,C,Utility Player,0.25,1.0,,,,1.07,,,0,-2.21,1.0,,,,,,True
71b1e668,Assad Mehmood,Portugal,2,7.0,1,4.14,42.0,middle_heavy,43.6,40.8,17.8,34.1,C+,C+,C+,C,Utility Player,0.6,0.0,,,,1.01,,,0,-1.59,1.0,,,,,,True
c0fca5eb,O Gholami,Sweden,4,13.0,3,6.38,26.0,middle_heavy,43.6,41.8,20.4,35.3,C+,C+,C+,C,Utility Player,0.66,0.0,,,,0.82,,,1,-0.98,0.86,,,,,,True
a120e81b,Mohammed Qasim,Malta,3,11.0,7,5.64,9.43,middle_heavy,43.5,42.6,49.7,45.3,B,C+,C+,B,Utility Player,1.19,0.0,,,,1.4,,,1,-1.28,0.8,,,,,,True
e1370b54,WJR Robertson,Jersey,1,3.0,1,2.0,18.0,pp_heavy,43.5,46.1,35.0,41.5,C+,C+,B,C+,Utility Player,1.5,0.0,,,,1.08,,,1,-2.11,1.0,,,,,,True
27847fec,M Turner,Turks and Caicos Island,3,9.0,2,4.0,27.0,pp_heavy,43.5,45.5,30.5,39.8,C+,C+,B,C+,Utility Player,1.0,0.5,,,,1.38,,,2,-2.18,1.0,,,,,,True
6b0c3a20,AJ Hall,South Africa,2,8.0,3,7.62,16.0,middle_heavy,43.4,49.8,50.5,47.9,B,C+,B,B,Utility Player,0.62,0.67,,,,0.83,,,0,-0.74,0.67,,,,,,True
d027ba9f,KS Williamson,New Zealand,12,19.67,6,8.34,19.67,middle_heavy,43.4,51.5,20.8,38.6,C+,C+,B,C,Utility Player,0.52,0.33,-0.17,-0.73,0.64,0.77,0.06,,0,0.24,0.62,,,-0.0,Conditions-Proof,,True
fd2b8c06,A Reyes,Gibraltar,19,42.5,20,8.33,12.75,middle_heavy,43.4,49.0,53.4,48.6,B,C+,B,B,Utility Player,0.69,0.45,0.52,0.23,0.19,1.75,0.09,,3,-1.08,0.78,0.23,-0.23,0.02,Conditions-Proof,0.08,False
a46de6e0,Hassan Khan Mohammad,Hong Kong,5,15.0,4,8.27,22.5,pp_heavy,43.4,38.5,25.3,35.7,C+,C+,C+,C,Utility Player,0.76,0.25,,,,0.57,,,1,-0.13,0.57,,,,,,True
f62772e5,P Negi,India,1,3.0,2,5.33,9.0,middle_heavy,43.4,35.0,39.1,39.2,C+,C+,C+,C+,Utility Player,0.9,0.0,,,,0.61,,,0,0.7,0.0,,,,,,True
4e1c9f6e,Sandeep Goud,Oman,8,14.0,4,8.0,21.0,middle_heavy,43.3,54.5,18.0,38.6,C+,C+,B,C,Utility Player,0.49,0.25,,,0.0,0.79,,,2,-0.34,0.75,,,,,,True
fcbf5a30,D Gough,England,2,6.83,4,7.46,10.25,pp_heavy,43.3,42.8,57.7,47.9,B,C+,C+,B,Utility Player,1.43,0.0,,,,0.82,,,0,-1.12,1.0,,,,,,True
1d6e8f52,T Taylor,Cayman Islands,18,55.17,22,7.32,15.05,pp_heavy,43.3,10.4,54.0,35.9,C+,C+,D,B,Utility Player,0.81,0.36,0.08,0.17,-0.27,0.89,0.05,-0.92,17,-1.21,0.75,0.19,-0.19,-0.38,Flat-Track Leaker,-0.18,False
06adaa46,D Siva Kumar,United States of America,1,2.0,0,5.5,999.0,pp_heavy,43.3,47.2,17.5,36.0,C+,C+,B,C,Utility Player,0.0,0.0,,,,0.53,,,1,0.12,0.0,,,,,,True
138e30ab,Yair Nagavkar,Israel,7,25.67,8,6.43,19.25,middle_heavy,43.3,47.9,33.6,41.6,C+,C+,B,C+,Utility Player,0.74,0.12,,,0.72,1.1,,,7,-1.19,1.0,,,,,,True
492c17f0,JWN Moses,Botswana,2,8.0,0,5.88,999.0,pp_heavy,43.3,42.4,11.3,32.3,C+,C+,C+,D,Utility Player,0.0,0.0,,,,0.55,,,2,-0.98,1.0,,,,,,True
266473e2,Amoluk Singh,Ghana,10,21.0,7,6.48,18.0,pp_heavy,43.2,51.9,39.0,44.7,C+,C+,B,C+,Utility Player,0.52,0.57,0.31,0.4,-0.26,1.31,0.13,,4,-0.83,0.88,,,0.73,Tough-Track Enforcer,0.75,True
5299063a,CK Jasmat,Samoa,20,65.67,16,7.01,24.62,pp_heavy,43.2,34.0,6.2,27.8,C,C+,C+,D,Utility Player,0.79,0.12,0.36,0.65,-0.07,0.58,0.03,0.02,18,-1.13,0.96,0.05,-0.05,0.25,Tough-Track Enforcer,0.24,False
2c01f21a,HC Overdijk,Netherlands,1,2.0,1,5.5,12.0,pp_heavy,43.2,44.2,37.7,41.7,C+,C+,C+,C+,Utility Player,1.5,0.0,,,,0.67,,,0,-0.66,1.0,,,,,,True
91056862,SA Jumbe,Tanzania,57,164.83,63,8.01,15.7,pp_heavy,43.2,35.4,52.4,43.7,C+,C+,C+,B,Utility Player,0.71,0.41,-0.05,-0.1,0.09,1.14,0.02,-0.38,31,-0.77,0.72,0.07,-0.07,0.34,Tough-Track Enforcer,0.23,False
54279e23,Alok Kapali,Bangladesh,2,5.0,2,7.0,15.0,middle_heavy,43.2,37.1,34.6,38.3,C+,C+,C+,C+,Utility Player,0.5,0.0,,,,0.48,,,1,0.23,0.5,,,,,,True
62318525,P Thongsa,Thailand,14,27.5,13,6.87,12.69,middle_heavy,43.1,50.9,55.7,49.9,B,C+,B,B,Utility Player,0.54,0.54,-0.14,-0.33,0.18,1.46,0.1,,3,-0.87,0.64,-0.4,0.4,-0.24,Flat-Track Leaker,,True
ab89348d,MF Maharoof,Sri Lanka,7,23.0,5,7.87,27.6,middle_heavy,43.1,20.3,25.7,29.7,C,C+,C,C,Utility Player,0.7,0.6,,,,0.45,,,2,-0.44,0.92,,,,,,True
ab591e7d,E Isaneez,Uganda,3,9.33,3,5.68,18.67,pp_heavy,43.1,47.9,38.3,43.1,C+,C+,B,C+,Utility Player,1.0,0.33,,,,0.96,,,3,-0.86,0.83,,,,,,True
97b9cb64,A Conteh,Gambia,5,18.0,8,6.33,13.5,middle_heavy,43.1,38.0,43.9,41.7,C+,C+,C+,C+,Utility Player,1.02,0.5,,,,1.37,,,5,-1.16,0.62,,,,,,True
a02b9f81,SM Tupou,Fiji,5,19.0,10,6.47,11.4,middle_heavy,43.1,43.6,45.6,44.1,C+,C+,C+,B,Utility Player,1.04,0.2,,,,1.36,,,5,-0.93,1.0,,,,,,True
54403333,N Salekar,Thailand,12,38.0,11,7.16,20.73,pp_heavy,43.1,50.1,33.3,42.2,C+,C+,B,C+,Utility Player,0.82,0.09,0.45,0.3,0.17,0.91,0.08,0.37,8,-1.46,0.85,0.34,-0.34,-0.05,Conditions-Proof,-0.03,False
7f148ce7,AM McCarthy,West Indies,1,2.0,0,6.0,999.0,middle_heavy,43.0,46.1,24.9,38.0,C+,C+,B,C,Utility Player,0.0,0.0,,,,0.45,,,0,-0.18,1.0,,,,,,True
4d83491d,Aftab Kayani,Romania,6,15.0,9,6.73,10.0,middle_heavy,43.0,36.9,48.8,42.9,C+,C+,C+,B,Utility Player,0.93,0.56,,,,1.62,,,0,-1.26,0.6,,,,,,True
b3ba0c35,Kamal Raiz,Cyprus,3,10.0,4,5.0,15.0,pp_heavy,43.0,43.9,42.3,43.1,C+,C+,C+,C+,Utility Player,1.45,0.5,,,,1.42,,,0,-1.35,0.8,,,,,,True
074acfb4,Asif Khan,United Arab Emirates,1,1.0,0,3.0,999.0,death_heavy,43.0,38.0,19.5,33.5,C+,C+,C+,C,Utility Player,0.0,0.0,,,,0.68,,,0,,,,,,,,True
72ef2c6b,V Jatinder Kumar,Germany,6,23.0,6,6.87,23.0,middle_heavy,43.0,51.5,32.9,42.5,C+,C+,B,C+,Utility Player,0.75,0.17,,,0.0,1.06,,,0,-1.07,0.91,,,,,,True
80ad39ac,Hasan Mahmud,Bangladesh,25,86.0,29,7.99,17.79,middle_heavy,43.0,37.0,55.4,45.1,B,C+,C+,B,Utility Player,0.77,0.24,0.4,0.37,-0.24,1.08,0.04,-0.44,6,-0.51,0.69,-0.07,0.07,0.06,Conditions-Proof,0.06,False
ab54f9e7,J Jarvis,Scotland,8,22.67,12,8.56,11.33,middle_heavy,43.0,7.9,53.9,34.9,C+,C+,D,B,Utility Player,1.09,0.25,,,-0.39,0.72,,,3,-0.77,0.7,,,,,,True
b7824537,B Niaz,Belgium,13,34.0,19,6.53,10.74,middle_heavy,43.0,54.2,58.5,51.9,B,C+,B,B,Utility Player,0.94,0.26,0.98,0.7,0.26,1.8,0.14,-0.47,5,-1.48,0.91,,,0.03,Conditions-Proof,-0.04,False
a4696d64,Jakob Gul,Bulgaria,11,43.0,19,7.49,13.58,middle_heavy,42.9,48.8,48.9,46.9,B,C+,B,B,Utility Player,1.06,0.11,1.25,1.21,0.36,1.7,0.15,,3,-1.25,0.81,0.06,-0.06,0.4,Tough-Track Enforcer,0.29,False
fbc5c0c6,RDM Leverock,Bermuda,1,4.0,0,5.5,999.0,middle_heavy,42.9,38.0,20.5,33.8,C+,C+,C+,C,Utility Player,0.0,0.0,,,,0.4,,,1,-0.7,1.0,,,,,,True
e5ecb1ef,V Ravindran,Hungary,2,6.67,4,3.15,10.0,middle_heavy,42.9,42.1,34.7,39.9,C+,C+,C+,C+,Utility Player,0.4,0.25,,,,1.39,,,0,-1.49,1.0,,,,,,True
61da7440,D Mullen,Guernsey,6,20.5,7,7.51,17.57,pp_heavy,42.8,42.1,21.7,35.5,C+,C+,C+,C,Utility Player,1.03,0.0,,,-0.54,0.69,,,3,-0.96,0.67,,,,,,True
88228580,MMR Obili,Estonia,8,24.0,5,7.42,28.8,pp_heavy,42.8,39.0,13.4,31.7,C+,C+,C+,D,Utility Player,0.67,0.2,,,0.21,0.69,,0.22,7,-0.63,0.77,,,,,,True
2cec2a92,Abbas Afridi,Pakistan,23,69.5,40,8.66,10.42,middle_heavy,42.8,53.9,80.4,59.0,B,C+,B,A,Strike Bowler,1.05,0.25,0.79,0.58,0.07,1.7,0.07,-0.37,7,-0.84,0.67,0.38,-0.38,0.21,Tough-Track Enforcer,0.06,False
ecd51f8e,T Parima,Cook Islands,2,2.33,0,12.0,999.0,pp_heavy,42.8,37.8,10.1,30.2,C+,C+,C+,D,Utility Player,0.0,0.0,,,,0.76,,,2,-0.51,1.0,,,,,,True
3086f7a4,Mohammad Nawaz (3),Pakistan,24,77.0,21,7.08,22.0,middle_heavy,42.8,71.4,64.6,59.6,B,C+,B+,B+,Utility Player,0.86,0.34,0.47,,-0.03,1.48,0.06,,2,-0.77,0.77,0.01,-0.01,0.45,Tough-Track Enforcer,0.39,False
e85bb4b3,Fanyan Mughal,Malta,24,76.67,24,7.64,19.17,pp_heavy,42.7,42.5,39.6,41.6,C+,C+,C+,C+,Utility Player,0.8,0.21,0.43,0.69,0.12,1.09,0.05,,2,-0.93,0.8,0.2,-0.2,0.19,Tough-Track Enforcer,0.19,False
88fccd6c,SM Pollock,South Africa,10,36.5,15,7.84,14.6,pp_heavy,42.7,56.1,67.7,55.5,B,C+,B,B+,Utility Player,1.02,0.07,0.55,0.06,-0.01,1.1,0.11,,2,-0.99,0.8,,,0.06,Conditions-Proof,-0.05,False
4040951f,S Crowie,St Helena,6,17.5,7,5.54,15.0,middle_heavy,42.7,43.5,47.8,44.7,C+,C+,C+,B,Utility Player,1.07,0.71,,,0.84,1.4,,,6,-0.57,0.71,,,,,,True
5597338d,S Ravikumar,Costa Rica,7,18.0,7,6.5,15.43,middle_heavy,42.7,30.1,34.7,35.8,C+,C+,C+,C+,Utility Player,0.68,0.43,,,,1.09,,,2,-0.87,0.75,,,,,,True
76b19864,Murid Ekrami,Belgium,17,56.83,18,7.13,18.94,middle_heavy,42.7,46.8,51.9,47.1,B,C+,B,B,Utility Player,0.9,0.22,0.31,0.21,-0.17,1.43,0.08,-0.38,9,-0.84,0.85,,,0.18,Tough-Track Enforcer,0.2,False
c5445834,S Stanikzay,France,9,32.0,6,7.0,32.0,middle_heavy,42.7,45.5,18.2,35.5,C+,C+,B,C,Utility Player,0.68,0.5,,,0.23,0.93,,-0.31,6,-0.83,0.93,,,,,,False
b1ad996b,MP Yadav,India,3,12.0,4,7.25,18.0,middle_heavy,42.6,41.3,33.8,39.2,C+,C+,C+,C+,Utility Player,1.05,0.0,,,,0.58,,,0,-0.93,0.83,,,,,,True
4043e3b0,SPS Shikongo,Namibia,6,12.0,4,6.5,18.0,pp_heavy,42.6,47.9,32.1,40.9,C+,C+,B,C+,Utility Player,0.82,0.25,,,-0.59,0.71,,,4,-1.15,1.0,,,,,,True
5493ad5c,Tanzeel Sheikh,Kenya,2,4.0,0,5.25,999.0,pp_heavy,42.6,33.5,10.0,28.7,C,C+,C+,D,Utility Player,0.0,0.0,,,,0.69,,,2,-0.87,1.0,,,,,,True
7eb7b47b,P Cabebula,Fiji,5,16.5,7,7.03,14.14,pp_heavy,42.6,37.3,37.6,39.2,C+,C+,C+,C+,Utility Player,0.65,0.29,,,,1.0,,,5,-0.62,0.75,,,,,,True
aac584a8,S Hunter,Turks and Caicos Island,3,7.0,0,5.71,999.0,middle_heavy,42.6,39.6,7.8,30.0,C+,C+,C+,D,Utility Player,0.0,0.0,,,,0.92,,,2,-0.73,1.0,,,,,,True
90830f8d,Alam Nakash,South Korea,9,21.17,6,6.94,21.17,middle_heavy,42.6,43.1,21.8,35.8,C+,C+,C+,C,Utility Player,0.59,0.17,,,0.08,0.93,,,9,-1.31,0.67,,,,,,True
74be2916,D Doyle-Calle,Spain,3,3.0,2,6.67,9.0,death_heavy,42.6,26.0,33.6,34.1,C+,C+,C,C+,Utility Player,0.25,0.0,,,,1.13,,,0,,,,,,,,True
123e663a,S Dhaniram,Canada,2,6.0,1,5.33,36.0,middle_heavy,42.5,52.7,25.6,40.3,C+,C+,B,C,Utility Player,0.75,1.0,,,,0.74,,,2,-0.88,1.0,,,,,,True
5772882c,Amal Jacob,Hungary,10,31.0,7,7.97,26.57,middle_heavy,42.5,43.0,12.4,32.6,C+,C+,C+,D,Utility Player,0.64,0.14,0.42,0.05,0.45,0.84,0.08,,4,-0.49,0.53,,,0.3,Tough-Track Enforcer,0.08,False
ddc7e056,P Buccimazza,Portugal,3,11.0,3,5.82,22.0,middle_heavy,42.5,44.4,36.8,41.2,C+,C+,C+,C+,Utility Player,0.87,0.67,,,,0.95,,,1,-1.23,0.75,,,,,,True
79e754db,P Arrighi,Argentina,3,12.0,4,7.33,18.0,pp_heavy,42.4,36.7,35.1,38.1,C+,C+,C+,C+,Utility Player,1.28,0.25,,,,0.74,,,2,-1.16,0.86,,,,,,True
87609cbb,Naveed Ahmed,Czech Republic,26,82.0,25,7.41,19.68,middle_heavy,42.4,44.0,28.9,38.4,C+,C+,C+,C,Utility Player,0.77,0.2,0.23,0.23,0.13,1.19,0.05,-0.21,8,-0.77,0.69,-0.39,0.39,0.11,Conditions-Proof,0.16,False
f8035c2a,BDH Stevens,Jersey,9,23.33,10,6.9,14.0,middle_heavy,42.4,48.8,49.3,46.8,B,C+,B,B,Utility Player,0.64,0.3,,,-0.35,1.05,,,9,-0.73,0.71,,,,,,True
30c917bf,AV Lazarus,Thailand,7,11.17,3,6.81,22.33,death_heavy,42.3,41.0,10.6,31.3,C+,C+,C+,D,Utility Player,0.29,0.0,,,-0.09,1.04,,,3,-0.52,0.67,,,,,,True
c4ff0618,H Patel,Canada,4,9.83,2,7.93,29.5,middle_heavy,42.3,41.6,27.9,37.3,C+,C+,C+,C,Utility Player,0.32,1.0,,,,0.73,,,3,-0.51,0.6,,,,,,True
5d9ebb3c,Z Abbasi,Botswana,2,4.0,1,4.0,24.0,middle_heavy,42.3,36.9,12.9,30.7,C+,C+,C+,D,Utility Player,0.15,0.0,,,,0.6,,,0,-3.1,1.0,,,,,,True
4fc516bd,HMCM Bandara,Sri Lanka,4,14.0,4,6.93,21.0,middle_heavy,42.3,53.4,43.2,46.3,B,C+,B,C+,Utility Player,0.62,0.5,,,,0.79,,,1,-1.28,1.0,,,,,,True
0e56c514,HJ Manenti,Italy,21,67.5,39,6.9,10.38,pp_heavy,42.3,37.6,57.9,45.9,B,C+,C+,B,Utility Player,0.82,0.31,0.28,0.44,-0.22,1.1,0.05,0.78,18,-1.2,0.82,-0.14,0.14,0.09,Conditions-Proof,0.03,False
58fba7cb,M Grzinic,Croatia,2,6.0,4,3.0,9.0,pp_heavy,42.2,45.0,47.7,45.0,B,C+,B,B,Utility Player,1.18,0.5,,,,1.58,,,2,-2.48,1.0,,,,,,True
1f8b4fec,T Vanuarua,Cook Islands,5,17.0,5,6.94,20.4,pp_heavy,42.2,42.2,36.7,40.4,C+,C+,C+,C+,Utility Player,1.17,0.2,,,,1.05,,,5,-1.83,1.0,,,,,,True
bb34fd31,Shoriful Islam,Bangladesh,52,175.67,63,8.35,16.73,pp_heavy,42.2,56.7,58.4,52.4,B,C+,B,B,Utility Player,0.91,0.21,0.45,0.78,-0.04,1.13,0.02,0.07,15,-0.74,0.73,-0.3,0.3,-0.1,Conditions-Proof,-0.14,False
7839bf3a,HS Baidwan,Canada,7,21.0,7,7.71,18.0,middle_heavy,42.2,40.9,43.1,42.1,C+,C+,C+,C+,Utility Player,0.71,0.43,,,0.22,0.85,,,7,-0.83,0.78,,,,,,True
3b572f28,Sikander Zulfiqar,Netherlands,5,7.0,2,8.0,21.0,middle_heavy,42.2,54.1,34.7,43.7,C+,C+,B,C+,Utility Player,0.46,0.5,,,,0.84,,,1,-0.82,1.0,,,,,,True
59bff8c7,JV Chand,Zambia,10,31.0,11,6.71,16.91,middle_heavy,42.2,42.9,37.9,41.0,C+,C+,C+,C+,Utility Player,1.09,0.36,0.29,-0.13,0.0,1.15,0.11,,3,-0.86,0.91,,,0.38,Conditions-Proof,-0.0,False
fef40097,W Miyauchi,Japan,1,1.0,0,3.0,999.0,middle_heavy,42.2,36.9,18.5,32.5,C+,C+,C+,C,Utility Player,0.0,0.0,,,,0.74,,,1,,,,,,,,True
d516a95f,NSK Mehta,Belgium,8,31.0,9,6.61,20.67,middle_heavy,42.2,35.8,38.5,38.8,C+,C+,C+,C+,Utility Player,1.0,0.56,,,-0.67,1.15,,,2,-1.05,0.77,,,,,,False
37654b75,Nasum Ahmed,Bangladesh,39,127.83,38,7.66,20.18,middle_heavy,42.2,42.9,60.0,48.4,B,C+,C+,B+,Utility Player,0.8,0.29,0.31,0.7,-0.12,1.22,0.03,0.08,10,-0.62,0.61,0.14,-0.14,-0.18,Flat-Track Leaker,-0.17,False
c8ea9add,S Simpson,Jersey,2,8.0,6,5.88,8.0,pp_heavy,42.2,41.0,52.3,45.2,B,C+,C+,B,Utility Player,1.21,0.17,,,,1.26,,,0,-0.6,1.0,,,,,,True
43b36ccf,Yadwinder Singh,Hungary,1,2.0,0,1.0,999.0,middle_heavy,42.1,37.8,21.4,33.8,C+,C+,C+,C,Utility Player,0.0,0.0,,,,1.04,,,0,-2.09,1.0,,,,,,True
82a7dfdd,Muhammad Usman,Estonia,5,17.83,4,6.73,26.75,middle_heavy,42.1,44.0,25.9,37.3,C+,C+,C+,C,Utility Player,0.37,0.0,,,,0.93,,,0,-0.94,0.88,,,,,,True
ce7936a5,S Ravoka,Fiji,5,20.0,8,6.4,15.0,middle_heavy,42.1,41.7,46.0,43.3,C+,C+,C+,B,Utility Player,0.8,0.0,,,,1.32,,,5,-1.2,0.82,,,,,,True
91cd337c,R Panchal,Spain,7,18.0,2,6.0,54.0,pp_heavy,42.1,31.9,10.1,28.0,C,C+,C+,D,Utility Player,0.41,0.5,,,,0.52,,,0,-1.29,1.0,,,,,,True
fa463154,AB Agarkar,India,3,10.5,3,8.1,21.0,middle_heavy,42.1,33.5,32.4,36.0,C+,C+,C+,C+,Utility Player,0.92,0.0,,,,0.47,,,0,-0.77,0.67,,,,,,True
e5117568,B Pondani,Malawi,12,34.33,11,6.99,18.73,pp_heavy,42.0,39.0,40.8,40.6,C+,C+,C+,C+,Utility Player,0.8,0.27,0.12,0.32,-0.17,0.96,0.08,-0.21,9,-1.0,0.77,0.15,-0.15,-0.49,Flat-Track Leaker,-0.33,False
dadb9703,B Mavuta,Zimbabwe,11,34.0,10,6.88,20.4,middle_heavy,42.0,50.1,33.1,41.7,C+,C+,B,C+,Utility Player,0.75,0.3,0.14,-0.7,0.14,0.87,0.08,,4,-0.82,0.73,,,0.68,Tough-Track Enforcer,1.48,False
aab3e7be,MJ Mason,New Zealand,3,9.0,2,7.33,27.0,middle_heavy,42.0,40.3,27.1,36.5,C+,C+,C+,C,Utility Player,1.0,0.0,,,,0.47,,,2,-0.88,0.83,,,,,,True
3a0f6df2,Zulfiqar Babar,Pakistan,6,23.0,11,7.04,12.55,middle_heavy,42.0,44.2,67.8,51.3,B,C+,C+,B+,Utility Player,1.14,0.27,,,,1.13,,,1,-0.57,0.62,,,,,,True
661e8a03,Ali Saleem,Norway,1,1.0,1,4.0,6.0,pp_heavy,41.9,38.8,42.0,40.9,C+,C+,C+,C+,Utility Player,1.4,0.0,,,,1.18,,,0,,,,,,,,True
796ffb22,P Masih,Romania,2,7.0,2,3.86,21.0,pp_heavy,41.9,38.3,30.4,36.9,C+,C+,C+,C+,Utility Player,0.62,0.5,,,,1.37,,,0,-1.87,1.0,,,,,,True
f0e8d51a,Shoaib Ali,Saudi Arabia,1,4.0,1,5.75,24.0,middle_heavy,41.8,38.3,30.1,36.7,C+,C+,C+,C+,Utility Player,1.2,0.0,,,,0.47,,,0,-0.92,1.0,,,,,,True
11b785d6,J Thomas,St Helena,3,7.0,1,6.43,42.0,middle_heavy,41.8,29.9,25.5,32.4,C+,C+,C,C,Utility Player,0.33,1.0,,,,0.86,,,3,-1.85,1.0,,,,,,True
9f2c6cd3,S Sarthak,Bahrain,6,18.67,12,6.59,9.33,middle_heavy,41.8,50.5,58.9,50.4,B,C+,B,B,Utility Player,0.8,0.17,,,0.28,1.52,,,2,-0.86,0.75,,,,,,True
a56f4b65,PL Mommsen,Scotland,2,8.0,1,6.38,48.0,middle_heavy,41.8,42.5,32.7,39.0,C+,C+,C+,C+,Utility Player,0.55,1.0,,,,0.59,,,2,-1.42,1.0,,,,,,True
48024cf4,MM Siddique,Japan,3,7.0,3,4.86,14.0,middle_heavy,41.8,38.7,32.9,37.8,C+,C+,C+,C+,Utility Player,0.72,0.33,,,,1.18,,,1,-1.27,1.0,,,,,,True
e03b66ec,Mohammad Asif,Pakistan,11,42.83,15,8.17,17.13,pp_heavy,41.8,30.9,59.8,44.2,C+,C+,C+,B,Utility Player,0.88,0.4,0.23,-0.02,-0.1,0.8,0.07,,0,-0.31,0.73,,,-0.35,Flat-Track Leaker,-0.2,False
a1cdd009,TW Dlamini,Eswatini,1,2.0,0,1.0,999.0,middle_heavy,41.7,37.2,20.8,33.2,C+,C+,C+,C,Utility Player,0.0,0.0,,,,0.98,,,1,-2.8,1.0,,,,,,True
fc55ec67,MR Adair,Ireland,91,329.5,141,7.98,14.02,pp_heavy,41.7,47.4,76.9,55.3,B,C+,B,A,Utility Player,0.87,0.2,0.53,0.59,-0.19,1.36,0.01,-0.06,30,-0.73,0.7,-0.3,0.3,-0.04,Conditions-Proof,-0.07,False
c03449e0,GD Elliott,New Zealand,15,32.0,16,7.53,12.0,middle_heavy,41.7,42.8,57.1,47.2,B,C+,C+,B,Utility Player,0.53,0.25,-0.29,0.27,-0.35,1.02,0.07,,2,-0.15,0.42,,,-0.02,Conditions-Proof,-0.34,False
3feda4fa,RL Chase,West Indies,49,141.67,41,7.66,20.73,middle_heavy,41.7,73.6,37.5,50.9,B,C+,B+,C+,Utility Player,0.68,0.29,0.62,1.33,0.02,1.3,0.03,,2,-0.78,0.75,0.43,-0.43,-0.2,Flat-Track Leaker,-0.22,False
bc6f8328,RJG Palmer,Jersey,6,17.0,4,6.06,25.5,middle_heavy,41.7,43.4,20.9,35.3,C+,C+,C+,C,Utility Player,0.62,0.25,,,-0.24,0.69,,,6,-1.63,0.88,,,,,,True
86f84b37,AM Tribe,Jersey,3,6.0,0,5.17,999.0,middle_heavy,41.6,46.2,4.0,30.6,C+,C+,B,D,Utility Player,0.0,0.0,,,,0.62,,,2,-1.16,1.0,,,,,,True
f4a2d087,Bukhar Illikkal,Qatar,10,28.0,5,7.04,33.6,middle_heavy,41.6,52.2,6.6,33.5,C+,C+,B,D,Utility Player,0.63,0.2,0.55,0.63,-0.43,0.72,0.07,0.07,6,-0.4,0.69,,,-0.27,Flat-Track Leaker,-0.75,True
ba5e1069,R Ravindra,New Zealand,23,62.0,25,6.71,14.88,middle_heavy,41.6,61.8,66.0,56.5,B,C+,B+,B+,Utility Player,0.8,0.08,0.22,0.49,-0.05,1.34,0.06,,3,-0.87,0.68,-0.23,0.23,0.04,Conditions-Proof,-0.06,False
118b0a7c,Aziz Sualley,Ghana,6,16.0,5,6.62,19.2,middle_heavy,41.6,41.6,41.5,41.6,C+,C+,C+,C+,Utility Player,0.88,0.4,,,0.63,1.11,,0.54,5,-1.16,0.75,,,,,,True
670e6804,Junaid Khan,Finland,2,8.0,4,4.5,12.0,middle_heavy,41.5,37.9,39.9,39.8,C+,C+,C+,C+,Utility Player,1.35,0.0,,,,1.24,,,1,-2.0,1.0,,,,,,True
7c6293d1,A Orfila,Gibraltar,4,12.0,2,8.5,36.0,middle_heavy,41.5,36.5,7.8,28.6,C,C+,C+,D,Utility Player,0.68,0.0,,,,0.59,,,1,-0.5,0.67,,,,,,True
4f6d5f87,N Gnanapragasam,Seychelles,1,2.0,0,4.0,999.0,pp_heavy,41.5,44.5,25.1,37.0,C+,C+,C+,C,Utility Player,0.0,0.0,,,,0.62,,,1,-1.8,1.0,,,,,,True
de6ad58b,P Pustoslemsek,Slovenia,5,12.5,5,7.6,15.0,middle_heavy,41.5,50.0,48.5,46.7,B,C+,B,B,Utility Player,1.15,0.8,,,,1.42,,,4,0.14,0.25,,,,,,True
cca50cd6,LJ Wright,England,22,54.0,18,8.67,18.0,middle_heavy,41.4,43.5,30.9,38.6,C+,C+,C+,C+,Utility Player,0.84,0.17,0.22,0.57,0.07,0.88,0.04,,1,-0.72,0.82,0.25,-0.25,-0.13,Conditions-Proof,-0.08,False
4631be71,M Charlie,Papua New Guinea,2,5.0,3,5.6,10.0,middle_heavy,41.4,38.0,41.1,40.2,C+,C+,C+,C+,Utility Player,1.27,0.0,,,,0.76,,,0,-1.86,1.0,,,,,,True
dec8e038,J Theron,United States of America,18,62.33,27,7.89,13.85,pp_heavy,41.4,39.6,57.5,46.2,B,C+,C+,B,Utility Player,0.79,0.44,-0.01,0.08,-0.36,0.95,0.05,-0.23,10,-0.53,0.64,0.55,-0.55,-0.2,Flat-Track Leaker,-0.05,False
21b67523,F Mutua,Kenya,17,38.5,21,7.82,11.0,death_heavy,41.4,25.6,45.2,37.4,C+,C+,C,B,Utility Player,0.77,0.14,-0.17,-0.19,0.24,1.47,0.09,-0.16,7,-1.27,0.8,-0.15,0.15,-0.15,Flat-Track Leaker,-0.25,False
f71de062,OL Pitcher,Bermuda,1,1.0,0,7.0,999.0,death_heavy,41.4,39.2,17.6,32.7,C+,C+,C+,C,Utility Player,0.0,0.0,,,,0.42,,,1,,,,,,,,True
68019a70,EF Beard,Isle of Man,2,3.0,0,6.33,999.0,middle_heavy,41.3,40.3,8.3,30.0,C+,C+,C+,D,Utility Player,0.0,0.0,,,,0.66,,,2,-0.55,1.0,,,,,,True
126c3f6f,Ashish Rana,Estonia,2,5.0,3,5.8,10.0,middle_heavy,41.3,36.3,44.2,40.6,C+,C+,C+,C+,Utility Player,0.73,1.0,,,,1.21,,,2,-1.38,1.0,,,,,,True
c5326dd0,NG Jones,Ireland,1,1.0,0,6.0,999.0,middle_heavy,41.3,33.8,18.4,31.2,C+,C+,C+,C,Utility Player,0.0,0.0,,,,0.44,,,1,,,,,,,,True
5faa30f7,Amir Hayat,United Arab Emirates,4,14.0,7,7.57,12.0,pp_heavy,41.3,33.0,55.6,43.3,C+,C+,C+,B,Utility Player,1.25,0.0,,,,0.76,,,2,-0.63,0.57,,,,,,True
80058153,Karma Dorji,Bhutan,15,30.17,8,7.56,22.62,pp_heavy,41.2,22.1,5.0,22.8,C,C+,C,D,Utility Player,0.35,0.5,-0.77,-0.07,-0.45,0.49,0.03,-0.1,11,-0.32,0.73,-1.12,1.12,-0.23,Flat-Track Leaker,,False
2d4465da,SG Whittingham,Scotland,3,10.0,4,7.9,15.0,middle_heavy,41.2,36.4,43.7,40.4,C+,C+,C+,C+,Utility Player,0.85,0.0,,,,0.68,,,0,-0.85,0.75,,,,,,True
dcc76384,IC Simao,Brazil,9,32.0,7,7.78,27.43,middle_heavy,41.2,18.3,28.5,29.3,C,C+,C,C,Utility Player,0.39,0.29,,,0.1,0.77,,,9,-0.72,0.75,,,,,,False
b6359668,Qasim Akram,Pakistan,1,1.83,2,3.27,5.5,death_heavy,41.2,41.6,42.9,41.9,C+,C+,C+,C+,Utility Player,0.35,0.5,,,,0.97,,,0,-3.22,1.0,,,,,,True
02b078b1,P Malav,Luxembourg,21,72.33,29,7.77,14.97,middle_heavy,41.2,41.2,55.2,45.9,B,C+,C+,B,Utility Player,0.9,0.21,0.66,0.49,0.09,1.45,0.07,-0.01,10,-0.8,0.77,0.44,-0.44,0.04,Conditions-Proof,-0.14,False
ed031922,Arshad Iqbal,Pakistan,3,9.0,4,5.89,13.5,pp_heavy,41.2,58.4,61.3,53.6,B,C+,B,B+,Utility Player,0.96,0.0,,,,1.24,,,1,-1.8,1.0,,,,,,True
e5cb6eb9,Nazakat Ali,Norway,2,3.0,1,5.67,18.0,pp_heavy,41.2,39.5,32.3,37.7,C+,C+,C+,C+,Utility Player,0.75,0.0,,,,0.71,,,2,-3.88,1.0,,,,,,True
c1fdfb46,P Rathnayake,Sri Lanka,1,2.0,2,5.5,6.0,middle_heavy,41.1,42.4,49.2,44.2,C+,C+,C+,B,Utility Player,1.15,0.0,,,,0.72,,,1,,,,,,,,True
4a745f65,AR Nurse,West Indies,13,40.0,8,8.1,30.0,middle_heavy,41.1,59.9,10.7,37.2,C+,C+,B,D,Utility Player,0.65,0.12,0.64,0.66,-0.21,0.76,0.06,,0,-0.26,0.53,,,-0.1,Conditions-Proof,,False
87a92b6b,N Pokana,Papua New Guinea,23,77.67,23,7.71,20.26,pp_heavy,41.1,46.4,13.1,33.5,C+,C+,B,D,Utility Player,0.75,0.13,0.15,-0.04,-0.03,0.69,0.03,0.15,13,-0.68,0.81,-0.22,0.22,0.11,Conditions-Proof,0.1,False
5ac8f17b,GJ Batty,England,1,3.0,0,5.67,999.0,middle_heavy,41.1,42.5,26.0,36.5,C+,C+,C+,C,Utility Player,0.0,0.0,,,,0.37,,,1,-1.13,1.0,,,,,,True
b4b88cdd,I Mwebaze,Uganda,2,6.0,1,5.5,36.0,pp_heavy,41.0,34.6,13.4,29.7,C,C+,C+,D,Utility Player,0.75,0.0,,,,0.51,,,1,-1.59,1.0,,,,,,True
87e87dd2,P Nedeljkovic,Serbia,6,23.0,5,6.74,27.6,pp_heavy,41.0,45.4,25.6,37.3,C+,C+,B,C,Utility Player,0.9,0.8,,,0.51,0.85,,,6,-0.98,0.89,,,,,,True
da785bf8,GB Brent,Zimbabwe,2,7.0,3,7.57,14.0,pp_heavy,41.0,31.6,42.6,38.4,C+,C+,C+,C+,Utility Player,0.77,0.33,,,,0.44,,,0,-2.8,1.0,,,,,,True
1f5622a9,M Kulfiwala,Eswatini,1,0.83,2,1.2,2.5,death_heavy,41.0,38.2,43.3,40.8,C+,C+,C+,C+,Utility Player,0.45,0.5,,,,1.62,,,0,,,,,,,,True
fe93fd9d,RA Jadeja,India,68,216.0,56,7.33,23.14,middle_heavy,41.0,72.0,2.5,38.5,C+,C+,B+,D,Utility Player,0.71,0.25,0.31,0.76,-0.14,0.98,0.01,-0.26,10,-0.81,0.74,0.17,-0.17,-0.07,Conditions-Proof,-0.04,False
5471024e,JM Davison,Canada,2,6.0,2,7.17,18.0,middle_heavy,41.0,44.9,31.0,39.0,C+,C+,C+,C+,Utility Player,0.68,0.0,,,,0.66,,,2,-0.67,0.75,,,,,,True
abfeb126,M Kartik,India,1,4.0,0,7.25,999.0,middle_heavy,41.0,39.0,21.1,33.7,C+,C+,C+,C,Utility Player,0.0,0.0,,,,0.31,,,0,-0.46,0.5,,,,,,True
22ae3041,Fawad Ahmed,Australia,2,8.0,3,8.75,16.0,middle_heavy,40.9,44.6,43.9,43.1,C+,C+,C+,C+,Utility Player,0.63,0.33,,,,0.63,,,0,-0.7,0.5,,,,,,True
7370ca3d,JH Kiani,Philippines,1,4.0,1,6.75,24.0,middle_heavy,40.9,35.8,33.6,36.8,C+,C+,C+,C+,Utility Player,1.5,1.0,,,,0.56,,,1,-0.8,1.0,,,,,,True
d7bfcc0b,Mehran Khan,Oman,27,74.0,25,7.36,17.76,middle_heavy,40.9,28.6,60.8,43.4,C+,C+,C,B+,Utility Player,0.75,0.36,0.11,0.08,-0.1,1.16,0.04,0.21,9,-0.81,0.72,-0.22,0.22,-0.07,Conditions-Proof,-0.16,False
dd7dd27a,S Godara,Cambodia,17,55.5,23,6.79,14.48,pp_heavy,40.9,44.3,59.3,48.2,B,C+,C+,B,Utility Player,0.77,0.35,0.35,0.7,-0.69,1.32,0.08,,4,-1.5,0.91,0.94,-0.94,-0.26,Flat-Track Leaker,-0.35,False
a7489342,IDR Bradshaw,West Indies,1,4.0,0,6.25,999.0,pp_heavy,40.9,33.3,18.5,30.9,C+,C+,C+,C,Utility Player,0.0,0.0,,,,0.23,,,1,-1.86,1.0,,,,,,True
8b7ce771,D Jakiel,Malawi,26,79.0,31,7.99,15.29,pp_heavy,40.8,41.8,50.2,44.3,C+,C+,C+,B,Utility Player,0.69,0.48,0.05,0.13,-0.42,1.1,0.04,-0.07,19,-0.62,0.65,0.38,-0.38,-0.13,Conditions-Proof,0.09,False
759ac88f,MM Sharma,India,8,23.0,6,8.26,23.0,pp_heavy,40.8,40.1,20.6,33.8,C+,C+,C+,C,Utility Player,0.74,0.33,,,0.34,0.46,,,2,-0.44,0.7,,,,,,True
926c6d3c,Abdullah Mahmood,Denmark,13,34.67,15,6.46,13.87,middle_heavy,40.8,44.8,41.1,42.2,C+,C+,C+,C+,Utility Player,0.69,0.2,-0.08,0.64,-0.25,1.05,0.08,-0.28,8,-0.9,0.75,-0.9,0.9,-0.48,Flat-Track Leaker,-0.15,False
4add4c98,Ibrahim Hassan,Maldives,38,109.83,32,7.71,20.59,pp_heavy,40.7,56.7,42.1,46.5,B,C+,B,C+,Utility Player,0.55,0.31,0.22,0.27,-0.32,1.19,0.03,0.06,24,-0.82,0.69,-0.22,0.22,-0.21,Conditions-Proof,0.07,False
edc2a9c6,B Karki,Nepal,1,4.0,1,2.75,24.0,middle_heavy,40.7,36.9,29.4,35.7,C+,C+,C+,C,Utility Player,1.4,1.0,,,,0.9,,,0,-2.99,1.0,,,,,,True
9ba59a3c,LJ Woodcock,New Zealand,3,10.0,2,7.3,30.0,middle_heavy,40.7,48.1,24.0,37.6,C+,C+,B,C,Utility Player,0.8,0.5,,,,0.53,,,0,-0.19,0.5,,,,,,True
d88f9163,ST Yalimaiwai,Fiji,3,10.0,4,6.2,15.0,middle_heavy,40.7,40.7,34.6,38.7,C+,C+,C+,C+,Utility Player,0.85,0.0,,,,1.06,,,3,-0.8,0.75,,,,,,True
43420e97,Naiem Bameri,Iran,1,3.0,1,4.67,18.0,pp_heavy,40.6,44.9,35.6,40.4,C+,C+,C+,C+,Utility Player,1.4,0.0,,,,0.73,,,1,-1.13,1.0,,,,,,True
c654af19,R McLaren,South Africa,12,43.83,19,7.96,13.84,middle_heavy,40.6,23.8,51.9,38.8,C+,C+,C,B,Utility Player,0.88,0.16,0.03,0.19,0.61,0.8,0.07,,3,-0.56,0.68,-0.1,0.1,0.44,Tough-Track Enforcer,0.58,False
1a8f879b,Mujeeb-ur-Rehman,Qatar,21,60.0,17,7.23,21.18,middle_heavy,40.6,59.5,48.9,49.7,B,C+,B,B,Utility Player,0.64,0.24,0.57,1.32,-0.17,1.29,0.06,-0.27,10,-0.62,0.61,0.02,-0.02,-0.06,Conditions-Proof,-0.01,False
68f24545,S Maduranga,South Korea,14,37.83,16,7.93,14.19,pp_heavy,40.6,45.0,43.9,43.2,C+,C+,B,C+,Utility Player,0.69,0.06,0.49,0.13,0.04,1.1,0.08,-0.65,9,-1.15,0.8,-0.17,0.17,0.4,Tough-Track Enforcer,0.32,False
1e78c51c,J Sebanja,Uganda,8,27.0,11,7.56,14.73,pp_heavy,40.6,39.0,58.1,45.9,B,C+,C+,B,Utility Player,1.22,0.27,,,-0.62,1.05,,,0,-0.87,0.6,,,,,,True
f834dcfc,L Ngidi,South Africa,63,212.5,90,8.89,14.17,pp_heavy,40.6,61.4,81.2,61.1,B+,C+,B+,A,Strike Bowler,0.85,0.17,0.49,0.86,-0.35,1.42,0.02,0.21,8,-0.78,0.71,0.11,-0.11,-0.0,Conditions-Proof,0.07,False
5a892f36,RLB Rambukwella,Sri Lanka,2,6.5,1,7.08,39.0,middle_heavy,40.6,38.6,14.8,31.3,C+,C+,C+,D,Utility Player,0.6,0.0,,,,0.32,,,0,-0.8,0.67,,,,,,True
21d4e29b,Navdeep Saini,India,9,32.83,14,7.34,14.07,middle_heavy,40.5,38.7,70.7,50.0,B,C+,C+,B+,Utility Player,0.82,0.36,,,,1.15,,,2,-1.12,0.82,,,,,,False
e6a7c6e2,G Axtell,Bahrain,2,7.0,1,6.0,42.0,pp_heavy,40.5,45.0,35.2,40.2,C+,C+,B,C+,Utility Player,0.75,1.0,,,,0.78,,,2,-1.37,1.0,,,,,,True
4d9f9686,Soumya Sarkar,Bangladesh,26,45.0,12,9.24,22.5,middle_heavy,40.5,75.1,6.3,40.6,C+,C+,A,D,Utility Player,0.47,0.25,-0.36,0.28,-0.11,1.01,0.04,0.07,6,-0.21,0.53,0.2,-0.2,0.23,Tough-Track Enforcer,0.16,False
f0a0204e,MS Crane,England,2,8.0,1,7.75,48.0,middle_heavy,40.5,40.0,15.3,31.9,C+,C+,C+,C,Utility Player,0.6,0.0,,,,0.34,,,0,-0.33,0.33,,,,,,True
98f33eed,L Ward,Isle of Man,1,1.0,1,4.0,6.0,middle_heavy,40.4,39.7,40.4,40.2,C+,C+,C+,C+,Utility Player,1.4,1.0,,,,1.17,,,1,,,,,,,,True
0f05655d,Tashi Dorji,Bhutan,12,30.33,11,6.69,16.55,middle_heavy,40.4,44.7,40.3,41.8,C+,C+,C+,C+,Utility Player,0.74,0.45,-0.19,0.14,-0.59,1.1,0.09,,3,-0.56,0.73,-1.34,1.34,-0.04,Conditions-Proof,,False
5c124657,Irfan Ahmed,Hong Kong,6,21.0,10,6.86,12.6,middle_heavy,40.4,45.5,59.4,48.4,B,C+,B,B,Utility Player,0.95,0.1,,,,1.03,,,3,-0.91,0.8,,,,,,True
a48c9735,Amir Mangal,Germany,1,3.0,1,5.67,18.0,middle_heavy,40.4,39.5,30.8,36.9,C+,C+,C+,C+,Utility Player,1.1,0.0,,,,0.59,,,1,-0.68,1.0,,,,,,True
ef5d54c6,Irfan Sarfraz,Saudi Arabia,2,3.0,0,8.0,999.0,pp_heavy,40.3,37.3,10.6,29.4,C,C+,C+,D,Utility Player,0.0,0.0,,,,0.4,,,1,-0.3,0.67,,,,,,True
420431c9,K Jaikaran,Suriname,6,14.0,8,6.93,10.5,pp_heavy,40.3,27.1,53.3,40.2,C+,C+,C,B,Utility Player,1.05,0.62,,,-0.35,1.1,,,6,-0.54,0.83,,,,,,True
4933f499,JP Behrendorff,Australia,16,53.0,19,8.57,16.74,pp_heavy,40.3,58.2,61.2,53.2,B,C+,B,B+,Utility Player,0.91,0.21,0.8,1.05,0.33,1.01,0.06,,1,-0.51,0.74,0.19,-0.19,-0.11,Conditions-Proof,-0.19,False
e4ad57ea,Ahmad Khalid Ahmadzai,Belgium,4,13.0,6,7.23,13.0,middle_heavy,40.2,41.9,40.1,40.7,C+,C+,C+,C+,Utility Player,0.62,0.83,,,,1.08,,,4,0.33,0.25,,,,,,True
70e1b3a8,VRB Arachchige,Malta,4,9.0,2,9.33,27.0,middle_heavy,40.2,31.1,7.8,26.4,C,C+,C+,D,Utility Player,0.42,0.0,,,,0.56,,,4,0.28,0.33,,,,,,True
d9609443,ST Gabriel,West Indies,2,7.0,3,8.29,14.0,pp_heavy,40.2,29.8,42.8,37.6,C+,C+,C,C+,Utility Player,0.55,0.0,,,,0.47,,,0,-0.07,0.67,,,,,,True
83d17bbc,MW Forde,West Indies,20,63.67,19,8.2,20.11,pp_heavy,40.2,65.0,47.9,51.0,B,C+,B+,B,Utility Player,0.66,0.37,0.63,0.45,0.24,1.0,0.05,,0,-0.29,0.65,0.46,-0.46,-0.28,Flat-Track Leaker,,False
e70a0811,Nasir Aziz,United Arab Emirates,1,4.0,0,5.5,999.0,pp_heavy,40.2,42.6,23.1,35.3,C+,C+,C+,C,Utility Player,0.0,0.0,,,,0.41,,,1,-0.53,1.0,,,,,,True
3b52d247,FA Cossa,Mozambique,16,53.0,18,7.32,17.67,middle_heavy,40.1,33.3,36.4,36.6,C+,C+,C+,C+,Utility Player,0.71,0.39,0.26,0.18,0.51,1.04,0.06,-0.36,13,-0.72,0.78,0.82,-0.82,0.3,Tough-Track Enforcer,0.15,False
f5715b48,Ali Naseer,United Arab Emirates,33,112.17,41,7.95,16.41,middle_heavy,40.1,36.1,49.4,41.9,C+,C+,C+,B,Utility Player,0.72,0.07,0.14,-0.21,-0.02,1.14,0.03,0.0,8,-0.61,0.69,0.02,-0.02,-0.04,Conditions-Proof,-0.13,False
98614193,IKO Aboagye,Ghana,4,14.0,6,6.0,14.0,middle_heavy,40.0,53.5,45.4,46.3,B,C+,B,B,Utility Player,0.97,0.17,,,,1.04,,,4,-1.44,1.0,,,,,,True
2c89dbf9,Zeeshan Ali,Estonia,5,15.0,6,8.07,15.0,pp_heavy,40.0,28.9,36.0,35.0,C+,C+,C,C+,Utility Player,0.88,0.0,,,,0.75,,,0,-1.14,0.86,,,,,,True
5a970aab,L Lamin,Sierra Leone,7,14.67,4,8.18,22.0,middle_heavy,39.9,39.0,35.7,38.2,C+,C+,C+,C+,Utility Player,0.25,1.0,,,0.19,0.96,,,2,-0.55,0.71,,,,,,True
f2e8b37c,Arafat Minhas,Pakistan,3,9.0,2,6.22,27.0,pp_heavy,39.9,34.7,28.3,34.3,C+,C+,C+,C,Utility Player,0.5,0.5,,,,0.4,,,2,-0.88,1.0,,,,,,True
f6993a56,RJ Campbell,Hong Kong,2,6.0,1,7.0,36.0,middle_heavy,39.9,45.8,23.1,36.3,C+,C+,B,C,Utility Player,0.75,0.0,,,,0.47,,,1,-0.48,1.0,,,,,,True
d3611e29,EF Faalupega,Samoa,1,4.0,2,6.0,12.0,pp_heavy,39.8,38.4,38.6,38.9,C+,C+,C+,C+,Utility Player,1.25,0.0,,,,0.66,,,0,-1.22,1.0,,,,,,True
a53029a1,R Hashu,Portugal,8,24.0,18,7.21,8.0,death_heavy,39.8,34.2,54.7,42.9,C+,C+,C+,B,Utility Player,0.69,0.06,,,-0.55,1.62,,,0,-1.67,0.77,,,,,,True
fd4809c8,A Kuthalingham,Turks and Caicos Island,2,5.0,1,4.8,30.0,middle_heavy,39.8,38.6,19.8,32.7,C+,C+,C+,C,Utility Player,0.7,0.0,,,,0.92,,,1,-1.65,1.0,,,,,,True
07e5bda2,L Monanthane,Lesotho,3,7.0,1,6.57,42.0,middle_heavy,39.8,31.2,25.7,32.2,C+,C+,C+,C,Utility Player,0.33,1.0,,,,0.75,,,3,-1.49,0.75,,,,,,True
866e9f3d,S Jegannathan,Indonesia,6,19.0,7,6.26,16.29,middle_heavy,39.8,50.5,45.0,45.1,B,C+,B,B,Utility Player,1.07,0.14,,,0.0,1.19,,,1,-1.3,0.86,,,,,,True
3748955d,Amir Ali,Oman,4,8.0,1,7.25,48.0,middle_heavy,39.8,50.1,24.5,38.1,C+,C+,B,C,Utility Player,0.38,0.0,,,,0.64,,,1,-0.53,0.75,,,,,,True
8c7b9bfc,Mohamed Ishmath,Maldives,8,26.0,5,7.35,31.2,middle_heavy,39.7,37.4,18.0,31.7,C+,C+,C+,C,Utility Player,0.71,0.4,,,0.0,0.76,,,4,-0.65,0.55,,,,,,True
d5966b42,RM Magare,Czech Republic,5,16.0,2,7.25,48.0,middle_heavy,39.7,41.7,4.5,28.6,C,C+,C+,D,Utility Player,0.54,0.5,,,,0.66,,,0,-0.71,1.0,,,,,,True
9c1b1f4b,A Desai,United States of America,4,11.0,6,7.73,11.0,middle_heavy,39.7,29.0,49.6,39.4,C+,C+,C,B,Utility Player,0.99,0.33,,,,0.83,,,0,-0.7,0.67,,,,,,True
faef026c,SKS Gill,Luxembourg,15,35.83,9,7.81,23.89,middle_heavy,39.6,41.0,27.0,35.9,C+,C+,C+,C,Utility Player,0.51,0.67,0.1,0.18,-0.36,1.02,0.07,0.2,8,-0.29,0.67,-0.44,0.44,0.07,Conditions-Proof,0.12,False
dce01d1e,Zahid Abbas,Kenya,2,5.0,2,6.4,15.0,middle_heavy,39.5,39.0,35.0,37.8,C+,C+,C+,C+,Utility Player,0.57,0.0,,,,0.69,,,0,-0.57,1.0,,,,,,True
f49c401e,SH Obed,Vanuatu,12,30.0,13,6.87,13.85,middle_heavy,39.5,43.5,40.1,41.0,C+,C+,C+,C+,Utility Player,0.96,0.15,-0.09,-0.26,0.25,1.02,0.08,-0.12,8,-0.92,0.64,-0.86,0.86,0.14,Conditions-Proof,,False
9e51462f,Naveed Shahid,Finland,5,14.0,3,7.43,28.0,pp_heavy,39.4,42.1,11.7,31.1,C+,C+,C+,D,Utility Player,0.72,0.33,,,,0.64,,,2,-0.94,0.75,,,,,,True
dc1dd6c4,Ijaz Hussain,Romania,26,74.83,39,7.82,11.51,middle_heavy,39.4,17.7,55.6,37.6,C+,C+,C,B,Utility Player,0.91,0.41,0.27,0.28,0.23,1.46,0.06,-0.02,6,-1.38,0.89,0.1,-0.1,0.28,Tough-Track Enforcer,0.1,False
740d29d5,Sai Hla Htwe,Myanmar,5,8.33,3,7.32,16.67,pp_heavy,39.4,36.3,34.2,36.6,C+,C+,C+,C+,Utility Player,0.53,0.33,,,,0.87,,,3,-0.77,0.67,,,,,,True
3852600a,Qasim Anwar,Cyprus,3,10.0,3,6.3,20.0,pp_heavy,39.4,34.0,36.6,36.7,C+,C+,C+,C+,Utility Player,0.39,0.67,,,,0.88,,,1,-1.38,0.8,,,,,,True
3f4456f5,AQM Yako,South Africa,1,3.0,0,3.67,999.0,middle_heavy,39.4,34.2,18.6,30.7,C+,C+,C+,C,Utility Player,0.0,0.0,,,,0.69,,,0,-1.91,1.0,,,,,,True
f8fb7e7b,Musaddiq Ahmed,Germany,4,14.0,4,7.71,21.0,middle_heavy,39.4,37.3,9.4,28.7,C,C+,C+,D,Utility Player,0.8,0.0,,,,0.63,,,4,-1.04,0.83,,,,,,True
9585854d,D Wotu,Vanuatu,15,48.5,15,7.26,19.4,middle_heavy,39.4,37.5,21.2,32.7,C+,C+,C+,C,Utility Player,0.7,0.13,0.26,-0.05,-0.07,0.88,0.06,,15,-0.91,0.74,0.64,-0.64,-0.48,Flat-Track Leaker,-0.15,False
ea59139a,Wasim Ali,Oman,9,23.0,4,7.04,34.5,middle_heavy,39.3,28.5,4.8,24.2,C,C+,C,D,Utility Player,0.3,0.0,,,-0.73,0.43,,,4,-0.29,0.58,,,,,,True
6d6f52fc,Guido Angeletti,Argentina,5,15.67,7,6.19,13.43,middle_heavy,39.3,24.8,28.8,31.0,C+,C+,C,C,Utility Player,0.91,0.14,,,,0.81,,,3,-1.46,1.0,,,,,,True
dcf81436,S Kaul,India,3,9.67,5,8.79,11.6,pp_heavy,39.3,32.3,54.9,42.2,C+,C+,C+,B,Utility Player,1.27,0.4,,,,0.64,,,1,-0.26,0.33,,,,,,True
89c16049,Agha Salman,Pakistan,13,19.0,7,7.89,16.29,middle_heavy,39.3,51.6,36.7,42.5,C+,C+,B,C+,Utility Player,0.55,0.29,-0.18,-0.42,-0.23,0.88,0.07,,1,-1.12,0.75,-0.06,0.06,-0.16,Conditions-Proof,-0.01,True
2dcac6ff,E Niyomugabo,Rwanda,11,26.33,10,7.59,15.8,middle_heavy,39.2,34.2,42.5,38.6,C+,C+,C+,C+,Utility Player,0.55,0.4,0.05,0.06,-0.11,0.92,0.08,-0.43,5,-0.74,0.77,,,-0.64,Flat-Track Leaker,,True
f0e58a83,SKW Kelly,Bermuda,1,2.0,0,6.0,999.0,pp_heavy,39.2,35.5,18.7,31.1,C+,C+,C+,C,Utility Player,0.0,0.0,,,,0.3,,,1,,,,,,,,True
2c2013a9,A Bhattarai,Nepal,1,3.0,2,4.33,9.0,middle_heavy,39.2,34.7,41.0,38.3,C+,C+,C+,C+,Utility Player,1.5,0.0,,,,0.69,,,1,-1.89,1.0,,,,,,True
2ed569a0,RD Chahar,India,6,22.0,7,7.86,18.86,middle_heavy,39.1,50.8,45.3,45.1,B,C+,B,B,Utility Player,0.76,0.43,,,-0.2,0.83,,,2,-0.93,0.67,,,,,,True
99bf1fb7,A Yon,St Helena,6,17.0,11,7.12,9.27,middle_heavy,39.1,30.6,49.0,39.6,C+,C+,C+,B,Utility Player,0.59,0.82,,,0.07,1.16,,,6,-1.12,0.67,,,,,,True
c3564c2d,G Toka,Papua New Guinea,1,3.0,1,6.67,18.0,middle_heavy,39.1,33.4,28.2,33.6,C+,C+,C+,C,Utility Player,1.1,0.0,,,,0.38,,,1,-1.58,1.0,,,,,,True
45be80ed,J Prodehl,South Africa,1,4.0,2,2.5,12.0,middle_heavy,39.0,38.0,37.1,38.0,C+,C+,C+,C+,Utility Player,1.25,0.5,,,,1.16,,,0,-3.13,1.0,,,,,,True
ec106638,Rahmatullah Mangal,France,22,69.33,33,7.02,12.61,pp_heavy,39.0,43.0,59.0,47.0,B,C+,C+,B,Utility Player,0.89,0.15,0.45,0.25,0.01,1.41,0.06,-0.24,10,-0.97,0.72,0.49,-0.49,-0.02,Conditions-Proof,0.03,False
782fb776,LV van Beek,Netherlands,33,108.0,48,8.02,13.5,middle_heavy,39.0,24.0,77.8,46.9,B,C+,C,A,Utility Player,0.66,0.31,0.17,0.54,0.05,1.36,0.04,0.5,9,-0.34,0.62,-0.01,0.01,-0.26,Flat-Track Leaker,-0.16,False
f219df21,Sahil Chauhan,Estonia,6,12.0,6,7.17,12.0,middle_heavy,39.0,42.1,49.0,43.4,C+,C+,C+,B,Utility Player,0.38,0.67,,,0.86,1.28,,,2,-1.42,1.0,,,,,,True
615688b6,Usman Najeeb,Saudi Arabia,35,123.5,51,8.07,14.53,pp_heavy,39.0,40.1,66.3,48.5,B,C+,C+,B+,Utility Player,0.9,0.53,0.29,0.02,-0.15,1.3,0.04,-0.04,10,-0.94,0.77,0.25,-0.25,0.09,Conditions-Proof,0.07,False
656fc15b,Jobayer Hossen,Seychelles,4,14.0,9,7.71,9.33,pp_heavy,39.0,46.5,56.8,47.4,B,C+,B,B,Utility Player,0.79,0.33,,,,1.22,,,4,-0.28,0.75,,,,,,True
81898acc,KJ Ferrary,Gibraltar,7,23.33,12,6.47,11.67,middle_heavy,39.0,47.8,53.2,46.7,B,C+,B,B,Utility Player,1.19,0.0,,,0.13,1.67,,,4,-0.8,0.75,,,,,,True
3eb26dc4,S Desungnoen,Thailand,25,55.17,14,7.16,23.64,middle_heavy,39.0,53.0,9.2,33.7,C+,C+,B,D,Utility Player,0.5,0.43,-0.21,0.41,0.03,0.97,0.04,-0.21,14,-0.73,0.69,0.35,-0.35,0.42,Tough-Track Enforcer,0.51,False
f15d17c7,Sarfaraj Patel,Lesotho,3,6.0,3,6.5,12.0,pp_heavy,38.9,38.9,38.5,38.8,C+,C+,C+,C+,Utility Player,0.98,0.0,,,,0.82,,,3,-0.92,1.0,,,,,,True
f8bd71c9,Atif Kamal,Luxembourg,9,26.0,13,7.04,12.0,pp_heavy,38.9,40.0,53.6,44.2,C+,C+,C+,B,Utility Player,0.92,0.46,,,0.4,1.26,,-0.24,6,-1.54,0.75,,,,,,True
b7621723,Muhammad Usman,Hungary,2,2.0,0,6.5,999.0,middle_heavy,38.9,36.9,11.5,29.1,C,C+,C+,D,Utility Player,0.0,0.0,,,,0.6,,,0,,,,,,,,True
8abdf100,CJ Anderson,New Zealand,27,72.0,20,8.36,21.6,middle_heavy,38.9,59.0,19.5,39.1,C+,C+,B,C,Utility Player,0.48,0.15,-0.38,0.28,0.02,0.94,0.03,,4,-0.53,0.59,-0.13,0.13,0.11,Conditions-Proof,0.01,False
d68e7f48,R Rampaul,West Indies,27,95.83,31,8.63,18.55,pp_heavy,38.9,22.3,29.0,30.1,C+,C+,C,C,Utility Player,0.86,0.29,-0.1,0.03,0.18,0.59,0.02,-0.1,9,-0.69,0.74,-0.49,0.49,0.01,Conditions-Proof,0.02,False
60606200,Muzahir Raza,Oman,6,19.0,8,8.63,14.25,pp_heavy,38.9,34.0,55.6,42.8,C+,C+,C+,B,Utility Player,1.15,0.38,,,0.58,0.82,,,0,-0.64,0.5,,,,,,True
011f6b42,RG Mukasa,Uganda,2,7.0,0,5.86,999.0,middle_heavy,38.8,39.1,13.2,30.4,C+,C+,C+,D,Utility Player,0.0,0.0,,,,0.55,,,2,-0.87,1.0,,,,,,True
d8976cb7,DG Blampied,Jersey,30,80.17,28,7.09,17.18,middle_heavy,38.8,52.8,10.6,34.1,C+,C+,B,D,Utility Player,0.65,0.21,-0.09,-0.09,-0.08,0.96,0.03,0.37,27,-0.51,0.71,-0.31,0.31,0.12,Conditions-Proof,-0.07,False
3ac13a94,E Rukiriza,Rwanda,60,184.17,67,6.81,16.49,middle_heavy,38.8,57.8,59.6,52.1,B,C+,B,B,Utility Player,0.78,0.36,0.12,0.66,0.02,1.61,0.03,-0.2,21,-1.14,0.85,-0.06,0.06,0.03,Conditions-Proof,-0.07,False
d167edd3,SM Boland,Australia,3,11.0,3,8.36,22.0,pp_heavy,38.8,33.1,32.2,34.7,C+,C+,C+,C+,Utility Player,0.38,0.0,,,,0.34,,,0,-0.07,0.67,,,,,,True
5892ac75,R Kalimuthu,Singapore,15,52.17,25,8.34,12.52,pp_heavy,38.8,18.5,59.6,39.0,C+,C+,C,B,Utility Player,0.89,0.24,0.29,0.55,0.04,1.03,0.07,0.35,11,-0.51,0.67,-0.16,0.16,0.13,Conditions-Proof,0.03,False
2e3dc859,YYM Jakda,Lesotho,7,18.83,8,8.76,14.12,middle_heavy,38.7,24.5,46.7,36.6,C+,C+,C,B,Utility Player,0.65,0.62,,,-0.11,0.96,,,7,-0.5,0.71,,,,,,True
b75b7b09,Rakibul Hasan,Italy,4,14.0,5,6.71,16.8,middle_heavy,38.7,44.5,31.3,38.2,C+,C+,C+,C+,Utility Player,0.95,0.0,,,,0.8,,,3,-0.85,0.71,,,,,,True
7a653792,EP Thompson,New Zealand,1,3.0,1,6.67,18.0,pp_heavy,38.7,41.4,34.8,38.3,C+,C+,C+,C+,Utility Player,1.5,0.0,,,,0.39,,,0,-0.7,1.0,,,,,,True
21946d0d,AM Oyede,Nigeria,2,5.0,0,6.2,999.0,middle_heavy,38.7,33.1,5.9,25.9,C,C+,C+,D,Utility Player,0.0,0.0,,,,0.56,,,2,-0.68,1.0,,,,,,True
60fc2c8c,T Shanmugam,Seychelles,3,6.0,1,6.33,36.0,pp_heavy,38.7,42.0,22.3,34.3,C+,C+,C+,C,Utility Player,0.47,0.0,,,,0.76,,,3,-0.44,0.67,,,,,,True
6a11facf,Dhananjay Rao,Hong Kong,8,22.0,8,7.14,16.5,pp_heavy,38.6,51.4,48.8,46.3,B,C+,B,B,Utility Player,0.78,0.38,,,-0.02,0.99,,,1,-0.59,0.8,,,,,,True
6d1db278,V Nagpaul,Singapore,5,17.0,5,6.24,20.4,middle_heavy,38.6,41.8,38.0,39.5,C+,C+,C+,C+,Utility Player,1.01,0.8,,,,0.92,,,3,-0.96,0.83,,,,,,True
7d21eb9b,GC Tonge,West Indies,1,4.0,1,6.25,24.0,pp_heavy,38.6,33.4,29.7,33.9,C+,C+,C+,C,Utility Player,1.5,0.0,,,,0.24,,,0,-1.59,1.0,,,,,,True
068c47d2,JJ Davidson,Scotland,4,13.0,4,7.15,19.5,pp_heavy,38.5,38.6,19.6,32.2,C+,C+,C+,C,Utility Player,1.02,0.25,,,,0.34,,,1,-2.19,1.0,,,,,,True
b3e5205c,P Kotoisuva,Fiji,4,10.0,3,8.0,20.0,death_heavy,38.5,22.0,20.2,26.9,C,C+,C,C,Utility Player,0.62,0.33,,,,0.81,,,4,-0.72,0.6,,,,,,True
637c65f1,H Elder,Switzerland,2,5.0,1,6.6,30.0,pp_heavy,38.5,31.3,26.4,32.1,C+,C+,C+,C,Utility Player,0.75,0.0,,,,0.6,,,1,-1.21,1.0,,,,,,True
d5c38041,Samiullah Rahmani,Sweden,11,29.17,13,7.3,13.46,middle_heavy,38.5,41.0,45.3,41.6,C+,C+,C+,B,Utility Player,0.69,0.38,0.23,-0.17,-0.06,1.14,0.1,0.03,6,-0.6,0.67,-0.21,0.21,-0.12,Conditions-Proof,0.1,True
bad1af65,D Panda,Mexico,3,9.83,10,6.0,5.9,middle_heavy,38.5,35.6,49.2,41.1,C+,C+,C+,B,Utility Player,0.86,0.4,,,,1.66,,,0,0.7,0.0,,,,,,True
97b0e4ff,SC van Schalkwyk,United States of America,18,59.5,30,8.77,11.9,middle_heavy,38.5,38.2,73.9,50.2,B,C+,C+,B+,Utility Player,0.82,0.1,0.44,-0.23,0.09,1.38,0.08,-0.97,5,-0.51,0.62,0.41,-0.41,0.1,Conditions-Proof,0.27,False
bd93fea4,PM Siddle,Australia,2,8.0,3,8.12,16.0,pp_heavy,38.5,29.5,43.5,37.2,C+,C+,C,C+,Utility Player,1.48,0.33,,,,0.43,,,1,-0.38,0.75,,,,,,True
95dc5adc,Rahim Khan,Malaysia,2,5.0,0,6.4,999.0,middle_heavy,38.4,34.2,6.6,26.4,C,C+,C+,D,Utility Player,0.0,0.0,,,,0.45,,,0,-0.37,1.0,,,,,,True
3cf5a041,VN Veetil,Qatar,7,20.67,4,8.03,31.0,middle_heavy,38.4,45.5,22.7,35.5,C+,C+,B,C,Utility Player,0.77,0.75,,,0.0,0.74,,,1,-0.56,0.78,,,,,,True
92075cdc,M Taylor,Bahamas,23,77.83,18,7.07,25.94,pp_heavy,38.4,45.7,36.9,40.3,C+,C+,B,C+,Utility Player,0.58,0.56,0.26,0.35,-0.12,0.96,0.04,0.24,19,-1.07,0.81,-0.16,0.16,-0.16,Flat-Track Leaker,-0.23,False
a670d624,RR Watson,Scotland,3,7.0,3,8.43,14.0,middle_heavy,38.4,51.9,49.9,46.7,B,C+,B,B,Utility Player,1.33,0.0,,,,0.89,,,2,-0.31,0.67,,,,,,True
2669d6b7,Mohsin Khan,Hong Kong,3,9.0,5,8.11,10.8,pp_heavy,38.4,44.2,51.2,44.6,C+,C+,C+,B,Utility Player,0.78,0.2,,,,0.92,,,0,-1.23,1.0,,,,,,True
2513b4fe,Kashif Siddique,Saudi Arabia,1,0.33,1,3.0,2.0,middle_heavy,38.3,32.9,47.1,39.4,C+,C+,C+,B,Utility Player,0.3,1.0,,,,1.67,,,0,,,,,,,,True
c8a3f688,SN Netravalkar,United States of America,43,145.5,46,7.44,18.98,pp_heavy,38.3,48.2,53.2,46.6,B,C+,B,B,Utility Player,0.66,0.3,0.51,0.48,-0.1,1.06,0.02,-0.15,20,-0.69,0.7,-0.05,0.05,0.12,Conditions-Proof,0.08,False
c9c356e2,P Florin,Romania,10,18.83,13,6.9,8.69,middle_heavy,38.3,38.1,44.4,40.3,C+,C+,C+,C+,Utility Player,0.48,0.0,-0.03,-0.06,-0.23,1.33,0.13,,0,-0.85,0.86,0.14,-0.14,0.36,Tough-Track Enforcer,0.44,True
11406bad,Mohammad Asaduzzaman,Finland,7,23.0,4,7.7,34.5,middle_heavy,38.3,36.7,20.9,32.0,C+,C+,C+,C,Utility Player,0.41,0.5,,,-0.12,0.71,,,4,-0.93,0.8,,,,,,True
e61cee7b,H Venkataram,Singapore,12,43.17,20,7.85,12.95,pp_heavy,38.2,42.3,59.7,46.7,B,C+,C+,B,Utility Player,0.89,0.6,0.45,0.2,-0.11,1.17,0.1,0.34,6,-0.95,0.76,0.51,-0.51,-0.05,Conditions-Proof,-0.04,False
2a7a3137,S Arachchige,Italy,2,4.0,2,6.5,12.0,middle_heavy,38.2,33.5,33.9,35.2,C+,C+,C+,C+,Utility Player,0.52,0.0,,,,0.66,,,1,-0.61,1.0,,,,,,True
e086735b,Umair Qasim,Eswatini,18,52.5,14,7.26,22.5,middle_heavy,38.2,43.7,40.7,40.9,C+,C+,C+,C+,Utility Player,0.54,0.43,0.39,0.36,0.04,1.2,0.07,-0.16,14,-1.03,0.83,-0.08,0.08,0.01,Conditions-Proof,0.33,False
50ceaef6,P Kurup,Bahrain,1,2.67,2,3.75,8.0,death_heavy,38.1,31.6,34.1,34.6,C+,C+,C+,C+,Utility Player,0.7,1.0,,,,0.95,,,0,-3.42,1.0,,,,,,True
f0e722e0,Usman Shinwari,Pakistan,16,51.0,17,8.59,18.0,pp_heavy,38.1,16.7,22.8,25.9,C,C+,C,C,Utility Player,0.69,0.12,-0.05,0.19,-0.08,0.44,0.03,,1,-0.31,0.53,-0.64,0.64,-0.14,Conditions-Proof,-0.04,False
012829ff,JW Hastings,Australia,9,31.0,8,8.23,23.25,middle_heavy,38.1,29.0,38.4,35.2,C+,C+,C,C+,Utility Player,0.5,0.38,,,0.06,0.65,,,1,-0.3,0.56,,,,,,False
febfa931,Nader Zahadiafzal,Iran,1,3.0,0,5.0,999.0,middle_heavy,38.1,43.8,24.9,35.6,C+,C+,C+,C,Utility Player,0.0,0.0,,,,0.51,,,1,-0.72,0.5,,,,,,True
ee1b6c27,N Thushara,Sri Lanka,27,88.83,32,8.5,16.66,pp_heavy,38.0,18.1,47.2,34.4,C+,C+,C,B,Utility Player,0.78,0.47,0.03,0.23,0.43,0.7,0.03,-0.28,8,-0.65,0.57,0.09,-0.09,0.42,Tough-Track Enforcer,0.32,False
c90346a0,D Jansen,Isle of Man,6,16.83,3,7.07,33.67,middle_heavy,38.0,32.4,5.8,25.4,C,C+,C+,D,Utility Player,0.63,0.0,,,-0.55,0.55,,0.3,5,-0.66,0.75,,,,,,True
f62fa324,Tasaduq Hussain,Sweden,3,9.0,3,7.33,18.0,pp_heavy,38.0,32.0,25.1,31.7,C+,C+,C+,C,Utility Player,0.82,0.0,,,,0.48,,,1,-1.23,0.8,,,,,,True
7f8ecc51,AM Phangiso,South Africa,16,57.0,21,7.84,16.29,middle_heavy,38.0,57.2,59.8,51.7,B,C+,B,B,Utility Player,1.01,0.24,0.49,0.18,-0.51,1.14,0.07,,4,-0.76,0.85,-0.07,0.07,-0.13,Conditions-Proof,-0.04,False
48f177f5,AJ Redmond,New Zealand,1,2.83,2,8.47,8.5,middle_heavy,38.0,32.8,41.2,37.3,C+,C+,C+,C+,Utility Player,1.15,0.0,,,,0.42,,,0,0.03,0.0,,,,,,True
3ff033bb,MD Shanaka,Sri Lanka,70,128.17,42,8.33,18.31,middle_heavy,38.0,69.7,9.2,39.0,C+,C+,B+,D,Utility Player,0.51,0.1,0.01,0.38,-0.12,1.1,0.02,0.0,19,-0.45,0.66,-0.07,0.07,0.13,Conditions-Proof,0.24,False
3b50c63a,KS Lokuarachchi,Sri Lanka,2,6.0,2,8.0,18.0,middle_heavy,38.0,24.5,38.3,33.6,C+,C+,C,C+,Utility Player,0.68,0.5,,,,0.35,,,1,-0.25,0.67,,,,,,True
7147f314,Sabbir Rahman,Bangladesh,8,11.17,6,6.99,11.17,middle_heavy,38.0,61.8,39.3,46.4,B,C+,B+,C+,Utility Player,0.49,0.17,,,,0.97,,,2,-1.48,0.75,,,,,,True
d18b7f34,Fazil Rahman,Malta,6,21.83,15,7.56,8.73,pp_heavy,37.9,21.8,55.7,38.5,C+,C+,C,B,Utility Player,0.98,0.53,,,0.0,1.35,,,0,-1.51,0.83,,,,,,True
11a22126,A Turay,Sierra Leone,5,13.83,12,6.72,6.92,middle_heavy,37.9,23.2,52.9,38.0,C+,C+,C,B,Utility Player,0.69,0.42,,,,1.27,,,3,-1.28,0.8,,,,,,True
5eef2118,MVT Fernando,Sri Lanka,1,2.0,0,8.0,999.0,pp_heavy,37.9,32.9,23.4,31.4,C+,C+,C+,C,Utility Player,0.0,0.0,,,,0.16,,,0,-1.01,1.0,,,,,,True
270b4de6,NMS Param,Singapore,3,8.0,2,7.12,24.0,middle_heavy,37.9,46.4,25.3,36.5,C+,C+,B,C,Utility Player,0.48,0.0,,,,0.6,,,3,-0.54,1.0,,,,,,True
f29185a1,Abhishek Sharma,India,18,26.5,6,8.87,26.5,middle_heavy,37.9,46.6,3.5,29.3,C,C+,B,D,Utility Player,0.29,0.17,-0.07,-0.11,-0.06,0.57,0.03,,0,-0.2,0.43,-0.04,0.04,0.32,Tough-Track Enforcer,0.55,True
456884dd,LJ Leokaoke,Lesotho,3,9.0,2,6.11,27.0,middle_heavy,37.8,31.7,13.3,27.6,C,C+,C+,D,Utility Player,0.87,0.0,,,,0.56,,,3,-0.73,0.8,,,,,,True
602ebd4c,Sami Sohail,Malawi,30,88.33,37,7.57,14.32,middle_heavy,37.8,43.1,54.1,45.0,B,C+,C+,B,Utility Player,0.77,0.43,0.27,0.69,-0.01,1.31,0.04,-0.28,22,-0.79,0.81,-0.01,0.01,0.22,Tough-Track Enforcer,0.35,False
1d45c01a,A Andrews,Switzerland,3,10.0,5,6.4,12.0,middle_heavy,37.7,33.5,36.1,35.8,C+,C+,C+,C+,Utility Player,0.68,0.0,,,,1.04,,,0,-1.15,1.0,,,,,,True
6dd8b88c,Usama Mir,Pakistan,5,20.0,5,8.75,24.0,middle_heavy,37.7,44.0,37.2,39.6,C+,C+,C+,C+,Utility Player,1.01,0.6,,,,0.63,,,1,-0.41,0.5,,,,,,True
12678cc7,T Cross,Estonia,1,2.0,0,4.5,999.0,middle_heavy,37.7,31.6,17.3,28.9,C,C+,C+,C,Utility Player,0.0,0.0,,,,0.56,,,1,-1.26,1.0,,,,,,True
9c48bdee,H Khuttan,Portugal,3,5.33,1,9.75,32.0,middle_heavy,37.7,26.0,13.4,25.7,C,C+,C,D,Utility Player,0.1,0.0,,,,0.46,,,0,-0.13,0.5,,,,,,True
a143d606,P Pushparajan,Malta,8,19.33,8,7.5,14.5,middle_heavy,37.7,38.0,40.1,38.6,C+,C+,C+,C+,Utility Player,0.56,0.25,,,0.41,1.01,,,3,-0.49,0.67,,,,,,True
29ee9bf9,K Nassoro,Tanzania,52,136.83,45,6.99,18.24,middle_heavy,37.7,35.1,29.5,34.1,C+,C+,C+,C,Utility Player,0.59,0.27,-0.13,0.06,-0.14,1.09,0.02,-0.02,30,-0.88,0.75,-0.09,0.09,-0.03,Conditions-Proof,-0.04,False
3a60e0b5,WD Parnell,South Africa,55,182.33,63,8.44,17.37,pp_heavy,37.7,54.9,58.3,50.3,B,C+,B,B,Utility Player,0.85,0.24,0.24,0.71,-0.21,1.09,0.02,-0.09,12,-0.58,0.63,0.31,-0.31,0.03,Conditions-Proof,-0.18,False
74ef405a,MBS Jonkman,Netherlands,1,3.0,2,7.0,9.0,middle_heavy,37.6,34.6,41.6,37.9,C+,C+,C+,C+,Utility Player,1.2,0.0,,,,0.51,,,1,-1.94,1.0,,,,,,True
a6bab2a9,K Gore,United States of America,8,24.0,12,5.42,12.0,middle_heavy,37.6,40.5,51.9,43.3,C+,C+,C+,B,Utility Player,0.78,0.25,,,-0.63,1.0,,0.23,7,-1.78,0.89,,,,,,True
e23da78c,NK Aneesh Kumar,Switzerland,26,86.33,22,6.86,23.55,middle_heavy,37.6,51.0,40.2,42.9,C+,C+,B,C+,Utility Player,0.59,0.59,0.5,0.98,-0.11,1.35,0.05,-0.01,9,-1.05,0.75,0.23,-0.23,-0.38,Flat-Track Leaker,-0.45,False
fc2ddc2c,H Pieterse,South Africa,1,3.0,1,3.67,18.0,death_heavy,37.6,33.5,26.2,32.4,C+,C+,C+,C,Utility Player,0.8,1.0,,,,0.85,,,0,-1.37,1.0,,,,,,True
eaeb065e,TCW Veillard,Guernsey,3,12.0,6,6.67,12.0,pp_heavy,37.6,34.9,46.9,39.8,C+,C+,C+,B,Utility Player,1.01,0.33,,,,0.8,,,3,-0.9,0.67,,,,,,True
f32dbc84,CJ Chibhabha,Zimbabwe,17,40.0,13,8.1,18.46,middle_heavy,37.5,49.4,37.1,41.3,C+,C+,B,C+,Utility Player,0.63,0.31,0.12,-0.06,0.22,0.88,0.05,,3,-0.67,0.67,0.67,-0.67,0.28,Tough-Track Enforcer,0.32,False
04ab1575,S Ivetic,Serbia,2,1.0,0,5.0,999.0,middle_heavy,37.5,35.7,13.4,28.9,C,C+,C+,D,Utility Player,0.0,0.0,,,,0.69,,,2,,,,,,,,True
64fb6b15,A Bohara,Nepal,57,195.0,77,7.61,15.19,middle_heavy,37.5,32.0,23.8,31.1,C+,C+,C+,C,Utility Player,0.77,0.29,0.19,0.39,0.1,1.0,0.02,0.05,21,-0.74,0.74,-0.14,0.14,0.12,Conditions-Proof,0.1,False
324e5c36,Samarth Shetty,Sweden,3,5.0,3,7.2,10.0,middle_heavy,37.5,40.8,41.9,40.1,C+,C+,C+,C+,Utility Player,0.82,0.67,,,,0.97,,,1,0.62,0.0,,,,,,True
5481bd91,J Hill,Philippines,2,6.0,3,8.33,12.0,middle_heavy,37.4,28.6,37.9,34.6,C+,C+,C,C+,Utility Player,1.25,0.33,,,,0.65,,,2,-0.68,0.67,,,,,,True
8a3756a0,CR Suryawanshi,Singapore,1,2.0,1,6.5,12.0,middle_heavy,37.4,33.8,35.0,35.4,C+,C+,C+,C+,Utility Player,1.1,1.0,,,,0.56,,,1,-0.49,1.0,,,,,,True
737e595d,NK Yadav,Nepal,16,45.83,24,7.96,11.46,pp_heavy,37.4,37.4,68.6,47.8,B,C+,C+,B+,Utility Player,1.01,0.21,0.42,0.09,-0.26,1.18,0.07,-0.22,8,-0.57,0.65,0.32,-0.32,0.21,Conditions-Proof,-0.04,False
b424d3d3,Muhammad Asim,Qatar,19,53.67,18,7.25,17.89,middle_heavy,37.4,46.8,44.9,43.0,C+,C+,B,C+,Utility Player,0.57,0.39,0.29,0.4,0.1,1.09,0.06,0.08,8,-0.72,0.65,0.42,-0.42,-0.1,Conditions-Proof,0.09,False
9f0270e0,AG Cremer,Zimbabwe,29,100.0,35,7.34,17.14,middle_heavy,37.4,57.9,22.1,39.1,C+,C+,B,C,Utility Player,0.88,0.26,0.64,0.63,-0.42,0.95,0.03,,4,-0.78,0.77,0.28,-0.28,-0.25,Flat-Track Leaker,-0.12,False
6eea0b32,Nasir Hossain,Bangladesh,11,29.83,8,8.82,22.38,middle_heavy,37.4,22.7,14.8,25.0,C,C+,C,D,Utility Player,0.75,0.25,-0.31,-0.37,-0.64,0.47,0.04,,3,-0.67,0.75,,,0.22,Tough-Track Enforcer,0.25,True
abbc06cf,L Sanogo,Mali,5,14.0,3,7.79,28.0,pp_heavy,37.4,30.2,27.0,31.5,C+,C+,C+,C,Utility Player,0.41,1.0,,,,0.68,,,5,-0.79,0.71,,,,,,True
3951be49,AB Kamara,Sierra Leone,14,31.0,11,7.0,16.91,pp_heavy,37.3,46.6,49.7,44.5,C+,C+,B,B,Utility Player,0.6,0.45,0.16,0.04,0.25,1.14,0.08,-0.04,5,-1.47,0.77,,,-0.05,Conditions-Proof,0.11,False
e770b214,DL Maddy,England,2,3.0,3,9.0,6.0,middle_heavy,37.3,47.4,61.6,48.8,B,C+,B,B+,Utility Player,1.2,0.33,,,,0.93,,,0,-0.49,1.0,,,,,,True
0996f198,Luka Woods,Serbia,5,16.83,3,6.18,33.67,middle_heavy,37.3,47.4,11.7,32.1,C+,C+,B,D,Utility Player,0.56,0.0,,,,0.76,,,5,-0.37,0.6,,,,,,True
8d0ea930,MS Kasprowicz,Australia,2,7.0,5,8.14,8.4,middle_heavy,37.3,30.7,58.6,42.2,C+,C+,C+,B,Utility Player,1.38,0.2,,,,0.71,,,0,0.25,0.25,,,,,,True
babc65d3,Parveen Kumar,Finland,4,11.0,2,7.0,33.0,middle_heavy,37.2,27.9,4.8,23.3,C,C+,C,D,Utility Player,0.52,0.0,,,,0.44,,,3,-0.39,0.71,,,,,,True
7671203a,M Montgomery,Germany,1,3.0,0,7.0,999.0,middle_heavy,37.2,33.7,16.5,29.1,C,C+,C+,C,Utility Player,0.0,0.0,,,,0.34,,,1,-0.26,1.0,,,,,,True
e20b9b34,Abdullahi Ismail,Nigeria,4,14.0,5,6.86,16.8,pp_heavy,37.2,28.8,36.4,34.1,C+,C+,C,C+,Utility Player,0.94,0.4,,,,0.79,,,0,-0.9,1.0,,,,,,True
e3f53051,T Makaya,Malawi,3,9.0,2,6.0,27.0,middle_heavy,37.2,44.2,18.5,33.3,C+,C+,C+,C,Utility Player,0.9,0.0,,,,0.58,,,3,-0.47,0.67,,,,,,True
f06b5585,P Manning,Cayman Islands,9,17.0,5,7.65,20.4,middle_heavy,37.2,38.6,39.1,38.3,C+,C+,C+,C+,Utility Player,0.47,0.8,,,0.13,0.85,,,9,0.1,0.4,,,,,,True
bf50e8de,Aslam Bera,Zambia,9,27.83,7,7.62,23.86,pp_heavy,37.1,25.5,8.3,23.6,C,C+,C,D,Utility Player,0.7,0.29,,,0.0,0.44,,,4,-0.46,0.91,,,,,,True
91136091,LHB Harrington-Myers,Cayman Islands,2,4.0,2,6.5,12.0,middle_heavy,37.1,26.2,43.0,35.4,C+,C+,C,C+,Utility Player,0.72,0.5,,,,0.57,,,2,-2.31,1.0,,,,,,True
9853b404,ML Castillo,Belize,9,31.0,15,6.45,12.4,middle_heavy,37.1,16.6,44.1,32.6,C+,C+,C,C+,Utility Player,0.84,0.4,,,0.53,0.89,,,9,-1.26,0.92,,,,,,False
2011735e,A Shahi,Cyprus,15,44.0,18,8.0,14.67,pp_heavy,37.1,19.4,38.5,31.7,C+,C+,C,C+,Utility Player,0.75,0.22,0.07,0.23,-0.17,0.83,0.06,,4,-0.87,0.72,-0.91,0.91,0.15,Tough-Track Enforcer,0.4,False
5531248e,MDK Perera,Sri Lanka,3,10.0,3,7.4,20.0,middle_heavy,37.1,32.0,52.6,40.6,C+,C+,C+,B,Utility Player,0.41,1.0,,,,0.64,,,0,-0.68,0.67,,,,,,True
e18e9598,S Vasilakis,Greece,4,10.0,3,7.6,20.0,pp_heavy,37.1,42.4,31.0,36.8,C+,C+,C+,C+,Utility Player,0.75,0.0,,,,0.73,,,4,-0.57,1.0,,,,,,True
17bc032c,C Munoz-Mills,Spain,1,1.0,1,3.0,6.0,death_heavy,37.0,31.7,29.9,32.9,C+,C+,C+,C,Utility Player,1.5,0.0,,,,0.98,,,0,,,,,,,,True
402f8494,RJ Gleeson,England,6,21.0,9,8.95,14.0,middle_heavy,37.0,36.8,54.0,42.6,C+,C+,C+,B,Utility Player,1.02,0.22,,,,0.78,,,0,-0.11,0.5,,,,,,True
78bb68d4,Y Cariah,West Indies,2,6.0,1,7.17,36.0,middle_heavy,36.9,32.0,16.4,28.4,C,C+,C+,C,Utility Player,0.55,0.0,,,,0.22,,,0,-0.73,1.0,,,,,,True
f91c322b,T Britton,Jersey,1,4.0,2,5.25,12.0,middle_heavy,36.9,36.4,33.6,35.6,C+,C+,C+,C+,Utility Player,1.05,0.0,,,,0.68,,,1,-0.3,1.0,,,,,,True
a18461a2,KD Mehta,Czech Republic,2,7.0,4,6.14,10.5,middle_heavy,36.9,40.8,40.4,39.4,C+,C+,C+,C+,Utility Player,1.23,0.0,,,,1.1,,,0,-1.72,1.0,,,,,,True
f9e6e7ef,Shahbaz Ahmed,India,1,2.0,1,6.5,12.0,middle_heavy,36.8,28.9,31.4,32.4,C+,C+,C,C+,Utility Player,0.5,0.0,,,,0.23,,,0,,,,,,,,True
ac387889,Sharif Asadullah,United Arab Emirates,1,3.0,2,7.0,9.0,pp_heavy,36.8,33.3,45.7,38.6,C+,C+,C+,B,Utility Player,1.3,0.0,,,,0.51,,,1,-0.3,1.0,,,,,,True
f992c8da,Yash Talati,Kenya,1,4.0,3,2.0,8.0,middle_heavy,36.8,30.3,36.8,34.6,C+,C+,C+,C+,Utility Player,1.0,0.67,,,,1.25,,,0,-2.3,1.0,,,,,,True
d1c94b25,CK Langeveldt,South Africa,8,29.0,15,8.14,11.6,pp_heavy,36.8,28.1,72.4,45.8,B,C+,C,B+,Utility Player,1.03,0.47,,,0.07,0.95,,,3,-0.86,0.73,,,,,,True
9865ed99,Asif Bevinje,Romania,9,30.83,14,7.75,13.21,pp_heavy,36.7,34.3,49.8,40.3,C+,C+,C+,B,Utility Player,0.96,0.57,,,0.0,1.29,,,1,-0.77,0.75,,,,,,False
7805af0f,NM Carter,Scotland,3,11.0,2,8.82,33.0,pp_heavy,36.7,31.8,24.7,31.1,C+,C+,C+,C,Utility Player,1.0,1.0,,,,0.32,,,3,-0.19,0.8,,,,,,True
79b2d37a,Adnan Gondal,Portugal,1,2.0,2,3.5,6.0,death_heavy,36.7,33.8,31.0,33.8,C+,C+,C+,C+,Utility Player,0.65,0.0,,,,1.0,,,1,-1.94,1.0,,,,,,True
d11272c4,E Samson,Israel,2,5.0,3,7.2,10.0,pp_heavy,36.7,38.0,39.7,38.1,C+,C+,C+,C+,Utility Player,1.32,0.0,,,,0.78,,,2,,,,,,,,True
e7ba1233,S Matsikenyeri,Zimbabwe,2,1.67,0,7.8,999.0,middle_heavy,36.6,44.6,7.9,29.7,C,C+,C+,D,Utility Player,0.0,0.0,,,,0.35,,,2,,,,,,,,True
c5147782,ARH Patel,Costa Rica,1,1.0,0,4.0,999.0,middle_heavy,36.6,33.7,21.9,30.7,C+,C+,C+,C,Utility Player,0.0,0.0,,,,0.72,,,1,,,,,,,,True
7b953689,MP Kuhnemann,Australia,8,27.0,3,8.15,54.0,middle_heavy,36.6,49.6,1.6,29.3,C,C+,B,D,Utility Player,0.55,0.0,,,-0.38,0.49,,,0,-0.14,0.62,,,,,,True
094ebfb6,R Avery,Brazil,8,26.0,9,7.12,17.33,middle_heavy,36.6,32.5,39.1,36.1,C+,C+,C+,C+,Utility Player,0.52,0.44,,,0.23,0.94,,,8,-0.61,0.64,,,,,,True
58a7f842,Baz Aybui,Sweden,8,20.0,8,7.0,15.0,middle_heavy,36.6,38.5,40.4,38.5,C+,C+,C+,C+,Utility Player,0.89,0.38,,,0.05,0.96,,,4,-0.91,0.67,,,,,,True
9b8a3c39,Muhammad Musa,Pakistan,2,7.83,0,7.91,999.0,middle_heavy,36.5,35.9,13.8,28.7,C,C+,C+,D,Utility Player,0.0,0.0,,,,0.27,,,1,0.13,0.33,,,,,,True
244048f6,Arshdeep Singh,India,77,273.17,128,8.81,12.8,pp_heavy,36.5,27.9,90.0,51.7,B,C+,C,A+,Strike Bowler,0.96,0.25,0.33,0.52,0.13,1.46,0.02,,4,-0.72,0.7,0.04,-0.04,-0.08,Conditions-Proof,-0.06,False
01b0d0a4,J Proctor,Bermuda,11,33.33,10,6.45,20.0,pp_heavy,36.5,32.5,18.6,29.2,C,C+,C+,C,Utility Player,0.78,0.2,-0.22,0.01,-0.18,0.55,0.05,-0.39,9,-0.97,0.79,,,-0.25,Flat-Track Leaker,,False
b2431c60,Sheraz Sirwari,Switzerland,5,16.5,4,7.7,24.75,pp_heavy,36.5,40.7,26.2,34.5,C+,C+,C+,C,Utility Player,0.28,0.5,,,,0.74,,,1,-0.63,1.0,,,,,,True
65dadc70,Ankit Dubey,Sweden,2,5.0,3,4.6,10.0,middle_heavy,36.5,35.9,42.0,38.1,C+,C+,C+,C+,Utility Player,0.4,1.0,,,,1.08,,,2,-0.36,1.0,,,,,,True
6a986c7c,Bhumeshswar Jagroo,Bahamas,2,2.0,0,8.5,999.0,middle_heavy,36.5,39.8,11.0,29.1,C,C+,C+,D,Utility Player,0.0,0.0,,,,0.43,,,2,-1.26,1.0,,,,,,True
48adc7d3,Ahmed Raid,Maldives,1,2.0,0,7.0,999.0,middle_heavy,36.5,43.9,17.4,32.6,C+,C+,C+,C,Utility Player,0.0,0.0,,,,0.43,,,1,-0.09,0.5,,,,,,True
a69e2964,OJ Webster,Isle of Man,5,19.0,7,6.95,16.29,middle_heavy,36.5,35.3,38.8,36.9,C+,C+,C+,C+,Utility Player,0.87,0.43,,,,0.89,,,5,-1.16,1.0,,,,,,True
34b332d3,DC Drakes,West Indies,10,32.0,6,9.25,32.0,middle_heavy,36.5,33.6,2.2,24.1,C,C+,C+,D,Utility Player,0.81,0.17,0.15,-0.2,-0.11,0.41,0.04,,0,-0.19,0.55,,,-0.11,Conditions-Proof,,False
bbfdb0c8,Mobashar Ashraf,France,2,4.0,2,6.25,12.0,middle_heavy,36.5,34.5,42.0,37.7,C+,C+,C+,C+,Utility Player,0.48,0.5,,,,0.8,,,1,-0.82,1.0,,,,,,True
37d8d19a,Muslim Yar,Germany,44,149.83,55,6.76,16.35,middle_heavy,36.4,53.7,57.4,49.2,B,C+,B,B,Utility Player,0.92,0.22,0.4,0.57,0.02,1.47,0.03,0.07,25,-1.12,0.77,0.09,-0.09,0.0,Conditions-Proof,-0.08,False
17e2a2d6,R Dianish,Malta,2,3.0,1,7.67,18.0,middle_heavy,36.4,33.8,16.3,28.8,C,C+,C+,C,Utility Player,0.7,0.0,,,,0.55,,,2,-0.97,0.5,,,,,,True
ec5160d7,J Broad,Germany,6,11.5,3,8.17,23.0,death_heavy,36.4,31.2,17.1,28.2,C,C+,C+,C,Utility Player,0.53,0.33,,,-0.2,0.76,,,3,-0.75,0.75,,,,,,True
1a8eebbe,Shafiul Islam,Bangladesh,19,62.67,22,8.3,17.09,pp_heavy,36.4,35.6,45.4,39.1,C+,C+,C+,B,Utility Player,0.79,0.27,0.16,0.16,-0.23,0.74,0.04,,3,-0.71,0.76,-0.15,0.15,0.01,Conditions-Proof,-0.01,False
7d32d965,RT Lyons,Scotland,1,4.0,2,7.0,12.0,middle_heavy,36.3,29.3,38.8,34.8,C+,C+,C,C+,Utility Player,1.45,0.0,,,,0.38,,,1,-1.13,1.0,,,,,,True
e01d2dae,Ikbal Hossain,France,3,10.0,3,6.3,20.0,pp_heavy,36.3,38.7,38.9,38.0,C+,C+,C+,C+,Utility Player,0.49,0.33,,,,0.91,,,2,-1.24,1.0,,,,,,True
86b4bf88,MJ Swepson,Australia,8,25.0,11,8.2,13.64,middle_heavy,36.3,33.8,53.0,41.0,C+,C+,C+,B,Utility Player,1.0,0.27,,,-0.07,0.78,,,0,-0.5,0.62,,,,,,True
5e0bb751,Shagharai Sefat,Belgium,4,16.0,9,7.19,10.67,middle_heavy,36.3,40.2,53.1,43.2,C+,C+,C+,B,Utility Player,0.98,0.44,,,,1.23,,,3,-0.29,0.57,,,,,,True
20ca18bc,RE Francis,Tanzania,2,5.0,0,6.0,999.0,middle_heavy,36.3,37.2,16.4,30.0,C+,C+,C+,C,Utility Player,0.0,0.0,,,,0.41,,,0,-0.84,1.0,,,,,,True
15322a7b,TA Dudnath,Suriname,2,5.0,3,7.0,10.0,pp_heavy,36.3,32.9,43.5,37.6,C+,C+,C+,C+,Utility Player,1.32,0.33,,,,0.8,,,2,-1.47,1.0,,,,,,True
b5aa28ce,Yves Cyusa,Rwanda,11,31.0,8,6.58,23.25,middle_heavy,36.2,33.3,13.2,27.6,C,C+,C+,D,Utility Player,0.52,0.38,-0.25,-0.06,-0.03,0.67,0.06,,2,-0.97,0.78,,,-0.04,Conditions-Proof,,False
6a685375,JB Reva,Papua New Guinea,8,21.17,9,7.18,14.11,middle_heavy,36.2,27.3,50.0,37.8,C+,C+,C,B,Utility Player,0.85,0.56,,,0.18,0.81,,0.51,6,-1.47,0.89,,,,,,True
ede30898,D St Ange,Turks and Caicos Island,4,11.0,3,6.18,22.0,middle_heavy,36.2,33.4,33.4,34.3,C+,C+,C+,C+,Utility Player,0.68,0.67,,,,0.96,,,2,-1.57,0.6,,,,,,True
730d2283,Saghir Khan,United Arab Emirates,6,21.0,10,8.52,12.6,middle_heavy,36.2,34.2,54.9,41.8,C+,C+,C+,B,Utility Player,1.02,0.2,,,-0.02,0.86,,,0,-0.68,0.71,,,,,,True
865d671f,Tarun Yadav,Bulgaria,3,3.83,2,5.74,11.5,death_heavy,36.2,41.3,35.6,37.7,C+,C+,C+,C+,Utility Player,0.12,1.0,,,,1.46,,,2,-1.94,1.0,,,,,,True
03a83c50,V Viyaskanth,Sri Lanka,1,4.0,0,7.0,999.0,middle_heavy,36.2,38.1,24.6,33.0,C+,C+,C+,C,Utility Player,0.0,0.0,,,,0.25,,,1,-0.64,0.5,,,,,,True
3a026eb4,Rizwan Cheema,Canada,8,24.0,5,7.96,28.8,middle_heavy,36.2,19.5,1.1,18.9,C,C+,C,D,Utility Player,0.66,0.0,,,-0.49,0.32,,-0.26,6,-0.67,0.9,,,,,,True
3df8f9d5,Vishil Patel,Kenya,13,38.0,14,7.21,16.29,middle_heavy,36.2,41.5,45.0,40.9,C+,C+,C+,B,Utility Player,0.74,0.21,0.36,0.42,-0.67,1.01,0.08,0.01,5,-0.92,0.74,,,-0.46,Flat-Track Leaker,-0.39,False
6c75310b,J Lewis,England,2,7.0,5,8.0,8.4,pp_heavy,36.1,27.1,59.8,41.0,C+,C+,C,B,Utility Player,1.05,0.0,,,,0.62,,,0,-0.74,0.67,,,,,,True
33cb3411,Younis Khan,Pakistan,1,3.67,3,5.45,7.33,middle_heavy,36.1,26.3,42.0,34.8,C+,C+,C,C+,Utility Player,0.63,0.33,,,,0.6,,,0,,,,,,,,True
9de62878,Shadab Khan,Pakistan,110,385.17,131,7.55,17.64,middle_heavy,36.1,69.5,45.7,50.4,B,C+,B+,B,Utility Player,0.78,0.27,0.53,1.12,-0.11,1.42,0.01,-0.15,9,-0.81,0.76,-0.08,0.08,-0.06,Conditions-Proof,-0.13,False
f476d2a5,Asad Ali,Pakistan,2,4.0,0,8.25,999.0,pp_heavy,36.1,33.8,12.2,27.4,C,C+,C+,D,Utility Player,0.0,0.0,,,,0.22,,,1,-0.66,1.0,,,,,,True
89e17934,Ali Waqar,Czech Republic,5,16.0,3,8.44,32.0,pp_heavy,36.0,32.2,12.1,26.8,C,C+,C+,D,Utility Player,0.42,0.67,,,,0.45,,,0,-0.85,0.83,,,,,,True
5750bcb4,E Malinga,Sri Lanka,8,22.83,10,9.68,13.7,middle_heavy,36.0,11.6,64.7,37.4,C+,C+,D,B+,Utility Player,0.76,0.6,,,0.44,0.79,,,3,-0.54,0.62,,,,,,True
2fd4669a,Waqas Ali,Belgium,2,4.67,3,7.71,9.33,middle_heavy,36.0,28.2,34.4,32.9,C+,C+,C,C+,Utility Player,0.37,0.33,,,,0.8,,,2,-1.42,1.0,,,,,,True
a879b92c,W Madhevere,Zimbabwe,35,68.0,16,7.16,25.5,middle_heavy,36.0,51.2,14.8,34.0,C+,C+,B,D,Utility Player,0.36,0.62,-0.11,0.46,-0.19,0.92,0.03,0.13,12,-0.98,0.75,0.03,-0.03,-0.03,Conditions-Proof,-0.22,False
40ee633c,S Austin,Cyprus,5,13.0,7,6.31,11.14,middle_heavy,35.9,41.2,37.9,38.3,C+,C+,C+,C+,Utility Player,0.77,0.29,,,,1.17,,,0,-1.77,0.8,,,,,,True
27b8d7b6,K Birkenstock,Namibia,3,4.0,1,8.25,24.0,middle_heavy,35.9,41.0,16.0,31.0,C+,C+,C+,C,Utility Player,0.37,0.0,,,,0.37,,,1,-1.13,1.0,,,,,,True
f752db61,JL Pattinson,Australia,4,13.0,3,8.08,26.0,middle_heavy,35.9,15.7,29.5,27.0,C,C+,C,C,Utility Player,0.57,0.33,,,,0.29,,,0,0.16,0.5,,,,,,True
9f16f7c8,J Dowling,Bulgaria,7,16.0,6,7.81,16.0,pp_heavy,35.9,34.5,35.8,35.4,C+,C+,C+,C+,Utility Player,0.55,0.33,,,0.45,0.88,,,3,-0.87,0.75,,,,,,True
2957a836,GJP Kruger,South Africa,1,4.0,0,8.5,999.0,pp_heavy,35.9,38.6,19.7,31.4,C+,C+,C+,C,Utility Player,0.0,0.0,,,,0.22,,,0,-0.4,1.0,,,,,,True
9d710afe,DR Flynn,New Zealand,1,1.0,0,7.0,999.0,death_heavy,35.9,44.7,23.5,34.7,C+,C+,C+,C,Utility Player,0.0,0.0,,,,0.34,,,1,,,,,,,,True
c343a8c6,H Lin Aung,Myanmar,20,55.0,23,7.16,14.35,middle_heavy,35.9,31.8,51.5,39.7,C+,C+,C+,B,Utility Player,0.68,0.09,0.22,-0.03,0.27,1.31,0.07,-0.41,11,-0.91,0.8,0.39,-0.39,-0.18,Conditions-Proof,,False
3edb58fc,AD Mascarenhas,England,14,42.0,14,7.6,18.0,middle_heavy,35.9,59.3,52.7,49.3,B,C+,B,B,Utility Player,0.74,0.29,0.26,-0.07,-0.07,1.05,0.08,,3,-0.61,0.61,-0.63,0.63,-0.35,Flat-Track Leaker,-0.15,False
34cb2f69,Hamza Tahir,Scotland,15,58.0,22,8.36,15.82,middle_heavy,35.8,43.2,50.0,43.0,C+,C+,C+,B,Utility Player,0.98,0.36,0.55,0.4,-0.69,0.98,0.07,-0.06,6,-0.65,0.69,-0.07,0.07,-0.34,Flat-Track Leaker,-0.27,False
00c98c78,NH Ekanayake,Bahamas,3,9.83,3,6.1,19.67,middle_heavy,35.8,29.7,21.7,29.1,C,C+,C,C,Utility Player,0.58,0.0,,,,0.53,,,3,-0.83,1.0,,,,,,True
5b8fffb4,GD Drummond,Scotland,6,20.0,5,8.05,24.0,pp_heavy,35.8,38.6,13.3,29.2,C,C+,C+,D,Utility Player,0.78,0.0,,,-0.02,0.36,,-0.55,5,-0.14,0.44,,,,,,True
732ce0c2,G Mubiru,Uganda,3,9.0,4,5.33,13.5,middle_heavy,35.8,29.2,38.2,34.4,C+,C+,C,C+,Utility Player,0.73,0.5,,,,0.83,,,2,-1.33,1.0,,,,,,True
d11e0c76,Sanjay Kumar Ahir,Panama,7,12.0,3,6.83,24.0,pp_heavy,35.8,22.9,21.1,26.6,C,C+,C,C,Utility Player,0.64,0.33,,,0.7,0.5,,0.04,6,-1.36,1.0,,,,,,True
a9ddd37d,MNR Cooray,Maldives,4,14.33,3,6.7,28.67,middle_heavy,35.8,46.7,14.5,32.3,C+,C+,B,D,Utility Player,0.57,0.33,,,,0.6,,,1,-0.81,0.57,,,,,,True
3847ec84,JI de Villiers,Namibia,7,20.0,3,8.35,40.0,middle_heavy,35.8,38.7,1.7,25.4,C,C+,C+,D,Utility Player,0.35,0.0,,,-0.08,0.46,,,3,-0.51,0.75,,,,,,True
26534b48,AM Guruge,United Arab Emirates,5,16.0,5,7.88,19.2,pp_heavy,35.8,41.5,45.7,41.0,C+,C+,C+,B,Utility Player,0.84,0.2,,,,0.67,,,3,0.2,0.6,,,,,,True
f6b4f746,Ahmed Faiz,Malaysia,5,7.17,1,6.14,43.0,middle_heavy,35.7,11.4,0.4,15.8,C,C+,D,D,Utility Player,0.16,0.0,,,,0.23,,,2,-1.91,1.0,,,,,,True
aad0c365,Nithish Kumar Reddy,India,3,9.0,3,8.44,18.0,death_heavy,35.7,26.5,21.7,28.0,C,C+,C,C,Utility Player,0.52,0.0,,,,0.45,,,0,0.41,0.33,,,,,,True
26c9b5be,R Baaleri,Ghana,12,36.33,18,7.24,12.11,middle_heavy,35.7,33.8,58.7,42.7,C+,C+,C+,B,Utility Player,0.61,0.61,0.44,0.7,0.28,1.43,0.12,0.5,10,-0.62,0.67,,,-0.1,Conditions-Proof,-0.12,False
3a82673c,V Mitari,Rwanda,12,33.0,14,6.88,14.14,pp_heavy,35.7,22.1,41.3,33.0,C+,C+,C,C+,Utility Player,0.88,0.36,-0.1,0.31,-0.7,0.74,0.06,0.25,8,-0.84,0.75,-0.06,0.06,0.0,Conditions-Proof,-0.08,False
809ab8d4,S Tarawally,Sierra Leone,6,19.0,2,6.21,57.0,pp_heavy,35.6,25.7,0.9,20.7,C,C+,C,D,Utility Player,0.33,0.0,,,-0.51,0.35,,,3,-1.3,0.86,,,,,,True
e91933cb,CC Blake,Vanuatu,3,8.0,1,6.25,48.0,pp_heavy,35.6,27.4,7.6,23.5,C,C+,C,D,Utility Player,0.5,0.0,,,,0.32,,,3,-0.92,0.75,,,,,,True
1e569fb0,S Veerapathiran,Bahrain,38,116.0,44,8.23,15.82,middle_heavy,35.6,18.8,46.1,33.5,C+,C+,C,B,Utility Player,0.92,0.23,0.14,0.23,-0.34,1.01,0.03,-0.19,16,-0.65,0.79,-0.16,0.16,-0.18,Flat-Track Leaker,-0.09,False
d146924b,Raza-ur-Rehman,Canada,3,9.0,2,6.44,27.0,middle_heavy,35.5,40.8,29.4,35.2,C+,C+,C+,C,Utility Player,0.43,0.5,,,,0.55,,,2,-0.94,1.0,,,,,,True
3b2ca392,Shunan Ali,Maldives,9,26.0,10,6.73,15.6,middle_heavy,35.5,40.9,42.5,39.6,C+,C+,C+,C+,Utility Player,0.82,0.3,,,-0.32,1.04,,-0.01,5,-0.64,0.75,,,,,,True
092ccf20,JS Kundi,Kenya,9,13.0,4,7.23,19.5,middle_heavy,35.5,20.6,23.0,26.4,C,C+,C,C,Utility Player,0.21,0.25,,,-0.49,0.54,,0.18,5,-0.93,0.8,,,,,,True
0d24b1f7,UKPW Kumaranayaka,Kuwait,3,10.0,1,7.2,60.0,middle_heavy,35.4,33.6,10.4,26.5,C,C+,C+,D,Utility Player,0.47,0.0,,,,0.38,,,0,-0.64,0.6,,,,,,True
13f21a98,Alexandros Karvelas,Greece,3,12.0,2,7.5,36.0,pp_heavy,35.4,32.8,5.1,24.4,C,C+,C+,D,Utility Player,0.83,0.0,,,,0.45,,,3,-0.3,0.5,,,,,,True
d35a520a,Omar Hayat,Denmark,6,16.0,10,7.69,9.6,middle_heavy,35.4,20.4,50.9,35.6,C+,C+,C,B,Utility Player,0.95,0.2,,,-0.24,0.95,,,3,-0.89,0.78,,,,,,True
4551ed03,Fazil Muhammad,South Korea,5,13.83,5,7.45,16.6,pp_heavy,35.4,25.3,36.1,32.3,C+,C+,C,C+,Utility Player,0.4,0.8,,,,0.64,,,5,-0.91,0.71,,,,,,True
e2ee90d9,MA Aponso,Sri Lanka,3,10.0,4,7.9,15.0,pp_heavy,35.4,45.7,47.1,42.7,C+,C+,B,B,Utility Player,1.38,0.25,,,,0.62,,,0,-0.42,0.6,,,,,,True
54725e8b,IH Romaine,Bermuda,1,2.67,0,7.5,999.0,middle_heavy,35.4,32.7,16.5,28.2,C,C+,C+,C,Utility Player,0.0,0.0,,,,0.22,,,1,-0.33,0.5,,,,,,True
9811e35e,Gulsan Jha,Nepal,33,85.33,29,7.49,17.66,middle_heavy,35.4,49.4,46.4,43.7,C+,C+,B,B,Utility Player,0.72,0.24,-0.03,0.3,-0.08,1.18,0.04,0.14,13,-0.8,0.82,-0.06,0.06,0.09,Conditions-Proof,0.11,False
119678fd,KV Sharma,India,1,4.0,1,7.25,24.0,middle_heavy,35.4,31.8,30.1,32.4,C+,C+,C+,C+,Utility Player,1.2,0.0,,,,0.18,,,0,-0.37,0.5,,,,,,True
f846de6a,MN Samuels,West Indies,30,80.83,27,7.98,17.96,middle_heavy,35.4,40.5,30.5,35.5,C+,C+,C+,C+,Utility Player,0.73,0.15,0.03,0.43,-0.24,0.89,0.03,0.02,9,-0.41,0.69,0.27,-0.27,-0.15,Conditions-Proof,-0.16,False
f1c4f2ea,A Nathwani,Austria,15,49.0,15,7.49,19.6,pp_heavy,35.4,28.3,23.7,29.1,C,C+,C,C,Utility Player,0.97,0.2,0.3,0.66,-0.27,0.6,0.04,-0.23,13,-0.97,0.64,-0.06,0.06,-0.23,Flat-Track Leaker,-0.59,False
00467a76,S Bodha,Gibraltar,29,88.0,39,8.36,13.54,middle_heavy,35.3,29.5,57.1,40.6,C+,C+,C,B,Utility Player,0.88,0.23,0.36,0.19,-0.24,1.44,0.05,-0.14,10,-0.44,0.66,-0.11,0.11,-0.09,Conditions-Proof,-0.2,False
4709e746,Shakeel Zeb,Denmark,3,10.5,5,7.71,12.6,pp_heavy,35.3,29.6,40.3,35.1,C+,C+,C,C+,Utility Player,0.67,0.0,,,,0.72,,,0,-0.57,0.75,,,,,,True
21526a38,E Jabarkhel,Luxembourg,8,30.67,7,8.22,26.29,pp_heavy,35.3,35.7,20.4,30.5,C+,C+,C+,C,Utility Player,0.79,0.43,,,0.0,0.63,,,2,-0.87,0.69,,,,,,False
557550a4,Hamza Dar,Spain,9,12.0,3,8.67,24.0,pp_heavy,35.2,40.8,12.7,29.6,C,C+,C+,D,Utility Player,0.36,0.67,,,-0.29,0.57,,,3,0.8,0.33,,,,,,True
e9e37173,A Busing-Volschenk,Namibia,2,7.0,4,7.86,10.5,middle_heavy,35.2,28.2,48.0,37.1,C+,C+,C,B,Utility Player,1.4,0.0,,,,0.63,,,1,-0.51,0.67,,,,,,True
601544aa,Osama Mahmood,Switzerland,5,16.0,4,7.0,24.0,middle_heavy,35.2,25.4,16.1,25.6,C,C+,C,C,Utility Player,0.43,0.0,,,,0.58,,,1,-1.13,0.86,,,,,,True
7267e3cd,Ibrahim Rizan,Maldives,31,93.33,30,7.09,18.67,middle_heavy,35.2,44.0,34.3,37.8,C+,C+,C+,C+,Utility Player,0.61,0.33,-0.31,0.25,-0.34,1.1,0.04,-0.45,20,-0.99,0.76,0.66,-0.66,-0.12,Conditions-Proof,-0.31,False
24076663,Oliver Rowe,Argentina,1,2.0,1,3.5,12.0,middle_heavy,35.2,24.5,27.0,28.9,C,C+,C,C,Utility Player,1.1,0.0,,,,0.63,,,0,-1.74,1.0,,,,,,True
de063a39,LD Madushanka,Sri Lanka,1,4.0,0,9.0,999.0,pp_heavy,35.1,22.7,12.3,23.4,C,C+,C,D,Utility Player,0.0,0.0,,,,0.08,,,0,-0.51,1.0,,,,,,True
bed90114,JA Clarkson,New Zealand,1,1.0,1,9.0,6.0,middle_heavy,35.1,37.6,46.4,39.7,C+,C+,C+,B,Utility Player,1.2,0.0,,,,0.51,,,0,,,,,,,,True
3b107df5,ME Leoela,Lesotho,1,3.0,1,6.67,18.0,death_heavy,35.1,27.6,23.5,28.7,C,C+,C,C,Utility Player,1.4,0.0,,,,0.57,,,1,-1.13,1.0,,,,,,True
96f5b685,AA Paradkar,United States of America,3,9.0,4,8.0,13.5,middle_heavy,35.1,29.6,39.6,34.8,C+,C+,C,C+,Utility Player,0.47,0.25,,,,0.52,,,1,0.21,0.67,,,,,,True
2bfec670,H Kaushik,United Arab Emirates,7,17.0,2,7.18,51.0,middle_heavy,35.1,36.6,4.3,25.3,C,C+,C+,D,Utility Player,0.43,0.5,,,-0.09,0.43,,,3,-0.7,0.67,,,,,,True
e45810ed,Abdul-Shakoor Rahimzei,Germany,7,16.5,6,6.0,16.5,middle_heavy,35.1,38.8,35.5,36.5,C+,C+,C+,C+,Utility Player,0.76,0.17,,,0.06,0.78,,0.19,5,-1.59,1.0,,,,,,True
177a648d,PPS Win,Myanmar,2,5.0,2,5.6,15.0,middle_heavy,35.1,30.4,29.0,31.5,C+,C+,C+,C,Utility Player,0.62,0.5,,,,0.76,,,0,-1.31,1.0,,,,,,True
ecd41f8c,J Yon,St Helena,2,5.0,4,3.0,7.5,middle_heavy,35.1,28.5,44.4,36.0,C+,C+,C,C+,Utility Player,0.45,1.0,,,,1.01,,,2,-3.55,1.0,,,,,,True
d32f3102,Hassan Nasir,Mexico,1,2.0,0,5.5,999.0,pp_heavy,35.1,30.2,12.3,25.9,C,C+,C+,D,Utility Player,0.0,0.0,,,,0.51,,,0,-0.87,1.0,,,,,,True
2d94751e,Omid Mailk Khel,Belgium,1,2.0,0,5.5,999.0,middle_heavy,35.0,34.6,21.0,30.2,C+,C+,C+,C,Utility Player,0.0,0.0,,,,0.42,,,1,-0.68,1.0,,,,,,True
1b62ed99,Anskumar Ahir,Panama,2,5.67,1,6.53,34.0,pp_heavy,35.0,28.3,12.7,25.3,C,C+,C,D,Utility Player,0.25,0.0,,,,0.49,,,1,-1.11,1.0,,,,,,True
e2d1822f,AUKDS Kalugala,Cyprus,3,7.0,3,7.29,14.0,death_heavy,35.0,31.4,27.1,31.2,C+,C+,C+,C,Utility Player,0.58,0.33,,,,0.95,,,0,-1.39,1.0,,,,,,True
cab3f89a,Gaurav Tiwari,Indonesia,17,55.83,16,6.72,20.94,middle_heavy,35.0,49.0,47.4,43.8,C+,C+,B,B,Utility Player,0.58,0.5,0.3,0.18,-0.07,1.26,0.07,-0.03,11,-1.19,0.84,-0.02,0.02,-0.31,Conditions-Proof,-0.03,False
11614d87,D Pretorius,South Africa,27,84.0,35,8.36,14.4,middle_heavy,34.9,40.6,57.0,44.2,C+,C+,C+,B,Utility Player,0.87,0.17,0.36,0.32,0.13,1.07,0.04,,3,-0.72,0.65,0.24,-0.24,0.0,Conditions-Proof,-0.24,False
1fbc10cd,S Kruger,Argentina,1,4.0,0,6.75,999.0,middle_heavy,34.9,36.5,17.8,29.7,C,C+,C+,C,Utility Player,0.0,0.0,,,,0.35,,,0,-0.54,1.0,,,,,,True
3cacbb57,A Martin,West Indies,1,3.0,1,6.67,18.0,middle_heavy,34.9,36.0,32.9,34.6,C+,C+,C+,C+,Utility Player,1.5,0.0,,,,0.3,,,1,-2.49,1.0,,,,,,True
e7e86505,B Evans,Zimbabwe,28,93.67,46,8.27,12.22,pp_heavy,34.9,25.5,77.4,45.9,B,C+,C,A,Utility Player,0.91,0.24,0.28,0.06,-0.02,1.23,0.04,0.4,7,-0.61,0.63,-0.39,0.39,0.08,Conditions-Proof,0.04,False
8299b9a2,Sher Sahak,Norway,15,34.33,18,7.19,11.44,pp_heavy,34.8,22.7,58.5,38.7,C+,C+,C,B,Utility Player,0.84,0.33,-0.65,0.15,0.08,1.06,0.07,-0.28,7,-1.36,0.82,0.12,-0.12,0.6,Tough-Track Enforcer,0.99,False
9db1b072,SM Dhakal,Nepal,2,6.0,1,7.33,36.0,middle_heavy,34.8,32.3,12.9,26.7,C,C+,C+,D,Utility Player,0.4,0.0,,,,0.28,,,0,-0.83,0.75,,,,,,True
a319edf8,AT Nidamanuru,Netherlands,1,4.0,3,7.5,8.0,middle_heavy,34.8,36.8,48.0,39.9,C+,C+,C+,B,Utility Player,1.37,0.0,,,,0.65,,,0,0.62,0.0,,,,,,True
31c04b7b,CJPF Kalugamage,Italy,21,67.83,25,7.14,16.28,middle_heavy,34.8,59.8,52.1,48.9,B,C+,B,B,Utility Player,0.63,0.16,0.3,0.18,-0.22,1.27,0.06,-0.4,15,-0.57,0.73,0.0,-0.0,-0.35,Flat-Track Leaker,-0.15,False
9ac70727,Sohel Patel,Panama,5,15.0,6,5.93,15.0,middle_heavy,34.7,37.4,45.7,39.3,C+,C+,C+,B,Utility Player,0.74,0.5,,,,0.98,,,4,-1.24,0.83,,,,,,True
3f659464,OP Stone,England,1,4.0,0,9.0,999.0,pp_heavy,34.7,35.8,14.5,28.3,C,C+,C+,D,Utility Player,0.0,0.0,,,,0.18,,,0,-0.03,0.5,,,,,,True
50dbc953,Ayyaz Qureshi,Slovenia,4,13.33,5,8.55,16.0,pp_heavy,34.7,38.8,26.6,33.4,C+,C+,C+,C,Utility Player,0.66,0.2,,,,0.72,,,3,-0.58,0.67,,,,,,True
cdc6bdba,S Sandeep Warrier,India,1,3.0,0,7.67,999.0,middle_heavy,34.7,21.4,22.2,26.1,C,C+,C,C,Utility Player,0.0,0.0,,,,0.09,,,1,-0.63,1.0,,,,,,True
321be7e3,A Ashok,New Zealand,1,4.0,2,7.0,12.0,middle_heavy,34.7,33.7,37.5,35.3,C+,C+,C+,C+,Utility Player,1.1,0.0,,,,0.42,,,0,-0.96,0.67,,,,,,True
032c7eab,Khaibar Deldar,Hungary,5,12.0,4,10.25,18.0,middle_heavy,34.7,20.1,18.8,24.5,C,C+,C,C,Utility Player,0.81,0.25,,,,0.52,,,0,-0.34,0.67,,,,,,True
314642ed,K Sinclair,West Indies,6,18.0,4,8.39,27.0,pp_heavy,34.7,33.1,13.6,27.1,C,C+,C+,D,Utility Player,0.73,0.25,,,0.59,0.28,,,0,-0.35,0.71,,,,,,True
d754fde8,Zaheer Ibrahim,Qatar,1,1.0,0,3.0,999.0,death_heavy,34.7,30.0,15.2,26.6,C,C+,C+,C,Utility Player,0.0,0.0,,,,0.65,,,1,,,,,,,,True
a2f46292,KK Ahmed,India,18,66.0,17,8.73,23.29,pp_heavy,34.7,35.0,17.4,29.0,C,C+,C+,C,Utility Player,0.83,0.35,-0.12,-0.38,-0.36,0.52,0.03,,2,-0.4,0.59,-0.22,0.22,-0.01,Conditions-Proof,-0.07,False
83b3a4eb,Mohammed Aslam,Qatar,1,4.0,3,5.0,8.0,middle_heavy,34.6,30.9,40.1,35.2,C+,C+,C+,C+,Utility Player,1.23,0.67,,,,0.89,,,1,-0.97,1.0,,,,,,True
4a36c370,N Madziva,Zimbabwe,12,39.83,15,8.69,15.93,pp_heavy,34.6,30.1,34.9,33.2,C+,C+,C+,C+,Utility Player,0.58,0.27,0.02,-0.38,-0.43,0.55,0.05,,2,-0.93,0.85,-0.37,0.37,0.38,Tough-Track Enforcer,0.2,False
86cd782f,Mehrab Hossain jnr,Bangladesh,1,2.83,0,7.06,999.0,middle_heavy,34.6,36.2,23.3,31.4,C+,C+,C+,C,Utility Player,0.0,0.0,,,,0.21,,,1,-0.68,1.0,,,,,,True
b64e0295,S Vithayathil,Turks and Caicos Island,1,3.0,2,2.67,9.0,middle_heavy,34.6,34.3,34.0,34.3,C+,C+,C+,C+,Utility Player,1.05,0.0,,,,1.01,,,0,-2.88,1.0,,,,,,True
9f236a73,Ian Roberts,Argentina,1,2.0,0,4.0,999.0,middle_heavy,34.6,30.7,11.6,25.6,C,C+,C+,D,Utility Player,0.0,0.0,,,,0.66,,,0,-1.73,1.0,,,,,,True
f6d3cab2,J Masquater,Tanzania,2,1.67,0,7.2,999.0,death_heavy,34.5,34.6,8.8,26.0,C,C+,C+,D,Utility Player,0.0,0.0,,,,0.37,,,2,,,,,,,,True
3317dc7a,P Jayeshbhai Patel,Panama,2,8.0,1,6.12,48.0,middle_heavy,34.5,25.8,9.8,23.4,C,C+,C,D,Utility Player,0.35,0.0,,,,0.47,,,1,-1.44,0.75,,,,,,True
a28a7fba,A Johnson,Canada,3,5.0,1,7.2,30.0,middle_heavy,34.5,18.9,11.1,21.5,C,C+,C,D,Utility Player,0.5,0.0,,,,0.19,,,1,-0.16,1.0,,,,,,True
4a491652,Muktar Ali,Bangladesh,1,2.0,0,8.5,999.0,pp_heavy,34.5,31.1,18.0,27.9,C,C+,C+,C,Utility Player,0.0,0.0,,,,0.15,,,0,,,,,,,,True
b30bfd44,JP Cabrera,Argentina,1,2.0,0,5.0,999.0,pp_heavy,34.4,24.3,14.2,24.3,C,C+,C,D,Utility Player,0.0,0.0,,,,0.5,,,0,,,,,,,,True
22fb205e,Praveen Santhanakrishnan,Mexico,1,1.0,0,5.0,999.0,middle_heavy,34.4,20.3,20.4,25.0,C,C+,C,C,Utility Player,0.0,0.0,,,,0.39,,,0,,,,,,,,True
41eb4a4f,R Vinay Kumar,India,9,31.5,11,8.0,17.18,pp_heavy,34.4,43.1,52.0,43.2,C+,C+,C+,B,Utility Player,0.69,0.36,,,0.44,0.73,,,2,-0.76,0.67,,,,,,False
3f951265,R Galgalikar,Mexico,1,3.0,3,3.0,6.0,death_heavy,34.4,31.3,34.0,33.2,C+,C+,C+,C+,Utility Player,0.77,0.67,,,,1.19,,,0,,,,,,,,True
84dc72db,Junaid Siddique,United Arab Emirates,76,280.67,114,7.98,14.77,pp_heavy,34.3,28.1,77.8,46.7,B,C+,C,A,Utility Player,0.91,0.28,0.28,-0.01,0.01,1.3,0.02,-0.08,37,-0.84,0.74,0.12,-0.12,-0.02,Conditions-Proof,-0.04,False
6a0537aa,N Boje,South Africa,1,4.0,1,7.25,24.0,middle_heavy,34.3,36.5,28.3,33.0,C+,C+,C+,C,Utility Player,1.2,0.0,,,,0.2,,,1,-1.02,0.67,,,,,,True
bb351c23,MM Ali,England,70,164.5,51,8.4,19.35,middle_heavy,34.2,70.6,48.8,51.2,B,C+,B+,B,Utility Player,0.7,0.27,0.26,0.47,-0.13,1.35,0.02,0.05,8,-0.42,0.59,0.32,-0.32,-0.08,Conditions-Proof,0.18,False
b84be97f,Khan Arbaaz,Lesotho,2,3.0,2,6.67,9.0,pp_heavy,34.2,25.3,38.2,32.6,C+,C+,C,C+,Utility Player,0.7,0.5,,,,0.82,,,2,-2.66,1.0,,,,,,True
faff7eac,G Kuthalingham,Turks and Caicos Island,2,6.0,1,5.5,36.0,middle_heavy,34.2,33.6,14.9,27.6,C,C+,C+,D,Utility Player,0.5,0.0,,,,0.57,,,1,-0.63,0.75,,,,,,True
bf09f51d,ADL Stokoe,Isle of Man,4,12.0,3,5.58,24.0,middle_heavy,34.2,33.1,21.0,29.4,C,C+,C+,C,Utility Player,0.49,0.0,,,,0.63,,,0,-0.42,1.0,,,,,,True
c01852c6,Junaid Sheikh,Norway,4,13.0,2,7.38,39.0,pp_heavy,34.2,34.4,14.9,27.8,C,C+,C+,D,Utility Player,0.57,0.5,,,,0.37,,,4,-0.25,0.6,,,,,,True
4e1b7998,Chare Smith,Bermuda,9,28.17,9,6.96,18.78,pp_heavy,34.2,31.3,34.2,33.2,C+,C+,C+,C+,Utility Player,0.99,0.11,,,-0.47,0.71,,0.25,7,-0.72,0.67,,,,,,True
06bcade5,ASF Sirah,Philippines,20,63.0,25,7.25,15.12,middle_heavy,34.2,25.5,30.4,30.0,C+,C+,C,C+,Utility Player,0.7,0.24,-0.08,-0.22,-0.18,0.91,0.05,0.47,7,-1.36,0.78,-0.26,0.26,-0.08,Conditions-Proof,-0.25,False
2a00735b,Saran Aslam,Denmark,3,7.0,2,6.86,21.0,middle_heavy,34.2,30.3,34.1,32.9,C+,C+,C+,C+,Utility Player,0.43,0.5,,,,0.73,,,2,-0.75,1.0,,,,,,True
01549705,J van Heerden,Germany,2,7.0,4,8.29,10.5,middle_heavy,34.1,25.8,43.5,34.5,C+,C+,C,C+,Utility Player,1.08,0.25,,,,0.59,,,2,-0.64,0.67,,,,,,True
c6e87b1c,Kashif Khan,Singapore,4,12.17,4,6.16,18.25,middle_heavy,34.1,27.5,44.9,35.5,C+,C+,C,C+,Utility Player,0.7,0.75,,,,0.79,,,3,-1.02,0.67,,,,,,True
58b5299f,H Ivanov,Bulgaria,1,2.0,0,5.5,999.0,pp_heavy,34.1,32.4,19.5,28.7,C,C+,C+,C,Utility Player,0.0,0.0,,,,0.41,,,1,-1.13,1.0,,,,,,True
927694f7,Farhan Ahmed,United Arab Emirates,2,5.0,1,7.6,30.0,middle_heavy,34.0,30.9,12.4,25.8,C,C+,C+,D,Utility Player,0.7,0.0,,,,0.24,,,0,-0.89,1.0,,,,,,True
935305fd,J Stanigze,Sweden,6,16.67,8,7.62,12.5,middle_heavy,34.0,22.1,24.3,26.8,C,C+,C,C,Utility Player,0.55,0.0,,,,0.59,,,3,-1.49,1.0,,,,,,True
68408eff,Yin Chenhao,China,1,1.0,0,5.0,999.0,middle_heavy,34.0,24.5,16.8,25.1,C,C+,C,C,Utility Player,0.0,0.0,,,,0.41,,,1,,,,,,,,True
c01d1c0a,T Jamtsho,Bhutan,20,37.67,13,8.76,17.38,pp_heavy,34.0,31.4,44.2,36.5,C+,C+,C+,C+,Utility Player,0.46,0.23,-0.18,-0.26,0.34,0.91,0.05,0.42,8,-0.72,0.64,-0.17,0.17,-0.03,Conditions-Proof,0.09,False
e6581a17,CM Akachukwu,Nigeria,15,34.33,11,7.69,18.73,middle_heavy,34.0,26.5,32.2,30.9,C+,C+,C,C+,Utility Player,0.63,0.36,0.03,0.03,-0.42,0.79,0.05,0.01,14,-0.69,0.5,,,-0.45,Flat-Track Leaker,,False
0994d0ae,V Shankar,India,6,21.0,7,9.1,18.0,middle_heavy,34.0,26.4,39.1,33.2,C+,C+,C,C+,Utility Player,0.78,0.14,,,,0.54,,,0,-0.52,0.71,,,,,,True
5360c9be,R Mangal,France,17,41.17,19,8.31,13.0,middle_heavy,34.0,25.2,35.5,31.6,C+,C+,C,C+,Utility Player,0.75,0.05,-0.44,-0.13,-0.08,0.93,0.05,-0.17,8,-0.71,0.72,0.59,-0.59,0.25,Tough-Track Enforcer,0.38,False
643e4882,Bilal Masud,Estonia,10,26.17,12,7.22,13.08,middle_heavy,33.9,28.7,46.6,36.4,C+,C+,C,B,Utility Player,0.76,0.17,0.2,-0.07,-0.36,1.05,0.1,0.13,5,-0.73,1.0,,,0.27,Tough-Track Enforcer,0.27,True
725c73f2,H Rashid,Eswatini,7,22.0,6,8.09,22.0,middle_heavy,33.9,20.9,30.7,28.5,C,C+,C,C+,Utility Player,0.82,0.33,,,0.4,0.69,,,4,-0.58,0.67,,,,,,True
0ac067e8,DR Hooper,Guernsey,17,54.83,17,7.08,19.35,middle_heavy,33.9,15.4,15.4,21.6,C,C+,C,C,Utility Player,0.63,0.41,-0.03,0.44,-0.41,0.6,0.04,-0.05,12,-0.81,0.74,0.44,-0.44,-0.07,Conditions-Proof,-0.03,False
61763f48,Franz Bur,Argentina,1,2.0,2,8.0,6.0,middle_heavy,33.9,27.6,40.3,33.9,C+,C+,C,C+,Utility Player,1.3,0.0,,,,0.52,,,0,,,,,,,,True
e401f8a5,Mayank Nagayach,Luxembourg,7,25.0,2,7.68,75.0,middle_heavy,33.9,40.6,2.2,25.6,C,C+,C+,D,Utility Player,0.37,0.0,,,-0.72,0.59,,,0,-0.16,0.62,,,,,,True
1f41b702,Anique Uddin,Denmark,7,13.0,6,7.77,13.0,middle_heavy,33.9,26.3,31.9,30.7,C+,C+,C,C+,Utility Player,0.35,0.0,,,-0.81,0.63,,0.62,6,-0.5,0.6,,,,,,True
2e563be8,AR Perez Rivero,Argentina,1,3.0,2,6.67,9.0,death_heavy,33.9,32.2,34.0,33.4,C+,C+,C+,C+,Utility Player,0.9,0.0,,,,0.57,,,0,-2.3,1.0,,,,,,True
f1a042e5,WP Myburgh,Namibia,3,8.0,2,8.0,24.0,middle_heavy,33.8,41.8,21.7,32.4,C+,C+,C+,C,Utility Player,0.5,0.0,,,,0.38,,,0,-0.55,0.8,,,,,,True
c443b748,Rahel Khan,Sweden,2,4.0,1,7.5,24.0,middle_heavy,33.8,31.1,21.6,28.8,C,C+,C+,C,Utility Player,0.7,0.0,,,,0.44,,,2,-0.44,1.0,,,,,,True
4957b300,A Neill,Scotland,4,16.0,8,7.81,12.0,pp_heavy,33.7,30.3,51.2,38.4,C+,C+,C+,B,Utility Player,0.87,0.25,,,,0.64,,,1,-0.98,0.62,,,,,,True
a628a5c8,D Wabwire,Uganda,7,21.17,8,7.42,15.88,pp_heavy,33.7,37.0,47.0,39.2,C+,C+,C+,B,Utility Player,0.73,0.12,,,0.0,0.91,,,0,-1.38,0.9,,,,,,True
b9b194d6,Altaf Gill,South Korea,3,7.0,2,8.43,21.0,middle_heavy,33.7,33.1,22.5,29.8,C,C+,C+,C,Utility Player,0.87,1.0,,,,0.54,,,3,-1.16,0.5,,,,,,True
1fe81cc9,T Kamungozi,Zimbabwe,1,2.0,0,8.5,999.0,pp_heavy,33.7,34.1,15.1,27.6,C,C+,C+,C,Utility Player,0.0,0.0,,,,0.18,,,0,,,,,,,,True
872d51a6,P Gopalkrishnan,Qatar,1,1.0,1,6.0,6.0,death_heavy,33.7,38.6,36.2,36.2,C+,C+,C+,C+,Utility Player,1.0,0.0,,,,0.65,,,1,,,,,,,,True
1bd16445,VM Nyauchi,Zimbabwe,2,7.0,3,9.43,14.0,pp_heavy,33.7,24.5,39.0,32.4,C+,C+,C,C+,Utility Player,0.62,0.0,,,,0.31,,,0,-0.2,0.5,,,,,,True
c2fd51b1,K Gilham,Czech Republic,3,12.0,5,7.25,14.4,pp_heavy,33.7,38.6,41.9,38.1,C+,C+,C+,C+,Utility Player,1.25,0.4,,,,0.9,,,0,-1.09,1.0,,,,,,True
fde53ec1,Adil Butt,Eswatini,14,50.0,23,8.16,13.04,pp_heavy,33.7,20.8,55.7,36.7,C+,C+,C,B,Utility Player,0.92,0.52,0.57,1.02,0.58,1.17,0.08,-0.33,11,-0.92,0.68,0.18,-0.18,0.44,Tough-Track Enforcer,0.38,False
3cc13c68,Rahat Ali,Czech Republic,5,18.0,6,7.67,18.0,pp_heavy,33.6,17.8,34.2,28.5,C,C+,C,C+,Utility Player,0.87,0.0,,,,0.57,,,4,-0.89,0.7,,,,,,True
a819f6c8,Zahid Zadran,Germany,6,21.67,5,8.03,26.0,pp_heavy,33.6,39.9,28.7,34.1,C+,C+,C+,C,Utility Player,0.68,0.2,,,-0.44,0.6,,0.51,5,0.01,0.57,,,,,,True
6cedad99,EB Ringera,Kenya,24,74.83,27,7.19,16.63,pp_heavy,33.6,37.8,48.8,40.1,C+,C+,C+,B,Utility Player,0.77,0.33,0.28,0.09,-0.07,0.96,0.04,0.17,10,-1.08,0.83,-0.19,0.19,0.04,Conditions-Proof,-0.05,False
bc02b37a,Sana Ullah,South Korea,3,8.67,2,7.96,26.0,pp_heavy,33.6,38.5,15.3,29.1,C,C+,C+,C,Utility Player,0.7,0.0,,,,0.48,,,3,-0.03,0.8,,,,,,True
a3b9191a,PD Hennessy,Spain,3,7.0,3,7.0,14.0,middle_heavy,33.6,36.7,35.5,35.3,C+,C+,C+,C+,Utility Player,0.62,0.33,,,,0.69,,,1,-0.47,0.67,,,,,,True
c471750e,LC Le Tissier,Guernsey,7,24.0,11,5.88,13.09,middle_heavy,33.5,27.8,43.2,34.8,C+,C+,C,C+,Utility Player,0.9,0.18,,,0.95,0.8,,0.36,5,-1.56,1.0,,,,,,True
eb9cb105,SC Meaker,England,2,7.83,3,9.32,15.67,pp_heavy,33.5,25.7,41.7,33.6,C+,C+,C,C+,Utility Player,1.3,0.67,,,,0.28,,,0,-0.94,0.6,,,,,,True
973006cc,Amir Zaib,Portugal,6,8.67,4,9.23,13.0,middle_heavy,33.5,41.6,31.0,35.4,C+,C+,C+,C+,Utility Player,0.46,0.75,,,,0.91,,,3,0.26,0.5,,,,,,True
de3d549a,AM Fernando,Sri Lanka,5,16.0,3,11.12,32.0,pp_heavy,33.5,13.9,8.6,18.7,C,C+,D,D,Utility Player,0.68,0.33,,,,0.13,,,0,0.3,0.25,,,,,,True
03b9ec54,E Packard,Gibraltar,6,18.0,2,8.0,54.0,pp_heavy,33.5,32.5,7.5,24.5,C,C+,C+,D,Utility Player,0.45,0.5,,,,0.4,,,3,-0.05,0.56,,,,,,True
baf0fc26,R Rohan,Singapore,1,1.0,0,7.0,999.0,middle_heavy,33.4,32.6,21.2,29.1,C,C+,C+,C,Utility Player,0.0,0.0,,,,0.26,,,1,,,,,,,,True
75be3b2a,JC Balt,Namibia,7,16.33,2,6.98,49.0,middle_heavy,33.4,53.5,3.6,30.2,C+,C+,B,D,Utility Player,0.29,0.0,,,-0.35,0.55,,0.08,6,-0.65,0.83,,,,,,True
0f9c9d1d,DC Delany,Ireland,7,24.5,8,8.16,18.38,middle_heavy,33.4,38.8,38.6,36.9,C+,C+,C+,C+,Utility Player,1.15,0.38,,,0.54,0.72,,0.23,5,-0.24,0.64,,,,,,True
0a4ebc61,T Henderson,South Africa,1,4.0,0,7.75,999.0,middle_heavy,33.4,33.9,24.6,30.6,C+,C+,C+,C,Utility Player,0.0,0.0,,,,0.14,,,1,-0.13,0.5,,,,,,True
d62f04f5,M Ozturk,Turkey,11,41.83,14,8.2,17.93,pp_heavy,33.3,14.6,29.8,25.9,C,C+,D,C,Utility Player,0.96,0.57,0.12,-0.13,0.33,0.57,0.05,-0.46,8,-0.36,0.65,,,0.04,Conditions-Proof,0.17,False
ddcb8503,Asif Iqbal,South Korea,2,5.0,4,8.4,7.5,middle_heavy,33.3,24.1,41.5,33.0,C+,C+,C,C+,Utility Player,0.98,0.0,,,,0.72,,,2,-0.13,0.67,,,,,,True
125853c3,T Kahamker,Israel,3,10.0,7,7.0,8.57,middle_heavy,33.3,33.8,46.2,37.8,C+,C+,C+,B,Utility Player,1.13,0.29,,,,1.18,,,3,-0.32,0.5,,,,,,True
45a7e761,Shaheen Shah Afridi,Pakistan,99,356.5,142,8.19,15.06,pp_heavy,33.3,39.1,91.4,54.9,B,C+,C+,A+,Strike Bowler,0.86,0.35,0.45,0.44,0.15,1.45,0.01,-0.19,10,-0.87,0.77,0.16,-0.16,0.01,Conditions-Proof,0.04,False
5bb1a1c4,I Sharma,India,14,46.33,8,8.94,34.75,pp_heavy,33.3,38.1,1.3,24.2,C,C+,C+,D,Utility Player,0.52,0.25,0.0,-0.3,-0.26,0.39,0.03,,2,-0.05,0.6,-0.04,0.04,0.16,Conditions-Proof,-0.02,False
d07dbc28,Zawar Farid,United Arab Emirates,7,18.0,3,8.61,36.0,middle_heavy,33.2,37.6,1.1,24.0,C,C+,C+,D,Utility Player,0.57,0.33,,,0.91,0.41,,-0.06,5,0.02,0.5,,,,,,True
1688f2dc,T Lungameni,Namibia,40,121.0,31,7.75,23.42,middle_heavy,33.2,16.0,2.5,17.2,C,C+,C,D,Utility Player,0.62,0.19,-0.31,-0.0,0.16,0.54,0.01,-0.05,15,-0.71,0.75,-0.14,0.14,-0.08,Conditions-Proof,-0.04,False
d792374d,KK Dobell,Japan,3,7.0,4,6.71,10.5,pp_heavy,33.2,22.0,41.4,32.2,C+,C+,C,C+,Utility Player,0.83,0.25,,,,0.7,,,2,-1.87,1.0,,,,,,True
b4c52f5f,G Oliveira,Brazil,8,16.0,3,8.31,32.0,middle_heavy,33.2,27.4,5.0,21.9,C,C+,C,D,Utility Player,0.32,0.0,,,0.0,0.48,,0.47,7,-0.13,0.57,,,,,,True
a2ef4337,Aminul Islam Chowdhury,Cyprus,1,3.0,2,5.0,9.0,middle_heavy,33.1,29.2,28.8,30.4,C+,C+,C,C,Utility Player,0.75,0.0,,,,0.69,,,0,-1.73,1.0,,,,,,True
d9ba93c0,RV Nascimento,Brazil,2,5.0,1,8.0,30.0,middle_heavy,33.1,21.2,22.6,25.6,C,C+,C,C,Utility Player,0.55,1.0,,,,0.34,,,0,-0.54,0.67,,,,,,True
732c9016,JE Scott,Bahamas,3,9.0,2,6.33,27.0,pp_heavy,33.0,33.1,32.2,32.8,C+,C+,C+,C+,Utility Player,0.48,0.5,,,,0.61,,,3,-1.25,1.0,,,,,,True
9a963804,LE Plunkett,England,21,75.33,29,8.34,15.59,middle_heavy,33.0,24.0,61.2,39.4,C+,C+,C,B+,Utility Player,0.82,0.07,0.36,0.36,-0.3,0.95,0.05,,1,-0.59,0.58,0.04,-0.04,-0.3,Flat-Track Leaker,,False
5fa06777,IK Pathan,India,22,73.0,28,8.19,15.64,middle_heavy,32.9,29.4,73.9,45.4,B,C+,C,B+,Utility Player,0.85,0.46,0.23,0.44,0.42,1.17,0.05,,2,-0.79,0.77,-0.04,0.04,0.01,Conditions-Proof,-0.05,False
9ccb6e52,K Irakoze,Rwanda,53,154.67,51,7.12,18.2,middle_heavy,32.9,21.9,46.0,33.6,C+,C+,C,B,Utility Player,0.66,0.43,-0.12,0.42,-0.01,1.14,0.02,-0.01,27,-1.03,0.81,0.39,-0.39,-0.01,Conditions-Proof,-0.03,False
d18f9182,DPMD Jayawardene,Sri Lanka,1,1.0,0,8.0,999.0,death_heavy,32.9,40.7,18.7,30.8,C+,C+,C+,C,Utility Player,0.0,0.0,,,,0.25,,,0,,,,,,,,True
b857468a,V Vijh,Luxembourg,35,111.83,44,8.12,15.25,middle_heavy,32.9,43.0,32.8,36.2,C+,C+,C+,C+,Utility Player,0.69,0.18,0.19,0.19,-0.04,1.16,0.03,-0.05,15,-0.48,0.73,0.02,-0.02,0.19,Tough-Track Enforcer,0.16,False
c290033d,Ihsanullah,Pakistan,1,4.0,0,10.0,999.0,middle_heavy,32.9,22.2,20.6,25.2,C,C+,C,C,Utility Player,0.0,0.0,,,,0.06,,,0,0.32,0.5,,,,,,True
fb66ce1f,CH Morris,South Africa,22,79.0,32,8.67,14.81,pp_heavy,32.8,45.7,72.5,50.3,B,C+,B,B+,Utility Player,0.87,0.31,0.47,0.73,0.12,1.07,0.05,,3,-0.76,0.68,-0.25,0.25,0.06,Conditions-Proof,0.21,False
e1824e7d,Iqbal Hossain,Austria,2,5.0,3,6.2,10.0,middle_heavy,32.8,29.9,34.1,32.3,C+,C+,C,C+,Utility Player,0.62,0.0,,,,0.73,,,2,-0.87,1.0,,,,,,True
cdc9bbec,H Deshan,Switzerland,8,18.0,8,7.78,13.5,middle_heavy,32.8,33.7,34.9,33.8,C+,C+,C+,C+,Utility Player,0.71,0.12,,,0.14,0.82,,,0,-0.76,0.71,,,,,,True
f7d267f7,NP Kenjige,United States of America,23,73.67,22,7.71,20.09,middle_heavy,32.8,51.2,49.4,44.5,C+,C+,B,B,Utility Player,0.63,0.41,0.44,0.07,-0.09,1.09,0.05,,3,-0.62,0.73,0.06,-0.06,0.26,Tough-Track Enforcer,0.69,False
afa2ebba,Kamran Ahmadzai,France,8,18.83,9,8.18,12.56,pp_heavy,32.8,28.3,45.2,35.4,C+,C+,C,B,Utility Player,0.77,0.22,,,-0.37,0.83,,0.16,6,-0.47,0.57,,,,,,True
8d8c24fd,RJ Nicol,New Zealand,13,20.5,6,8.24,20.5,middle_heavy,32.8,65.5,40.5,46.3,B,C+,B+,C+,Utility Player,0.41,0.33,0.25,0.36,0.22,1.0,0.08,,2,-0.57,0.78,0.84,-0.84,0.27,Tough-Track Enforcer,0.45,True
ad05692c,Sami Ullah,Romania,8,24.0,12,8.08,12.0,middle_heavy,32.7,12.7,44.5,30.0,C+,C+,D,C+,Utility Player,0.95,0.33,,,-0.39,0.92,,,0,-0.74,0.67,,,,,,True
b0ff13d6,PV Naringrekar,Costa Rica,1,2.0,0,6.5,999.0,middle_heavy,32.7,24.1,14.4,23.7,C,C+,C,D,Utility Player,0.0,0.0,,,,0.37,,,0,-0.44,1.0,,,,,,True
fcf6b0f6,RR Simmonds,West Indies,2,5.0,4,8.0,7.5,middle_heavy,32.7,21.3,53.7,35.9,C+,C+,C,B,Utility Player,0.41,0.5,,,,0.6,,,0,-0.78,1.0,,,,,,True
ea2c0aff,Zain Ahmad,France,11,35.0,17,6.6,12.35,middle_heavy,32.7,38.2,50.3,40.4,C+,C+,C+,B,Utility Player,0.95,0.24,0.66,0.57,-0.12,1.18,0.11,0.21,5,-0.46,0.75,,,0.34,Tough-Track Enforcer,0.3,False
2e18b647,T Turan,Turkey,1,0.83,0,4.8,999.0,middle_heavy,32.7,27.7,15.4,25.3,C,C+,C,C,Utility Player,0.0,0.0,,,,0.49,,,1,,,,,,,,True
2bcbcac3,A Limdawala,Malawi,22,50.67,13,7.48,23.38,middle_heavy,32.7,52.3,9.7,31.6,C+,C+,B,D,Utility Player,0.42,0.0,0.02,0.03,0.14,0.9,0.04,-0.23,13,-0.86,0.82,-0.42,0.42,-0.09,Conditions-Proof,-0.39,False
424a646f,D Ahir,Panama,3,11.0,3,7.09,22.0,middle_heavy,32.6,44.8,23.6,33.7,C+,C+,C+,C,Utility Player,0.93,0.0,,,,0.64,,,3,-0.55,0.67,,,,,,True
a77472dc,G Stewart,Italy,19,71.67,23,7.14,18.7,pp_heavy,32.6,29.6,18.4,26.9,C,C+,C,C,Utility Player,0.74,0.17,0.44,1.01,-0.52,0.53,0.03,0.24,13,-0.94,0.87,-0.23,0.23,-0.2,Flat-Track Leaker,-0.18,False
1ac2a995,HR Walsh,West Indies,31,99.83,33,7.97,18.15,middle_heavy,32.6,71.1,47.3,50.3,B,C+,B+,B,Utility Player,0.75,0.24,0.62,0.41,-0.07,1.26,0.04,-0.08,5,-0.56,0.62,0.34,-0.34,0.05,Conditions-Proof,-0.04,False
66b30f71,AB Dinda,India,9,30.0,17,8.3,10.59,pp_heavy,32.6,29.9,70.4,44.3,C+,C+,C,B+,Utility Player,1.03,0.24,,,0.33,0.92,,,2,-0.88,0.77,,,,,,False
f1e7f97c,Ziaurahman Shinwari,Austria,8,21.83,12,7.69,10.92,middle_heavy,32.5,31.4,43.4,35.8,C+,C+,C+,C+,Utility Player,0.69,0.17,,,0.15,0.97,,,0,-0.76,0.86,,,,,,True
a92609f2,Muhammad Burhan,Hungary,11,35.0,14,7.37,15.0,middle_heavy,32.5,47.5,46.4,42.1,C+,C+,B,B,Utility Player,0.9,0.21,0.88,0.68,-0.17,1.2,0.11,0.04,5,-1.07,0.86,,,-0.37,Flat-Track Leaker,-0.08,False
00029c30,M Mwamadi,Malawi,4,10.33,4,7.35,15.5,middle_heavy,32.5,29.7,25.8,29.3,C,C+,C,C,Utility Player,0.35,0.0,,,,0.66,,,4,-1.04,0.67,,,,,,True
0d677597,W Barresi,Netherlands,3,5.67,2,8.82,17.0,middle_heavy,32.5,31.2,38.1,33.9,C+,C+,C+,C+,Utility Player,1.0,0.5,,,,0.47,,,0,-0.91,1.0,,,,,,True
056f58dd,KC Hodsoll,Bermuda,1,3.0,2,6.67,9.0,pp_heavy,32.4,23.3,33.2,29.6,C,C+,C,C+,Utility Player,1.25,0.0,,,,0.51,,,1,,,,,,,,True
ea6ec2d9,Alex Carthew,Chile,1,3.0,1,4.0,18.0,middle_heavy,32.4,30.1,25.0,29.2,C,C+,C+,C,Utility Player,1.2,0.0,,,,0.63,,,0,-1.41,1.0,,,,,,True
a9fd84fb,M Markande,India,1,4.0,0,7.75,999.0,middle_heavy,32.4,29.7,17.7,26.6,C,C+,C,C,Utility Player,0.0,0.0,,,,0.09,,,1,0.14,0.5,,,,,,True
d1b5efdf,NCK Liyanage,Malaysia,4,12.0,3,7.0,24.0,pp_heavy,32.4,38.9,33.1,34.8,C+,C+,C+,C+,Utility Player,0.75,0.33,,,,0.56,,,3,-0.19,0.6,,,,,,True
4751827a,CP Schofield,England,4,12.83,4,7.17,19.25,middle_heavy,32.4,39.3,23.5,31.7,C+,C+,C+,C,Utility Player,0.94,0.0,,,,0.39,,,1,-0.9,0.8,,,,,,True
4fe6be0c,Shah Faisal,Oman,13,46.0,16,7.83,17.25,pp_heavy,32.4,37.0,55.3,41.6,C+,C+,C+,B,Utility Player,0.89,0.25,0.41,0.24,-0.04,0.83,0.06,0.02,7,-1.15,0.8,,,-0.0,Conditions-Proof,0.18,False
8bbb89ab,Ahmed Baladraf,Saudi Arabia,4,13.0,7,6.46,11.14,middle_heavy,32.3,40.8,47.7,40.3,C+,C+,C+,B,Utility Player,1.3,0.0,,,,0.89,,,4,-0.99,0.8,,,,,,True
990f1424,YP Dayal,Suriname,7,23.17,4,7.08,34.75,middle_heavy,32.3,30.4,21.7,28.1,C,C+,C+,C,Utility Player,0.31,0.5,,,-0.08,0.63,,,7,-0.37,0.82,,,,,,True
a1e80d06,A Shukla,Hong Kong,51,161.17,51,8.22,18.96,pp_heavy,32.3,27.1,48.1,35.8,C+,C+,C,B,Utility Player,0.87,0.29,0.15,-0.08,-0.15,0.91,0.02,-0.14,20,-0.85,0.74,0.02,-0.02,-0.07,Conditions-Proof,0.18,False
dd5a9067,V Baskaran,Singapore,31,95.83,28,7.44,20.54,middle_heavy,32.2,57.9,63.0,51.0,B,C+,B,B+,Utility Player,0.76,0.36,0.62,0.82,0.21,1.39,0.04,-0.01,19,-0.68,0.82,0.06,-0.06,-0.07,Conditions-Proof,0.01,False
b08252b8,RP Burl,Zimbabwe,64,162.5,53,7.43,18.4,middle_heavy,32.2,42.3,26.6,33.7,C+,C+,C+,C,Utility Player,0.64,0.3,-0.18,0.2,-0.07,1.04,0.02,0.08,27,-0.78,0.72,0.23,-0.23,0.05,Conditions-Proof,0.07,False
b23d3ec5,R Mazumder,Cyprus,1,1.0,0,6.0,999.0,death_heavy,32.2,27.0,16.6,25.3,C,C+,C,C,Utility Player,0.0,0.0,,,,0.41,,,0,,,,,,,,True
84880baf,Milad Momend,Luxembourg,13,45.83,26,8.64,10.58,pp_heavy,32.2,27.2,58.5,39.3,C+,C+,C,B,Utility Player,0.86,0.27,0.46,-0.19,0.53,1.36,0.1,-0.68,5,-0.66,0.65,,,-0.16,Flat-Track Leaker,-0.26,False
cda3625c,D Rawat,Costa Rica,8,23.0,9,7.39,15.33,middle_heavy,32.2,25.5,33.4,30.4,C+,C+,C,C+,Utility Player,0.58,0.33,,,,0.86,,,3,-0.83,0.8,,,,,,True
aceb7654,JDF Vandersay,Sri Lanka,17,61.33,9,8.14,40.89,middle_heavy,32.2,54.2,0.8,29.1,C,C+,B,D,Utility Player,0.59,0.44,0.22,0.18,-0.03,0.58,0.03,0.08,6,-0.3,0.67,0.39,-0.39,-0.42,Flat-Track Leaker,-0.26,False
12eddf28,RJ Harris,Australia,3,11.67,4,8.14,17.5,middle_heavy,32.2,31.0,37.6,33.6,C+,C+,C+,C+,Utility Player,1.08,0.25,,,,0.42,,,0,-0.94,0.67,,,,,,True
9a08a863,Ansar Iqbal,Norway,2,2.0,0,8.5,999.0,pp_heavy,32.1,25.2,5.9,21.1,C,C+,C,D,Utility Player,0.0,0.0,,,,0.31,,,2,,,,,,,,True
86f471ae,Murat Ipek,Turkey,1,1.0,0,4.0,999.0,middle_heavy,32.1,19.7,18.6,23.5,C,C+,C,C,Utility Player,0.0,0.0,,,,0.29,,,0,,,,,,,,True
a2369eaf,Hasan Cakir,Turkey,1,1.0,1,5.0,6.0,middle_heavy,32.0,25.7,35.2,31.0,C+,C+,C,C+,Utility Player,1.4,1.0,,,,0.88,,,1,,,,,,,,True
591cf573,P Madhukar,Malaysia,1,4.0,2,6.25,12.0,middle_heavy,32.0,32.2,38.9,34.4,C+,C+,C+,C+,Utility Player,1.3,0.5,,,,0.52,,,0,-2.58,1.0,,,,,,True
b15eaf77,AO Suji,Kenya,2,6.17,1,8.76,37.0,middle_heavy,32.0,10.4,10.1,17.5,C,C+,D,D,Utility Player,0.4,0.0,,,,0.11,,,2,-1.11,1.0,,,,,,True
44f11bd0,SV Wiig,United States of America,2,5.0,2,9.0,15.0,pp_heavy,32.0,17.8,36.2,28.7,C,C+,C,C+,Utility Player,0.28,0.5,,,,0.28,,,0,0.59,0.0,,,,,,True
86421172,GA Lamb,Zimbabwe,5,12.17,4,6.58,18.25,middle_heavy,32.0,59.0,33.8,41.6,C+,C+,B,C+,Utility Player,0.47,0.25,,,,0.71,,,3,-1.18,0.83,,,,,,True
5278cecc,Muhammed Imran,Oman,2,5.5,4,7.64,8.25,pp_heavy,32.0,39.9,54.0,42.0,C+,C+,C+,B,Utility Player,1.3,0.0,,,,0.73,,,2,-1.69,1.0,,,,,,True
1fed517a,Tenjin Rabgey,Bhutan,3,5.0,1,5.2,30.0,middle_heavy,32.0,28.9,22.6,27.8,C,C+,C,C,Utility Player,0.5,1.0,,,,0.52,,,1,-1.55,1.0,,,,,,True
ee86a890,Rameez Khan,Romania,6,19.0,8,7.58,14.25,middle_heavy,32.0,18.7,42.1,30.9,C+,C+,C,C+,Utility Player,0.59,0.25,,,0.0,0.8,,,0,-0.56,0.75,,,,,,True
99639abf,NJ Astle,New Zealand,2,6.83,4,7.46,10.25,middle_heavy,32.0,27.6,48.5,36.0,C+,C+,C,B,Utility Player,0.83,0.25,,,,0.47,,,0,1.2,0.0,,,,,,True
69362253,RN Lewis,West Indies,1,1.0,0,9.0,999.0,middle_heavy,32.0,24.8,18.7,25.2,C,C+,C,C,Utility Player,0.0,0.0,,,,0.05,,,1,,,,,,,,True
a6e5e144,Lovedeep Singh,Cyprus,6,20.0,7,7.1,17.14,pp_heavy,31.9,31.9,35.0,32.9,C+,C+,C+,C+,Utility Player,1.22,0.43,,,-0.42,0.85,,,0,-1.56,0.9,,,,,,True
db767b89,TL Best,West Indies,6,20.0,7,8.35,17.14,pp_heavy,31.9,27.3,33.8,31.0,C+,C+,C,C+,Utility Player,0.61,0.14,,,,0.37,,,1,-0.22,0.44,,,,,,True
49b6c09f,JC Tredwell,England,15,52.83,7,7.99,45.29,middle_heavy,31.9,63.4,1.6,32.3,C+,C+,B+,D,Utility Player,0.63,0.29,0.31,-0.01,-0.04,0.65,0.04,,1,-0.34,0.62,-0.06,0.06,-0.21,Conditions-Proof,0.01,False
ad67ab56,S Vaz,Portugal,3,10.0,6,6.7,10.0,middle_heavy,31.9,27.8,46.7,35.5,C+,C+,C,B,Utility Player,1.23,0.17,,,,0.82,,,0,-1.7,1.0,,,,,,True
b0f9dac4,R Nil,Seychelles,3,8.0,1,7.5,48.0,middle_heavy,31.9,29.7,9.5,23.7,C,C+,C,D,Utility Player,0.5,1.0,,,,0.44,,,3,-0.33,0.5,,,,,,True
c594137f,A Shukla,Croatia,2,6.0,1,9.0,36.0,middle_heavy,31.8,37.7,16.0,28.5,C,C+,C+,C,Utility Player,0.75,0.0,,,,0.34,,,0,-0.18,0.67,,,,,,True
f104c434,Muhammad Wafiq,Malaysia,36,108.5,30,7.87,21.7,pp_heavy,31.8,14.6,2.2,16.2,C,C+,D,D,Utility Player,0.7,0.37,0.04,0.71,0.19,0.38,0.01,0.01,11,-0.93,0.8,-0.46,0.46,-0.0,Conditions-Proof,-0.1,False
fecd828e,M Simpson-Parker,Austria,1,1.0,1,8.0,6.0,middle_heavy,31.8,16.8,28.3,25.6,C,C+,C,C,Utility Player,0.7,0.0,,,,0.36,,,0,,,,,,,,True
f5932ad2,Zong Yuechao,China,4,12.0,4,7.25,18.0,middle_heavy,31.8,35.7,47.3,38.3,C+,C+,C+,B,Utility Player,0.64,1.0,,,,0.88,,,0,-0.87,0.75,,,,,,True
d4aa2ddb,R Sheshadri,Singapore,3,3.0,1,6.67,18.0,middle_heavy,31.7,22.1,30.2,28.0,C,C+,C,C+,Utility Player,0.13,1.0,,,,0.49,,,3,-0.97,1.0,,,,,,True
9c93c0a3,Y Saranonnakkun,Thailand,1,3.0,1,7.33,18.0,middle_heavy,31.7,33.1,26.3,30.4,C+,C+,C+,C,Utility Player,1.1,0.0,,,,0.31,,,0,-1.73,1.0,,,,,,True
543b4a1f,R Telemachus,South Africa,2,8.0,1,9.25,48.0,middle_heavy,31.7,24.0,11.7,22.5,C,C+,C,D,Utility Player,0.75,0.0,,,,0.08,,,1,-0.86,1.0,,,,,,True
d094e7d1,Abdur Rehman,Pakistan,7,23.0,12,6.78,11.5,middle_heavy,31.7,30.2,67.0,43.0,C+,C+,C+,B+,Utility Player,1.03,0.25,,,,0.95,,,1,-0.59,0.71,,,,,,True
87a6f411,H Lakov,Bulgaria,26,89.83,28,8.54,19.25,pp_heavy,31.7,46.5,35.8,38.0,C+,C+,B,C+,Utility Player,0.91,0.39,0.95,1.43,-0.17,1.08,0.04,-0.16,7,-0.8,0.74,-0.17,0.17,0.05,Conditions-Proof,0.16,False
328cca93,Zeeshan Abbas,Bahrain,2,5.0,1,9.0,30.0,middle_heavy,31.7,33.6,11.5,25.6,C,C+,C+,D,Utility Player,0.6,0.0,,,,0.31,,,0,0.14,0.0,,,,,,True
192f2caf,A Bhargava,Singapore,1,2.0,1,7.5,12.0,pp_heavy,31.6,38.3,43.4,37.8,C+,C+,C+,C+,Utility Player,1.5,1.0,,,,0.51,,,1,-4.47,1.0,,,,,,True
4833efb4,N Master,Botswana,1,4.0,1,7.75,24.0,middle_heavy,31.6,26.3,20.8,26.2,C,C+,C,C,Utility Player,0.8,0.0,,,,0.13,,,1,0.57,0.0,,,,,,True
94ed8d37,Aftab Ahmed,Denmark,1,3.0,0,7.0,999.0,middle_heavy,31.6,25.5,16.8,24.6,C,C+,C,C,Utility Player,0.0,0.0,,,,0.27,,,1,-1.04,1.0,,,,,,True
60285d55,L Botha,South Africa,1,3.0,1,6.33,18.0,pp_heavy,31.5,26.8,23.9,27.4,C,C+,C,C,Utility Player,1.5,0.0,,,,0.4,,,0,-0.13,1.0,,,,,,True
ffb65f46,Ugyen Dorji,Bhutan,3,7.0,1,8.29,42.0,pp_heavy,31.5,11.0,4.8,15.8,C,C+,D,D,Utility Player,0.37,0.0,,,,0.22,,,1,-0.1,0.67,,,,,,True
fef92afc,SC Kuggeleijn,New Zealand,17,53.83,16,8.9,20.19,pp_heavy,31.5,18.1,28.6,26.1,C,C+,C,C,Utility Player,0.6,0.31,-0.24,-0.44,0.26,0.44,0.03,,1,-0.38,0.67,0.68,-0.68,-0.18,Flat-Track Leaker,-0.15,False
279c51f0,Aakash Chand,Nepal,3,10.0,7,8.5,8.57,middle_heavy,31.5,29.5,55.5,38.8,C+,C+,C,B,Utility Player,1.1,0.14,,,,0.84,,,0,-1.28,1.0,,,,,,True
58cb36aa,S Nsubuga,Uganda,15,42.17,17,7.04,14.88,middle_heavy,31.4,36.5,40.8,36.2,C+,C+,C+,C+,Utility Player,0.73,0.18,-0.38,-0.4,-0.21,0.99,0.07,,1,-0.99,0.81,0.0,-0.0,-0.15,Conditions-Proof,-0.0,False
f5821615,JS Patel,New Zealand,10,33.17,18,8.32,11.06,middle_heavy,31.3,29.1,67.4,42.6,C+,C+,C,B+,Utility Player,1.09,0.28,0.34,-0.24,-0.04,0.96,0.1,,2,-0.47,0.53,-0.16,0.16,-0.56,Flat-Track Leaker,-0.36,False
83c3e8e3,SH Johnson,Australia,8,26.67,14,9.34,11.43,pp_heavy,31.3,12.3,69.8,37.8,C+,C+,D,B+,Utility Player,0.99,0.14,,,0.46,0.76,,,2,-0.77,0.67,,,,,,True
add288ea,MM Baig,Qatar,23,64.5,34,7.75,11.38,pp_heavy,31.3,40.8,68.9,47.0,B,C+,C+,B+,Utility Player,0.9,0.24,0.06,-0.11,0.34,1.34,0.06,0.43,13,-1.07,0.75,0.06,-0.06,0.14,Conditions-Proof,0.09,False
32a85e70,C Tchale,Malawi,10,29.0,7,9.03,24.86,middle_heavy,31.3,19.4,23.9,24.9,C,C+,C,C,Utility Player,0.73,0.43,0.01,0.09,0.43,0.56,0.06,-0.17,5,-0.59,0.64,-0.26,0.26,0.52,Tough-Track Enforcer,0.27,True
56544f81,S Rossi,Argentina,4,15.0,3,7.67,30.0,middle_heavy,31.3,27.3,25.7,28.1,C,C+,C,C,Utility Player,0.32,0.33,,,,0.5,,,4,-0.25,0.43,,,,,,True
34dd3fd9,SSM Stanislaus,Malta,2,3.17,1,9.47,19.0,middle_heavy,31.3,26.7,24.4,27.5,C,C+,C,C,Utility Player,0.4,0.0,,,,0.43,,,1,1.82,0.0,,,,,,True
59f509ed,G Goudie,Scotland,3,8.0,1,8.88,48.0,middle_heavy,31.2,31.2,4.7,22.4,C,C+,C+,D,Utility Player,0.5,0.0,,,,0.26,,,3,-0.28,0.33,,,,,,True
d68f4aa1,AJ Michael,Samoa,3,7.67,3,6.78,15.33,pp_heavy,31.2,37.9,38.8,36.0,C+,C+,C+,C+,Utility Player,0.85,0.67,,,,0.83,,,3,-0.61,0.5,,,,,,True
5ec41cd7,Jasdeep Singh,United States of America,30,104.0,35,8.77,17.83,pp_heavy,31.2,19.9,37.3,29.5,C,C+,C,C+,Utility Player,0.81,0.43,-0.1,-0.28,-0.08,0.65,0.02,0.09,5,-0.64,0.7,-0.01,0.01,-0.07,Conditions-Proof,-0.24,False
671398e3,DK Butler,West Indies,1,3.0,0,7.67,999.0,middle_heavy,31.1,31.7,23.5,28.8,C,C+,C+,C,Utility Player,0.0,0.0,,,,0.11,,,1,-0.44,0.5,,,,,,True
676aeb1b,D Dawa,Bhutan,5,14.0,7,7.64,12.0,pp_heavy,31.1,23.5,44.4,33.0,C+,C+,C,C+,Utility Player,0.72,0.14,,,,0.69,,,3,-0.43,0.71,,,,,,True
5d9a1a73,R Sharma,India,2,7.33,5,7.77,8.8,middle_heavy,31.0,37.8,55.7,41.5,C+,C+,C+,B,Utility Player,0.94,0.4,,,,0.65,,,0,-0.51,0.5,,,,,,True
d2a989fc,DS Kulkarni,India,2,8.0,3,7.62,16.0,pp_heavy,31.0,26.9,36.2,31.4,C+,C+,C,C+,Utility Player,0.98,0.33,,,,0.27,,,1,-1.04,0.8,,,,,,True
e6bf8162,H Klazinge,Namibia,7,18.0,12,7.22,9.0,middle_heavy,31.0,15.2,61.7,36.0,C+,C+,C,B+,Utility Player,0.87,0.25,,,-0.29,0.84,,,4,-0.49,0.56,,,,,,True
4cc968c5,Abdullah Mohd Yousaf,Bahrain,3,6.5,2,9.54,19.5,middle_heavy,31.0,27.2,26.9,28.4,C,C+,C,C,Utility Player,0.6,0.5,,,,0.4,,,0,-0.48,0.67,,,,,,True
c9473a95,SRMJJ Arachchilage,Cyprus,3,5.0,0,6.6,999.0,middle_heavy,31.0,36.2,11.0,26.1,C,C+,C+,D,Utility Player,0.0,0.0,,,,0.49,,,3,-1.33,1.0,,,,,,True
52a0b3ed,M Breban,Guernsey,1,4.0,3,6.0,8.0,pp_heavy,31.0,31.2,38.7,33.6,C+,C+,C+,C+,Utility Player,1.3,0.33,,,,0.7,,,0,-0.3,1.0,,,,,,True
e60e8014,Bhargav Narasimha,Mexico,1,1.0,1,6.0,6.0,death_heavy,31.0,24.1,26.2,27.1,C,C+,C,C,Utility Player,1.0,0.0,,,,0.6,,,0,,,,,,,,True
75a58f94,Ihsanullah Wafa,Sweden,2,2.0,1,8.0,12.0,middle_heavy,30.9,29.2,28.5,29.5,C,C+,C,C,Utility Player,0.25,0.0,,,,0.47,,,1,,,,,,,,True
f094e3b8,Muhammad Saqlain,Hungary,13,38.17,19,8.38,12.05,pp_heavy,30.9,35.0,52.5,39.5,C+,C+,C+,B,Utility Player,0.75,0.11,0.41,0.05,-0.09,1.07,0.08,,2,-0.86,0.67,,,-0.28,Flat-Track Leaker,-0.21,False
7bf34437,C Pervez,Canada,3,7.0,3,7.14,14.0,pp_heavy,30.9,19.7,41.6,30.7,C+,C+,C,C+,Utility Player,0.46,1.0,,,,0.49,,,3,-0.26,0.5,,,,,,True
b5a12740,M Beardman,Australia,1,4.0,2,8.75,12.0,death_heavy,30.9,28.7,34.6,31.4,C+,C+,C,C+,Utility Player,0.6,0.0,,,,0.29,,,0,-1.13,1.0,,,,,,True
a1aeb715,J Hurley,Argentina,4,16.0,6,7.19,16.0,middle_heavy,30.8,34.9,37.7,34.5,C+,C+,C+,C+,Utility Player,0.81,0.0,,,,0.66,,,4,-0.04,0.5,,,,,,True
7fb32e5b,KD Mills,New Zealand,42,149.5,49,8.27,18.31,pp_heavy,30.8,54.0,46.7,43.8,C+,C+,B,B,Utility Player,0.82,0.14,0.18,0.14,-0.1,0.93,0.02,-0.08,8,-0.37,0.61,-0.11,0.11,0.37,Tough-Track Enforcer,0.32,False
9f4aeb13,Bilal Aftab,Denmark,1,2.0,1,7.0,12.0,death_heavy,30.8,32.0,26.6,29.8,C,C+,C+,C,Utility Player,1.1,0.0,,,,0.45,,,1,0.12,0.0,,,,,,True
e7353cbb,Anasim Khan,Bahrain,5,18.0,6,8.06,18.0,middle_heavy,30.8,29.1,40.1,33.3,C+,C+,C,C+,Utility Player,0.74,0.5,,,,0.67,,,3,0.09,0.44,,,,,,True
18f4d808,L Gharasim,Romania,2,2.5,1,7.6,15.0,middle_heavy,30.8,15.5,11.2,19.2,C,C+,C,D,Utility Player,0.4,0.0,,,,0.27,,,1,-0.72,1.0,,,,,,True
9170ff49,Parvez Rasool,India,1,4.0,1,8.0,24.0,middle_heavy,30.8,30.4,27.8,29.7,C,C+,C+,C,Utility Player,1.2,0.0,,,,0.08,,,0,-0.45,1.0,,,,,,True
8f1e023f,Sidhant Singh,Singapore,8,23.0,7,9.52,19.71,middle_heavy,30.8,22.4,23.5,25.6,C,C+,C,C,Utility Player,0.71,0.0,,,0.35,0.45,,0.3,5,0.23,0.31,,,,,,True
cccac242,Zain Ali,Italy,2,8.0,4,5.62,12.0,middle_heavy,30.7,26.2,31.4,29.4,C,C+,C,C+,Utility Player,1.25,0.25,,,,0.76,,,2,-1.24,0.75,,,,,,True
ed47a68b,A Sathyan,Croatia,1,2.0,1,8.0,12.0,middle_heavy,30.7,28.1,31.3,30.0,C+,C+,C,C+,Utility Player,1.0,0.0,,,,0.31,,,1,,,,,,,,True
085071f2,Amit Uniyal,Chile,2,5.0,1,6.2,30.0,middle_heavy,30.7,29.5,20.8,27.0,C,C+,C,C,Utility Player,0.5,0.0,,,,0.44,,,0,-0.75,0.67,,,,,,True
c5d00347,Sadat Said,Hungary,1,3.0,2,5.67,9.0,middle_heavy,30.6,22.0,30.8,27.8,C,C+,C,C+,Utility Player,1.15,0.5,,,,0.58,,,0,,,,,,,,True
6f337915,Madhawa Basnayaka,Finland,4,11.0,5,9.0,13.2,middle_heavy,30.6,18.5,36.9,28.7,C,C+,C,C+,Utility Player,1.29,0.2,,,,0.59,,,1,-0.06,0.6,,,,,,True
3bea1983,DT Doram,Netherlands,14,50.0,15,7.84,20.0,middle_heavy,30.6,26.9,42.8,33.4,C+,C+,C,C+,Utility Player,0.7,0.47,0.38,0.43,0.0,0.76,0.05,-0.25,5,-0.55,0.62,-0.09,0.09,-0.02,Conditions-Proof,-0.12,False
ee7d0c82,GD McGrath,Australia,2,8.0,5,9.88,9.6,pp_heavy,30.6,25.1,50.9,35.5,C+,C+,C,B,Utility Player,0.76,0.2,,,,0.39,,,0,-0.16,0.5,,,,,,True
b8b95e44,SDJJ Dima,Mozambique,4,14.0,4,8.64,21.0,middle_heavy,30.6,34.0,19.3,28.0,C,C+,C+,C,Utility Player,0.68,0.0,,,,0.44,,,1,-0.34,0.5,,,,,,True
6f79d514,M Walker,Bermuda,1,3.0,1,7.67,18.0,pp_heavy,30.6,20.2,19.7,23.5,C,C+,C,C,Utility Player,1.5,0.0,,,,0.24,,,1,-1.16,1.0,,,,,,True
1e66c162,JD Unadkat,India,10,34.67,15,8.83,13.87,pp_heavy,30.6,36.1,56.4,41.0,C+,C+,C+,B,Utility Player,1.23,0.13,0.43,0.52,0.8,0.73,0.07,,1,-0.71,0.65,-0.23,0.23,0.01,Conditions-Proof,,False
cb4a3840,Charanjeet Singh,Italy,2,5.0,1,7.0,30.0,middle_heavy,30.6,21.0,16.1,22.6,C,C+,C,C,Utility Player,0.5,0.0,,,,0.15,,,2,-0.76,1.0,,,,,,True
c1f05d1d,Jaweed Sadran,Austria,13,33.83,10,8.6,20.3,middle_heavy,30.5,21.2,26.1,25.9,C,C+,C,C,Utility Player,0.34,0.6,-0.36,-0.67,0.19,0.67,0.05,-0.57,7,-0.46,0.71,,,-0.31,Flat-Track Leaker,-0.31,False
6bfa638b,Ahmad Raza,Saudi Arabia,5,13.0,2,7.92,39.0,pp_heavy,30.5,29.4,3.2,21.0,C,C+,C,D,Utility Player,0.58,0.0,,,,0.28,,,2,-0.19,0.5,,,,,,True
dee70255,J Lassayo,Sierra Leone,6,12.0,5,7.75,14.4,middle_heavy,30.5,24.4,24.7,26.5,C,C+,C,C,Utility Player,0.62,0.2,,,0.0,0.55,,,1,-0.75,0.6,,,,,,True
053f3ce3,D Ravu,Papua New Guinea,21,63.33,26,7.71,14.62,pp_heavy,30.5,30.9,51.5,37.6,C+,C+,C+,B,Utility Player,0.93,0.12,0.25,0.43,-0.07,0.85,0.04,0.19,16,-0.75,0.65,-0.25,0.25,-0.05,Conditions-Proof,-0.02,False
cae17490,Ali Hasan,Italy,10,33.0,12,6.73,16.5,pp_heavy,30.5,35.2,31.8,32.5,C+,C+,C+,C+,Utility Player,1.02,0.25,0.53,0.29,-0.3,0.57,0.06,,4,-0.65,0.82,,,-0.04,Conditions-Proof,0.02,False
b7062209,D Polpitiya,Eswatini,4,11.0,4,8.73,16.5,pp_heavy,30.4,20.0,33.0,27.8,C,C+,C,C+,Utility Player,0.52,1.0,,,,0.46,,,4,-0.81,0.6,,,,,,True
7c885103,Ahmed Hassan,Maldives,2,8.0,4,6.12,12.0,pp_heavy,30.4,23.6,37.1,30.4,C+,C+,C,C+,Utility Player,1.3,0.25,,,,0.68,,,0,-1.75,1.0,,,,,,True
530b20e3,JRMVB Sanjaya,Sri Lanka,8,28.83,10,8.91,17.3,pp_heavy,30.4,10.5,33.2,24.7,C,C+,D,C+,Utility Player,1.12,0.2,,,-0.34,0.3,,,2,-0.98,0.85,,,,,,True
2cdce1be,C Sakariya,India,1,3.67,1,9.55,22.0,pp_heavy,30.3,25.9,21.7,26.0,C,C+,C,C,Utility Player,0.8,0.0,,,,0.03,,,1,0.27,0.5,,,,,,True
d0b643e1,Manan Ali,Saudi Arabia,4,5.0,0,8.8,999.0,middle_heavy,30.3,21.3,1.5,17.7,C,C+,C,D,Utility Player,0.0,0.0,,,,0.2,,,2,-0.66,1.0,,,,,,True
02b87bde,LW Potthoff,Croatia,2,5.0,4,6.6,7.5,pp_heavy,30.3,26.4,41.8,32.8,C+,C+,C,C+,Utility Player,1.18,0.0,,,,0.75,,,2,,,,,,,,True
507fc658,SFS Cheema,Austria,13,29.0,17,8.38,10.24,middle_heavy,30.3,18.6,53.4,34.1,C+,C+,C,B,Utility Player,0.54,0.18,-0.07,-0.45,0.61,1.08,0.08,,1,-1.34,0.86,-0.76,0.76,0.4,Tough-Track Enforcer,0.38,True
29f0e3c3,Fahad Tariq,United Arab Emirates,2,3.0,0,8.67,999.0,middle_heavy,30.2,27.7,9.3,22.4,C,C+,C,D,Utility Player,0.0,0.0,,,,0.14,,,1,0.03,0.5,,,,,,True
7f048519,DJ Willey,England,42,140.17,51,8.58,16.49,pp_heavy,30.2,38.5,57.6,42.1,C+,C+,C+,B,Utility Player,0.83,0.29,0.34,0.04,-0.13,0.92,0.02,-0.26,6,-0.81,0.68,0.24,-0.24,-0.08,Conditions-Proof,-0.16,False
dfba63a4,B Schuster,Samoa,2,4.0,1,7.5,24.0,middle_heavy,30.2,20.1,23.5,24.6,C,C+,C,C,Utility Player,0.7,0.0,,,,0.34,,,2,-1.09,1.0,,,,,,True
27aec396,M Stoman,Portugal,1,2.5,2,6.4,7.5,death_heavy,30.2,21.8,29.0,27.0,C,C+,C,C,Utility Player,0.55,0.5,,,,0.62,,,0,-1.8,1.0,,,,,,True
b68a30f0,IG Butler,New Zealand,18,59.67,27,8.38,13.26,middle_heavy,30.2,20.9,73.4,41.5,C+,C+,C,B+,Utility Player,0.82,0.33,0.24,0.58,0.25,1.08,0.06,,3,-0.44,0.64,0.29,-0.29,0.13,Conditions-Proof,-0.07,False
95fcbfb7,TK Patel,United States of America,6,22.0,11,6.68,12.0,middle_heavy,30.2,36.1,58.2,41.5,C+,C+,C+,B,Utility Player,1.0,0.27,,,,1.0,,0.01,5,-1.28,0.8,,,,,,True
dadbdb68,JA Duffy,New Zealand,44,149.33,62,8.06,14.45,pp_heavy,30.2,37.1,80.8,49.4,B,C+,C+,A,Strike Bowler,0.93,0.15,0.65,0.81,-0.09,1.22,0.03,-0.53,5,-1.0,0.74,-0.01,0.01,0.0,Conditions-Proof,-0.02,False
2bb09eb2,Mohammad Ashraful,Bangladesh,8,23.0,8,9.17,17.25,middle_heavy,30.2,28.1,20.1,26.1,C,C+,C,C,Utility Player,0.75,0.12,,,,0.43,,,1,-0.38,0.6,,,,,,True
c78316ab,Amir Hamza,Spain,2,2.0,1,8.5,12.0,middle_heavy,30.2,15.1,29.5,24.9,C,C+,C,C,Utility Player,0.4,0.0,,,,0.37,,,0,,,,,,,,True
98e4af63,J Danikula,Croatia,5,19.0,7,8.21,16.29,pp_heavy,30.1,38.9,47.1,38.7,C+,C+,C+,B,Utility Player,1.3,0.43,,,,0.72,,,3,-1.39,0.86,,,,,,True
0e34c23a,Adnan Idrees,Kuwait,28,81.83,32,7.71,15.34,middle_heavy,30.1,36.4,44.4,37.0,C+,C+,C+,C+,Utility Player,0.76,0.19,-0.15,-0.27,-0.12,1.04,0.04,0.17,11,-0.63,0.67,-0.19,0.19,-0.0,Conditions-Proof,0.2,False
11c35bf1,O Sam Arthur,Costa Rica,3,7.0,2,6.86,21.0,middle_heavy,30.1,34.1,30.4,31.5,C+,C+,C+,C+,Utility Player,0.33,1.0,,,,0.78,,,1,-0.34,0.67,,,,,,True
056e3558,A Augastin,Tanzania,5,12.33,5,6.73,14.8,middle_heavy,30.1,32.8,42.9,35.3,C+,C+,C+,C+,Utility Player,0.81,0.2,,,,0.66,,,5,-0.98,0.8,,,,,,True
7db29f25,Ali Naqi,Portugal,3,6.0,0,7.67,999.0,pp_heavy,30.1,38.9,1.9,23.6,C,C+,C+,D,Utility Player,0.0,0.0,,,,0.37,,,1,-0.62,0.5,,,,,,True
eb2d5fe7,Anwar Ali,Pakistan,14,42.17,11,8.35,23.0,pp_heavy,30.1,31.4,14.2,25.2,C,C+,C+,D,Utility Player,0.78,0.18,0.05,0.17,-0.05,0.4,0.03,,1,-0.35,0.6,,,0.25,Tough-Track Enforcer,0.47,False
5af743d0,Sohail Khan,Pakistan,4,14.0,5,8.71,16.8,pp_heavy,30.1,30.1,31.4,30.5,C+,C+,C+,C+,Utility Player,1.04,0.0,,,,0.42,,,0,-0.63,0.57,,,,,,True
9c9af282,Naseem Shah,Pakistan,33,118.0,32,8.38,22.12,pp_heavy,30.1,10.1,12.6,17.6,C,C+,D,D,Utility Player,0.84,0.28,0.04,0.04,-0.0,0.36,0.01,,2,-0.42,0.65,-0.14,0.14,-0.14,Conditions-Proof,-0.08,False
4d2b96b4,I Tchakou,Cameroon,5,6.33,5,10.58,7.6,middle_heavy,30.1,4.2,48.8,27.7,C,C+,D,B,Utility Player,0.24,0.4,,,,0.86,,,5,,,,,,,,True
3f778477,Muhammad Fahad,Turkey,4,12.0,1,8.17,72.0,middle_heavy,30.1,40.5,4.0,24.9,C,C+,C+,D,Utility Player,0.3,0.0,,,,0.66,,,0,-0.09,0.6,,,,,,True
3465e307,R Athapaththu,Romania,6,24.0,12,8.29,12.0,pp_heavy,30.1,14.4,45.4,30.0,C+,C+,D,B,Utility Player,1.29,0.25,,,0.0,0.79,,,0,-0.73,0.67,,,,,,True
7b6623bc,J Daley,Turks and Caicos Island,2,6.0,4,5.33,9.0,pp_heavy,30.1,37.0,43.3,36.8,C+,C+,C+,C+,Utility Player,0.49,0.75,,,,1.16,,,1,-1.45,1.0,,,,,,True
9e287ee3,Waqar Abbasi,Romania,2,8.0,2,6.12,24.0,middle_heavy,30.0,27.8,21.7,26.5,C,C+,C,C,Utility Player,1.0,0.5,,,,0.55,,,0,-1.45,1.0,,,,,,True
59ddd811,NE Bonner,West Indies,1,2.0,0,9.0,999.0,middle_heavy,30.0,33.7,20.0,27.9,C,C+,C+,C,Utility Player,0.0,0.0,,,,0.11,,,1,-0.44,0.5,,,,,,True
5500c675,PC Connell,Ireland,4,12.0,6,6.25,12.0,pp_heavy,30.0,25.9,56.4,37.4,C+,C+,C,B,Utility Player,1.06,0.5,,,,0.63,,,3,-1.25,1.0,,,,,,True
014da3d8,Paras Singh,Hong Kong,3,7.33,3,9.14,14.67,pp_heavy,30.0,1.2,13.5,14.9,D,C+,D,D,Utility Player,0.98,0.0,,,,0.13,,,1,-0.73,0.5,,,,,,True
f8fd6e3f,Ahmed Shehzad,Pakistan,1,1.0,0,10.0,999.0,middle_heavy,29.9,32.3,14.8,25.7,C,C,C+,D,Utility Player,0.0,0.0,,,,0.09,,,0,,,,,,,,True
51a36d3e,GH Worker,New Zealand,1,2.0,1,9.5,12.0,middle_heavy,29.9,30.3,36.0,32.1,C+,C,C+,C+,Utility Player,1.4,0.0,,,,0.2,,,0,-1.42,1.0,,,,,,True
9124e5ee,K Macheka,Zimbabwe,2,6.5,4,9.23,9.75,death_heavy,29.9,19.5,41.4,30.3,C+,C,C,C+,Utility Player,0.95,0.5,,,,0.55,,,0,-1.97,1.0,,,,,,True
fbb8cf87,E Beukes,Cambodia,14,40.5,13,7.95,18.69,middle_heavy,29.9,30.6,30.2,30.2,C+,C,C+,C+,Utility Player,0.73,0.38,0.14,-0.13,-0.25,0.81,0.06,-0.59,7,-0.55,0.93,0.36,-0.36,0.22,Tough-Track Enforcer,0.2,False
c4d28aa3,MS Aulakh,Canada,3,9.0,3,9.44,18.0,middle_heavy,29.9,13.6,30.9,24.8,C,C,D,C+,Utility Player,0.78,0.67,,,,0.29,,,1,-0.69,1.0,,,,,,True
5934e1b2,Y Konate,Mali,1,3.0,0,5.33,999.0,middle_heavy,29.8,28.1,13.4,23.8,C,C,C,D,Utility Player,0.0,0.0,,,,0.55,,,1,-1.24,1.0,,,,,,True
9bb259b4,Ashraful Shuvo,Estonia,3,6.0,0,7.67,999.0,middle_heavy,29.8,35.9,4.1,23.3,C,C,C+,D,Utility Player,0.0,0.0,,,,0.44,,,3,-0.16,0.5,,,,,,True
015dc0cd,K Mendon,Czech Republic,2,6.0,2,5.83,18.0,middle_heavy,29.8,32.2,28.8,30.3,C+,C,C+,C,Utility Player,0.65,0.0,,,,0.55,,,0,-1.1,1.0,,,,,,True
df6534ac,Khalander Mustafa,Saudi Arabia,2,7.0,4,7.86,10.5,pp_heavy,29.7,40.2,48.7,39.5,C+,C,C+,B,Utility Player,1.1,0.25,,,,0.71,,,2,-0.92,1.0,,,,,,True
08548b13,PHKD Mendis,Sri Lanka,15,29.0,6,8.21,29.0,middle_heavy,29.7,34.3,2.7,22.2,C,C,C+,D,Utility Player,0.42,0.0,-0.2,-0.02,0.16,0.43,0.03,,3,-0.1,0.5,0.07,-0.07,0.35,Tough-Track Enforcer,0.29,True
e2b86f12,Shan Siddiqui,Gambia,2,4.0,0,8.0,999.0,middle_heavy,29.7,20.5,10.0,20.1,C,C,C,D,Utility Player,0.0,0.0,,,,0.17,,,2,-0.88,1.0,,,,,,True
bd4ea627,Faheem Ashraf,Pakistan,72,190.5,62,8.04,18.44,middle_heavy,29.7,21.5,49.0,33.4,C+,C,C,B,Utility Player,0.62,0.31,0.05,0.58,-0.09,1.05,0.01,-0.34,6,-0.82,0.76,0.02,-0.02,-0.0,Conditions-Proof,0.02,False
740a5494,B Leo,St Helena,4,13.67,5,8.12,16.4,middle_heavy,29.7,31.5,34.9,32.0,C+,C,C+,C+,Utility Player,0.94,0.4,,,,0.74,,,4,-0.72,0.5,,,,,,True
7f46e127,Rohan Bhavesh Patel,Bulgaria,4,11.0,4,7.55,16.5,middle_heavy,29.7,31.2,31.6,30.8,C+,C,C+,C+,Utility Player,0.99,0.25,,,,0.65,,,2,-1.07,0.8,,,,,,True
76e84cb1,Naveed Fakhr,Kuwait,1,4.0,1,8.0,24.0,pp_heavy,29.7,24.3,23.5,25.8,C,C,C,C,Utility Player,1.5,0.0,,,,0.09,,,1,,,,,,,,True
c7e5cc8f,Saran Maliwan,Thailand,1,4.0,1,6.75,24.0,pp_heavy,29.6,30.6,28.7,29.6,C,C,C+,C,Utility Player,1.5,1.0,,,,0.43,,,0,-1.62,1.0,,,,,,True
2f22325f,Ameer Saiyed,Botswana,6,11.67,4,9.0,17.5,middle_heavy,29.6,20.0,27.5,25.7,C,C,C,C,Utility Player,0.52,0.0,,,,0.41,,,2,-0.19,0.67,,,,,,True
7c7d63a2,AJ Tye,Australia,31,113.83,52,8.87,13.13,death_heavy,29.6,25.4,60.8,38.6,C+,C,C,B+,Utility Player,0.89,0.13,0.14,-0.12,-0.15,1.54,0.05,-0.56,6,-0.73,0.64,0.41,-0.41,-0.09,Conditions-Proof,0.04,False
d2a6614c,AS Nadkarni,United States of America,1,2.0,0,6.5,999.0,pp_heavy,29.6,26.1,18.0,24.6,C,C,C,C,Utility Player,0.0,0.0,,,,0.24,,,0,-1.21,1.0,,,,,,True
0331c99a,Hassan Mehmood,Sweden,4,12.17,6,8.3,12.17,middle_heavy,29.6,18.1,43.7,30.5,C+,C,C,C+,Utility Player,1.02,0.17,,,,0.66,,,2,-1.24,0.83,,,,,,True
3a44a4e4,PSRK Sudarshan,Singapore,14,49.0,16,8.1,18.38,pp_heavy,29.5,35.3,42.2,35.7,C+,C,C+,C+,Utility Player,0.91,0.31,0.46,0.2,0.35,0.77,0.06,,4,-0.86,0.78,0.07,-0.07,-0.15,Flat-Track Leaker,-0.11,False
3e697d4a,Chaudhary Akram,Norway,4,9.0,5,7.0,10.8,middle_heavy,29.5,36.3,37.5,34.4,C+,C,C+,C+,Utility Player,0.8,0.0,,,,0.77,,,0,-0.27,0.25,,,,,,True
68ddabdb,Mohammad Sami,Pakistan,13,46.0,21,8.61,13.14,pp_heavy,29.5,14.9,71.5,38.6,C+,C,D,B+,Utility Player,1.05,0.33,0.1,0.12,0.19,0.82,0.06,,4,-0.57,0.61,-0.58,0.58,0.09,Conditions-Proof,0.16,False
431f2dd4,Jun Hyunwoo,South Korea,1,4.0,0,6.25,999.0,middle_heavy,29.4,31.3,18.5,26.4,C,C,C+,C,Utility Player,0.0,0.0,,,,0.31,,,1,-0.71,0.67,,,,,,True
f2c0c73d,R Parkin,Estonia,4,11.0,3,8.55,22.0,middle_heavy,29.4,16.7,28.2,24.8,C,C,C,C,Utility Player,0.68,0.0,,,,0.47,,,0,-0.44,0.67,,,,,,True
a7bc76a0,E Leie,South Africa,2,6.0,4,8.17,9.0,middle_heavy,29.4,38.7,51.0,39.7,C+,C,C+,B,Utility Player,1.33,0.0,,,,0.6,,,0,-0.09,0.5,,,,,,True
fe3e9880,SG Diaby,Mali,4,10.0,2,7.1,30.0,pp_heavy,29.4,34.4,9.9,24.6,C,C,C+,D,Utility Player,0.75,0.0,,,,0.38,,,4,-0.59,0.67,,,,,,True
67d40eaa,D Bourne,Turks and Caicos Island,2,5.0,1,7.4,30.0,pp_heavy,29.4,24.4,8.4,20.7,C,C,C,D,Utility Player,0.2,0.0,,,,0.31,,,1,-2.49,1.0,,,,,,True
a73321d3,A Shahzad,England,3,11.0,3,9.18,22.0,pp_heavy,29.4,15.4,23.9,22.9,C,C,C,C,Utility Player,0.77,0.0,,,,0.07,,,0,-0.76,1.0,,,,,,True
3f0e3504,P Ghosh,Malta,1,1.0,0,9.0,999.0,pp_heavy,29.4,28.0,18.6,25.3,C,C,C,C,Utility Player,0.0,0.0,,,,0.2,,,0,,,,,,,,True
218c7eab,Basir Ahamad,Nepal,1,4.0,2,7.5,12.0,middle_heavy,29.4,27.8,35.4,30.9,C+,C,C,C+,Utility Player,0.9,0.5,,,,0.38,,,0,-0.55,1.0,,,,,,True
d0111079,IGTR Kumara,Maldives,1,2.0,0,8.5,999.0,pp_heavy,29.4,30.1,18.7,26.1,C,C,C+,C,Utility Player,0.0,0.0,,,,0.12,,,1,-0.8,1.0,,,,,,True
c66d9486,U Bhatti,Canada,2,5.0,1,8.0,30.0,pp_heavy,29.3,28.7,12.0,23.3,C,C,C,D,Utility Player,0.75,0.0,,,,0.16,,,2,-1.16,1.0,,,,,,True
357f5314,A Karn,Nepal,1,4.0,1,7.75,24.0,middle_heavy,29.3,33.0,26.1,29.5,C,C,C+,C,Utility Player,1.5,0.0,,,,0.16,,,0,0.18,0.0,,,,,,True
478a63e7,C Campher,Ireland,48,124.17,33,8.44,22.58,middle_heavy,29.3,19.7,3.2,17.4,C,C,C,D,Utility Player,0.46,0.24,-0.13,-0.24,-0.29,0.57,0.01,0.01,14,-0.34,0.62,0.09,-0.09,-0.09,Conditions-Proof,-0.09,False
a5c48ed1,C Wickramasinghe,Sri Lanka,3,7.0,1,7.86,42.0,pp_heavy,29.2,39.3,7.9,25.5,C,C,C+,D,Utility Player,0.47,0.0,,,,0.22,,,0,0.57,0.5,,,,,,True
3fb19989,MA Starc,Australia,65,243.0,83,8.07,17.57,pp_heavy,29.1,17.8,66.8,37.9,C+,C,C,B+,Utility Player,0.9,0.47,0.33,0.65,0.14,0.92,0.01,,4,-1.05,0.78,-0.03,0.03,0.16,Tough-Track Enforcer,0.16,False
43449b1e,JEA Doctora,Philippines,5,7.33,4,8.86,11.0,middle_heavy,29.1,38.6,50.6,39.4,C+,C,C+,B,Utility Player,0.22,0.25,,,,0.94,,,2,-0.09,0.33,,,,,,True
d1d8b6a2,S Kollery,Botswana,1,2.0,0,7.5,999.0,middle_heavy,29.1,28.0,18.6,25.2,C,C,C,C,Utility Player,0.0,0.0,,,,0.12,,,1,-0.19,1.0,,,,,,True
9e3575ce,N Nuntarach,Thailand,17,32.83,14,7.64,14.07,middle_heavy,29.1,14.8,30.2,24.7,C,C,D,C+,Utility Player,0.47,0.43,-0.87,-0.72,-0.11,0.69,0.04,-0.15,9,-0.56,0.78,0.65,-0.65,0.19,Conditions-Proof,,False
c7726eec,Atif Rasheed,Finland,5,8.83,6,7.25,8.83,middle_heavy,29.1,25.2,47.3,33.9,C+,C,C,B,Utility Player,0.3,0.0,,,,0.95,,,4,-2.26,1.0,,,,,,True
44482748,TO Thilappan,Singapore,3,9.0,1,9.56,54.0,middle_heavy,29.1,42.5,13.8,28.5,C,C,C+,D,Utility Player,0.5,1.0,,,,0.35,,,3,0.31,0.6,,,,,,True
b2ae53f5,T Thushara,Sri Lanka,5,19.0,6,8.53,19.0,pp_heavy,29.1,23.6,30.6,27.8,C,C,C,C+,Utility Player,1.1,0.0,,,,0.25,,,1,-1.03,0.83,,,,,,True
c39ee9e0,Junaid Aziz,Bahrain,13,23.0,15,8.61,9.2,middle_heavy,29.0,38.0,53.9,40.3,C+,C,C+,B,Utility Player,0.56,0.07,-0.16,0.1,-0.15,1.04,0.08,0.7,8,-0.44,0.57,-0.15,0.15,-0.23,Flat-Track Leaker,-0.69,True
5b16a806,A Dananjaya,Sri Lanka,32,112.83,30,8.3,22.57,middle_heavy,28.8,28.4,12.9,23.4,C,C,C,D,Utility Player,0.7,0.33,0.19,0.4,0.25,0.68,0.02,-0.1,8,-0.5,0.67,0.17,-0.17,-0.11,Conditions-Proof,0.0,False
6232e1ed,GJ McCarter,Ireland,1,3.0,0,10.0,999.0,middle_heavy,28.8,27.4,16.9,24.4,C,C,C,C,Utility Player,0.0,0.0,,,,0.08,,,0,0.32,0.0,,,,,,True
a12672e0,J Baker,Cayman Islands,3,7.0,3,9.29,14.0,middle_heavy,28.8,21.8,43.0,31.2,C+,C,C,C+,Utility Player,0.46,0.33,,,,0.54,,,2,0.23,0.5,,,,,,True
bec5cab9,DK Mathias,Bahrain,7,14.0,2,8.29,42.0,middle_heavy,28.8,32.6,17.2,26.2,C,C,C+,C,Utility Player,0.16,0.5,,,0.2,0.44,,,2,-0.84,0.67,,,,,,True
b5dcec37,TKP Rajapaksha,Seychelles,3,12.0,3,8.42,24.0,middle_heavy,28.8,35.8,31.8,32.1,C+,C,C+,C+,Utility Player,0.93,0.67,,,,0.55,,,3,-0.69,0.5,,,,,,True
fd43bb69,PS Roberts,Croatia,4,9.0,1,7.33,54.0,pp_heavy,28.7,34.9,14.0,25.9,C,C,C+,D,Utility Player,0.3,0.0,,,,0.36,,,4,-0.77,1.0,,,,,,True
b672e825,A Manousis,Greece,3,7.0,2,7.29,21.0,middle_heavy,28.7,34.1,20.2,27.7,C,C,C+,C,Utility Player,0.83,0.0,,,,0.48,,,3,-0.37,1.0,,,,,,True
3c338b6a,J Raubenheimer,South Africa,1,4.0,3,6.0,8.0,middle_heavy,28.6,24.7,37.4,30.2,C+,C,C,C+,Utility Player,1.2,0.33,,,,0.66,,,0,-1.72,1.0,,,,,,True
f8c72766,D Heyliger,Canada,54,162.0,51,7.75,19.06,middle_heavy,28.6,15.4,32.0,25.3,C,C,C,C+,Utility Player,0.63,0.22,-0.06,0.19,-0.14,0.88,0.02,0.13,34,-0.94,0.81,-0.18,0.18,0.23,Tough-Track Enforcer,0.26,False
07160156,A Tripathi,Mexico,2,2.0,2,13.0,6.0,middle_heavy,28.5,1.8,34.9,21.7,C,C,D,C+,Utility Player,0.22,0.5,,,,0.48,,,1,,,,,,,,True
281ce63c,Riaz Afridi,Czech Republic,3,10.5,5,9.24,12.6,pp_heavy,28.5,19.8,32.6,27.0,C,C,C,C+,Utility Player,0.84,0.4,,,,0.44,,,2,-0.25,0.5,,,,,,True
5ce3fe3f,N Nankov,Bulgaria,1,2.0,1,7.0,12.0,pp_heavy,28.5,26.8,34.2,29.8,C,C,C,C+,Utility Player,1.5,1.0,,,,0.49,,,1,-3.16,1.0,,,,,,True
c024db94,RJ Ranpura,Oman,1,2.0,1,7.5,12.0,pp_heavy,28.5,36.5,35.7,33.6,C+,C,C+,C+,Utility Player,1.4,0.0,,,,0.32,,,1,0.12,0.0,,,,,,True
68f7caf9,M Jenkinson,Finland,2,6.0,2,8.5,18.0,death_heavy,28.4,23.3,26.7,26.1,C,C,C,C,Utility Player,0.4,0.5,,,,0.61,,,2,0.64,0.5,,,,,,True
a9a76481,TO Carmichael,United States of America,2,6.0,0,7.17,999.0,middle_heavy,28.4,22.1,4.8,18.4,C,C,C,D,Utility Player,0.0,0.0,,,,0.21,,,2,0.29,0.5,,,,,,True
8e7e982c,Muhammed Turkmen,Turkey,4,10.0,4,7.6,15.0,middle_heavy,28.4,7.4,25.8,20.5,C,C,D,C,Utility Player,0.63,0.25,,,,0.41,,,1,-0.47,0.75,,,,,,True
3c6ffae8,YK Pathan,India,16,49.83,14,8.69,21.36,middle_heavy,28.4,43.5,25.4,32.4,C+,C,C+,C,Utility Player,0.84,0.29,0.26,0.04,0.26,0.7,0.04,,1,-0.35,0.76,0.24,-0.24,0.1,Conditions-Proof,0.22,False
7545a91a,DS Wesonga,Kenya,1,2.0,0,9.5,999.0,death_heavy,28.4,22.2,12.8,21.1,C,C,C,D,Utility Player,0.0,0.0,,,,0.13,,,0,-0.34,1.0,,,,,,True
a4799701,Danish Aziz,Pakistan,1,3.0,2,9.67,9.0,middle_heavy,28.4,15.1,39.0,27.5,C,C,C,C+,Utility Player,1.35,0.5,,,,0.23,,,0,,,,,,,,True
15fe1668,O Casasola,Belize,1,2.0,0,7.5,999.0,middle_heavy,28.3,20.9,12.4,20.5,C,C,C,D,Utility Player,0.0,0.0,,,,0.22,,,1,-0.23,1.0,,,,,,True
cebbf3c9,Myat Thu Aung,Myanmar,3,3.0,3,9.67,6.0,pp_heavy,28.3,21.6,52.8,34.2,C+,C,C,B,Utility Player,0.62,0.33,,,,0.72,,,2,,,,,,,,True
6b8eb6e5,S Sreesanth,India,9,34.0,9,8.65,22.67,pp_heavy,28.3,15.9,45.3,29.8,C,C,C,B,Utility Player,0.71,0.56,,,-0.05,0.42,,,1,-0.45,0.67,,,,,,False
607ed7c2,Shohidul Islam,Bangladesh,1,3.83,1,8.87,23.0,pp_heavy,28.3,22.0,30.5,26.9,C,C,C,C+,Utility Player,1.5,1.0,,,,0.03,,,1,0.21,0.5,,,,,,True
6af3f1e6,Karweng NG,Philippines,3,9.0,0,9.0,999.0,middle_heavy,28.2,23.5,6.2,19.3,C,C,C,D,Utility Player,0.0,0.0,,,,0.19,,,3,-0.1,0.6,,,,,,True
af28816c,TE Kane,Ireland,3,8.17,4,8.2,12.25,pp_heavy,28.2,42.0,43.0,37.7,C+,C,C+,C+,Utility Player,0.79,0.5,,,,0.55,,,2,0.45,0.0,,,,,,True
b3e9555a,Aziz Mohammad,Belgium,10,34.0,12,8.12,17.0,pp_heavy,28.2,44.4,43.1,38.6,C+,C,C+,C+,Utility Player,0.9,0.0,0.96,0.69,0.38,0.87,0.09,-0.32,7,-0.72,0.8,,,0.28,Tough-Track Enforcer,0.19,False
692d4cbe,M Gherasim,Romania,4,4.33,1,8.54,26.0,death_heavy,28.1,26.0,5.6,19.9,C,C,C,D,Utility Player,0.18,0.0,,,,0.53,,,3,,,,,,,,True
63bff7f9,SM Harwood,Australia,3,12.0,4,9.58,18.0,pp_heavy,28.1,19.2,33.8,27.0,C,C,C,C+,Utility Player,0.68,0.25,,,,0.17,,,0,-0.21,0.5,,,,,,True
b58316de,P Sapesa,Malawi,2,5.0,0,7.2,999.0,pp_heavy,28.1,34.1,9.1,23.8,C,C,C+,D,Utility Player,0.0,0.0,,,,0.27,,,2,-1.01,1.0,,,,,,True
0a509d6b,RK Singh,India,3,2.67,3,7.12,5.33,death_heavy,28.0,45.6,57.9,43.8,C+,C,B,B,Utility Player,0.57,0.0,,,,0.99,,,1,0.12,0.0,,,,,,True
70308587,JMJ Lynn,Indonesia,1,4.0,3,5.5,8.0,middle_heavy,28.0,27.3,32.8,29.4,C,C,C,C+,Utility Player,1.2,0.33,,,,0.81,,,0,,,,,,,,True
e0f12392,Mohammed Alamgir,Eswatini,4,9.0,3,9.22,18.0,pp_heavy,28.0,26.4,27.2,27.2,C,C,C,C,Utility Player,0.88,0.67,,,,0.52,,,2,-0.85,0.6,,,,,,True
863bfcc9,J Long,Philippines,1,2.0,1,13.0,12.0,middle_heavy,28.0,17.8,26.7,24.2,C,C,C,C,Utility Player,1.4,0.0,,,,0.08,,,1,0.7,0.0,,,,,,True
6cd74704,Dharmendra Manani,Romania,1,3.0,2,8.67,9.0,death_heavy,27.9,21.7,28.1,25.9,C,C,C,C,Utility Player,0.8,0.0,,,,0.42,,,0,,,,,,,,True
4d290e7a,N Hirani,Kenya,3,9.0,5,6.67,10.8,middle_heavy,27.9,36.8,39.9,34.9,C+,C,C+,C+,Utility Player,0.69,0.0,,,,0.6,,,3,-1.25,0.75,,,,,,True
a98a6b86,Umair Ali,United Arab Emirates,1,2.0,0,8.0,999.0,middle_heavy,27.9,33.1,17.1,26.0,C,C,C+,C,Utility Player,0.0,0.0,,,,0.13,,,1,0.13,0.0,,,,,,True
ae6746e0,Khurram Khan,United Arab Emirates,1,1.0,1,8.0,6.0,middle_heavy,27.9,38.8,48.6,38.4,C+,C,C+,B,Utility Player,1.1,0.0,,,,0.56,,,1,,,,,,,,True
7990dc16,Muhammet Bicer,Turkey,1,1.0,0,5.0,999.0,middle_heavy,27.9,14.4,18.1,20.1,C,C,D,C,Utility Player,0.0,0.0,,,,0.16,,,0,,,,,,,,True
598f5484,Adil Butt,Saudi Arabia,1,3.0,1,9.0,18.0,pp_heavy,27.8,29.9,30.4,29.4,C,C,C,C+,Utility Player,1.5,0.0,,,,0.14,,,0,-0.46,1.0,,,,,,True
10ae134c,Jai Sinh,Switzerland,3,11.0,9,7.64,7.33,middle_heavy,27.8,11.1,48.7,29.2,C,C,D,B,Utility Player,0.65,0.22,,,,0.8,,,1,-1.64,0.67,,,,,,True
518d96de,MR Montfort,Canada,1,3.0,2,9.0,9.0,middle_heavy,27.8,26.1,36.4,30.1,C+,C,C,C+,Utility Player,0.8,0.0,,,,0.23,,,1,-0.22,1.0,,,,,,True
9e9af5f2,Mohammad Wasim,Pakistan,33,106.5,46,8.64,13.89,pp_heavy,27.7,39.1,77.5,48.1,B,C,C+,A,Utility Player,0.78,0.41,0.09,0.25,-0.27,1.14,0.03,,2,-0.59,0.67,-0.0,0.0,-0.37,Flat-Track Leaker,-0.14,False
3e86080b,Abdul Salman Khan,Saudi Arabia,2,5.0,1,7.4,30.0,middle_heavy,27.7,33.3,22.0,27.7,C,C,C+,C,Utility Player,0.4,0.0,,,,0.26,,,1,-1.14,1.0,,,,,,True
1ee08e9a,JA Richardson,Australia,18,66.0,20,8.52,19.8,pp_heavy,27.7,29.6,34.1,30.5,C+,C,C,C+,Utility Player,0.86,0.2,0.18,0.14,-0.44,0.55,0.03,,0,-0.48,0.65,0.36,-0.36,0.03,Conditions-Proof,0.03,False
2e4d5f94,TZ Chataira,Zimbabwe,3,7.0,5,8.14,8.4,pp_heavy,27.7,20.7,57.1,35.2,C+,C,C,B,Utility Player,1.32,0.8,,,,0.72,,,0,-0.66,1.0,,,,,,True
d02c40ab,YS Samra,Canada,1,2.0,2,6.5,6.0,death_heavy,27.7,31.3,32.9,30.6,C+,C,C+,C+,Utility Player,1.1,0.0,,,,0.67,,,0,,,,,,,,True
b91083bd,Abhijeet Ahuja,Hungary,1,2.0,2,4.0,6.0,middle_heavy,27.6,32.1,38.1,32.6,C+,C,C+,C+,Utility Player,0.9,0.0,,,,0.87,,,0,-2.09,1.0,,,,,,True
709cb7f0,Hwanhee Lee,South Korea,1,1.0,2,6.0,3.0,death_heavy,27.6,33.6,43.2,34.8,C+,C,C+,C+,Utility Player,1.25,0.5,,,,1.0,,,1,,,,,,,,True
7e00711f,Faheem Nazir,Switzerland,15,40.67,18,7.65,13.56,middle_heavy,27.6,27.0,50.2,34.9,C+,C,C,B,Utility Player,0.98,0.22,0.32,0.62,-0.16,1.09,0.07,-0.14,9,-0.86,0.68,-0.08,0.08,-0.19,Flat-Track Leaker,-0.19,False
48f25627,Amjad Mahboob,Singapore,26,86.67,36,8.54,14.44,pp_heavy,27.6,36.9,52.0,38.8,C+,C,C+,B,Utility Player,0.93,0.22,0.47,0.23,-0.01,0.88,0.03,-0.08,19,-0.46,0.57,-0.35,0.35,0.28,Conditions-Proof,0.04,False
b7d1eadd,P Jayawickrama,Sri Lanka,5,13.17,2,9.27,39.5,middle_heavy,27.5,31.4,2.3,20.4,C,C,C+,D,Utility Player,0.5,0.0,,,,0.24,,,1,0.04,0.5,,,,,,True
33290a80,K Kadowaki-Fleming,Japan,1,1.0,0,8.0,999.0,middle_heavy,27.5,22.8,17.6,22.6,C,C,C,C,Utility Player,0.0,0.0,,,,0.17,,,0,,,,,,,,True
f2800ef3,Yasir Shah,Pakistan,2,4.0,0,10.25,999.0,middle_heavy,27.5,20.6,6.3,18.1,C,C,C,D,Utility Player,0.0,0.0,,,,0.05,,,0,0.5,0.5,,,,,,True
4c5d73db,CR Woakes,England,32,97.83,31,8.43,18.94,pp_heavy,27.5,42.3,39.1,36.3,C+,C,C+,C+,Utility Player,0.89,0.13,0.08,0.53,0.25,0.75,0.02,0.12,5,-0.79,0.67,-0.3,0.3,-0.1,Conditions-Proof,-0.05,False
79f5bc26,BG Lister,New Zealand,11,36.83,11,8.74,20.09,pp_heavy,27.3,54.2,30.0,37.2,C+,C,B,C+,Utility Player,0.6,0.0,0.44,0.12,0.13,0.61,0.06,,2,-0.29,0.53,0.01,-0.01,-0.28,Flat-Track Leaker,-0.34,False
60cc80ac,Razmal Shigiwal,Austria,1,3.0,1,7.33,18.0,middle_heavy,27.2,27.8,22.4,25.8,C,C,C,C,Utility Player,1.4,0.0,,,,0.4,,,0,-0.66,1.0,,,,,,True
b3a28446,Mohammad Saifuddin,Bangladesh,41,143.67,47,8.89,18.34,middle_heavy,27.2,5.5,33.4,22.0,C,C,D,C+,Utility Player,0.83,0.32,-0.05,0.24,0.01,0.64,0.02,,4,-0.24,0.56,0.14,-0.14,-0.27,Flat-Track Leaker,-0.14,False
871cf744,Deng Jinqi,China,3,8.5,2,7.88,25.5,middle_heavy,27.2,23.9,29.2,26.8,C,C,C,C,Utility Player,0.2,0.5,,,,0.4,,,1,-0.65,0.5,,,,,,True
da9f58aa,Hasan Murad,Bangladesh,1,2.0,0,8.0,999.0,middle_heavy,27.2,39.7,25.2,30.7,C+,C,C+,C,Utility Player,0.0,0.0,,,,0.15,,,1,0.26,0.0,,,,,,True
d000b421,T Pullman,Jersey,1,3.0,1,8.67,18.0,pp_heavy,27.2,19.3,24.5,23.7,C,C,C,C,Utility Player,1.5,0.0,,,,0.08,,,1,-1.8,1.0,,,,,,True
ea0e8ea2,R Mahajan,Philippines,3,10.0,2,9.4,30.0,middle_heavy,27.1,33.0,9.3,23.1,C,C,C+,D,Utility Player,1.0,0.0,,,,0.28,,,3,-0.05,0.67,,,,,,True
4ebc70ca,GT Main,Scotland,14,40.33,21,8.8,11.52,middle_heavy,27.1,5.1,60.2,30.8,C+,C,D,B+,Utility Player,0.84,0.1,-0.15,-0.05,-0.08,0.79,0.06,0.44,7,-0.22,0.56,0.31,-0.31,0.3,Tough-Track Enforcer,0.14,False
c57a486f,Khalid Niazi,Switzerland,6,16.17,10,7.67,9.7,middle_heavy,27.1,28.5,46.8,34.1,C+,C,C,B,Utility Player,0.61,0.0,,,-0.09,1.04,,,1,-0.71,0.57,,,,,,True
65cebd5d,K Mishara,Sri Lanka,1,1.0,0,10.0,999.0,middle_heavy,27.1,27.2,12.7,22.3,C,C,C,D,Utility Player,0.0,0.0,,,,0.01,,,1,,,,,,,,True
3cf5ae43,Yasir Arafat,Pakistan,13,39.33,18,8.16,13.11,pp_heavy,27.1,32.2,63.7,41.0,C+,C,C+,B+,Utility Player,0.78,0.17,0.03,-0.4,0.38,0.78,0.06,,3,-0.7,0.75,-0.09,0.09,0.33,Tough-Track Enforcer,0.17,False
9d1d34bd,Taijul Islam,Bangladesh,1,3.0,1,8.67,18.0,pp_heavy,27.1,29.4,32.8,29.8,C,C,C,C+,Utility Player,1.5,0.0,,,,0.13,,,0,-0.07,0.5,,,,,,True
70ced7f2,Mohammad Aadil Alam,Nepal,9,22.0,9,6.95,14.67,middle_heavy,27.1,33.0,54.7,38.3,C+,C,C+,B,Utility Player,0.74,0.33,,,0.31,0.88,,,2,-1.36,0.86,,,,,,True
25e26a23,Najeeb Amar,Hong Kong,1,3.0,1,10.0,18.0,pp_heavy,27.0,24.4,24.2,25.2,C,C,C,C,Utility Player,1.2,0.0,,,,0.01,,,0,-1.66,1.0,,,,,,True
ef18b66e,Taskin Ahmed,Bangladesh,78,280.33,104,8.06,16.17,pp_heavy,27.0,27.0,86.6,46.9,B,C,C,A+,Strike Bowler,0.92,0.23,0.39,0.46,0.04,1.28,0.02,-0.12,17,-0.92,0.73,-0.01,0.01,-0.03,Conditions-Proof,0.01,False
b5e7d375,T Bukenya,Uganda,1,4.0,0,10.5,999.0,pp_heavy,27.0,25.0,14.2,22.1,C,C,C,D,Utility Player,0.0,0.0,,,,0.0,,,0,0.02,0.5,,,,,,True
50758325,B Geeves,Australia,1,3.33,2,10.5,10.0,pp_heavy,27.0,17.1,45.3,29.8,C,C,C,B,Utility Player,1.45,0.5,,,,0.27,,,0,,,,,,,,True
b7646e8c,GEF Barnett,Canada,1,1.0,0,11.0,999.0,death_heavy,27.0,26.0,16.4,23.1,C,C,C,C,Utility Player,0.0,0.0,,,,0.06,,,1,,,,,,,,True
d42de283,Vivek Dixit,Luxembourg,1,1.0,0,8.0,999.0,middle_heavy,27.0,24.5,15.6,22.4,C,C,C,C,Utility Player,0.0,0.0,,,,0.16,,,0,,,,,,,,True
b7db83eb,Jitin Singh,Tanzania,3,4.33,4,11.08,6.5,death_heavy,27.0,15.8,43.1,28.6,C,C,C,C+,Utility Player,0.64,0.25,,,,0.75,,,3,1.62,0.0,,,,,,True
a72b14ff,CT Tremlett,England,1,4.0,2,11.5,12.0,middle_heavy,27.0,29.1,44.7,33.6,C+,C,C,C+,Utility Player,1.45,1.0,,,,0.29,,,0,-0.02,0.5,,,,,,True
05cf8905,Shakerullah Safi,Denmark,2,3.0,0,8.67,999.0,middle_heavy,27.0,27.6,8.4,21.0,C,C,C,D,Utility Player,0.0,0.0,,,,0.18,,,2,-0.73,1.0,,,,,,True
612a395c,S Singh,Kenya,1,1.0,0,8.0,999.0,pp_heavy,26.9,23.0,15.8,21.9,C,C,C,C,Utility Player,0.0,0.0,,,,0.07,,,1,,,,,,,,True
9ac1dc9f,Qadeer Ahmed,United Arab Emirates,9,28.0,8,8.46,21.0,pp_heavy,26.9,20.1,17.7,21.6,C,C,C,C,Utility Player,0.84,0.12,,,-0.32,0.24,,,2,-0.79,0.62,,,,,,True
a8bbd62e,GI Maiden,Scotland,1,2.0,1,7.0,12.0,middle_heavy,26.9,29.1,34.1,30.0,C+,C,C,C+,Utility Player,1.5,0.0,,,,0.33,,,1,-0.63,1.0,,,,,,True
1fbef290,G Wijekoon,Sri Lanka,3,11.0,4,9.18,16.5,middle_heavy,26.9,20.5,27.9,25.1,C,C,C,C,Utility Player,0.62,0.25,,,,0.19,,,0,0.09,0.5,,,,,,True
6535cc7b,V Jayant,Lesotho,4,7.83,1,9.96,47.0,middle_heavy,26.8,14.9,3.4,15.0,C,C,D,D,Utility Player,0.3,0.0,,,,0.2,,,4,-0.75,0.8,,,,,,True
e3540b8c,DS Bajwa,Canada,6,10.0,2,10.3,30.0,middle_heavy,26.8,25.0,9.2,20.3,C,C,C,D,Utility Player,0.5,0.5,,,-0.29,0.25,,,3,-0.27,0.4,,,,,,True
77e321db,Aditya Panwar,Estonia,6,13.83,6,8.82,13.83,middle_heavy,26.8,13.0,39.3,26.4,C,C,D,C+,Utility Player,0.46,0.67,,,-0.75,0.65,,,0,-0.14,0.71,,,,,,True
6adf9347,Iftikhar Anjum,Pakistan,2,8.0,2,8.62,24.0,middle_heavy,26.8,18.9,15.3,20.3,C,C,C,C,Utility Player,1.1,0.0,,,,0.04,,,0,-0.02,0.6,,,,,,True
bfe33045,Nawaf Ahmed,Kuwait,7,15.5,4,8.32,23.25,pp_heavy,26.8,5.7,10.0,14.2,D,C,D,D,Utility Player,0.19,0.5,,,-0.3,0.14,,0.63,5,0.4,0.25,,,,,,True
e82543d5,M Vandrasi,Czech Republic,8,24.0,9,7.38,16.0,middle_heavy,26.8,39.3,35.1,33.7,C+,C,C+,C+,Utility Player,0.38,0.22,,,0.15,0.82,,0.43,5,-0.7,0.73,,,,,,True
a6cbe67b,Rhys Burinaga,Philippines,3,8.17,6,7.1,8.17,pp_heavy,26.7,33.1,52.8,37.5,C+,C,C+,B,Utility Player,1.12,0.0,,,,0.91,,,1,-1.4,1.0,,,,,,True
5dbdecf1,Khaled Ahmed,Bangladesh,1,4.0,0,9.5,999.0,pp_heavy,26.7,31.7,21.0,26.5,C,C,C+,C,Utility Player,0.0,0.0,,,,0.06,,,0,-0.03,0.5,,,,,,True
c8a7b014,OJ Hairs,Scotland,1,2.0,1,10.0,12.0,middle_heavy,26.7,24.6,30.9,27.4,C,C,C,C+,Utility Player,1.2,0.0,,,,0.08,,,0,,,,,,,,True
82af7861,LP Kasturiarachchige,Austria,3,10.0,3,8.1,20.0,middle_heavy,26.7,25.5,23.1,25.1,C,C,C,C,Utility Player,0.72,0.33,,,,0.42,,,0,-0.22,0.6,,,,,,True
8f7a598f,RMS Eranga,Sri Lanka,3,11.0,3,8.64,22.0,pp_heavy,26.6,23.6,40.8,30.3,C+,C,C,C+,Utility Player,0.98,0.67,,,,0.25,,,0,-0.12,0.75,,,,,,True
4c5a72e2,R Edwards,Cayman Islands,4,11.0,4,8.27,16.5,pp_heavy,26.6,9.8,23.5,20.0,C,C,D,C,Utility Player,0.6,0.25,,,,0.15,,,1,0.3,0.5,,,,,,True
5bdf2343,Amir Butt,Mexico,1,2.0,2,5.5,6.0,pp_heavy,26.6,16.9,39.6,27.7,C,C,C,C+,Utility Player,1.3,1.0,,,,0.62,,,0,,,,,,,,True
a65593c6,K Tari,Vanuatu,1,3.0,1,9.0,18.0,pp_heavy,26.6,20.8,26.4,24.6,C,C,C,C,Utility Player,1.5,0.0,,,,0.23,,,1,-1.11,1.0,,,,,,True
5e5eab39,Nazmul Hossain,Bangladesh,3,6.0,1,10.17,36.0,pp_heavy,26.5,16.2,25.9,22.9,C,C,C,C,Utility Player,0.5,1.0,,,,0.07,,,2,0.44,0.0,,,,,,True
83f0b848,C Liebenberg,Isle of Man,1,2.0,0,7.0,999.0,pp_heavy,26.5,33.3,21.5,27.1,C,C,C+,C,Utility Player,0.0,0.0,,,,0.21,,,1,-0.3,1.0,,,,,,True
63aa8148,Jaswinder Singh,Malta,15,36.67,16,8.07,13.75,middle_heavy,26.5,38.4,45.4,36.8,C+,C,C+,B,Utility Player,0.77,0.19,0.33,0.3,-0.15,1.05,0.07,0.2,7,-0.54,0.53,-0.41,0.41,0.19,Conditions-Proof,-0.09,False
2dcad6fa,Surinder Singh,Philippines,5,14.0,4,9.93,21.0,pp_heavy,26.5,33.4,13.2,24.4,C,C,C+,D,Utility Player,0.52,0.0,,,,0.29,,,5,-0.17,0.57,,,,,,True
6949f713,MK Anafie,Ghana,6,15.0,6,7.13,15.0,middle_heavy,26.4,24.1,36.7,29.1,C,C,C,C+,Utility Player,0.71,0.5,,,0.0,0.65,,,3,-1.66,1.0,,,,,,True
3543e384,Hein Zin Aung,Myanmar,1,1.0,0,13.0,999.0,death_heavy,26.4,20.2,10.8,19.1,C,C,C,D,Utility Player,0.0,0.0,,,,0.14,,,0,1.2,0.0,,,,,,True
af2a0740,M Pushpakumara,Sri Lanka,1,3.0,1,9.33,18.0,middle_heavy,26.4,24.7,29.3,26.8,C,C,C,C,Utility Player,1.0,0.0,,,,0.02,,,0,-0.61,1.0,,,,,,True
18ae55e4,T Tshose,Botswana,28,78.5,25,7.52,18.84,pp_heavy,26.4,24.2,30.5,27.0,C,C,C,C+,Utility Player,0.82,0.24,0.17,0.45,-0.11,0.68,0.02,-0.24,16,-0.9,0.78,0.19,-0.19,-0.07,Conditions-Proof,-0.02,False
9fbc7bc4,KO Meth,Zimbabwe,2,7.0,0,9.14,999.0,pp_heavy,26.4,32.0,13.2,23.9,C,C,C+,D,Utility Player,0.0,0.0,,,,0.09,,,0,-0.07,0.67,,,,,,True
a5bdacc3,Mohamed Miuvaan,Maldives,2,4.0,0,8.0,999.0,pp_heavy,26.4,29.3,7.6,21.1,C,C,C,D,Utility Player,0.0,0.0,,,,0.2,,,2,0.09,0.0,,,,,,True
d3016d75,P Taylor,Czech Republic,4,14.0,7,8.21,12.0,middle_heavy,26.4,20.6,44.9,30.6,C+,C,C,C+,Utility Player,1.41,0.57,,,,0.74,,,0,-0.98,0.75,,,,,,True
818aef9a,Ali Abdulla Popalzae,Greece,1,3.0,3,7.33,6.0,middle_heavy,26.3,28.7,40.1,31.7,C+,C,C,C+,Utility Player,1.37,0.33,,,,0.65,,,1,-2.44,1.0,,,,,,True
72275237,Anjar Tadarus,Indonesia,32,72.5,25,7.46,17.4,middle_heavy,26.3,48.4,31.6,35.4,C+,C,B,C+,Utility Player,0.46,0.24,-0.17,-0.34,0.32,1.16,0.04,-0.12,11,-1.07,0.77,-0.18,0.18,0.15,Conditions-Proof,0.02,False
6af31962,JS Iggo,Singapore,3,8.0,2,8.5,24.0,middle_heavy,26.2,30.6,17.3,24.7,C,C,C+,C,Utility Player,0.9,0.0,,,,0.27,,,1,0.67,0.33,,,,,,True
c26cd57a,B Shikongo,Namibia,41,109.5,41,7.05,16.02,pp_heavy,26.2,28.2,53.4,35.9,C+,C,C,B,Utility Player,0.92,0.39,-0.02,0.33,0.28,0.88,0.02,-0.14,19,-0.94,0.8,0.52,-0.52,0.06,Conditions-Proof,0.14,False
b8f1cda4,Muhammad Zaghlool,Belize,1,2.0,0,10.0,999.0,middle_heavy,26.2,29.3,20.1,25.2,C,C,C,C,Utility Player,0.0,0.0,,,,0.09,,,1,1.06,0.0,,,,,,True
17aa4f1d,Aaron Jones,United States of America,11,19.33,8,7.19,14.5,middle_heavy,26.1,9.5,25.6,20.4,C,C,D,C,Utility Player,0.39,0.25,-1.04,-1.22,0.05,0.41,0.04,-0.04,9,-0.89,0.75,,,-0.36,Flat-Track Leaker,-0.28,True
4d05a82e,Mohammad Kashif,Netherlands,1,2.0,1,9.5,12.0,middle_heavy,26.1,24.0,34.6,28.2,C,C,C,C+,Utility Player,1.5,0.0,,,,0.13,,,1,0.41,0.0,,,,,,True
7ce244fd,RA Tappin,Bahamas,1,2.0,0,9.5,999.0,middle_heavy,26.1,21.7,15.9,21.2,C,C,C,C,Utility Player,0.0,0.0,,,,0.06,,,0,-0.26,1.0,,,,,,True
5a37ec26,MS Panesar,England,1,4.0,2,10.0,12.0,middle_heavy,26.1,29.5,44.5,33.4,C+,C,C,C+,Utility Player,1.35,0.5,,,,0.3,,,0,-0.57,0.75,,,,,,True
14ea3348,A Amado,Israel,2,2.0,1,10.0,12.0,pp_heavy,26.1,10.8,31.1,22.7,C,C,D,C+,Utility Player,0.75,0.0,,,,0.24,,,2,,,,,,,,True
9960a421,H Dandapani,Finland,3,7.0,2,9.0,21.0,middle_heavy,26.1,33.1,16.9,25.4,C,C,C+,C,Utility Player,0.67,0.0,,,,0.35,,,1,-0.44,0.67,,,,,,True
4d0055a0,MA Parker,Scotland,1,4.0,1,10.25,24.0,pp_heavy,26.0,21.2,23.1,23.4,C,C,C,C,Utility Player,1.5,0.0,,,,0.0,,,1,1.0,0.5,,,,,,True
f87f5e5f,Ghayour Ahmad,Saudi Arabia,2,4.0,0,8.75,999.0,pp_heavy,26.0,5.8,2.8,11.5,D,C,D,D,Utility Player,0.0,0.0,,,,0.06,,,0,-0.88,1.0,,,,,,True
296358c9,Raag Kapur,Hong Kong,5,12.0,4,7.5,18.0,middle_heavy,26.0,30.4,31.5,29.3,C,C,C+,C+,Utility Player,0.48,0.25,,,,0.46,,,2,-0.13,0.6,,,,,,True
9e76cdb3,Ansh Patel,Canada,7,20.0,11,5.75,10.91,middle_heavy,26.0,49.8,61.2,45.7,B,C,B,B+,Utility Player,0.66,0.09,,,0.01,1.13,,,3,-1.21,0.86,,,,,,True
110b180a,DE Roache,Samoa,1,3.0,3,7.67,6.0,middle_heavy,26.0,17.4,39.8,27.7,C,C,C,C+,Utility Player,1.2,0.0,,,,0.55,,,1,-1.63,1.0,,,,,,True
1e1a8922,KDC Clarke,New Zealand,1,4.0,1,10.0,24.0,pp_heavy,26.0,27.4,27.5,27.0,C,C,C,C,Utility Player,0.7,0.0,,,,0.0,,,0,0.32,0.0,,,,,,True
6e991bd4,Amir Farooq,Qatar,18,59.83,21,8.29,17.1,pp_heavy,26.0,33.9,56.2,38.7,C+,C,C+,B,Utility Player,0.8,0.57,0.43,0.35,-0.18,0.87,0.05,-0.02,9,-0.73,0.76,-0.27,0.27,0.13,Conditions-Proof,0.3,False
8bba9ec2,KJ Young,Belize,3,12.17,3,7.73,24.33,middle_heavy,25.9,34.4,32.2,30.8,C+,C,C+,C+,Utility Player,0.82,0.33,,,,0.54,,,3,-0.6,0.67,,,,,,True
6bd0d89e,B Mejaro,Lesotho,1,4.0,1,7.75,24.0,middle_heavy,25.9,21.8,24.0,23.9,C,C,C,C,Utility Player,1.4,1.0,,,,0.24,,,1,-0.53,1.0,,,,,,True
99ffb3d3,KRP Silva,United States of America,1,2.0,0,9.5,999.0,middle_heavy,25.9,31.7,22.1,26.6,C,C,C+,C,Utility Player,0.0,0.0,,,,0.09,,,0,-1.01,1.0,,,,,,True
1eb2b096,J Batinibulu,Fiji,4,15.5,5,8.0,18.6,middle_heavy,25.9,26.3,30.8,27.7,C,C,C,C+,Utility Player,0.72,0.2,,,,0.58,,,4,-0.26,0.62,,,,,,True
c38d3503,Shivam Mavi,India,6,14.0,7,8.86,12.0,middle_heavy,25.8,38.4,47.0,37.1,C+,C,C+,B,Utility Player,0.43,0.14,,,,0.64,,,0,-0.45,0.5,,,,,,True
7adc2d68,Yash Singh,Malta,6,18.0,5,7.94,21.6,middle_heavy,25.8,34.5,15.1,25.1,C,C,C+,C,Utility Player,1.22,0.0,,,0.2,0.55,,,0,-0.45,0.71,,,,,,True
0e3552e2,S Franklin,Switzerland,2,4.0,0,9.25,999.0,middle_heavy,25.8,18.3,4.4,16.2,C,C,C,D,Utility Player,0.0,0.0,,,,0.17,,,0,0.1,0.5,,,,,,True
d2e67105,Pargat Singh,Canada,6,9.0,3,10.22,18.0,middle_heavy,25.8,27.7,23.3,25.6,C,C,C,C,Utility Player,0.35,0.33,,,,0.41,,,1,0.29,0.5,,,,,,True
3540beff,SNJ O'Keefe,Australia,7,19.0,6,7.95,19.0,middle_heavy,25.8,36.1,30.0,30.6,C+,C,C+,C+,Utility Player,0.57,0.33,,,0.71,0.49,,,0,-0.95,0.75,,,,,,True
c24a2c5d,S Tyagi,India,1,2.0,0,10.5,999.0,pp_heavy,25.8,26.8,21.2,24.6,C,C,C,C,Utility Player,0.0,0.0,,,,0.0,,,0,-0.01,1.0,,,,,,True
0d4d3cb1,R Dhiman,Bulgaria,4,11.0,4,7.82,16.5,middle_heavy,25.8,25.0,29.8,26.9,C,C,C,C,Utility Player,0.98,0.25,,,,0.53,,,4,-0.47,0.8,,,,,,True
e734d090,CN Ackermann,Netherlands,19,53.0,11,6.7,28.91,middle_heavy,25.8,31.7,7.0,21.5,C,C,C+,D,Utility Player,0.63,0.36,0.23,0.43,-0.27,0.53,0.03,0.0,9,-0.55,0.67,-0.45,0.45,-0.21,Flat-Track Leaker,-0.14,False
4ee5ded2,Israr Khan,Germany,2,4.0,0,9.25,999.0,middle_heavy,25.7,18.0,7.3,17.0,C,C,C,D,Utility Player,0.0,0.0,,,,0.1,,,0,-0.1,0.5,,,,,,True
772f226b,Aphsal Ashraf,Kuwait,1,4.0,2,8.75,12.0,middle_heavy,25.7,30.4,41.3,32.5,C+,C,C+,C+,Utility Player,1.35,0.5,,,,0.34,,,0,-0.5,0.5,,,,,,True
19b9f399,CJ Green,Australia,1,4.0,0,9.25,999.0,middle_heavy,25.7,26.8,20.5,24.3,C,C,C,C,Utility Player,0.0,0.0,,,,0.0,,,0,-1.24,1.0,,,,,,True
cb5100f1,Ebadat Hossain,Bangladesh,4,15.17,8,9.69,11.38,middle_heavy,25.7,12.0,51.4,29.7,C,C,D,B,Utility Player,1.24,0.12,,,,0.47,,,1,-0.52,0.57,,,,,,True
a757b0d8,KA Pollard,West Indies,60,135.67,40,8.59,20.35,middle_heavy,25.6,42.7,2.0,23.4,C,C,C+,D,Utility Player,0.57,0.08,-0.11,0.41,0.21,0.65,0.01,-0.37,8,-0.48,0.64,0.12,-0.12,0.32,Tough-Track Enforcer,0.41,False
3e28808e,N Mugabe,Kenya,1,2.0,0,7.0,999.0,middle_heavy,25.6,28.3,15.9,23.3,C,C,C,C,Utility Player,0.0,0.0,,,,0.23,,,0,0.77,0.0,,,,,,True
e7db2a56,CM Mbebe,Mozambique,1,4.0,0,6.75,999.0,middle_heavy,25.6,27.9,19.1,24.2,C,C,C,C,Utility Player,0.0,0.0,,,,0.26,,,0,-0.86,1.0,,,,,,True
519c30cb,CJ Gannon,United States of America,3,9.0,4,7.56,13.5,middle_heavy,25.6,30.7,32.4,29.6,C,C,C+,C+,Utility Player,0.89,0.0,,,,0.41,,,3,-0.65,0.75,,,,,,True
df61f648,Karthik Jayaraj,Cayman Islands,1,3.0,0,8.0,999.0,death_heavy,25.6,23.5,14.8,21.3,C,C,C,D,Utility Player,0.0,0.0,,,,0.17,,,0,-0.4,1.0,,,,,,True
5044f30d,AS Dean,Canada,1,2.0,0,7.0,999.0,middle_heavy,25.6,32.7,21.7,26.7,C,C,C+,C,Utility Player,0.0,0.0,,,,0.18,,,1,-0.55,1.0,,,,,,True
cf06cb34,K Subramanian,Singapore,1,4.0,3,6.75,8.0,middle_heavy,25.5,23.4,33.9,27.6,C,C,C,C+,Utility Player,0.87,0.0,,,,0.44,,,1,-3.22,1.0,,,,,,True
549aefcd,BJ Diamanti,New Zealand,1,2.0,0,10.0,999.0,pp_heavy,25.5,21.5,13.1,20.0,C,C,C,D,Utility Player,0.0,0.0,,,,0.0,,,0,0.64,0.0,,,,,,True
0371cc19,K Govind,Seychelles,1,3.0,1,8.33,18.0,middle_heavy,25.5,23.7,19.1,22.8,C,C,C,C,Utility Player,1.1,0.0,,,,0.21,,,1,-1.45,1.0,,,,,,True
195fb6db,Imran Khan (1),Pakistan,3,12.0,3,8.83,24.0,middle_heavy,25.5,14.9,11.8,17.4,C,C,D,D,Utility Player,0.42,0.33,,,,0.06,,,2,-0.26,0.5,,,,,,True
0bb68705,VC Ahir,Panama,2,6.0,0,8.83,999.0,middle_heavy,25.5,27.8,9.5,20.9,C,C,C,D,Utility Player,0.0,0.0,,,,0.18,,,2,-0.02,0.33,,,,,,True
1ef6ed2b,PUKK Arachchige,Finland,1,1.0,0,9.0,999.0,middle_heavy,25.4,16.7,13.4,18.5,C,C,C,D,Utility Player,0.0,0.0,,,,0.05,,,1,,,,,,,,True
d5f96736,DPS Tyagi,Singapore,9,29.0,11,8.0,15.82,pp_heavy,25.4,21.0,47.5,31.3,C+,C,C,B,Utility Player,1.23,0.27,,,0.33,0.67,,-0.06,5,-0.75,0.77,,,,,,True
52c952d9,T Sangha,Australia,7,28.0,10,8.89,16.8,middle_heavy,25.4,54.5,46.3,42.1,C+,C,B,B,Utility Player,0.9,0.1,,,,0.76,,,0,-0.68,0.64,,,,,,True
ecfa6005,P Deol,Cyprus,1,4.0,0,7.75,999.0,middle_heavy,25.4,15.2,13.8,18.1,C,C,C,D,Utility Player,0.0,0.0,,,,0.1,,,1,-0.11,0.67,,,,,,True
3de06845,S Vesawkar,Nepal,2,5.0,0,8.4,999.0,middle_heavy,25.4,41.9,7.4,24.9,C,C,C+,D,Utility Player,0.0,0.0,,,,0.31,,,1,0.07,0.5,,,,,,True
a91e7c2f,SA van Breda,Jersey,2,3.0,0,7.67,999.0,pp_heavy,25.4,33.1,8.8,22.4,C,C,C+,D,Utility Player,0.0,0.0,,,,0.23,,,1,-0.2,1.0,,,,,,True
06c2de82,L Gregory,England,5,13.0,2,9.38,39.0,middle_heavy,25.3,43.2,20.8,29.8,C,C,C+,C,Utility Player,0.54,0.5,,,,0.38,,,0,-0.47,0.5,,,,,,True
82340b9d,TJ Stephenson,Belize,2,4.0,2,8.0,12.0,pp_heavy,25.3,48.7,41.1,38.4,C+,C,B,C+,Utility Player,0.55,0.0,,,,0.75,,,2,-0.66,1.0,,,,,,True
15c766c3,Inam-ul-Haq,Qatar,3,10.0,2,8.2,30.0,pp_heavy,25.3,31.9,20.4,25.9,C,C,C+,C,Utility Player,1.0,0.0,,,,0.2,,,3,-0.16,0.4,,,,,,True
bd3cecc6,Zohaib Sarwar,Portugal,9,22.17,7,8.98,19.0,middle_heavy,25.3,11.4,17.1,17.9,C,C,D,C,Utility Player,0.39,0.29,,,0.44,0.39,,,1,-0.13,0.62,,,,,,True
704e0160,A Nanda,Luxembourg,25,82.0,25,8.0,19.68,pp_heavy,25.3,28.2,48.0,33.8,C+,C,C,B,Utility Player,0.93,0.28,0.4,0.2,0.02,0.94,0.04,-0.17,9,-0.62,0.72,-0.19,0.19,-0.11,Conditions-Proof,0.03,False
a2f790a8,Jitesh Patel,Malta,2,7.0,1,8.57,42.0,middle_heavy,25.3,21.9,19.1,22.1,C,C,C,C,Utility Player,0.55,1.0,,,,0.21,,,1,0.01,0.5,,,,,,True
3f05c34d,Raihan Hossain,Timor-Leste,3,8.0,1,8.38,48.0,pp_heavy,25.3,31.7,14.1,23.7,C,C,C+,D,Utility Player,0.5,0.0,,,,0.33,,,1,-0.28,0.6,,,,,,True
1f490b28,AR Puri,Singapore,36,111.0,31,7.97,21.48,middle_heavy,25.2,26.7,28.9,26.9,C,C,C,C,Utility Player,0.71,0.19,0.17,0.05,-0.31,0.86,0.02,0.18,21,-0.65,0.61,0.42,-0.42,-0.38,Flat-Track Leaker,-0.33,False
1283e17b,Imal Zuwak,Sweden,1,1.0,0,9.0,999.0,death_heavy,25.2,23.4,15.2,21.3,C,C,C,C,Utility Player,0.0,0.0,,,,0.2,,,0,-1.13,1.0,,,,,,True
2bf69ff5,J Giyanani,United Arab Emirates,1,4.0,0,8.75,999.0,middle_heavy,25.2,22.2,17.9,21.8,C,C,C,C,Utility Player,0.0,0.0,,,,0.01,,,0,-0.45,0.5,,,,,,True
9adb9f71,Edward Taylor,Chile,2,6.0,2,7.17,18.0,pp_heavy,25.2,24.9,36.3,28.8,C,C,C,C+,Utility Player,0.72,1.0,,,,0.52,,,0,-1.43,1.0,,,,,,True
649278f3,Robiul Khan,Spain,1,3.0,1,8.67,18.0,death_heavy,25.1,20.2,20.8,22.0,C,C,C,C,Utility Player,0.7,0.0,,,,0.18,,,0,,,,,,,,True
7572bf45,EHSN Silva,United Arab Emirates,2,7.0,2,8.43,21.0,pp_heavy,25.1,36.5,34.8,32.1,C+,C,C+,C+,Utility Player,1.4,0.5,,,,0.29,,,1,-0.3,0.67,,,,,,True
b78b3ffd,S Nadigotla,Romania,4,10.33,4,6.87,15.5,middle_heavy,25.1,26.6,29.1,26.9,C,C,C,C,Utility Player,0.54,0.5,,,,0.59,,,4,-0.85,1.0,,,,,,True
d22287a8,KA Bazil,Cayman Islands,7,23.83,5,8.85,28.6,middle_heavy,25.0,15.9,28.7,23.2,C,C,C,C,Utility Player,0.58,0.8,,,0.2,0.4,,-0.19,6,-0.27,0.78,,,,,,True
8399a7af,R Dhakal,Nepal,8,26.0,6,8.23,26.0,pp_heavy,25.0,26.4,8.5,20.0,C,C,C,D,Utility Player,0.92,0.17,,,-0.16,0.23,,,0,-0.7,0.82,,,,,,True
88a5adcf,LM Gabriel,Lesotho,6,12.0,1,8.5,72.0,middle_heavy,25.0,15.8,6.3,15.7,C,C,C,D,Utility Player,0.18,1.0,,,0.2,0.23,,,6,-0.33,0.8,,,,,,True
42a05795,GW Aldridge,New Zealand,1,4.0,1,11.25,24.0,pp_heavy,25.0,19.6,29.5,24.7,C,C,C,C,Utility Player,1.4,1.0,,,,0.03,,,0,1.08,0.0,,,,,,True
aa4154ad,MD Garratt,Gibraltar,3,7.83,2,8.17,23.5,middle_heavy,24.9,29.4,19.2,24.5,C,C,C,C,Utility Player,0.83,0.5,,,,0.3,,,1,-0.04,0.67,,,,,,True
9a28e6e1,AJA Samuels,Cook Islands,6,16.0,3,8.69,32.0,middle_heavy,24.9,12.4,19.9,19.1,C,C,D,C,Utility Player,0.47,0.33,,,0.0,0.34,,,6,-0.76,0.75,,,,,,True
60ef3ddb,AA Hussein,Tanzania,2,6.0,2,9.17,18.0,pp_heavy,24.9,24.1,30.8,26.6,C,C,C,C+,Utility Player,1.5,0.5,,,,0.25,,,0,0.11,0.5,,,,,,True
1581c6be,T Ulutuna,Turkey,1,1.0,0,7.0,999.0,middle_heavy,24.9,29.0,17.0,23.6,C,C,C,C,Utility Player,0.0,0.0,,,,0.24,,,1,,,,,,,,True
8c95e2dd,MS Diawara,Mali,3,9.0,3,8.78,18.0,middle_heavy,24.8,23.0,26.2,24.7,C,C,C,C,Utility Player,0.98,0.67,,,,0.47,,,3,-0.55,1.0,,,,,,True
ccda520f,Anik Ahmed,Italy,4,9.0,2,8.44,27.0,pp_heavy,24.8,21.1,17.7,21.2,C,C,C,C,Utility Player,0.36,0.5,,,,0.14,,,1,-1.03,1.0,,,,,,True
c5981c9c,JJ Wright,Eswatini,2,3.67,0,7.91,999.0,pp_heavy,24.8,34.7,6.6,22.0,C,C,C+,D,Utility Player,0.0,0.0,,,,0.3,,,2,0.18,0.5,,,,,,True
83f59aa3,Muhammad Ansar,Kuwait,2,6.0,3,9.33,12.0,pp_heavy,24.8,26.0,47.3,32.7,C+,C,C,B,Utility Player,0.7,0.33,,,,0.44,,,0,-0.06,0.33,,,,,,True
7c70083d,DR Brown,Scotland,1,4.0,0,11.25,999.0,death_heavy,24.8,19.8,18.3,21.0,C,C,C,C,Utility Player,0.0,0.0,,,,0.0,,,0,,,,,,,,True
1ee9a0f6,Syed Ali Gillani,Sweden,3,9.0,3,9.0,18.0,middle_heavy,24.8,16.5,28.2,23.2,C,C,C,C,Utility Player,1.27,0.67,,,,0.28,,,0,-0.5,0.25,,,,,,True
ce9ce42f,Muhammad Amin,Swaziland,2,5.0,1,8.8,30.0,middle_heavy,24.8,20.1,11.8,18.9,C,C,C,D,Utility Player,0.75,0.0,,,,0.15,,,2,-0.61,1.0,,,,,,True
b68b1633,P Vekaria,Rwanda,7,21.0,5,7.62,25.2,pp_heavy,24.7,38.0,14.3,25.7,C,C,C+,D,Utility Player,0.86,0.4,,,0.14,0.45,,0.14,5,-0.54,0.83,,,,,,True
6892f9c3,Waji Ul Hassan,Saudi Arabia,24,61.0,21,7.79,17.43,middle_heavy,24.7,22.1,18.3,21.7,C,C,C,C,Utility Player,0.59,0.14,-0.23,-0.18,-0.55,0.67,0.03,-0.38,8,-0.88,0.7,-0.1,0.1,-0.25,Flat-Track Leaker,-0.31,False
75f3aa00,BN Toube,Cameroon,13,35.67,14,8.86,15.29,pp_heavy,24.7,11.0,44.5,26.7,C,C,D,C+,Utility Player,0.8,0.21,0.06,-0.05,0.16,0.63,0.05,,13,-0.67,0.57,0.26,-0.26,0.24,Tough-Track Enforcer,0.5,False
af39dcae,C Gwilliam-Lopez,Spain,1,3.0,1,6.33,18.0,middle_heavy,24.6,24.9,25.9,25.1,C,C,C,C,Utility Player,1.4,1.0,,,,0.37,,,0,-0.68,1.0,,,,,,True
39e9f0c9,B Arora,Malta,35,99.33,25,7.84,23.84,middle_heavy,24.6,38.1,22.8,28.5,C,C,C+,C,Utility Player,0.69,0.28,0.04,0.11,0.1,0.97,0.03,0.16,7,-0.85,0.83,-0.18,0.18,0.06,Conditions-Proof,0.08,False
46a9bea1,TU Deshpande,India,2,6.0,2,9.17,18.0,pp_heavy,24.6,26.3,26.4,25.8,C,C,C,C,Utility Player,0.85,0.0,,,,0.05,,,0,0.08,0.5,,,,,,True
fd1041d2,Rudolph Fox,Bahamas,6,13.5,4,7.33,20.25,middle_heavy,24.6,24.8,20.5,23.3,C,C,C,C,Utility Player,0.38,0.0,,,-0.29,0.45,,,6,-0.53,0.6,,,,,,True
20321b0c,K Lake,Japan,5,11.0,4,5.55,16.5,pp_heavy,24.6,9.5,30.3,21.5,C,C,D,C+,Utility Player,0.57,0.25,,,,0.34,,,1,-2.03,1.0,,,,,,True
8db7f47f,RJW Topley,England,35,117.67,34,8.48,20.76,pp_heavy,24.6,53.3,21.0,33.0,C+,C,B,C,Utility Player,0.74,0.15,0.42,1.08,-0.12,0.68,0.02,,4,-0.41,0.65,-0.43,0.43,0.09,Conditions-Proof,-0.13,False
93f72fdc,AK Muslar,Belize,1,4.0,1,9.0,24.0,pp_heavy,24.6,33.6,27.1,28.4,C,C,C+,C,Utility Player,1.5,0.0,,,,0.14,,,1,0.12,0.5,,,,,,True
b43f7a6a,AR Patwa,Tanzania,2,2.0,1,9.0,12.0,death_heavy,24.6,20.8,14.6,20.0,C,C,C,D,Utility Player,0.35,0.0,,,,0.3,,,2,,,,,,,,True
1afdbdbf,JWM Dalrymple,England,3,5.0,3,8.0,10.0,middle_heavy,24.6,39.1,53.2,39.0,C+,C,C+,B,Utility Player,0.85,0.0,,,,0.61,,,0,-1.23,1.0,,,,,,True
56ab442f,NM Coulter-Nile,Australia,27,97.0,36,8.53,16.17,pp_heavy,24.5,18.3,62.9,35.2,C+,C,C,B+,Utility Player,0.92,0.19,0.34,0.62,-0.08,0.74,0.03,,1,-0.7,0.74,0.09,-0.09,0.09,Conditions-Proof,0.12,False
5d17f075,C Sridev,Singapore,4,13.0,6,8.46,13.0,middle_heavy,24.5,24.1,30.5,26.4,C,C,C,C+,Utility Player,1.05,0.33,,,,0.43,,,2,-0.81,0.67,,,,,,True
f6411545,LF Muller,Brazil,5,10.0,5,7.2,12.0,middle_heavy,24.5,22.0,35.4,27.3,C,C,C,C+,Utility Player,0.9,0.0,,,,0.58,,,4,-0.84,1.0,,,,,,True
c4281e43,Waleed Rana,Italy,3,6.67,3,8.85,13.33,middle_heavy,24.5,32.2,38.0,31.6,C+,C,C+,C+,Utility Player,0.37,0.33,,,,0.53,,,0,-1.11,0.5,,,,,,True
5a6bb1c7,Fayyaz Ahmed,United Arab Emirates,1,3.0,1,10.33,18.0,middle_heavy,24.4,15.2,29.9,23.2,C,C,C,C,Utility Player,1.2,1.0,,,,0.06,,,1,0.31,0.0,,,,,,True
0b91b5d5,R Smith,Bahamas,7,18.0,7,7.61,15.43,middle_heavy,24.4,14.2,34.1,24.2,C,C,D,C+,Utility Player,0.78,0.29,,,0.27,0.46,,-0.58,5,-0.8,0.83,,,,,,True
8e5a1a7a,Talha Khan,Germany,1,0.17,0,6.0,999.0,death_heavy,24.4,42.4,13.3,26.7,C,C,C+,D,Utility Player,0.0,0.0,,,,0.33,,,1,,,,,,,,True
a7b67d5d,LI Salomone,Mozambique,5,17.0,5,7.53,20.4,middle_heavy,24.4,35.6,36.0,32.0,C+,C,C+,C+,Utility Player,0.79,0.2,,,,0.82,,,1,-1.07,0.83,,,,,,True
b2b50355,L Balaji,India,4,12.5,7,8.32,10.71,death_heavy,24.4,31.5,51.1,35.7,C+,C,C+,B,Utility Player,0.62,0.29,,,,0.79,,,0,-0.27,0.6,,,,,,True
04f0d409,S Pradhan,Bhutan,25,71.83,23,6.89,18.74,middle_heavy,24.3,35.8,33.1,31.1,C+,C,C+,C+,Utility Player,0.81,0.13,0.08,0.75,0.37,0.95,0.04,-0.12,17,-1.01,0.73,0.16,-0.16,0.09,Conditions-Proof,,False
91cf746e,Absar Khan,Denmark,1,1.0,1,8.0,6.0,middle_heavy,24.3,28.2,35.8,29.4,C,C,C,C+,Utility Player,1.4,0.0,,,,0.38,,,1,,,,,,,,True
4121a79a,Azmat Ali,Germany,1,1.0,0,10.0,999.0,death_heavy,24.3,18.9,14.2,19.1,C,C,C,D,Utility Player,0.0,0.0,,,,0.07,,,0,,,,,,,,True
90edaaa9,S Rana,Seychelles,1,2.0,0,10.5,999.0,pp_heavy,24.3,19.0,14.2,19.2,C,C,C,D,Utility Player,0.0,0.0,,,,0.04,,,1,0.32,0.5,,,,,,True
44c69e2b,S Vijayakumar,Singapore,9,28.0,12,7.32,14.0,middle_heavy,24.3,27.9,56.3,36.2,C+,C,C,B,Utility Player,0.89,0.17,,,-0.22,0.81,,0.6,7,-0.24,0.5,,,,,,True
9b79b9de,KTGD Prasad,Sri Lanka,1,3.0,0,12.33,999.0,pp_heavy,24.2,11.9,12.1,16.1,C,C,D,D,Utility Player,0.0,0.0,,,,0.0,,,0,,,,,,,,True
a14b5f3c,Aslan Jafri,Singapore,7,23.0,9,7.7,15.33,middle_heavy,24.2,13.4,34.7,24.1,C,C,D,C+,Utility Player,0.8,0.33,,,-0.06,0.51,,,3,0.25,0.6,,,,,,True
18fcb85f,Jaikumar Thakur,Croatia,4,15.0,3,8.53,30.0,pp_heavy,24.1,39.0,24.0,29.0,C,C,C+,C,Utility Player,0.74,0.0,,,,0.35,,,2,-0.42,0.6,,,,,,True
4d9dfc7f,S Banamali,Singapore,5,15.83,4,9.66,23.75,pp_heavy,24.1,17.8,13.4,18.4,C,C,C,D,Utility Player,0.44,0.25,,,,0.17,,,2,0.25,0.5,,,,,,True
e62dd25d,K Rabada,South Africa,76,272.17,86,8.55,18.99,pp_heavy,24.1,48.0,59.9,44.0,C+,C,B,B,Utility Player,0.83,0.26,0.29,0.2,0.35,1.02,0.01,-0.08,11,-0.63,0.7,-0.07,0.07,0.31,Tough-Track Enforcer,0.27,False
452e7e96,Navid Abdollahpour,Iran,1,3.0,1,8.67,18.0,pp_heavy,24.1,28.7,30.6,27.8,C,C,C,C+,Utility Player,1.5,0.0,,,,0.16,,,1,-0.3,1.0,,,,,,True
fccf5309,PA Desai,Canada,1,3.0,1,10.67,18.0,middle_heavy,24.1,18.5,29.8,24.1,C,C,C,C,Utility Player,1.5,1.0,,,,0.06,,,1,-0.55,1.0,,,,,,True
7bf39e5c,DE Burgess,Samoa,8,16.83,6,7.84,16.83,middle_heavy,24.1,34.5,22.0,26.9,C,C,C+,C,Utility Player,0.59,0.17,,,0.18,0.53,,,8,-0.55,0.83,,,,,,True
6c19c6e5,YBK Jaiswal,India,1,1.0,0,11.0,999.0,death_heavy,24.1,34.1,18.5,25.6,C,C,C+,C,Utility Player,0.0,0.0,,,,0.11,,,1,,,,,,,,True
4751caa3,CBRLS Kumara,Sri Lanka,24,86.67,37,8.72,14.05,middle_heavy,24.0,11.0,73.4,36.1,C+,C,D,B+,Utility Player,0.95,0.16,0.18,-0.07,0.11,0.97,0.04,,3,-0.63,0.68,0.21,-0.21,-0.32,Flat-Track Leaker,-0.22,False
6766ca00,M Shumba,Zimbabwe,5,12.0,4,8.58,18.0,middle_heavy,24.0,26.8,34.2,28.3,C,C,C,C+,Utility Player,0.55,0.0,,,,0.41,,,3,0.04,0.6,,,,,,True
1021b6e5,J Rasu,Vanuatu,23,74.17,28,7.62,15.89,middle_heavy,24.0,13.7,52.6,30.1,C+,C,D,B,Utility Player,0.89,0.25,0.11,-0.01,0.29,0.96,0.04,0.5,20,-0.92,0.84,0.11,-0.11,0.23,Tough-Track Enforcer,0.3,False
ceec82cd,G Johnson,St Helena,3,8.0,1,6.5,48.0,pp_heavy,24.0,27.1,6.0,19.0,C,C,C,D,Utility Player,0.5,0.0,,,,0.25,,,3,-0.94,0.75,,,,,,True
f0f2b9c5,V Khanduri,Cyprus,4,12.0,5,8.33,14.4,middle_heavy,24.0,19.4,35.0,26.1,C,C,C,C+,Utility Player,1.19,0.4,,,,0.47,,,4,-1.06,0.67,,,,,,True
224a9f5e,DG Weakley,Bahamas,12,40.83,12,7.03,20.42,pp_heavy,23.9,19.5,33.3,25.6,C,C,C,C+,Utility Player,0.96,0.25,-0.15,-0.09,-0.54,0.53,0.04,-0.26,11,-1.24,0.78,,,-0.33,Flat-Track Leaker,-0.11,False
6755b6c7,Merwais Shinwari,Slovenia,3,7.0,4,8.71,10.5,pp_heavy,23.8,20.6,38.9,27.8,C,C,C,C+,Utility Player,0.88,0.0,,,,0.48,,,3,0.32,0.5,,,,,,True
9bdb9aa9,KR Jha,Austria,4,7.0,4,7.57,10.5,death_heavy,23.8,22.0,31.4,25.7,C,C,C,C+,Utility Player,0.35,0.5,,,,0.78,,,0,-1.02,1.0,,,,,,True
54ef649e,ST de Silva,Sri Lanka,1,1.0,0,10.0,999.0,pp_heavy,23.8,30.5,18.6,24.3,C,C,C+,C,Utility Player,0.0,0.0,,,,0.05,,,0,,,,,,,,True
acb6ee37,RR Saun,Costa Rica,1,2.0,0,9.0,999.0,middle_heavy,23.7,22.5,11.3,19.2,C,C,C,D,Utility Player,0.0,0.0,,,,0.17,,,0,0.06,0.0,,,,,,True
be24ead0,Ramandeep Singh,India,1,3.33,1,12.6,20.0,middle_heavy,23.7,13.0,19.3,18.7,C,C,D,C,Utility Player,0.3,0.0,,,,0.0,,,0,2.2,0.0,,,,,,True
e342e5fb,CR Brathwaite,West Indies,35,108.17,29,9.02,22.38,middle_heavy,23.7,18.9,4.8,15.8,C,C,C,D,Utility Player,0.54,0.21,-0.17,-0.23,0.06,0.49,0.01,-0.16,9,-0.59,0.66,-0.0,0.0,0.09,Conditions-Proof,0.18,False
8160713d,AW Hawkins-Kay,Jersey,9,22.0,8,7.64,16.5,pp_heavy,23.7,13.2,10.0,15.6,C,C,D,D,Utility Player,0.72,0.12,,,-0.3,0.13,,,9,-1.08,0.88,,,,,,True
19758a47,CG Osborne,Croatia,2,4.0,3,8.25,8.0,middle_heavy,23.7,29.4,37.7,30.3,C+,C,C,C+,Utility Player,0.43,0.33,,,,0.67,,,1,,,,,,,,True
c7530eeb,Bilal Shah,Oman,1,2.0,0,9.0,999.0,pp_heavy,23.6,28.0,14.5,22.0,C,C,C,D,Utility Player,0.0,0.0,,,,0.04,,,1,0.57,0.0,,,,,,True
ac02a458,V Pulibanti,Croatia,1,2.0,1,7.5,12.0,pp_heavy,23.6,20.6,28.2,24.1,C,C,C,C,Utility Player,1.4,0.0,,,,0.25,,,1,,,,,,,,True
1e50426a,M Kristensen,Denmark,2,3.0,0,8.0,999.0,middle_heavy,23.6,18.4,6.2,16.1,C,C,C,D,Utility Player,0.0,0.0,,,,0.09,,,1,,,,,,,,True
125bba96,J Perman,Spain,7,19.0,6,7.42,19.0,middle_heavy,23.6,20.1,15.6,19.8,C,C,C,C,Utility Player,0.63,0.17,,,,0.36,,,1,-1.13,0.75,,,,,,True
0c160e0d,Afif Khattak,Switzerland,1,3.0,1,8.33,18.0,middle_heavy,23.6,17.8,24.1,21.8,C,C,C,C,Utility Player,1.4,0.0,,,,0.16,,,0,-0.8,1.0,,,,,,True
ec4ae12d,Hamid Safi,Austria,5,6.67,4,11.4,10.0,death_heavy,23.6,9.1,24.4,19.0,C,C,D,C,Utility Player,0.32,0.0,,,,0.61,,,0,-3.47,1.0,,,,,,True
f7ce2ff9,J Ramanandi,Oman,14,40.67,22,8.09,11.09,middle_heavy,23.6,37.6,59.9,40.4,C+,C,C+,B,Utility Player,0.61,0.36,0.24,0.29,-0.65,0.97,0.07,0.04,8,-0.69,0.86,0.37,-0.37,-0.54,Flat-Track Leaker,-0.51,False
72ae14d0,Zeeshan Goraya,Austria,5,14.0,5,7.71,16.8,pp_heavy,23.5,34.5,46.4,34.8,C+,C,C+,B,Utility Player,0.88,0.6,,,,0.8,,,0,-1.06,1.0,,,,,,True
1d6d8a8b,Zaki Ul Hassan,Belgium,9,30.83,16,8.24,11.56,middle_heavy,23.5,29.2,54.4,35.7,C+,C,C,B,Utility Player,0.66,0.19,,,0.32,1.12,,,2,-0.6,0.69,,,,,,False
44a2bb4f,U Bhagwan,Canada,4,12.0,2,9.92,36.0,pp_heavy,23.5,27.5,5.9,19.0,C,C,C,D,Utility Player,0.75,0.0,,,,0.13,,,2,-0.06,0.67,,,,,,True
e9d6a2ce,Manpreet Singh,Singapore,13,35.0,4,8.54,52.5,middle_heavy,23.5,50.1,2.6,25.4,C,C,B,D,Utility Player,0.34,0.25,0.14,0.37,0.47,0.55,0.04,,4,-0.03,0.47,-0.5,0.5,-0.09,Conditions-Proof,-0.5,False
ba158afd,Zahid Mahmood,Pakistan,1,4.0,3,10.0,8.0,middle_heavy,23.4,22.7,50.1,32.1,C+,C,C,B,Utility Player,1.1,0.67,,,,0.37,,,0,-0.42,0.5,,,,,,True
10f7b52b,JD Baker,Samoa,3,8.0,1,8.5,48.0,pp_heavy,23.4,19.0,15.0,19.1,C,C,C,C,Utility Player,0.4,1.0,,,,0.13,,,3,-0.26,0.67,,,,,,True
ef6d6883,A Alexander,Indonesia,8,16.5,9,6.36,11.0,middle_heavy,23.4,39.5,47.6,36.8,C+,C,C+,B,Utility Player,0.69,0.22,,,-0.17,1.12,,,2,-1.35,0.67,,,,,,True
fbdc5ab1,P Murungi,Uganda,5,11.0,3,6.91,22.0,pp_heavy,23.4,3.5,5.5,10.8,D,C,D,D,Utility Player,0.59,0.33,,,,0.11,,,0,-0.95,0.6,,,,,,True
3766056b,BJ McCarthy,Ireland,59,210.17,65,8.79,19.4,pp_heavy,23.4,9.7,35.2,22.8,C,C,D,C+,Utility Player,0.68,0.18,0.12,0.09,-0.01,0.56,0.01,0.11,16,-0.42,0.64,-0.04,0.04,-0.36,Flat-Track Leaker,-0.27,False
95382501,SN Swamy,Sweden,1,4.0,0,9.25,999.0,middle_heavy,23.3,21.7,15.5,20.2,C,C,C,C,Utility Player,0.0,0.0,,,,0.03,,,1,-0.05,0.5,,,,,,True
b388d623,G Fatouros,Greece,3,9.0,5,7.44,10.8,middle_heavy,23.3,17.8,37.5,26.2,C,C,C,C+,Utility Player,0.64,0.2,,,,0.51,,,3,-0.75,0.8,,,,,,True
26a85969,R Dhawan,India,1,4.0,1,10.5,24.0,middle_heavy,23.3,22.2,30.7,25.4,C,C,C,C+,Utility Player,1.5,1.0,,,,0.07,,,0,0.43,0.0,,,,,,True
01127aa9,J Buchanan,Cayman Islands,5,13.0,3,7.54,26.0,middle_heavy,23.3,42.4,8.8,24.8,C,C,C+,D,Utility Player,0.51,0.0,,,,0.41,,,4,-0.26,0.67,,,,,,True
b3118300,Wahab Riaz,Pakistan,35,118.33,41,8.38,17.32,middle_heavy,23.3,12.7,34.8,23.6,C,C,D,C+,Utility Player,0.74,0.24,0.01,0.09,-0.2,0.69,0.02,-0.09,8,-0.67,0.69,0.22,-0.22,0.24,Tough-Track Enforcer,0.13,False
60afbd75,Navid Balouch,Iran,1,2.0,0,11.5,999.0,middle_heavy,23.3,17.6,13.9,18.3,C,C,C,D,Utility Player,0.0,0.0,,,,0.0,,,1,1.0,0.0,,,,,,True
eb7af112,Mohammad Tauqir,United Arab Emirates,2,5.0,0,7.0,999.0,middle_heavy,23.3,35.5,13.9,24.2,C,C,C+,D,Utility Player,0.0,0.0,,,,0.16,,,2,-0.83,1.0,,,,,,True
f50433e9,LA Dunbar,Serbia,1,1.0,0,8.0,999.0,middle_heavy,23.2,23.5,15.9,20.9,C,C,C,C,Utility Player,0.0,0.0,,,,0.17,,,1,,,,,,,,True
210b05cb,Ehsan Adil,United States of America,1,3.0,0,13.0,999.0,pp_heavy,23.1,16.8,12.2,17.4,C,C,C,D,Utility Player,0.0,0.0,,,,0.0,,,0,0.64,0.0,,,,,,True
ffe699c0,CJ Jordan,England,93,323.5,123,8.91,15.78,death_heavy,23.1,24.9,62.1,36.7,C+,C,C,B+,Utility Player,0.73,0.25,0.17,0.25,0.12,1.85,0.02,-0.4,11,-0.59,0.67,0.22,-0.22,0.11,Conditions-Proof,0.35,False
d7725664,RA Reifer,West Indies,2,5.0,1,12.0,30.0,middle_heavy,23.0,14.8,8.0,15.3,C,C,D,D,Utility Player,0.75,0.0,,,,0.0,,,1,0.55,0.5,,,,,,True
9ffb7550,Nasrulla Rana,Hong Kong,48,118.33,42,8.67,16.9,middle_heavy,23.0,23.0,26.4,24.1,C,C,C,C,Utility Player,0.55,0.31,-0.27,-0.39,0.26,0.85,0.02,0.18,20,-0.44,0.61,-0.3,0.3,-0.08,Conditions-Proof,-0.13,False
98e3f1de,S Burdekin,Cyprus,9,27.67,15,7.7,11.07,middle_heavy,23.0,19.0,45.4,29.1,C,C,C,B,Utility Player,0.92,0.27,,,0.05,0.85,,0.63,5,-0.27,0.64,,,,,,True
415ed107,K Nima,Bhutan,1,3.0,1,7.33,18.0,pp_heavy,23.0,26.6,24.2,24.6,C,C,C,C,Utility Player,1.5,1.0,,,,0.37,,,1,-1.49,0.5,,,,,,True
c285c86e,Mohammad Shahid,Bangladesh,1,3.0,1,10.67,18.0,pp_heavy,23.0,23.6,32.0,26.2,C,C,C,C+,Utility Player,1.5,0.0,,,,0.07,,,0,-0.51,1.0,,,,,,True
fa308279,A Paul,Estonia,12,36.0,15,8.83,14.4,middle_heavy,23.0,16.3,34.1,24.5,C,C,C,C+,Utility Player,0.92,0.27,0.25,-0.06,-0.09,0.71,0.06,,2,-0.25,0.53,,,0.05,Conditions-Proof,,False
019d7ef5,Mohamed Turay,Sierra Leone,10,22.5,8,7.47,16.88,middle_heavy,23.0,40.4,40.4,34.6,C+,C,C+,C+,Utility Player,0.7,0.62,-0.01,-0.24,0.0,0.93,0.09,,3,-1.14,0.75,,,0.44,Tough-Track Enforcer,0.57,True
c160db98,C Smith,Isle of Man,5,13.67,4,6.66,20.5,middle_heavy,22.9,40.7,31.5,31.7,C+,C,C+,C+,Utility Player,0.53,0.25,,,,0.71,,,1,-0.79,0.86,,,,,,True
90f9aedf,RGA Amah,Cameroon,1,2.0,0,9.5,999.0,middle_heavy,22.9,10.8,10.5,14.7,D,C,D,D,Utility Player,0.0,0.0,,,,0.07,,,1,0.09,0.0,,,,,,True
ee3bfb9b,SR Rocket,Seychelles,10,28.0,7,8.11,24.0,pp_heavy,22.9,18.1,4.0,15.0,C,C,C,D,Utility Player,0.67,0.71,-0.19,0.01,-0.44,0.23,0.02,0.2,9,-0.53,0.67,,,0.55,Conditions-Proof,-0.06,True
7c5d046a,Faizal Salehji,Panama,1,2.0,0,7.5,999.0,pp_heavy,22.9,20.3,12.7,18.6,C,C,C,D,Utility Player,0.0,0.0,,,,0.1,,,0,,,,,,,,True
ab126ea8,JE Pitcher,Bermuda,6,13.0,3,8.15,26.0,death_heavy,22.9,28.5,8.0,19.8,C,C,C,D,Utility Player,0.38,0.0,,,0.49,0.58,,0.18,5,-0.32,0.4,,,,,,True
02d11602,AA Banner,Belize,1,2.0,0,8.5,999.0,middle_heavy,22.8,28.2,11.4,20.8,C,C,C,D,Utility Player,0.0,0.0,,,,0.16,,,1,0.34,0.0,,,,,,True
036dcf9b,Saber Zakhil,Belgium,18,44.33,16,7.78,16.62,middle_heavy,22.8,15.1,35.6,24.5,C,C,C,C+,Utility Player,0.52,0.5,0.07,0.26,0.32,0.76,0.04,-0.09,6,-0.78,0.68,,,-0.16,Conditions-Proof,0.08,False
dbe50b21,HH Pandya,India,122,362.83,118,8.51,18.45,middle_heavy,22.8,29.2,50.9,34.3,C+,C,C,B,Utility Player,0.67,0.13,0.01,0.13,0.03,1.16,0.01,-0.04,11,-0.67,0.68,-0.0,0.0,0.19,Tough-Track Enforcer,0.11,False
a4afc486,SZ Vayani,Malawi,27,89.83,30,7.07,17.97,middle_heavy,22.8,17.3,32.8,24.3,C,C,C,C+,Utility Player,0.76,0.17,-0.1,0.17,-0.22,0.78,0.03,0.02,19,-1.0,0.8,-0.15,0.15,-0.18,Conditions-Proof,0.37,False
69c994e4,SHA Rance,New Zealand,7,27.0,13,9.19,12.46,pp_heavy,22.8,14.0,48.6,28.5,C,C,D,B,Utility Player,0.88,0.15,,,-0.51,0.38,,,0,-0.75,0.7,,,,,,True
5a42db78,Abdullah Jasat,Panama,7,23.0,8,7.78,17.25,pp_heavy,22.8,40.0,30.8,31.2,C+,C,C+,C+,Utility Player,0.76,0.25,,,0.63,0.55,,,7,-0.56,0.78,,,,,,True
59e1abef,A Gupta,Norway,4,11.0,3,9.0,22.0,middle_heavy,22.8,17.3,15.9,18.7,C,C,C,C,Utility Player,0.5,0.33,,,,0.2,,,1,-0.06,0.6,,,,,,True
e7a0cb9a,M Leporoporo,Lesotho,1,1.0,1,8.0,6.0,middle_heavy,22.7,21.9,32.5,25.7,C,C,C,C+,Utility Player,1.4,0.0,,,,0.45,,,1,,,,,,,,True
51e0e79f,AS Abioye,Nigeria,3,8.0,3,8.75,16.0,middle_heavy,22.7,16.5,28.2,22.5,C,C,C,C,Utility Player,0.82,0.0,,,,0.18,,,3,0.4,0.5,,,,,,True
21bf71ab,T Mupariwa,Zimbabwe,2,5.0,1,9.0,30.0,pp_heavy,22.7,18.1,25.6,22.1,C,C,C,C,Utility Player,0.75,0.0,,,,0.0,,,0,-1.4,1.0,,,,,,True
03ef382c,ZE Matsinhe,Mozambique,5,12.0,1,7.58,72.0,pp_heavy,22.7,30.6,3.5,18.9,C,C,C+,D,Utility Player,0.3,0.0,,,,0.29,,,4,-1.13,0.8,,,,,,True
74571ec4,Waqar Zalmai,Austria,22,67.5,27,8.28,15.0,pp_heavy,22.6,11.0,44.3,26.0,C,C,D,C+,Utility Player,0.87,0.26,-0.02,0.33,-0.32,0.69,0.03,0.28,5,-0.65,0.73,0.07,-0.07,-0.42,Flat-Track Leaker,-0.72,False
f53b3e1d,Karan KC,Nepal,84,270.17,114,8.01,14.22,pp_heavy,22.6,51.7,74.0,49.4,B,C,B,B+,Utility Player,0.77,0.2,0.13,0.38,-0.06,1.31,0.02,-0.25,25,-1.03,0.74,-0.08,0.08,0.13,Conditions-Proof,0.04,False
5592153b,Kamran Wahid,Hungary,4,14.0,8,9.0,10.5,pp_heavy,22.6,25.8,47.9,32.1,C+,C,C,B,Utility Player,1.04,0.25,,,,0.72,,,2,-0.26,0.43,,,,,,True
5260d30c,L Ntanzi,South Africa,1,1.0,0,10.0,999.0,pp_heavy,22.6,17.4,13.7,17.9,C,C,C,D,Utility Player,0.0,0.0,,,,0.04,,,0,-0.55,1.0,,,,,,True
2b8123ff,Muhammad Tahir,Greece,2,2.83,2,7.41,8.5,middle_heavy,22.6,22.4,37.6,27.5,C,C,C,C+,Utility Player,0.65,0.0,,,,0.39,,,2,,,,,,,,True
214cf493,KB Ahir,Panama,9,25.0,10,7.84,15.0,pp_heavy,22.5,36.6,48.0,35.7,C+,C,C+,B,Utility Player,0.72,0.1,,,-0.12,0.76,,,9,-0.76,0.73,,,,,,True
39431db7,Anowarul Islam,Thailand,2,3.0,0,8.33,999.0,pp_heavy,22.5,35.1,7.1,21.6,C,C,C+,D,Utility Player,0.0,0.0,,,,0.16,,,2,-0.01,1.0,,,,,,True
2999e5b3,RSK Samson,Vanuatu,1,2.0,2,7.0,6.0,death_heavy,22.5,26.1,32.8,27.1,C,C,C,C+,Utility Player,0.9,0.5,,,,0.57,,,1,,,,,,,,True
3befa8e0,Hashir Hussain,Norway,1,1.0,0,10.0,999.0,pp_heavy,22.5,21.1,7.8,17.1,C,C,C,D,Utility Player,0.0,0.0,,,,0.03,,,1,,,,,,,,True
fb3233d4,YS Chauhan,Sweden,1,2.0,1,9.0,12.0,middle_heavy,22.4,20.7,27.2,23.4,C,C,C,C,Utility Player,1.0,0.0,,,,0.11,,,1,0.39,0.0,,,,,,True
2c997ad3,KMC Bandara,Sri Lanka,1,1.0,0,11.0,999.0,middle_heavy,22.4,26.7,16.7,21.9,C,C,C,C,Utility Player,0.0,0.0,,,,0.0,,,0,,,,,,,,True
957532de,S Aravind,India,1,3.67,1,12.0,22.0,pp_heavy,22.4,17.0,29.4,22.9,C,C,C,C,Utility Player,1.4,1.0,,,,0.01,,,0,1.91,0.0,,,,,,True
9f961c14,Joginder Sharma,India,4,14.5,4,9.86,21.75,middle_heavy,22.4,12.4,30.2,21.7,C,C,D,C+,Utility Player,0.5,0.25,,,,0.18,,,1,-0.51,0.71,,,,,,True
02e83ac5,Naeem Islam,Bangladesh,6,15.0,3,8.2,30.0,middle_heavy,22.4,33.9,14.1,23.5,C,C,C+,D,Utility Player,0.38,0.33,,,,0.28,,,2,-0.02,0.67,,,,,,True
ebb74564,A Simelane,South Africa,10,27.0,8,10.11,20.25,middle_heavy,22.4,11.3,21.5,18.4,C,C,D,C,Utility Player,0.74,0.38,-0.23,-0.64,-0.4,0.28,0.03,,3,-0.05,0.6,,,-0.48,Flat-Track Leaker,-0.26,True
39fd9295,K Piet,Botswana,25,77.17,23,7.17,20.13,middle_heavy,22.4,27.0,26.9,25.4,C,C,C,C,Utility Player,0.72,0.26,0.15,0.33,-0.26,0.78,0.03,-0.12,15,-0.7,0.71,-0.09,0.09,-0.1,Conditions-Proof,-0.46,False
51abacb2,MM Sarwar,Kuwait,1,2.0,1,7.5,12.0,pp_heavy,22.4,22.1,26.8,23.8,C,C,C,C,Utility Player,1.5,0.0,,,,0.35,,,1,-0.44,1.0,,,,,,True
91c984a1,JW Wilson,New Zealand,1,4.0,0,12.0,999.0,middle_heavy,22.4,20.8,17.4,20.2,C,C,C,C,Utility Player,0.0,0.0,,,,0.0,,,0,0.88,0.0,,,,,,True
e5464794,Sazib Bhuiyan,Czech Republic,24,75.17,42,8.63,10.74,middle_heavy,22.4,35.0,59.0,38.8,C+,C,C+,B,Utility Player,0.92,0.14,0.34,0.4,-0.07,1.38,0.06,0.06,7,-0.55,0.69,-0.17,0.17,0.0,Conditions-Proof,-0.26,False
dacf556b,D Ramani,Czech Republic,6,21.0,7,8.71,18.0,middle_heavy,22.3,19.3,33.9,25.2,C,C,C,C+,Utility Player,1.1,0.43,,,-0.23,0.53,,,0,-0.62,0.71,,,,,,True
c9cac448,T Mishra,Kenya,1,1.0,1,8.0,6.0,middle_heavy,22.3,28.9,43.1,31.4,C+,C,C,C+,Utility Player,0.8,0.0,,,,0.35,,,0,,,,,,,,True
5c805a60,AA Navicha,Mozambique,6,18.5,10,7.95,11.1,middle_heavy,22.2,21.2,44.2,29.2,C,C,C,C+,Utility Player,0.87,0.2,,,0.07,0.81,,,2,-1.4,0.88,,,,,,True
f59b3bd1,Waqas Maqsood,Pakistan,1,1.83,2,11.45,5.5,middle_heavy,22.2,18.8,45.9,29.0,C,C,C,B,Utility Player,0.35,0.5,,,,0.29,,,0,,,,,,,,True
540ef551,Adnan Syed,Finland,2,4.17,0,9.36,999.0,pp_heavy,22.2,8.9,3.6,11.6,D,C,D,D,Utility Player,0.0,0.0,,,,0.04,,,1,1.09,0.0,,,,,,True
711e73ac,Itibarshah Deedar,Austria,6,17.0,3,8.65,34.0,middle_heavy,22.2,9.7,0.9,10.9,D,C,D,D,Utility Player,0.43,0.0,,,0.25,0.15,,,4,-0.52,0.6,,,,,,True
b7152dc4,Shayan Khan,Estonia,1,2.0,1,10.5,12.0,middle_heavy,22.2,17.7,23.2,21.0,C,C,C,C,Utility Player,1.1,0.0,,,,0.07,,,1,0.91,0.0,,,,,,True
ff13b10c,Mohamed Shafeeq,Kuwait,42,144.33,46,8.12,18.83,pp_heavy,22.2,16.1,10.6,16.3,C,C,C,D,Utility Player,0.81,0.17,-0.15,-0.13,-0.26,0.46,0.01,-0.09,19,-0.7,0.67,0.5,-0.5,-0.12,Conditions-Proof,-0.16,False
45b5ce8d,Nyeing Cham Soe,Myanmar,15,35.83,17,8.46,12.65,middle_heavy,22.2,18.4,47.0,29.2,C,C,C,B,Utility Player,0.85,0.0,-0.11,-0.08,0.33,0.94,0.06,-0.01,8,-0.77,0.69,-0.84,0.84,-0.03,Conditions-Proof,0.11,False
c1077ba3,Pratis GC,Nepal,10,34.0,8,8.5,25.5,middle_heavy,22.2,43.2,28.9,31.4,C+,C,C+,C,Utility Player,0.61,0.62,0.21,0.18,0.16,0.65,0.06,,0,-0.51,0.71,,,0.01,Conditions-Proof,,False
7429c452,I Wardlaw,Scotland,1,4.0,3,10.75,8.0,middle_heavy,22.1,19.4,36.9,26.1,C,C,C,C+,Utility Player,0.93,0.33,,,,0.25,,,1,0.68,0.33,,,,,,True
4d21a67a,WSLK Narayana,Israel,4,9.0,1,7.44,54.0,middle_heavy,22.1,28.8,24.9,25.3,C,C,C,C,Utility Player,0.38,1.0,,,,0.44,,,4,-0.58,0.8,,,,,,True
039cabd9,TS Waqavakatoga,Fiji,9,23.0,5,7.3,27.6,middle_heavy,22.0,18.6,9.2,16.6,C,C,C,D,Utility Player,0.43,0.4,,,-0.32,0.37,,,9,-0.8,0.82,,,,,,True
ff0b1636,Zeerak Chughtai,Bulgaria,17,44.5,22,8.97,12.14,middle_heavy,22.0,6.4,42.0,23.5,C,C,D,C+,Utility Player,0.78,0.27,0.1,-0.17,0.39,0.76,0.04,-0.64,7,0.02,0.57,0.79,-0.79,0.28,Tough-Track Enforcer,0.3,False
ddf3ccfa,C Cirino,Brazil,1,2.0,0,8.5,999.0,pp_heavy,22.0,21.0,17.2,20.1,C,C,C,C,Utility Player,0.0,0.0,,,,0.02,,,1,0.32,0.0,,,,,,True
73c0e40c,Ye Ko Ko,Myanmar,1,4.0,2,7.25,12.0,middle_heavy,22.0,24.0,28.0,24.7,C,C,C,C,Utility Player,0.95,0.5,,,,0.36,,,0,-0.53,1.0,,,,,,True
06cad4f0,A Sharafu,United Arab Emirates,1,0.17,0,18.0,999.0,death_heavy,22.0,15.1,10.0,15.7,C,C,C,D,Utility Player,0.0,0.0,,,,0.0,,,0,,,,,,,,True
1bb0993e,Abu Jayed,Bangladesh,1,4.0,1,11.5,24.0,middle_heavy,22.0,23.5,25.7,23.7,C,C,C,C,Utility Player,1.4,0.0,,,,0.0,,,0,1.7,0.0,,,,,,True
327fcb33,R Olipa,Uganda,1,1.0,0,8.0,999.0,middle_heavy,22.0,29.4,23.3,24.9,C,C,C,C,Utility Player,0.0,0.0,,,,0.1,,,1,,,,,,,,True
9d6644a0,Muhammad Saqib,Saudi Arabia,5,16.67,5,9.48,20.0,middle_heavy,22.0,22.6,39.8,28.1,C,C,C,C+,Utility Player,0.83,0.4,,,,0.46,,,2,-0.57,0.6,,,,,,True
1500d104,Imtiaz Khan,Saudi Arabia,4,12.0,5,8.92,14.4,pp_heavy,21.9,17.7,30.5,23.4,C,C,C,C+,Utility Player,0.88,0.2,,,,0.25,,,0,-0.26,0.6,,,,,,True
5a22d91c,EMDY Munaweera,Sri Lanka,5,10.0,2,9.3,30.0,pp_heavy,21.9,15.7,5.6,14.4,D,C,C,D,Utility Player,0.6,0.5,,,,0.04,,,2,0.47,0.4,,,,,,True
f6571355,CK Tshuma,Zimbabwe,1,1.0,0,10.0,999.0,pp_heavy,21.8,27.0,21.1,23.3,C,C,C,C,Utility Player,0.0,0.0,,,,0.01,,,1,,,,,,,,True
c07a1f41,NM Odhiambo,Kenya,26,65.0,19,8.32,20.53,middle_heavy,21.8,19.6,31.2,24.2,C,C,C,C+,Utility Player,0.55,0.26,-0.29,-0.24,-0.2,0.72,0.03,0.02,20,-0.69,0.67,0.06,-0.06,-0.34,Flat-Track Leaker,-0.17,False
4dd6a707,Sazzad Hosen,Belgium,1,2.0,0,11.0,999.0,death_heavy,21.8,20.4,11.4,17.9,C,C,C,D,Utility Player,0.0,0.0,,,,0.13,,,0,,,,,,,,True
753ada66,A Dhingra,Luxembourg,14,40.5,17,8.47,14.29,middle_heavy,21.8,30.2,38.5,30.2,C+,C,C+,C+,Utility Player,0.69,0.47,0.17,-0.21,-0.27,0.87,0.06,-0.15,8,-0.09,0.5,,,0.05,Conditions-Proof,0.12,False
cc3ebe28,Haroon Shahid,Kuwait,1,3.0,1,10.33,18.0,pp_heavy,21.8,22.9,26.8,23.8,C,C,C,C,Utility Player,1.2,0.0,,,,0.03,,,0,0.99,0.0,,,,,,True
95f0262b,IGTP Wiguna,Indonesia,6,14.0,4,7.43,21.0,middle_heavy,21.8,30.7,19.1,23.9,C,C,C+,C,Utility Player,0.61,0.0,,,0.0,0.48,,,0,-1.31,1.0,,,,,,True
7955eb15,RK Kleinveldt,South Africa,6,20.33,9,8.56,13.56,pp_heavy,21.7,11.2,49.3,27.4,C,C,D,B,Utility Player,0.93,0.0,,,,0.36,,,1,-0.68,0.62,,,,,,True
a72d5b1a,D Vora,Hong Kong,1,2.0,0,11.5,999.0,pp_heavy,21.7,10.4,12.3,14.8,D,C,D,D,Utility Player,0.0,0.0,,,,0.0,,,0,0.31,0.0,,,,,,True
e33a357d,Niaz Ali,Hong Kong,2,5.67,0,8.29,999.0,pp_heavy,21.7,23.6,7.2,17.5,C,C,C,D,Utility Player,0.0,0.0,,,,0.01,,,1,-0.11,0.5,,,,,,True
c4441675,Hisham Sheikh,Saudi Arabia,29,95.0,28,7.22,20.36,middle_heavy,21.6,32.1,19.0,24.2,C,C,C+,C,Utility Player,0.68,0.21,-0.47,-0.14,-0.31,0.76,0.03,-0.45,8,-0.68,0.69,0.59,-0.59,0.12,Conditions-Proof,0.09,False
63b1093f,N Ndzeute,Mozambique,3,10.0,4,7.9,15.0,middle_heavy,21.6,20.0,35.7,25.8,C,C,C,C+,Utility Player,0.89,0.0,,,,0.53,,,0,-0.52,0.5,,,,,,True
2a04400b,Sabir Ali,United Arab Emirates,3,8.0,3,9.25,16.0,pp_heavy,21.6,24.8,40.2,28.9,C,C,C,C+,Utility Player,1.5,0.33,,,,0.29,,,1,-0.7,0.75,,,,,,True
c6889eb6,M Kasselman,Botswana,1,1.0,0,11.0,999.0,death_heavy,21.5,32.3,17.9,23.9,C,C,C+,C,Utility Player,0.0,0.0,,,,0.13,,,0,,,,,,,,True
324edd0c,Jandu Hamoud,Kuwait,2,5.0,2,10.4,15.0,middle_heavy,21.5,13.8,30.3,21.9,C,C,D,C+,Utility Player,0.75,0.0,,,,0.12,,,2,-0.17,0.67,,,,,,True
5eb51b97,V Sukumaran,United Arab Emirates,2,2.0,1,14.5,12.0,middle_heavy,21.5,9.0,33.2,21.2,C,C,D,C+,Utility Player,0.4,1.0,,,,0.15,,,0,,,,,,,,True
f80682f8,Ravinderpal Singh,Canada,3,4.17,2,6.96,12.5,middle_heavy,21.5,19.6,26.4,22.5,C,C,C,C,Utility Player,0.22,0.0,,,,0.2,,,1,-1.0,1.0,,,,,,True
f0af99a7,D Ferreira,South Africa,7,17.67,2,8.72,53.0,middle_heavy,21.5,40.2,4.6,22.1,C,C,C+,D,Utility Player,0.33,0.5,,,,0.3,,,3,-0.33,0.6,,,,,,True
3fb56752,Shahid Ahmadzai,Canada,1,2.0,1,13.5,12.0,middle_heavy,21.4,15.2,28.4,21.7,C,C,C,C,Utility Player,0.8,0.0,,,,0.04,,,0,,,,,,,,True
bb4b445b,Hussain Talat,Pakistan,8,12.0,7,9.0,10.29,middle_heavy,21.4,11.4,53.8,28.9,C,C,D,B,Utility Player,0.53,0.0,,,-0.04,0.54,,,0,-0.01,0.33,,,,,,True
f787e0eb,J Edwards,Australia,1,2.0,0,12.5,999.0,pp_heavy,21.4,20.6,10.1,17.4,C,C,C,D,Utility Player,0.0,0.0,,,,0.0,,,0,,,,,,,,True
64457c72,Kamal Soukhiya,Luxembourg,6,22.0,6,9.0,22.0,pp_heavy,21.3,9.6,11.0,14.0,D,C,D,D,Utility Player,0.99,0.0,,,-0.04,0.1,,,0,-0.15,0.62,,,,,,True
d4aa6a65,S Rengarajan,Czech Republic,1,3.0,1,9.67,18.0,middle_heavy,21.3,13.6,23.2,19.4,C,C,D,C,Utility Player,1.2,0.0,,,,0.04,,,0,-1.1,1.0,,,,,,True
3eac9d95,JDP Oram,New Zealand,32,91.0,21,8.95,26.0,middle_heavy,21.3,15.1,2.0,12.8,D,C,C,D,Utility Player,0.55,0.19,-0.37,-0.22,0.11,0.34,0.01,,4,-0.38,0.7,0.04,-0.04,0.24,Tough-Track Enforcer,0.2,False
e1481606,JM Polarouthu,Hungary,2,4.0,0,11.5,999.0,pp_heavy,21.3,13.3,3.3,12.6,D,C,D,D,Utility Player,0.0,0.0,,,,0.06,,,0,0.71,0.5,,,,,,True
c4ab9b94,Abdullah Rana,Switzerland,8,22.0,14,8.45,9.43,middle_heavy,21.3,14.5,51.3,29.0,C,C,D,B,Utility Player,0.78,0.29,,,-0.1,0.88,,,4,0.19,0.43,,,,,,True
894b2d25,MJ Potts,England,1,4.0,2,12.0,12.0,death_heavy,21.2,20.6,31.5,24.4,C,C,C,C+,Utility Player,0.95,0.0,,,,0.14,,,0,-0.11,0.67,,,,,,True
99ad98b0,JM Vujinovich,Croatia,12,37.5,11,7.68,20.45,middle_heavy,21.2,2.0,7.7,10.3,D,C,D,D,Utility Player,0.87,0.27,-0.77,0.25,-0.19,0.26,0.02,0.36,11,-0.59,0.64,,,-0.14,Conditions-Proof,-0.17,False
d816fc1c,JJ Huo,Mozambique,17,51.5,28,8.5,11.04,death_heavy,21.2,10.1,54.2,28.5,C,C,D,B,Utility Player,0.68,0.54,0.3,0.48,-0.47,1.46,0.09,0.2,10,-0.74,0.68,,,-0.34,Flat-Track Leaker,-0.4,False
5ca0e315,G Richardson,Jersey,1,4.0,1,10.5,24.0,middle_heavy,21.2,21.3,24.3,22.3,C,C,C,C,Utility Player,1.2,0.0,,,,0.01,,,0,-0.45,0.67,,,,,,True
f8279d15,Sajid Patel,Lesotho,1,0.0,0,0.0,999.0,pp_heavy,21.2,25.3,11.3,19.3,C,C,C,D,Utility Player,0.0,0.0,,,,0.2,,,1,,,,,,,,True
462d7c62,D Paterson,South Africa,8,29.83,10,9.05,17.9,pp_heavy,21.2,29.5,37.2,29.3,C,C,C,C+,Utility Player,0.62,0.6,,,,0.38,,,2,-0.0,0.58,,,,,,True
eac5f67f,Ravinder Gill,Romania,1,2.0,0,9.5,999.0,middle_heavy,21.1,22.0,18.0,20.4,C,C,C,C,Utility Player,0.0,0.0,,,,0.06,,,0,0.28,0.0,,,,,,True
62474838,Mohammad Ahsan,Kuwait,3,9.0,4,10.44,13.5,death_heavy,21.1,27.4,39.1,29.2,C,C,C,C+,Utility Player,0.27,0.5,,,,0.62,,,3,1.45,0.5,,,,,,True
e1846e12,T Mpatane,Botswana,3,7.0,2,10.57,21.0,middle_heavy,21.1,13.7,19.0,17.9,C,C,D,C,Utility Player,0.4,0.0,,,,0.06,,,0,-0.3,0.8,,,,,,True
f2957511,K Penjor,Bhutan,1,2.0,0,9.5,999.0,pp_heavy,21.1,27.3,21.6,23.3,C,C,C,C,Utility Player,0.0,0.0,,,,0.05,,,0,-0.7,1.0,,,,,,True
53bc7b84,Aftab Ahmed,Bangladesh,1,0.33,0,24.0,999.0,middle_heavy,21.1,4.0,7.6,10.9,D,C,D,D,Utility Player,0.0,0.0,,,,0.0,,,1,,,,,,,,True
436c763a,BJ McMullen,Scotland,18,38.83,9,9.09,25.89,pp_heavy,21.0,47.0,10.2,26.1,C,C,B,D,Utility Player,0.49,0.11,0.1,-0.21,-0.05,0.47,0.03,-0.09,8,-0.18,0.42,,,0.17,Tough-Track Enforcer,0.26,False
f986ca1a,HV Patel,India,24,83.83,31,9.44,16.23,middle_heavy,21.0,17.4,43.1,27.2,C,C,C,C+,Utility Player,0.79,0.26,0.15,-0.02,-0.14,0.7,0.03,,2,-0.32,0.64,-0.19,0.19,-0.5,Flat-Track Leaker,-0.11,False
cc3fb3b3,Imran Butt,Bahrain,2,7.0,3,10.29,14.0,pp_heavy,21.0,10.4,37.3,22.9,C,C,D,C+,Utility Player,1.32,0.67,,,,0.22,,,0,-0.44,0.67,,,,,,True
bb939fa3,Elan Talker,Israel,7,20.0,6,7.65,20.0,pp_heavy,21.0,36.5,35.4,31.0,C+,C,C+,C+,Utility Player,1.06,0.17,,,0.04,0.62,,,7,-0.07,0.57,,,,,,True
c9f851b0,JL de Mey,Netherlands,2,7.0,1,9.57,42.0,middle_heavy,20.9,24.0,16.2,20.4,C,C,C,C,Utility Player,0.75,0.0,,,,0.03,,,1,0.22,0.5,,,,,,True
07ac9c54,C Roberts,France,3,5.0,4,7.4,7.5,middle_heavy,20.9,34.5,49.7,35.0,C+,C,C+,B,Utility Player,0.7,0.5,,,,1.03,,,0,-2.8,1.0,,,,,,True
24bb1c2f,Haris Rauf,Pakistan,88,320.0,138,8.54,13.91,middle_heavy,20.9,16.4,91.1,43.1,C+,C,C,A+,Strike Bowler,0.88,0.26,0.38,0.21,0.07,1.49,0.02,-0.14,11,-0.79,0.7,0.35,-0.35,-0.05,Conditions-Proof,-0.07,False
23f37c09,Azri Azhar,Malaysia,3,6.0,0,7.5,999.0,middle_heavy,20.9,22.5,4.7,16.0,C,C,C,D,Utility Player,0.0,0.0,,,,0.15,,,1,-0.46,0.67,,,,,,True
8209da53,H Singh,Germany,3,4.0,1,11.0,24.0,death_heavy,20.8,18.7,7.5,15.7,C,C,C,D,Utility Player,0.27,0.0,,,,0.19,,,2,1.49,0.0,,,,,,True
80fe6790,AR Bisht,Oman,2,3.0,0,8.33,999.0,middle_heavy,20.8,18.9,10.3,16.7,C,C,C,D,Utility Player,0.0,0.0,,,,0.0,,,2,-1.55,1.0,,,,,,True
f7cb7c3a,Abul Farhad,Czech Republic,11,33.5,15,8.72,13.4,middle_heavy,20.8,22.2,48.2,30.4,C+,C,C,B,Utility Player,0.65,0.2,0.41,0.55,-0.08,0.87,0.08,-0.08,8,-0.96,0.65,,,-0.32,Flat-Track Leaker,-0.42,False
681af475,M Ansari,Oman,6,23.0,7,8.83,19.71,middle_heavy,20.7,12.9,30.0,21.2,C,C,D,C+,Utility Player,0.77,0.29,,,,0.28,,,1,-0.24,0.42,,,,,,True
4a461c24,LA Dawson,England,30,99.17,33,7.86,18.03,middle_heavy,20.7,43.2,55.8,39.9,C+,C,C+,B,Utility Player,0.75,0.18,0.49,0.36,0.3,1.01,0.03,,3,-0.81,0.82,-0.25,0.25,-0.16,Flat-Track Leaker,-0.1,False
7c840f73,R Pathan,Canada,1,2.0,0,12.0,999.0,middle_heavy,20.7,18.2,14.3,17.7,C,C,C,D,Utility Player,0.0,0.0,,,,0.0,,,1,1.34,0.0,,,,,,True
f3c150bb,Saqlain Sajib,Bangladesh,1,3.5,0,11.43,999.0,middle_heavy,20.7,22.8,16.4,20.0,C,C,C,C,Utility Player,0.0,0.0,,,,0.0,,,0,,,,,,,,True
5a4c12ab,Sohag Gazi,Bangladesh,10,35.0,4,8.66,52.5,pp_heavy,20.6,35.9,1.0,19.2,C,C,C+,D,Utility Player,0.57,0.25,0.13,0.07,0.39,0.26,0.03,,0,-0.07,0.47,,,0.46,Tough-Track Enforcer,0.4,False
52062ed6,Ali Muaaz,Greece,1,0.17,0,6.0,999.0,middle_heavy,20.6,37.8,12.7,23.7,C,C,C+,D,Utility Player,0.0,0.0,,,,0.32,,,1,,,,,,,,True
3a54c25b,N Magagula,Swaziland,1,3.0,0,10.0,999.0,middle_heavy,20.6,15.7,13.5,16.6,C,C,C,D,Utility Player,0.0,0.0,,,,0.03,,,1,-0.47,1.0,,,,,,True
a843d7a8,Obed Yosef,Vanuatu,5,13.0,3,7.77,26.0,middle_heavy,20.6,16.0,29.3,22.0,C,C,C,C,Utility Player,0.35,1.0,,,,0.36,,,5,-0.34,0.5,,,,,,True
f5be7b08,S Rukmal,Seychelles,8,26.0,3,7.19,52.0,middle_heavy,20.6,17.0,11.4,16.3,C,C,C,D,Utility Player,0.48,0.33,,,-0.0,0.27,,0.05,7,-0.79,0.9,,,,,,True
3300d23c,SF Mire,Zimbabwe,5,12.0,1,9.83,72.0,middle_heavy,20.6,10.5,2.0,11.0,D,C,D,D,Utility Player,0.3,0.0,,,,0.06,,,0,-0.61,0.71,,,,,,True
25ef10a2,S Saeed,Maldives,3,7.0,2,7.71,21.0,pp_heavy,20.5,32.3,22.8,25.2,C,C,C+,C,Utility Player,0.48,0.0,,,,0.26,,,0,-0.91,0.75,,,,,,True
6de4e430,Washeem Abbas,Malta,49,172.5,75,8.26,13.8,pp_heavy,20.5,5.9,56.2,27.5,C,C,D,B,Utility Player,0.85,0.39,0.33,0.29,0.13,0.86,0.02,-0.1,9,-0.67,0.72,0.39,-0.39,-0.06,Conditions-Proof,0.03,False
dfc4d8b5,KW Richardson,Australia,35,122.0,46,8.4,15.91,pp_heavy,20.5,24.8,55.6,33.6,C+,C,C,B,Utility Player,0.71,0.09,0.2,0.12,-0.11,0.74,0.02,,3,-0.85,0.65,0.4,-0.4,-0.15,Flat-Track Leaker,-0.11,False
f957f558,Baljinder Singh,Romania,1,3.0,1,9.67,18.0,middle_heavy,20.5,17.8,22.5,20.3,C,C,C,C,Utility Player,1.5,0.0,,,,0.09,,,0,-1.8,1.0,,,,,,True
b4706200,Adil Khan,Germany,4,12.0,6,8.08,12.0,middle_heavy,20.4,14.1,38.6,24.4,C,C,D,C+,Utility Player,1.05,0.33,,,,0.42,,,1,-1.03,0.6,,,,,,True
b0eaaac6,Ali Khan,United States of America,20,70.17,20,9.15,21.05,pp_heavy,20.4,24.2,9.2,17.9,C,C,C,D,Utility Player,0.8,0.35,0.0,-0.12,0.03,0.32,0.02,-0.04,8,-0.4,0.6,-0.28,0.28,0.02,Conditions-Proof,0.11,False
74234d66,JN Gillespie,Australia,1,4.0,1,12.25,24.0,middle_heavy,20.4,20.1,25.8,22.1,C,C,C,C,Utility Player,0.8,1.0,,,,0.0,,,0,1.84,0.0,,,,,,True
b94827f0,AR Menon,Singapore,1,1.0,0,12.0,999.0,pp_heavy,20.4,19.3,13.0,17.6,C,C,C,D,Utility Player,0.0,0.0,,,,0.0,,,1,,,,,,,,True
3f18724b,MC Sorensen,Ireland,16,45.0,21,7.6,12.86,pp_heavy,20.4,30.9,57.1,36.1,C+,C,C+,B,Utility Player,0.64,0.19,-0.29,-0.44,-0.02,0.75,0.05,0.13,6,-0.94,0.84,0.23,-0.23,0.33,Tough-Track Enforcer,0.19,False
af8d9fd9,Yasir Mehmood,Cyprus,4,12.0,4,7.08,18.0,middle_heavy,20.3,21.9,20.8,21.0,C,C,C,C,Utility Player,0.53,0.25,,,,0.32,,,2,-1.24,1.0,,,,,,True
e80ed014,P Desungnoen,Thailand,2,5.0,0,8.2,999.0,middle_heavy,20.3,25.3,9.2,18.3,C,C,C,D,Utility Player,0.0,0.0,,,,0.14,,,0,0.2,0.33,,,,,,True
e66d962d,Arsalan Qadir,Canada,1,1.0,0,12.0,999.0,pp_heavy,20.3,19.1,12.3,17.2,C,C,C,D,Utility Player,0.0,0.0,,,,0.0,,,1,,,,,,,,True
6cc4d322,GC Murtaza,Cambodia,34,112.83,39,7.84,17.36,pp_heavy,20.3,8.9,39.4,22.9,C,C,D,C+,Utility Player,0.69,0.38,-0.04,0.38,0.11,0.63,0.02,-0.13,13,-0.8,0.73,0.6,-0.6,-0.25,Flat-Track Leaker,-0.22,False
e112732d,L Denny,Cook Islands,13,45.83,19,7.64,14.47,middle_heavy,20.2,9.5,40.2,23.3,C,C,D,C+,Utility Player,0.72,0.11,0.16,0.65,0.67,0.67,0.05,0.05,12,-0.89,0.71,,,0.6,Tough-Track Enforcer,0.59,False
09c766ec,Mohsin Zaki,Bahrain,5,10.0,3,7.9,20.0,middle_heavy,20.2,31.4,26.0,25.9,C,C,C+,C,Utility Player,0.78,0.33,,,,0.37,,,2,-0.41,0.5,,,,,,True
5680f1ad,CO Obuya,Kenya,20,51.33,22,6.6,14.0,middle_heavy,20.2,33.2,44.3,32.6,C+,C,C+,C+,Utility Player,0.66,0.32,0.36,1.09,0.51,0.84,0.04,0.39,18,-1.5,0.95,0.47,-0.47,0.14,Conditions-Proof,,False
d09615c8,Mansoor Shah,Norway,5,13.83,10,8.6,8.3,middle_heavy,20.2,14.0,52.2,28.8,C,C,D,B,Utility Player,1.06,0.1,,,,0.8,,,1,-0.22,0.5,,,,,,True
23fa9ea9,Abdul Waheed,Saudi Arabia,13,22.0,8,7.32,16.5,middle_heavy,20.2,36.2,9.0,21.8,C,C,C+,D,Utility Player,0.38,0.12,-0.36,-0.43,0.37,0.52,0.04,0.0,6,-0.66,0.67,0.45,-0.45,0.19,Tough-Track Enforcer,0.25,True
679302a1,Z McLaughlin,Cayman Islands,3,7.17,2,7.67,21.5,middle_heavy,20.2,32.7,39.2,30.7,C+,C,C+,C+,Utility Player,0.5,0.5,,,,0.44,,,3,-0.34,0.25,,,,,,True
692ed48b,KAB Hynam-Nyberg,Samoa,6,18.0,5,9.44,21.6,middle_heavy,20.1,7.0,24.1,17.1,C,C,D,C,Utility Player,0.87,0.4,,,-0.2,0.25,,,3,-0.57,0.6,,,,,,True
866d3ac8,A Parima,Cook Islands,3,10.0,5,8.5,12.0,middle_heavy,20.1,12.4,42.6,25.0,C,C,D,C+,Utility Player,0.76,0.4,,,,0.47,,,1,-0.4,0.5,,,,,,True
5ef9ebaf,HS Bedi,Serbia,1,2.0,0,9.5,999.0,middle_heavy,20.1,25.1,13.2,19.5,C,C,C,D,Utility Player,0.0,0.0,,,,0.14,,,0,0.32,0.0,,,,,,True
3ee0050f,PM Liyanagamage,Sri Lanka,8,25.17,12,8.98,12.58,pp_heavy,20.1,17.6,42.2,26.6,C,C,C,C+,Utility Player,0.93,0.17,,,0.04,0.34,,,2,-1.07,0.9,,,,,,True
aeb893b4,GG Banner,Belize,2,6.0,3,9.83,12.0,pp_heavy,20.0,12.8,40.9,24.6,C,C,D,C+,Utility Player,1.4,0.67,,,,0.35,,,2,0.38,0.5,,,,,,True
0782aec3,Muhammad Ajmal,Malta,2,2.0,0,10.5,999.0,pp_heavy,20.0,7.1,5.4,10.8,D,C,D,D,Utility Player,0.0,0.0,,,,0.01,,,1,,,,,,,,True
1a8cedc8,M Jele,Eswatini,16,39.0,16,8.46,14.62,middle_heavy,19.9,4.3,48.8,24.3,C,C,D,B,Utility Player,0.69,0.5,-0.26,0.12,0.11,0.78,0.05,0.26,13,-0.95,0.76,0.15,-0.15,0.5,Tough-Track Enforcer,0.4,False
62141a22,Gayan Munaweera,Qatar,18,56.0,22,8.43,15.27,pp_heavy,19.9,19.9,37.1,25.6,C,C,C,C+,Utility Player,0.86,0.32,0.07,-0.37,0.11,0.55,0.03,-0.08,7,-0.6,0.8,-0.44,0.44,-0.31,Flat-Track Leaker,-0.23,False
70f2f922,TF van Woerkom,Ireland,1,1.0,0,10.0,999.0,middle_heavy,19.9,26.1,19.6,21.9,C,C,C,C,Utility Player,0.0,0.0,,,,0.01,,,0,,,,,,,,True
374bb5e7,K Klein,Netherlands,20,68.17,33,8.35,12.39,pp_heavy,19.8,9.6,70.5,33.3,C+,C,D,B+,Utility Player,0.94,0.36,0.35,0.52,-0.13,0.81,0.04,-0.28,9,-0.83,0.68,-0.18,0.18,-0.01,Conditions-Proof,-0.18,False
333cbc00,E Frosler,South Africa,1,2.0,0,9.0,999.0,pp_heavy,19.8,17.7,11.1,16.2,C,C,C,D,Utility Player,0.0,0.0,,,,0.0,,,0,,,,,,,,True
b5417394,Noorkhan Ahmedi,Switzerland,1,2.0,1,6.5,12.0,middle_heavy,19.8,19.8,21.9,20.5,C,C,C,C,Utility Player,1.0,0.0,,,,0.21,,,0,,,,,,,,True
a17a9548,H Satheedevi,Croatia,8,20.0,7,10.0,17.14,pp_heavy,19.8,11.7,29.9,20.5,C,C,D,C,Utility Player,0.84,0.14,,,0.0,0.29,,,4,-0.45,0.73,,,,,,True
a3ae63f4,GJ Snyman,South Africa,1,1.0,0,12.0,999.0,middle_heavy,19.8,26.0,12.7,19.5,C,C,C,D,Utility Player,0.0,0.0,,,,0.0,,,0,,,,,,,,True
c4fb0b39,VS Padhaal,Finland,1,1.0,0,12.0,999.0,middle_heavy,19.8,11.8,12.5,14.7,D,C,D,D,Utility Player,0.0,0.0,,,,0.0,,,0,,,,,,,,True
90eac542,J Chialoufas,Cyprus,2,4.0,1,7.0,24.0,pp_heavy,19.8,33.5,23.5,25.6,C,C,C+,C,Utility Player,0.7,0.0,,,,0.35,,,0,-0.72,0.5,,,,,,True
902d916b,Jubair Hossain,Bangladesh,1,2.0,2,10.0,6.0,middle_heavy,19.7,23.0,48.1,30.3,C+,C,C,B,Utility Player,0.75,0.5,,,,0.37,,,0,2.06,0.0,,,,,,True
18ac3318,Mohammed Faraazuddin,United Arab Emirates,5,14.0,2,9.0,42.0,middle_heavy,19.7,13.6,1.5,11.6,D,C,D,D,Utility Player,0.44,0.0,,,,0.05,,,0,0.04,0.5,,,,,,True
5318ee68,Nahid Rana,Bangladesh,1,4.0,2,12.5,12.0,middle_heavy,19.7,16.3,35.6,23.9,C,C,C,C+,Utility Player,1.0,0.0,,,,0.16,,,0,1.2,0.0,,,,,,True
8d913205,Vishaul Singh,Suriname,2,5.0,2,8.4,15.0,pp_heavy,19.7,20.7,28.4,22.9,C,C,C,C,Utility Player,1.5,0.0,,,,0.23,,,2,0.47,0.33,,,,,,True
4f3a89ae,SM Nash,Samoa,17,51.17,19,7.97,16.16,pp_heavy,19.7,14.7,59.4,31.3,C+,C,D,B,Utility Player,0.63,0.58,0.1,-0.1,-0.38,0.81,0.05,0.09,14,-0.66,0.62,-0.0,0.0,-0.01,Conditions-Proof,0.07,False
dd37da14,UWMBCA Welegedara,Sri Lanka,2,6.0,2,10.33,18.0,pp_heavy,19.7,14.2,31.1,21.7,C,C,D,C+,Utility Player,0.38,0.5,,,,0.06,,,1,-0.51,0.5,,,,,,True
d3c260a6,Usman Rafiq,United States of America,1,2.0,1,12.0,12.0,middle_heavy,19.7,16.1,27.7,21.2,C,C,C,C,Utility Player,1.1,0.0,,,,0.04,,,0,,,,,,,,True
60b46ad1,MO Kain,United States of America,2,5.67,0,9.71,999.0,middle_heavy,19.7,23.2,7.9,16.9,C,C,C,D,Utility Player,0.0,0.0,,,,0.02,,,1,0.62,0.5,,,,,,True
ab8ef1e9,TC Vine,Spain,7,17.0,5,8.41,20.4,middle_heavy,19.6,7.4,19.2,15.4,C,C,D,C,Utility Player,1.0,0.6,,,0.34,0.25,,,2,-0.58,0.71,,,,,,True
96912eac,A Denuwan,Italy,3,6.33,1,8.05,38.0,middle_heavy,19.6,28.8,7.8,18.7,C,C,C,D,Utility Player,0.5,0.0,,,,0.15,,,0,-0.23,0.67,,,,,,True
bd0a4a7d,CA Young,Ireland,63,213.17,85,8.36,15.05,pp_heavy,19.5,41.1,80.5,47.0,B,C,C+,A,Strike Bowler,0.93,0.24,0.42,0.58,0.05,1.25,0.02,0.15,20,-0.53,0.65,0.16,-0.16,0.01,Conditions-Proof,-0.05,False
29663fda,HL Harji,Seychelles,8,23.0,6,7.78,23.0,pp_heavy,19.5,20.4,27.7,22.5,C,C,C,C,Utility Player,0.46,0.5,,,-0.16,0.34,,-0.46,7,-0.67,0.64,,,,,,True
6de51a8e,Ritik Tomar,Czech Republic,13,31.0,7,8.77,26.57,middle_heavy,19.5,7.9,2.3,9.9,D,C,D,D,Utility Player,0.42,0.29,-0.71,-0.43,-0.24,0.2,0.02,,4,-0.24,0.5,0.02,-0.02,-0.13,Conditions-Proof,-0.18,False
877ad201,Hayatullah Niazi,Norway,3,8.0,2,8.25,24.0,pp_heavy,19.5,21.2,16.7,19.1,C,C,C,C,Utility Player,0.67,0.5,,,,0.05,,,3,-1.25,1.0,,,,,,True
e05dd44b,V Shaw,Suriname,3,4.17,2,5.52,12.5,middle_heavy,19.5,8.2,27.5,18.4,C,C,D,C,Utility Player,0.63,1.0,,,,0.27,,,3,-3.87,1.0,,,,,,True
10e34eef,A Sokovagone,Fiji,2,4.17,0,9.6,999.0,middle_heavy,19.4,13.9,4.3,12.5,D,C,D,D,Utility Player,0.0,0.0,,,,0.03,,,2,0.8,0.0,,,,,,True
5d6064b0,E Kuchey,Finland,5,11.0,0,8.91,999.0,middle_heavy,19.4,10.2,0.9,10.2,D,C,D,D,Utility Player,0.0,0.0,,,,0.09,,,4,0.04,0.4,,,,,,True
3c55c703,JG Bethell,England,6,15.5,8,9.16,11.62,middle_heavy,19.4,11.4,47.7,26.2,C,C,D,B,Utility Player,0.69,0.12,,,,0.4,,,1,-0.08,0.29,,,,,,True
0f6db197,S Mahmood,England,18,63.0,22,9.6,17.18,pp_heavy,19.4,27.8,76.2,41.1,C+,C,C,A,Utility Player,0.67,0.18,0.24,0.62,0.6,0.97,0.05,,2,-0.43,0.54,,,0.4,Tough-Track Enforcer,0.27,False
87046e99,Gagandeep Singh,Ghana,2,4.0,0,7.25,999.0,pp_heavy,19.4,15.6,14.4,16.5,C,C,C,D,Utility Player,0.0,0.0,,,,0.0,,,1,-2.28,1.0,,,,,,True
f1c61793,JD Wildermuth,Australia,2,3.0,1,10.67,18.0,middle_heavy,19.3,12.3,11.9,14.5,D,C,D,D,Utility Player,0.2,0.0,,,,0.0,,,0,,,,,,,,True
30b93df1,Rupesh Singh,Nepal,3,10.0,2,10.0,30.0,pp_heavy,19.3,14.5,10.5,14.8,D,C,D,D,Utility Player,0.9,0.5,,,,0.0,,,0,0.58,0.5,,,,,,True
b7f70e36,K Modise,Botswana,2,5.0,4,8.2,7.5,middle_heavy,19.3,27.9,51.0,32.7,C+,C,C,B,Utility Player,1.13,0.0,,,,0.62,,,2,-1.35,1.0,,,,,,True
e5b16284,M Manivannan,Cayman Islands,1,3.0,0,10.67,999.0,pp_heavy,19.3,16.1,15.4,16.9,C,C,C,C,Utility Player,0.0,0.0,,,,0.0,,,1,-1.01,1.0,,,,,,True
b57f8a9a,BJ Hodge,Australia,3,5.0,1,9.0,30.0,middle_heavy,19.3,27.4,21.9,22.9,C,C,C,C,Utility Player,0.5,0.0,,,,0.09,,,1,0.42,0.0,,,,,,True
dd26ae6e,Marcelle Hanekom,Cambodia,8,21.0,8,8.62,15.75,middle_heavy,19.3,20.8,26.4,22.2,C,C,C,C,Utility Player,0.63,0.0,,,0.0,0.51,,,4,-0.82,0.67,,,,,,True
ff6a7ab5,R Trumpelmann,Namibia,42,138.33,49,8.31,16.94,pp_heavy,19.2,19.2,49.4,29.3,C,C,C,B,Utility Player,0.63,0.27,0.26,0.42,-0.05,0.71,0.02,-0.34,11,-0.6,0.75,0.19,-0.19,-0.29,Flat-Track Leaker,-0.11,False
27128c74,Md Shafiqul Haque,Thailand,1,3.0,2,8.67,9.0,death_heavy,19.2,18.8,23.1,20.4,C,C,C,C,Utility Player,0.75,0.0,,,,0.28,,,1,-1.3,1.0,,,,,,True
59792462,KM Jarvis,Zimbabwe,18,60.0,24,9.28,15.0,pp_heavy,19.2,16.3,66.6,34.0,C+,C,C,B+,Utility Player,0.82,0.17,0.34,0.5,0.08,0.71,0.04,-0.84,5,-0.29,0.69,0.66,-0.66,0.21,Tough-Track Enforcer,0.29,False
06b766f4,R Francis,St Helena,2,4.0,0,9.0,999.0,pp_heavy,19.2,26.8,7.8,17.9,C,C,C,D,Utility Player,0.0,0.0,,,,0.11,,,2,0.41,0.0,,,,,,True
b04e6811,S Pitabeddara,South Korea,2,3.0,0,11.33,999.0,middle_heavy,19.2,9.0,4.3,10.8,D,C,D,D,Utility Player,0.0,0.0,,,,0.01,,,2,0.49,0.0,,,,,,True
6e161a33,JNK Shannon,Ireland,1,1.0,0,11.0,999.0,pp_heavy,19.2,23.4,12.6,18.4,C,C,C,D,Utility Player,0.0,0.0,,,,0.0,,,0,,,,,,,,True
97bdec3d,G Motie,West Indies,45,144.0,48,8.13,18.0,middle_heavy,19.1,64.8,66.5,50.1,B,C,B+,B+,Utility Player,0.69,0.4,0.6,1.14,0.38,1.31,0.03,,2,-0.53,0.67,-0.24,0.24,0.19,Tough-Track Enforcer,0.08,False
0226b73a,Imran Haider,United Arab Emirates,9,24.0,6,8.54,24.0,middle_heavy,19.1,6.7,10.2,12.0,D,C,D,D,Utility Player,0.68,0.5,,,-0.04,0.16,,,4,-0.23,0.45,,,,,,True
f0f628c7,MM Patel,India,3,10.0,4,8.7,15.0,pp_heavy,19.1,21.2,44.0,28.1,C,C,C,C+,Utility Player,1.42,0.25,,,,0.24,,,0,0.85,0.4,,,,,,True
da738783,FN Walsh,Philippines,2,8.0,5,10.75,9.6,pp_heavy,19.1,15.3,43.7,26.0,C,C,C,C+,Utility Player,1.19,0.0,,,,0.4,,,1,0.42,0.33,,,,,,True
906b7d48,Muhammad Moiz,Romania,16,48.33,25,8.44,11.6,middle_heavy,19.1,10.5,54.4,28.0,C,C,D,B,Utility Player,0.75,0.24,0.11,-0.04,0.07,0.95,0.06,-0.04,6,-0.63,0.71,-0.09,0.09,-0.07,Conditions-Proof,-0.13,False
fa549641,Karthik Pillai,Bulgaria,2,5.0,0,9.6,999.0,middle_heavy,19.1,24.5,7.5,17.0,C,C,C,D,Utility Player,0.0,0.0,,,,0.16,,,0,0.16,0.5,,,,,,True
5b9b8d98,CA Keita,Mali,4,7.17,5,7.53,8.6,pp_heavy,19.1,22.9,46.3,29.4,C,C,C,B,Utility Player,0.54,0.4,,,,0.78,,,4,-3.34,1.0,,,,,,True
43936951,DR Tuffey,New Zealand,3,10.0,3,9.5,20.0,pp_heavy,19.0,4.8,16.8,13.5,D,C,D,C,Utility Player,0.82,0.0,,,,0.0,,,1,0.36,0.6,,,,,,True
e21bc7f3,RD Berrington,Scotland,30,67.67,22,7.89,18.45,middle_heavy,19.0,41.3,9.0,23.1,C,C,C+,D,Utility Player,0.63,0.14,0.08,0.48,-0.02,0.67,0.02,-0.03,13,-0.59,0.72,-0.2,0.2,0.13,Conditions-Proof,0.02,False
5c756df3,Abul Hasan,Bangladesh,2,6.0,2,10.17,18.0,middle_heavy,19.0,13.2,36.4,22.9,C,C,D,C+,Utility Player,0.75,0.0,,,,0.17,,,0,-0.24,0.67,,,,,,True
46050f42,GA Rogers,Scotland,1,4.0,0,13.0,999.0,middle_heavy,18.9,17.7,16.4,17.7,C,C,C,C,Utility Player,0.0,0.0,,,,0.0,,,0,0.98,0.0,,,,,,True
9b75e4f1,M Zondeki,South Africa,1,3.0,1,14.0,18.0,middle_heavy,18.9,10.9,26.9,18.9,C,C,D,C,Utility Player,1.5,0.0,,,,0.0,,,0,-1.09,1.0,,,,,,True
44116edc,Mustapha Suwareh,Gambia,2,3.0,1,17.33,18.0,death_heavy,18.9,13.3,11.4,14.5,D,C,D,D,Utility Player,0.5,0.0,,,,0.11,,,2,2.56,0.0,,,,,,True
397f4d3a,BM Wheeler,New Zealand,6,21.33,7,10.12,18.29,pp_heavy,18.9,11.5,31.7,20.7,C,C,D,C+,Utility Player,0.76,0.0,,,,0.16,,,0,-0.49,0.62,,,,,,True
e1bd3e2e,Kaung Htet Kyaw,Myanmar,6,13.0,2,8.0,39.0,pp_heavy,18.7,27.1,4.3,16.7,C,C,C,D,Utility Player,0.5,0.0,,,-0.86,0.25,,,2,-0.91,0.78,,,,,,True
e48c6ec7,N Davidovic,Croatia,2,7.0,4,7.57,10.5,middle_heavy,18.7,18.7,35.3,24.2,C,C,C,C+,Utility Player,0.98,0.5,,,,0.4,,,2,-0.69,1.0,,,,,,True
78f34e15,IE O'Brien,New Zealand,4,13.0,6,9.15,13.0,pp_heavy,18.7,20.6,56.6,32.0,C+,C,C,B,Utility Player,1.02,0.33,,,,0.4,,,0,-1.01,0.8,,,,,,True
1a597e24,HAG Madhushanka,Seychelles,2,3.0,0,12.0,999.0,middle_heavy,18.7,10.0,6.0,11.6,D,C,D,D,Utility Player,0.0,0.0,,,,0.0,,,1,0.76,0.0,,,,,,True
6c53ffb2,Irfan Safi,Austria,3,6.83,3,9.8,13.67,middle_heavy,18.6,14.4,33.9,22.3,C,C,D,C+,Utility Player,0.19,0.33,,,,0.34,,,0,0.42,0.33,,,,,,True
5c57229d,Muhammad Fahim,Belgium,9,25.0,5,7.88,30.0,pp_heavy,18.6,23.6,18.0,20.1,C,C,C,C,Utility Player,0.41,0.2,,,-0.07,0.31,,0.59,8,-0.45,0.58,,,,,,True
fc30a5b7,RP Mitchell,Bahamas,4,16.0,3,9.25,32.0,pp_heavy,18.6,14.6,14.2,15.8,C,C,D,D,Utility Player,0.69,0.67,,,,0.02,,,4,-0.26,0.43,,,,,,True
f8648b9b,R Goodwin,Philippines,1,2.0,0,10.5,999.0,pp_heavy,18.5,25.8,21.0,21.8,C,C,C,C,Utility Player,0.0,0.0,,,,0.01,,,1,0.38,0.0,,,,,,True
45b6a7ce,Murtaza Yamin,Cyprus,1,3.0,0,9.67,999.0,pp_heavy,18.5,17.4,11.7,15.9,C,C,C,D,Utility Player,0.0,0.0,,,,0.0,,,0,0.32,0.0,,,,,,True
8cf9814c,Mohammed Shami,India,24,81.0,27,9.12,18.0,pp_heavy,18.5,22.5,48.7,29.9,C,C,C,B,Utility Player,0.65,0.3,-0.14,-0.41,0.45,0.6,0.03,,2,-0.13,0.47,0.02,-0.02,0.18,Tough-Track Enforcer,0.16,False
b8704508,LM Jongwe,Zimbabwe,52,155.0,65,8.64,14.31,middle_heavy,18.5,8.7,31.3,19.5,C,C,D,C+,Utility Player,0.78,0.14,-0.15,-0.07,0.06,0.67,0.01,-0.09,25,-0.63,0.65,0.18,-0.18,-0.04,Conditions-Proof,-0.1,False
52e8dd6b,Zaheer Maqsood,United Arab Emirates,3,9.0,1,8.89,54.0,middle_heavy,18.5,24.7,2.2,15.1,C,C,C,D,Utility Player,0.33,0.0,,,,0.06,,,0,0.04,0.5,,,,,,True
d0178c53,S Kubheka,Swaziland,3,5.0,0,10.4,999.0,middle_heavy,18.4,21.6,4.1,14.7,D,C,C,D,Utility Player,0.0,0.0,,,,0.14,,,2,0.36,0.33,,,,,,True
568fe66e,I Stewart,Switzerland,3,8.0,4,8.5,12.0,middle_heavy,18.4,11.3,41.1,23.6,C,C,D,C+,Utility Player,0.47,0.5,,,,0.4,,,0,-0.61,0.5,,,,,,True
37138918,Afif Hossain,Bangladesh,21,31.0,10,8.13,18.6,middle_heavy,18.4,58.4,13.2,30.0,C+,C,B,D,Utility Player,0.47,0.0,-0.37,-0.15,-0.09,0.72,0.03,0.25,5,-1.58,1.0,-0.14,0.14,-0.2,Flat-Track Leaker,-0.32,False
fb59e5bc,Akash Babu,Qatar,1,1.0,0,11.0,999.0,middle_heavy,18.4,21.6,17.5,19.2,C,C,C,C,Utility Player,0.0,0.0,,,,0.0,,,1,,,,,,,,True
9a54c30a,Mirza Ahmed,Kuwait,6,16.0,6,7.44,16.0,pp_heavy,18.4,38.7,41.4,32.8,C+,C,C+,C+,Utility Player,0.98,0.17,,,0.42,0.56,,,3,-0.86,0.86,,,,,,True
8a22e5f0,M Badenhorst,Botswana,5,11.0,5,9.45,13.2,middle_heavy,18.4,11.5,16.6,15.5,C,C,D,C,Utility Player,0.51,0.0,,,,0.15,,,2,2.07,0.0,,,,,,True
20988564,Virendra Kumar,Israel,4,10.0,4,7.4,15.0,middle_heavy,18.3,32.9,42.7,31.3,C+,C,C+,C+,Utility Player,0.6,0.5,,,,0.74,,,4,-0.26,0.5,,,,,,True
b704da31,Waqar Ul Hassan,Saudi Arabia,1,1.0,0,10.0,999.0,middle_heavy,18.3,11.8,9.1,13.1,D,C,D,D,Utility Player,0.0,0.0,,,,0.01,,,0,,,,,,,,True
d7f1fe76,S Tobgay,Bhutan,1,4.0,0,12.5,999.0,pp_heavy,18.3,18.1,16.2,17.5,C,C,C,C,Utility Player,0.0,0.0,,,,0.0,,,0,1.49,0.0,,,,,,True
0393fbdc,A Pusthay,Finland,7,16.67,9,7.8,11.11,middle_heavy,18.3,14.5,46.5,26.4,C,C,D,B,Utility Player,0.93,0.22,,,-0.02,0.63,,,2,-0.73,1.0,,,,,,True
2c31f58a,T Sandaruwan,Romania,4,15.0,7,8.8,12.86,middle_heavy,18.2,33.1,45.5,32.3,C+,C,C+,B,Utility Player,0.78,0.0,,,,0.7,,,0,-1.18,0.75,,,,,,True
cd752e8a,Lee Kangmin,South Korea,2,4.0,0,10.25,999.0,middle_heavy,18.2,16.5,4.9,13.2,D,C,C,D,Utility Player,0.0,0.0,,,,0.0,,,2,0.32,0.0,,,,,,True
511871c6,W Perchard,Jersey,3,6.0,0,7.67,999.0,middle_heavy,18.2,23.7,2.8,14.9,D,C,C,D,Utility Player,0.0,0.0,,,,0.1,,,1,-0.47,0.67,,,,,,True
8a5a8cf0,SM Warnakulasuriya,France,8,22.0,10,8.55,13.2,pp_heavy,18.1,5.4,40.9,21.5,C,C,D,C+,Utility Player,0.85,0.2,,,0.0,0.5,,,2,-0.87,0.75,,,,,,True
b46b3d9b,Muhammad Siddiqui,Slovenia,11,39.0,13,8.26,18.0,pp_heavy,18.1,25.7,43.5,29.1,C,C,C,C+,Utility Player,0.67,0.46,1.06,1.19,-0.24,0.73,0.07,0.05,6,-0.82,0.75,0.03,-0.03,0.35,Tough-Track Enforcer,0.26,False
dc53a969,Muhammet Kursat,Turkey,3,5.0,3,7.8,10.0,middle_heavy,18.1,11.1,34.7,21.3,C,C,D,C+,Utility Player,0.39,0.0,,,,0.45,,,0,-2.55,1.0,,,,,,True
ff1ec94d,R Klein,Netherlands,2,4.0,1,11.25,24.0,middle_heavy,18.0,17.3,21.4,18.9,C,C,C,C,Utility Player,0.75,0.0,,,,0.0,,,0,1.38,0.0,,,,,,True
1daa8927,S Malla,Nepal,1,3.0,1,11.67,18.0,pp_heavy,18.0,18.3,29.8,22.0,C,C,C,C,Utility Player,1.5,0.0,,,,0.01,,,0,1.91,0.0,,,,,,True
af4c15c5,DV Macome,Mozambique,6,18.0,8,7.67,13.5,pp_heavy,18.0,19.1,47.3,28.1,C,C,C,B,Utility Player,1.14,0.38,,,-0.35,0.56,,,6,-1.07,0.88,,,,,,True
4180d897,JE Taylor,West Indies,27,90.0,34,8.96,15.88,pp_heavy,18.0,21.6,64.5,34.7,C+,C,C,B+,Utility Player,0.83,0.41,0.03,0.33,0.34,0.74,0.03,-0.37,5,-0.53,0.57,0.74,-0.74,0.32,Tough-Track Enforcer,0.35,False
ccceaca9,Yasser Nazir,Bahrain,1,1.0,0,16.0,999.0,middle_heavy,18.0,12.2,10.0,13.4,D,C,D,D,Utility Player,0.0,0.0,,,,0.0,,,0,,,,,,,,True
5f547c8b,Rashid Khan,ICC World XI,1,4.0,2,12.25,12.0,middle_heavy,17.9,19.7,39.0,25.5,C,C,C,C+,Utility Player,1.35,0.5,,,,0.18,,,0,1.28,0.0,,,,,,True
7239b60d,CAH Stevenson,United States of America,4,12.0,4,8.42,18.0,middle_heavy,17.9,18.1,23.3,19.8,C,C,C,C,Utility Player,1.25,0.25,,,,0.13,,,4,-0.15,0.83,,,,,,True
7e665859,PK Dimitri,Ivory Coast,2,8.0,1,11.12,48.0,middle_heavy,17.9,9.9,18.6,15.5,C,C,D,C,Utility Player,0.55,1.0,,,,0.01,,,2,0.27,0.5,,,,,,True
3bd52be1,Mustafa Omer,France,1,3.0,0,9.67,999.0,pp_heavy,17.9,18.6,15.0,17.2,C,C,C,C,Utility Player,0.0,0.0,,,,0.0,,,0,0.66,0.5,,,,,,True
c802af1c,Natim Hassam,Portugal,3,8.0,2,7.25,24.0,middle_heavy,17.9,24.5,26.2,22.9,C,C,C,C,Utility Player,0.35,0.5,,,,0.31,,,0,-0.83,0.75,,,,,,True
68e7e8d5,J Henry,St Helena,4,7.67,2,8.35,23.0,middle_heavy,17.9,21.4,16.4,18.6,C,C,C,C,Utility Player,0.21,0.5,,,,0.2,,,4,0.13,0.5,,,,,,True
78c12883,S Baker,England,1,4.0,0,13.0,999.0,pp_heavy,17.9,12.8,11.3,14.0,D,C,D,D,Utility Player,0.0,0.0,,,,0.0,,,0,1.58,0.0,,,,,,True
efbd35a9,LA Musiani,Argentina,5,9.83,2,7.93,29.5,middle_heavy,17.9,12.9,4.3,11.7,D,C,D,D,Utility Player,0.16,0.5,,,,0.07,,,4,0.71,0.5,,,,,,True
740a5b6d,Arif Ullah,Malaysia,6,21.5,10,8.56,12.9,middle_heavy,17.9,7.4,32.1,19.1,C,C,D,C+,Utility Player,0.72,0.4,,,0.54,0.31,,,2,-0.71,0.55,,,,,,True
8b3cf264,A Curavic,Croatia,1,1.0,1,11.0,6.0,pp_heavy,17.8,24.4,46.0,29.4,C,C,C,B,Utility Player,1.5,0.0,,,,0.44,,,1,,,,,,,,True
1c8ada57,T Ritawa,Cook Islands,7,16.0,9,8.38,10.67,middle_heavy,17.7,28.9,47.2,31.3,C+,C,C,B,Utility Player,0.68,0.22,,,-0.29,0.9,,,7,0.11,0.4,,,,,,True
de896b79,DF Jacobs,Thailand,2,5.0,4,5.2,7.5,middle_heavy,17.7,20.8,45.4,28.0,C,C,C,B,Utility Player,0.62,0.5,,,,0.51,,,1,-0.95,1.0,,,,,,True
35971419,Waqas Khan,Hong Kong,1,1.0,0,12.0,999.0,middle_heavy,17.7,18.1,13.2,16.3,C,C,C,D,Utility Player,0.0,0.0,,,,0.0,,,0,,,,,,,,True
a390cdd7,Usman Ali,Saudi Arabia,1,3.0,0,12.0,999.0,pp_heavy,17.6,10.6,12.6,13.6,D,C,D,D,Utility Player,0.0,0.0,,,,0.0,,,0,0.06,0.5,,,,,,True
b9c3ffcd,Tafseer Ali,Norway,3,4.0,1,9.25,24.0,middle_heavy,17.6,22.5,7.8,16.0,C,C,C,D,Utility Player,0.4,0.0,,,,0.07,,,3,,,,,,,,True
48fd691d,Dayal Joy,Slovenia,3,6.0,1,10.5,36.0,middle_heavy,17.6,17.8,17.8,17.7,C,C,C,C,Utility Player,0.47,0.0,,,,0.14,,,0,0.22,0.5,,,,,,True
1cad1601,K Sathish,Singapore,4,10.0,4,7.4,15.0,middle_heavy,17.6,26.6,19.1,21.1,C,C,C,C,Utility Player,0.38,0.0,,,,0.27,,,1,-0.66,1.0,,,,,,True
f4d1184a,Kulwinderjeet Singh,Philippines,1,0.83,2,8.4,2.5,death_heavy,17.6,25.4,43.4,28.8,C,C,C,C+,Utility Player,0.45,0.5,,,,0.74,,,1,,,,,,,,True
28252261,KN Gabhane,Hungary,1,3.0,2,9.67,9.0,middle_heavy,17.6,16.5,30.6,21.6,C,C,C,C+,Utility Player,0.9,0.5,,,,0.27,,,0,0.03,0.0,,,,,,True
6b7f9d9d,John Bartlett,Chile,1,1.0,0,7.0,999.0,pp_heavy,17.5,33.9,21.5,24.3,C,C,C+,C,Utility Player,0.0,0.0,,,,0.21,,,0,,,,,,,,True
90bd1f11,B Mahesh,Cyprus,5,14.0,4,8.36,21.0,pp_heavy,17.5,18.3,20.7,18.8,C,C,C,C,Utility Player,1.18,0.0,,,,0.18,,,1,-0.44,0.67,,,,,,True
a40710b9,Ramanjot Singh,Slovenia,2,3.0,0,10.33,999.0,middle_heavy,17.5,30.9,9.2,19.2,C,C,C+,D,Utility Player,0.0,0.0,,,,0.16,,,2,0.91,0.5,,,,,,True
c8281df7,Adnan Shnwarei,Norway,2,3.0,0,8.0,999.0,middle_heavy,17.5,27.7,10.2,18.5,C,C,C,D,Utility Player,0.0,0.0,,,,0.14,,,1,-0.23,1.0,,,,,,True
25261429,H Gori,Czech Republic,1,2.0,1,11.0,12.0,pp_heavy,17.5,13.8,29.7,20.3,C,C,D,C,Utility Player,1.5,0.0,,,,0.15,,,0,2.12,0.0,,,,,,True
63578359,Kashif Abbas,Saudi Arabia,1,1.0,0,12.0,999.0,middle_heavy,17.5,13.0,12.1,14.2,D,C,D,D,Utility Player,0.0,0.0,,,,0.0,,,1,,,,,,,,True
81a0e294,SA Engelbrecht,Netherlands,5,8.0,5,8.88,9.6,middle_heavy,17.5,30.2,50.4,32.7,C+,C,C+,B,Utility Player,0.72,0.2,,,,0.58,,,1,-0.1,0.5,,,,,,True
0b0cc297,Tanzim Hasan Sakib,Bangladesh,36,128.83,44,8.48,17.57,middle_heavy,17.4,17.0,47.8,27.4,C,C,C,B,Utility Player,0.89,0.16,0.12,-0.12,0.02,0.8,0.02,0.35,5,-0.91,0.7,0.09,-0.09,-0.32,Flat-Track Leaker,-0.25,False
e7de4f6b,RR Emrit,West Indies,4,16.0,5,10.06,19.2,middle_heavy,17.4,19.9,34.0,23.8,C,C,C,C+,Utility Player,1.5,0.2,,,,0.19,,,0,0.19,0.5,,,,,,True
d405c0d5,AM Hardie,Australia,13,40.17,14,8.79,17.21,middle_heavy,17.4,14.0,49.3,26.9,C,C,D,B,Utility Player,0.84,0.21,0.33,0.3,0.15,0.57,0.04,,0,0.13,0.57,,,-0.21,Conditions-Proof,,False
53984f75,N Tyagi,Czech Republic,7,20.0,6,8.35,20.0,pp_heavy,17.4,25.9,28.9,24.1,C,C,C,C,Utility Player,0.76,0.17,,,0.67,0.4,,,1,-0.32,0.75,,,,,,True
123ab754,Syed Faizan Tahir,Saudi Arabia,1,1.0,1,8.0,6.0,middle_heavy,17.4,25.9,36.3,26.5,C,C,C,C+,Utility Player,1.5,0.0,,,,0.45,,,0,,,,,,,,True
bd17b45f,STR Binny,India,3,5.0,2,11.0,15.0,middle_heavy,17.4,4.5,23.8,15.2,C,C,D,C,Utility Player,0.73,0.5,,,,0.05,,,0,1.17,0.33,,,,,,True
d3eedb51,I Mugisha,Rwanda,13,32.0,9,7.25,21.33,middle_heavy,17.3,29.1,32.2,26.2,C,C,C,C+,Utility Player,0.58,0.44,-0.36,-0.18,0.0,0.67,0.05,-0.23,6,-0.72,0.75,0.42,-0.42,-0.17,Flat-Track Leaker,-0.46,False
6daf5e8c,RAJ Smith,Scotland,2,6.83,0,10.54,999.0,pp_heavy,17.3,15.9,6.3,13.2,D,C,C,D,Utility Player,0.0,0.0,,,,0.0,,,0,0.5,0.33,,,,,,True
adb629f6,AL Kerai,Sierra Leone,1,1.0,0,10.0,999.0,middle_heavy,17.3,20.9,15.3,17.8,C,C,C,C,Utility Player,0.0,0.0,,,,0.02,,,1,,,,,,,,True
76917ef1,JB Richards,Botswana,1,0.67,0,12.0,999.0,middle_heavy,17.3,15.8,10.3,14.5,D,C,C,D,Utility Player,0.0,0.0,,,,0.0,,,1,,,,,,,,True
43c57d62,Asad Rasheed,Hong Kong,2,8.0,5,9.75,9.6,middle_heavy,17.2,10.6,43.5,23.8,C,C,D,C+,Utility Player,1.0,0.2,,,,0.35,,,1,-0.46,1.0,,,,,,True
4de681b8,F Zirahangaje,Rwanda,2,6.0,1,9.0,36.0,death_heavy,17.2,10.8,19.0,15.7,C,C,D,C,Utility Player,0.4,1.0,,,,0.21,,,0,-1.86,1.0,,,,,,True
d08fe309,TG Thamae,Lesotho,4,12.0,5,8.08,14.4,middle_heavy,17.2,23.1,36.4,25.6,C,C,C,C+,Utility Player,0.73,0.4,,,,0.55,,,4,-0.27,0.83,,,,,,True
465fd722,A Chaudhary,Singapore,5,13.0,3,8.08,26.0,middle_heavy,17.1,17.3,5.8,13.4,D,C,C,D,Utility Player,0.41,0.0,,,,0.08,,,5,-0.7,0.6,,,,,,True
ca673cff,Sapan Mehta,Finland,1,1.0,0,9.0,999.0,pp_heavy,17.1,24.7,18.6,20.1,C,C,C,C,Utility Player,0.0,0.0,,,,0.05,,,0,,,,,,,,True
2be41edb,MJ Guptill,New Zealand,1,1.0,0,11.0,999.0,middle_heavy,17.1,21.9,22.8,20.6,C,C,C,C,Utility Player,0.0,0.0,,,,0.0,,,1,,,,,,,,True
caf1b14c,N Deonarine,West Indies,4,9.0,1,9.67,54.0,middle_heavy,17.1,38.4,10.0,21.8,C,C,C+,D,Utility Player,0.35,0.0,,,,0.17,,,2,0.72,0.33,,,,,,True
3a6c6e3a,Ammad Uddin,Bahrain,1,1.0,0,10.0,999.0,middle_heavy,17.1,25.4,20.6,21.0,C,C,C,C,Utility Player,0.0,0.0,,,,0.04,,,1,,,,,,,,True
0ed66ce6,C Forshaw,Guernsey,12,37.0,21,8.59,10.57,pp_heavy,17.0,27.2,60.7,35.0,C+,C,C,B+,Utility Player,0.92,0.19,0.16,-0.21,0.1,0.95,0.08,-0.1,9,0.46,0.27,,,-0.0,Conditions-Proof,-0.0,False
527c2dab,C Floyd,Netherlands,4,11.0,2,9.27,33.0,pp_heavy,17.0,32.1,11.3,20.1,C,C,C+,D,Utility Player,0.7,0.0,,,,0.11,,,1,0.17,0.33,,,,,,True
f16953c5,Sareer Shah,Luxembourg,6,21.0,4,9.38,31.5,pp_heavy,17.0,13.3,6.0,12.1,D,C,D,D,Utility Player,0.68,0.25,,,-0.55,0.06,,,0,0.07,0.6,,,,,,True
755819f4,Zafer Durmaz,Turkey,6,11.0,4,7.55,16.5,middle_heavy,17.0,35.3,32.1,28.1,C,C,C+,C+,Utility Player,0.44,0.25,,,0.1,0.65,,,3,-0.8,0.8,,,,,,True
12b610c2,TM Head,Australia,4,6.0,1,9.33,36.0,middle_heavy,17.0,30.0,7.2,18.1,C,C,C+,D,Utility Player,0.38,0.0,,,,0.1,,,0,-0.72,1.0,,,,,,True
1eb5affb,Paing Danu,Myanmar,16,45.17,13,7.59,20.85,pp_heavy,16.9,25.7,39.2,27.3,C,C,C,C+,Utility Player,0.74,0.62,0.19,0.28,0.44,0.65,0.04,-0.15,14,-1.01,0.88,0.17,-0.17,0.35,Tough-Track Enforcer,,False
745c3cbc,Adnan Mirza,Qatar,11,30.0,9,8.07,20.0,middle_heavy,16.9,33.1,29.8,26.6,C,C,C+,C,Utility Player,0.58,0.22,0.03,-0.18,-0.43,0.58,0.05,0.09,5,-0.19,0.54,0.01,-0.01,0.27,Tough-Track Enforcer,0.13,False
80de053e,B Siddharth,Oman,2,3.17,0,9.79,999.0,middle_heavy,16.9,12.3,8.9,12.7,D,C,D,D,Utility Player,0.0,0.0,,,,0.0,,,1,-1.01,1.0,,,,,,True
b89cde87,K Nestor,Gibraltar,19,52.83,15,9.03,21.13,pp_heavy,16.9,46.5,45.1,36.2,C+,C,B,B,Utility Player,0.62,0.2,0.17,1.01,0.55,1.01,0.05,-0.45,7,-0.49,0.6,0.56,-0.56,0.41,Tough-Track Enforcer,0.76,False
f6b5d11a,PDRL Perera,Sri Lanka,2,7.0,0,11.43,999.0,pp_heavy,16.9,10.6,5.9,11.1,D,C,D,D,Utility Player,0.0,0.0,,,,0.0,,,1,0.41,0.25,,,,,,True
25640e61,N Ndouteng,Cameroon,1,4.0,2,14.5,12.0,middle_heavy,16.9,9.1,31.4,19.1,C,C,D,C+,Utility Player,1.15,0.5,,,,0.15,,,1,2.87,0.0,,,,,,True
fdb8ed0d,SD Parry,England,5,16.0,4,8.62,24.0,middle_heavy,16.8,31.7,23.8,24.1,C,C,C+,C,Utility Player,0.5,0.25,,,,0.25,,,0,0.25,0.38,,,,,,True
876dbe2d,DR Mousley,England,4,9.0,2,9.22,27.0,middle_heavy,16.8,32.0,31.5,26.8,C,C,C+,C+,Utility Player,0.24,0.5,,,,0.27,,,1,-0.62,0.33,,,,,,True
05e0fab5,CS Martin,New Zealand,6,23.0,8,8.57,17.25,middle_heavy,16.8,27.6,44.9,29.8,C,C,C,C+,Utility Player,1.12,0.12,,,,0.47,,,0,-0.39,0.5,,,,,,True
3296507e,M Smith,Turks and Caicos Island,1,3.0,2,9.67,9.0,middle_heavy,16.8,9.9,27.3,18.0,C,C,D,C,Utility Player,0.7,0.0,,,,0.19,,,0,0.12,0.0,,,,,,True
2c14421f,B Isaac,St Helena,4,10.0,0,9.4,999.0,pp_heavy,16.8,11.6,2.0,10.1,D,C,D,D,Utility Player,0.0,0.0,,,,0.02,,,4,-0.62,0.75,,,,,,True
7d990412,Suman Ghimire,Portugal,3,8.0,2,9.0,24.0,middle_heavy,16.8,12.2,9.5,12.8,D,C,D,D,Utility Player,0.6,0.5,,,,0.04,,,0,-0.24,0.33,,,,,,True
5947220c,R Thapliyal,Belgium,3,11.0,4,8.82,16.5,pp_heavy,16.8,20.9,29.9,22.5,C,C,C,C,Utility Player,1.28,0.0,,,,0.22,,,0,-0.92,1.0,,,,,,True
28c7d721,S Bhari,Nepal,8,25.0,8,7.4,18.75,middle_heavy,16.8,12.7,21.1,16.9,C,C,D,C,Utility Player,0.85,0.25,,,,0.27,,,1,-1.07,0.67,,,,,,True
c10747c3,Imran Arif,Saudi Arabia,2,8.0,3,8.38,16.0,pp_heavy,16.7,17.5,34.1,22.8,C,C,C,C+,Utility Player,1.35,0.33,,,,0.23,,,2,-0.95,0.67,,,,,,True
b2a79f17,B Laughlin,Australia,3,11.83,2,10.39,35.5,death_heavy,16.7,10.7,9.4,12.3,D,C,D,D,Utility Player,0.93,0.0,,,,0.04,,,1,0.86,0.25,,,,,,True
f0f20cf8,Ibrahim Kursad Dalyan,Turkey,3,8.0,1,8.38,48.0,pp_heavy,16.7,19.4,11.5,15.9,C,C,C,D,Utility Player,0.5,0.0,,,,0.03,,,3,-0.66,0.75,,,,,,True
9e52a414,Towhid Hridoy,Bangladesh,1,0.33,0,15.0,999.0,death_heavy,16.7,27.9,14.7,19.8,C,C,C,D,Utility Player,0.0,0.0,,,,0.03,,,1,,,,,,,,True
75186c24,Kamran Shazad,United Arab Emirates,3,8.67,3,9.12,17.33,middle_heavy,16.6,7.7,24.8,16.4,C,C,D,C,Utility Player,0.93,0.0,,,,0.06,,,2,0.39,0.6,,,,,,True
38189be1,OD Hald,Denmark,21,55.5,21,7.19,15.86,pp_heavy,16.6,4.2,30.5,17.1,C,C,D,C+,Utility Player,0.63,0.38,-0.56,0.18,-0.1,0.39,0.02,-0.14,17,-0.5,0.65,0.07,-0.07,0.07,Conditions-Proof,0.04,False
5473ec6f,Manish Sharma,Cambodia,3,9.0,3,8.67,18.0,middle_heavy,16.6,14.3,28.7,19.9,C,C,D,C,Utility Player,0.98,0.0,,,,0.23,,,2,-0.85,0.75,,,,,,True
82a33cac,W Kokaua,Cook Islands,4,10.0,7,10.6,8.57,death_heavy,16.6,14.2,31.1,20.6,C,C,D,C+,Utility Player,0.89,0.0,,,,0.58,,,4,0.9,0.33,,,,,,True
251eb801,Sinan Khan,Greece,3,7.0,3,9.86,14.0,pp_heavy,16.6,9.8,26.3,17.6,C,C,D,C,Utility Player,0.29,0.0,,,,0.13,,,3,0.88,0.33,,,,,,True
8fb49ef8,Suhrawadi Shuvo,Bangladesh,1,1.0,0,12.0,999.0,middle_heavy,16.5,23.1,19.0,19.5,C,C,C,C,Utility Player,0.0,0.0,,,,0.0,,,0,,,,,,,,True
08deefa3,Guillermo Aburto,Chile,2,4.0,1,7.0,24.0,pp_heavy,16.5,18.7,20.7,18.6,C,C,C,C,Utility Player,0.75,0.0,,,,0.05,,,0,-1.22,0.5,,,,,,True
65b6943c,L Wood,England,15,48.0,20,9.0,14.4,pp_heavy,16.5,52.2,73.1,47.3,B,C,B,B+,Utility Player,0.77,0.35,0.74,0.72,0.06,1.03,0.07,,3,-0.89,0.71,0.7,-0.7,0.28,Conditions-Proof,0.03,False
33ab1f1c,B Khumalo,Botswana,23,61.67,18,8.5,20.56,pp_heavy,16.5,7.9,25.9,16.8,C,C,D,C,Utility Player,0.53,0.28,-0.13,-0.21,-0.03,0.36,0.02,-0.29,14,-0.37,0.75,0.04,-0.04,0.03,Conditions-Proof,0.05,False
456397e5,T Perera,Botswana,19,52.0,22,8.87,14.18,pp_heavy,16.5,24.9,57.1,32.8,C+,C,C,B,Utility Player,0.77,0.23,-0.1,0.04,-0.35,0.85,0.04,0.44,10,-0.38,0.68,,,-0.26,Flat-Track Leaker,-0.21,False
6a71ba3a,M Levitt,Netherlands,7,16.0,6,9.12,16.0,middle_heavy,16.4,19.2,36.7,24.1,C,C,C,C+,Utility Player,0.5,0.67,,,-0.06,0.39,,,2,0.25,0.57,,,,,,True
384fa385,TL Cutler,Vanuatu,11,36.0,9,8.08,24.0,pp_heavy,16.4,23.7,24.5,21.5,C,C,C,C,Utility Player,0.55,0.44,-0.03,-0.05,0.49,0.38,0.03,0.24,9,-0.43,0.56,,,0.46,Tough-Track Enforcer,0.51,False
10a91f35,Shoaib Akhtar,Pakistan,14,50.17,19,8.65,15.84,pp_heavy,16.4,9.0,55.6,27.0,C,C,D,B,Utility Player,1.03,0.16,-0.24,-0.62,-0.38,0.46,0.03,0.07,5,-0.46,0.52,-0.1,0.1,0.06,Conditions-Proof,0.26,False
7cff331d,RR Sharan,Cambodia,13,36.83,9,7.14,24.56,middle_heavy,16.4,37.3,24.7,26.1,C,C,C+,C,Utility Player,0.57,0.11,0.53,0.23,-0.55,0.65,0.05,,4,-0.66,0.8,-0.59,0.59,-0.45,Flat-Track Leaker,-0.36,False
487b8546,MW Jones,Scotland,1,2.0,1,12.5,12.0,middle_heavy,16.3,21.9,29.0,22.4,C,C,C,C,Utility Player,1.1,0.0,,,,0.05,,,0,,,,,,,,True
008589a4,CM Wright,Scotland,2,5.0,4,9.8,7.5,middle_heavy,16.3,14.3,56.1,28.9,C,C,D,B,Utility Player,1.28,0.25,,,,0.45,,,1,0.37,0.0,,,,,,True
2e005bfd,H Lin Oo,Myanmar,13,26.0,10,8.77,15.6,middle_heavy,16.3,10.4,37.6,21.4,C,C,D,C+,Utility Player,0.34,0.2,-0.55,-0.58,0.41,0.62,0.05,-0.3,9,-0.96,0.73,-0.89,0.89,-0.05,Conditions-Proof,,True
0d15a8c9,Zahid Ali,United Arab Emirates,6,17.0,5,9.06,20.4,pp_heavy,16.3,8.1,7.1,10.5,D,C,D,D,Utility Player,0.77,0.0,,,0.78,0.03,,0.54,5,-0.54,0.57,,,,,,True
7f784eb8,V Zimonjic,Serbia,29,98.17,33,7.99,17.85,pp_heavy,16.3,29.7,42.3,29.4,C,C,C,C+,Utility Player,0.87,0.3,0.6,0.78,0.36,0.87,0.03,-0.26,15,-0.59,0.62,-0.19,0.19,0.14,Conditions-Proof,0.08,False
e51abd5e,LR Gaonkar,Panama,2,6.0,1,7.33,36.0,middle_heavy,16.3,14.9,14.3,15.2,C,C,D,D,Utility Player,0.6,1.0,,,,0.0,,,2,-0.98,0.5,,,,,,True
4612619b,AS Mehmi,Greece,9,22.33,6,7.7,22.33,middle_heavy,16.2,29.9,22.2,22.8,C,C,C,C,Utility Player,0.66,0.5,,,-0.59,0.54,,0.24,6,-0.54,0.7,,,,,,True
945981e5,D Johnson,Switzerland,9,26.0,9,7.96,17.33,middle_heavy,16.2,33.6,32.5,27.4,C,C,C+,C+,Utility Player,0.89,0.0,,,0.13,0.67,,,1,-1.14,0.9,,,,,,True
5ab659d9,P Pirabakaran,France,3,6.0,4,8.0,9.0,middle_heavy,16.2,18.3,41.5,25.3,C,C,C,C+,Utility Player,1.3,0.75,,,,0.61,,,1,-0.84,1.0,,,,,,True
2d1b6dee,GK Ghalley,Bhutan,1,1.0,0,13.0,999.0,middle_heavy,16.2,16.1,10.9,14.4,D,C,C,D,Utility Player,0.0,0.0,,,,0.0,,,1,,,,,,,,True
1b3acd33,MD Bates,New Zealand,3,11.0,4,9.82,16.5,pp_heavy,16.2,17.4,32.4,22.0,C,C,C,C+,Utility Player,0.83,0.25,,,,0.11,,,0,0.22,0.4,,,,,,True
e88468b7,Mujibur Ali,Oman,1,1.0,0,11.0,999.0,middle_heavy,16.2,20.4,21.0,19.2,C,C,C,C,Utility Player,0.0,0.0,,,,0.0,,,0,0.45,0.0,,,,,,True
a84ccd7d,Sumon Khan,Bangladesh,1,2.0,0,10.0,999.0,middle_heavy,16.2,17.8,14.5,16.2,C,C,C,D,Utility Player,0.0,0.0,,,,0.0,,,1,0.95,0.0,,,,,,True
5117fa55,Ismail Ali,Maldives,1,1.0,0,9.0,999.0,middle_heavy,16.2,24.2,16.7,19.0,C,C,C,C,Utility Player,0.0,0.0,,,,0.05,,,0,,,,,,,,True
7afc806f,C Olphert,Ireland,2,5.0,0,13.0,999.0,middle_heavy,16.1,21.2,10.9,16.1,C,C,C,D,Utility Player,0.0,0.0,,,,0.0,,,1,1.27,0.0,,,,,,True
e796c63a,Z Motara,West Indies,1,1.0,0,13.0,999.0,middle_heavy,16.1,17.4,17.1,16.9,C,C,C,C,Utility Player,0.0,0.0,,,,0.0,,,0,,,,,,,,True
ad9c32a2,DJ Malan,England,1,2.0,1,13.5,12.0,middle_heavy,16.1,18.9,35.4,23.5,C,C,C,C+,Utility Player,1.5,1.0,,,,0.12,,,0,0.7,0.0,,,,,,True
6e61adb8,JWW Gardner,Papua New Guinea,5,16.0,3,8.81,32.0,middle_heavy,16.1,13.2,10.2,13.2,D,C,D,D,Utility Player,0.54,0.0,,,,0.03,,,2,-0.05,0.75,,,,,,True
7e38d2de,K Weeraratne,Sri Lanka,4,12.0,5,8.75,14.4,middle_heavy,16.1,17.0,39.5,24.2,C,C,C,C+,Utility Player,0.64,0.2,,,,0.23,,,1,0.57,0.6,,,,,,True
3c19f045,T Hewa,Cayman Islands,2,3.0,0,8.0,999.0,pp_heavy,16.1,14.4,11.4,14.0,D,C,D,D,Utility Player,0.0,0.0,,,,0.0,,,2,-2.38,1.0,,,,,,True
59fa2bbc,OJ Herrington,Belgium,2,4.0,1,10.0,24.0,middle_heavy,16.1,19.1,17.8,17.7,C,C,C,C,Utility Player,0.75,0.0,,,,0.02,,,0,1.63,0.0,,,,,,True
5935d694,Rishad Hossain,Bangladesh,48,163.33,62,8.22,15.81,middle_heavy,16.0,39.0,68.0,41.0,C+,C,C+,B+,Utility Player,0.87,0.24,0.16,0.17,-0.02,1.16,0.02,-0.29,9,-0.67,0.67,-0.05,0.05,-0.2,Flat-Track Leaker,-0.14,False
995fd3b2,M Gogev,Bulgaria,16,47.83,15,9.41,19.13,middle_heavy,16.0,16.8,13.0,15.3,C,C,C,D,Utility Player,0.55,0.13,0.08,0.08,0.53,0.49,0.03,-0.45,8,-0.42,0.57,0.39,-0.39,0.55,Tough-Track Enforcer,0.54,False
75de770f,T Taibu,Zimbabwe,2,4.0,0,10.5,999.0,middle_heavy,16.0,20.1,5.0,13.7,D,C,C,D,Utility Player,0.0,0.0,,,,0.0,,,0,1.2,0.0,,,,,,True
641ac5ff,IS Sodhi,New Zealand,132,456.33,165,8.27,16.59,middle_heavy,16.0,48.5,58.9,41.1,C+,C,B,B,Utility Player,0.9,0.21,0.39,0.58,0.11,1.28,0.01,-0.18,13,-0.76,0.69,0.16,-0.16,0.07,Conditions-Proof,0.09,False
80b544e7,V Hettiarachchi,Estonia,1,1.0,0,12.0,999.0,middle_heavy,16.0,19.6,14.2,16.6,C,C,C,D,Utility Player,0.0,0.0,,,,0.0,,,0,,,,,,,,True
0e102c3b,BAA Zammitt,Gibraltar,1,0.83,0,12.0,999.0,middle_heavy,15.9,21.3,13.7,17.0,C,C,C,D,Utility Player,0.0,0.0,,,,0.01,,,1,,,,,,,,True
44321a66,JN Snape,England,1,1.0,0,12.0,999.0,middle_heavy,15.9,21.8,12.2,16.6,C,C,C,D,Utility Player,0.0,0.0,,,,0.0,,,0,,,,,,,,True
4c4d245a,T Zotos,Greece,2,4.0,2,7.5,12.0,middle_heavy,15.8,16.0,23.0,18.3,C,C,C,C,Utility Player,0.52,0.0,,,,0.11,,,1,-1.91,1.0,,,,,,True
7595b47f,Shariz Ahmad,Netherlands,12,28.0,8,8.11,21.0,middle_heavy,15.8,13.7,4.1,11.2,D,C,D,D,Utility Player,0.69,0.0,-0.19,-0.17,-0.14,0.15,0.01,-0.03,6,-0.37,0.6,-0.07,0.07,0.04,Conditions-Proof,1.4,True
f22d2247,KH Abe,Japan,1,1.0,1,8.0,6.0,middle_heavy,15.7,20.9,29.9,22.2,C,C,C,C,Utility Player,1.5,0.0,,,,0.41,,,0,,,,,,,,True
8bee668b,G Burrows,Isle of Man,2,3.0,2,8.0,9.0,middle_heavy,15.7,10.6,29.0,18.4,C,C,D,C,Utility Player,0.9,1.0,,,,0.28,,,2,,,,,,,,True
f11f5a92,K Burrows,Bahamas,1,2.0,3,11.0,4.0,middle_heavy,15.7,24.1,55.8,31.9,C+,C,C,B,Utility Player,1.1,0.33,,,,0.66,,,0,,,,,,,,True
2cffab74,Mukesh Kumar,India,14,44.0,19,8.93,13.89,pp_heavy,15.7,43.2,62.7,40.5,C+,C,C+,B+,Utility Player,0.92,0.47,0.16,-0.08,-0.5,0.76,0.05,,1,-0.56,0.6,0.34,-0.34,0.04,Conditions-Proof,-0.09,False
89b7e368,Asad Mohammad,Germany,7,18.0,4,7.33,27.0,middle_heavy,15.7,12.6,6.6,11.6,D,C,D,D,Utility Player,0.43,0.5,,,,0.08,,-0.26,5,-0.3,0.6,,,,,,True
7c7c4988,NL Ujawe,Slovenia,4,9.0,3,6.89,18.0,middle_heavy,15.7,19.3,17.9,17.6,C,C,C,C,Utility Player,0.51,0.0,,,,0.17,,,4,-0.96,0.5,,,,,,True
ae4006ad,Syed Amanullah,Greece,1,1.0,1,9.0,6.0,death_heavy,15.6,19.1,25.0,19.9,C,C,C,C,Utility Player,0.5,0.0,,,,0.29,,,0,,,,,,,,True
fd68e23d,P Fernando,Italy,1,1.0,0,13.0,999.0,middle_heavy,15.6,15.9,10.0,13.8,D,C,C,D,Utility Player,0.0,0.0,,,,0.0,,,0,,,,,,,,True
f9b9883f,K Dorji,Bhutan,4,11.67,4,9.77,17.5,middle_heavy,15.6,8.4,31.8,18.6,C,C,D,C+,Utility Player,0.91,0.5,,,,0.23,,,2,0.08,0.25,,,,,,True
383dd431,TD Astle,New Zealand,5,13.0,7,9.15,11.14,middle_heavy,15.5,22.9,64.9,34.4,C+,C,C,B+,Utility Player,0.49,0.43,,,,0.66,,,0,-0.29,0.57,,,,,,True
9815de17,DP Michael,Samoa,2,5.33,4,9.94,8.0,middle_heavy,15.5,17.6,35.9,23.0,C,C,C,C+,Utility Player,0.66,0.0,,,,0.34,,,2,1.22,0.0,,,,,,True
1777c020,Fakhar Zaman,Pakistan,1,1.0,0,12.0,999.0,middle_heavy,15.5,22.1,19.8,19.1,C,C,C,C,Utility Player,0.0,0.0,,,,0.0,,,0,,,,,,,,True
ed82d9a5,L Shafeeg,Maldives,19,53.33,17,8.31,18.82,pp_heavy,15.5,12.9,30.8,19.7,C,C,D,C+,Utility Player,0.71,0.12,-0.05,0.07,-0.15,0.42,0.02,-0.26,14,-0.52,0.74,0.4,-0.4,0.1,Conditions-Proof,0.34,False
2a2e6343,DT Christian,Australia,21,46.5,16,8.8,17.44,middle_heavy,15.5,12.3,16.3,14.7,D,C,D,C,Utility Player,0.53,0.19,-0.61,-0.32,-0.32,0.39,0.02,,1,0.02,0.52,0.68,-0.68,-0.21,Conditions-Proof,0.0,False
b6924e3f,RJ Ainsworth,Hungary,1,1.0,0,14.0,999.0,death_heavy,15.4,10.5,12.6,12.8,D,C,D,D,Utility Player,0.0,0.0,,,,0.0,,,0,0.12,0.0,,,,,,True
78dfe704,V Permaul,West Indies,1,0.5,0,16.0,999.0,middle_heavy,15.4,13.0,17.2,15.2,C,C,D,C,Utility Player,0.0,0.0,,,,0.0,,,0,,,,,,,,True
a8ffa2da,Sajid Safi,Belgium,1,1.0,0,15.0,999.0,pp_heavy,15.4,14.0,11.5,13.6,D,C,D,D,Utility Player,0.0,0.0,,,,0.0,,,0,1.95,0.0,,,,,,True
589f2008,G Bruno,Turks and Caicos Island,1,4.0,2,10.75,12.0,middle_heavy,15.4,11.9,26.5,17.9,C,C,D,C,Utility Player,0.95,0.5,,,,0.17,,,0,-1.27,1.0,,,,,,True
6b25ef46,W Wotu,Vanuatu,8,15.33,4,7.43,23.0,middle_heavy,15.4,22.1,22.5,20.0,C,C,C,C,Utility Player,0.51,0.75,,,-0.1,0.41,,-0.71,7,-0.39,0.8,,,,,,True
30564b3e,Mazharul Islam,Seychelles,3,3.83,1,10.7,23.0,middle_heavy,15.4,23.0,37.7,25.4,C,C,C,C+,Utility Player,0.5,1.0,,,,0.31,,,3,,,,,,,,True
5d77a96a,Umar Adam,Maldives,36,122.33,47,7.51,15.62,pp_heavy,15.4,13.5,55.4,28.1,C,C,D,B,Utility Player,0.91,0.3,0.21,0.64,-0.07,0.78,0.02,-0.28,24,-0.94,0.72,0.44,-0.44,-0.28,Flat-Track Leaker,-0.15,False
efcb778e,J Butler,Isle of Man,14,38.5,21,7.71,11.0,middle_heavy,15.4,7.4,44.1,22.3,C,C,D,C+,Utility Player,1.15,0.1,0.1,0.04,0.55,0.6,0.04,-0.26,7,-0.52,0.56,0.54,-0.54,-0.08,Conditions-Proof,-0.03,False
525c3f54,AR Adams,New Zealand,4,12.83,4,8.42,19.25,middle_heavy,15.3,9.7,19.5,14.8,D,C,D,C,Utility Player,0.48,0.0,,,,0.04,,,1,-0.13,0.5,,,,,,True
1f3b9f8d,M Akayezu,Rwanda,67,202.67,85,8.34,14.31,middle_heavy,15.2,3.1,60.7,26.3,C,C,D,B+,Utility Player,0.74,0.32,-0.27,0.11,0.13,0.95,0.01,-0.11,30,-0.95,0.76,0.44,-0.44,0.21,Tough-Track Enforcer,0.1,False
c4a60a7b,Mohammad Ayaz,United Arab Emirates,1,2.0,0,14.5,999.0,pp_heavy,15.2,8.3,13.7,12.4,D,C,D,D,Utility Player,0.0,0.0,,,,0.0,,,0,0.16,0.5,,,,,,True
83d567a4,Z Simpson,Gibraltar,1,2.83,2,11.29,8.5,middle_heavy,15.2,15.2,28.7,19.7,C,C,C,C,Utility Player,1.3,0.0,,,,0.2,,,1,-2.63,1.0,,,,,,True
aa467af0,Tanvir Islam,Bangladesh,6,17.0,4,8.24,25.5,middle_heavy,15.2,30.7,12.1,19.3,C,C,C+,D,Utility Player,0.8,0.0,,,-0.18,0.18,,,1,0.03,0.4,,,,,,True
7cb931fc,Hassnain Shah,Oman,4,11.0,4,9.64,16.5,middle_heavy,15.2,11.9,21.5,16.2,C,C,D,C,Utility Player,0.5,0.25,,,,0.07,,,1,0.67,0.5,,,,,,True
24c1844e,S Chaudhary,Czech Republic,9,21.67,7,8.77,18.57,pp_heavy,15.2,22.4,42.9,26.8,C,C,C,C+,Utility Player,0.44,0.43,,,-0.07,0.58,,0.09,6,-0.39,0.5,,,,,,True
b9cfb0b1,Sayed Monib,Kuwait,36,112.33,58,8.73,11.62,death_heavy,15.2,4.4,65.0,28.2,C,C,D,B+,Utility Player,0.78,0.19,-0.36,-0.14,0.03,1.44,0.04,-0.06,14,-0.71,0.67,0.39,-0.39,0.11,Conditions-Proof,0.06,False
45d0af7e,R Brar,Cyprus,1,4.0,0,11.25,999.0,middle_heavy,15.2,16.5,12.6,14.8,D,C,C,D,Utility Player,0.0,0.0,,,,0.0,,,0,0.31,0.5,,,,,,True
4460c969,K Mtunduwatha,Malawi,1,1.0,0,10.0,999.0,middle_heavy,15.2,25.1,14.0,18.1,C,C,C,D,Utility Player,0.0,0.0,,,,0.05,,,0,,,,,,,,True
ecbd4377,NH Naureen,Spain,1,3.0,3,10.67,6.0,middle_heavy,15.2,15.2,41.5,24.0,C,C,C,C+,Utility Player,1.03,0.0,,,,0.41,,,0,1.35,0.0,,,,,,True
e454c356,T Singye,Bhutan,2,6.0,1,10.83,36.0,pp_heavy,15.1,15.9,13.7,14.9,D,C,C,D,Utility Player,0.75,0.0,,,,0.0,,,1,-0.92,1.0,,,,,,True
12bba2d4,U Dorji,Bhutan,1,2.0,0,11.5,999.0,middle_heavy,15.1,10.6,15.9,13.9,D,C,D,C,Utility Player,0.0,0.0,,,,0.0,,,0,-0.48,1.0,,,,,,True
c122fe73,Asad Ali Rehemtulla,Bulgaria,15,46.67,18,8.94,15.56,pp_heavy,15.1,20.3,48.4,27.9,C,C,C,B,Utility Player,0.77,0.44,0.25,-0.23,-0.27,0.79,0.05,0.64,6,-0.69,0.71,,,-0.31,Flat-Track Leaker,-0.37,False
602db3d9,GJ van Rensburg,Namibia,5,7.0,2,7.86,21.0,middle_heavy,15.1,12.8,7.6,11.8,D,C,D,D,Utility Player,0.42,0.0,,,,0.02,,,3,-2.14,1.0,,,,,,True
716bd716,I Bardis,Greece,1,1.0,1,12.0,6.0,middle_heavy,15.1,16.3,31.3,20.9,C,C,C,C+,Utility Player,1.4,0.0,,,,0.22,,,1,,,,,,,,True
469ccead,CB Sole,Scotland,16,56.17,17,9.85,19.82,pp_heavy,15.0,26.7,22.7,21.5,C,C,C,C,Utility Player,0.91,0.18,-0.12,-0.3,-0.04,0.35,0.02,,0,0.09,0.5,-0.04,0.04,-0.08,Conditions-Proof,-0.09,False
d1c7dd6d,MJ Ross,Italy,4,8.0,2,7.88,24.0,middle_heavy,15.0,32.8,25.4,24.4,C,C,C+,C,Utility Player,0.65,0.5,,,,0.33,,,3,0.03,0.4,,,,,,True
48301a4b,D la Cock,Namibia,1,1.0,0,11.0,999.0,middle_heavy,15.0,28.2,12.6,18.6,C,C,C,D,Utility Player,0.0,0.0,,,,0.04,,,0,,,,,,,,True
ac64c2ef,Raghav Dhawan,Uganda,1,2.0,1,13.0,12.0,pp_heavy,15.0,11.4,23.5,16.6,C,C,D,C,Utility Player,1.5,0.0,,,,0.04,,,0,1.2,0.0,,,,,,True
2e11c706,BCJ Cutting,Australia,7,21.0,5,10.29,25.2,middle_heavy,15.0,10.5,2.0,9.2,D,C,D,D,Utility Player,0.91,0.0,,,,0.03,,,1,0.64,0.0,,,,,,True
91cc319d,Ma Qiancheng,China,8,24.83,7,7.25,21.29,pp_heavy,15.0,17.1,21.9,18.0,C,C,C,C,Utility Player,0.76,0.57,,,0.11,0.21,,,4,-0.79,0.58,,,,,,True
a073f2ff,S Thakur,Romania,4,12.0,3,9.0,24.0,middle_heavy,14.9,10.4,25.4,16.9,C,D,D,C,Utility Player,0.54,0.67,,,,0.23,,,1,-0.53,0.5,,,,,,True
11cebda3,Shafiq Jan,Oman,2,6.0,2,9.67,18.0,pp_heavy,14.9,13.2,27.9,18.7,C,D,D,C,Utility Player,0.52,0.5,,,,0.03,,,1,1.42,0.0,,,,,,True
7143efc1,LK Sharma,Mexico,1,3.0,1,9.67,18.0,middle_heavy,14.9,13.8,20.1,16.3,C,D,D,C,Utility Player,1.4,0.0,,,,0.06,,,0,1.06,0.0,,,,,,True
6798b28e,Sumit Singh,Finland,1,2.0,1,9.0,12.0,middle_heavy,14.9,10.0,24.9,16.6,C,D,D,C,Utility Player,0.5,0.0,,,,0.08,,,0,2.03,0.0,,,,,,True
bdf6f65d,N Thailappan,Bahrain,1,3.0,0,13.33,999.0,middle_heavy,14.8,18.0,12.5,15.1,C,D,C,D,Utility Player,0.0,0.0,,,,0.0,,,0,1.39,0.0,,,,,,True
0ec45a9a,Abubacarr Kuyateh,Gambia,8,25.0,8,8.44,18.75,pp_heavy,14.8,20.2,40.5,25.2,C,D,C,C+,Utility Player,0.83,0.38,,,0.15,0.47,,,8,-0.03,0.5,,,,,,True
19708692,MW Parkinson,England,6,20.0,7,10.05,17.14,middle_heavy,14.8,23.9,16.3,18.3,C,D,C,C,Utility Player,0.75,0.29,,,,0.14,,,0,0.35,0.25,,,,,,True
f1c8a09b,SA Pradhan,Singapore,2,6.0,1,9.33,36.0,pp_heavy,14.7,18.7,27.2,20.2,C,D,C,C,Utility Player,0.6,1.0,,,,0.07,,,0,0.18,0.0,,,,,,True
526e006d,Jay Odedra,Oman,11,30.0,7,7.5,25.71,middle_heavy,14.7,40.0,42.2,32.3,C+,D,C+,C+,Utility Player,0.6,0.57,0.15,0.84,-0.55,0.68,0.06,,3,-0.56,0.73,,,-0.04,Conditions-Proof,-0.17,False
b98b5e1c,Sohaib Maqsood,Pakistan,1,1.0,0,12.0,999.0,middle_heavy,14.7,18.5,14.8,16.0,C,D,C,D,Utility Player,0.0,0.0,,,,0.0,,,1,,,,,,,,True
6adabee6,Nouman Sarwar,Qatar,6,16.0,7,9.0,13.71,pp_heavy,14.6,26.4,30.6,23.9,C,D,C,C+,Utility Player,0.68,0.43,,,0.38,0.31,,,6,-1.08,1.0,,,,,,True
d6055cb9,Ahmadschah Ahmadzai,Germany,1,2.0,2,12.0,6.0,middle_heavy,14.6,12.7,38.1,21.8,C,D,D,C+,Utility Player,1.3,0.0,,,,0.33,,,0,-1.47,1.0,,,,,,True
7662cf7a,Bilawal Bhatti,Pakistan,8,23.0,6,10.13,23.0,middle_heavy,14.6,2.6,17.3,11.5,D,D,D,C,Utility Player,0.35,0.33,,,0.29,0.14,,,0,0.23,0.42,,,,,,True
cdd875d9,JA Turner,England,2,6.0,1,10.67,36.0,pp_heavy,14.6,20.3,23.5,19.5,C,D,C,C,Utility Player,0.6,1.0,,,,0.0,,,0,0.19,0.67,,,,,,True
3ddd957f,OSB Tilley,Croatia,1,0.83,0,12.0,999.0,middle_heavy,14.6,16.1,14.9,15.2,C,D,C,D,Utility Player,0.0,0.0,,,,0.0,,,1,,,,,,,,True
b56dc5f7,BE Hendricks,South Africa,19,68.17,26,9.3,15.73,pp_heavy,14.5,8.8,40.4,21.2,C,D,D,C+,Utility Player,0.77,0.12,0.12,0.59,0.16,0.34,0.02,,3,-0.19,0.58,,,-0.77,Flat-Track Leaker,,False
8831b92e,Raunaq Kapur,Hong Kong,1,2.0,1,12.0,12.0,middle_heavy,14.5,18.8,28.3,20.5,C,D,C,C,Utility Player,1.4,0.0,,,,0.09,,,0,,,,,,,,True
879095b0,SL Clephane,Czech Republic,1,2.0,0,15.0,999.0,death_heavy,14.5,11.5,9.3,11.8,D,D,D,D,Utility Player,0.0,0.0,,,,0.0,,,0,,,,,,,,True
261d591a,Firas Hussain,Bulgaria,6,13.0,5,8.85,15.6,middle_heavy,14.5,17.6,18.8,17.0,C,D,C,C,Utility Player,0.74,0.2,,,-0.26,0.28,,,3,-0.15,0.6,,,,,,True
39713d08,Mohammad Boota,United Arab Emirates,1,1.0,1,13.0,6.0,pp_heavy,14.4,13.8,45.2,24.5,C,D,D,B,Utility Player,1.5,0.0,,,,0.32,,,0,,,,,,,,True
4e7d882f,A Beresford-Peirse,Croatia,9,31.0,5,8.42,37.2,pp_heavy,14.4,36.8,9.3,20.2,C,D,C+,D,Utility Player,0.64,0.4,,,-0.53,0.28,,-0.24,5,-0.3,0.64,,,,,,False
be869ccf,GHS Garton,England,1,4.0,1,14.25,24.0,pp_heavy,14.4,12.4,28.6,18.5,C,D,D,C,Utility Player,1.5,1.0,,,,0.0,,,0,1.5,0.0,,,,,,True
73c18486,KR Mayers,West Indies,14,20.0,2,9.85,60.0,pp_heavy,14.4,48.4,28.8,30.5,C+,D,B,C,Utility Player,0.06,1.0,-0.24,-0.07,-0.07,0.48,0.03,,0,0.1,0.62,,,0.6,Tough-Track Enforcer,,True
796e4140,Khurram Chohan,Canada,2,4.17,0,12.24,999.0,pp_heavy,14.4,8.0,3.8,8.7,D,D,D,D,Utility Player,0.0,0.0,,,,0.0,,,2,1.26,0.0,,,,,,True
191ee2f2,J Khadka,Romania,4,16.0,5,9.0,19.2,pp_heavy,14.4,24.6,39.9,26.3,C,D,C,C+,Utility Player,1.04,0.4,,,,0.41,,,0,-1.12,1.0,,,,,,True
4a51c045,Kim Daeyeon,South Korea,9,24.0,10,8.21,14.4,middle_heavy,14.3,19.1,37.9,23.8,C,D,C,C+,Utility Player,0.66,0.1,,,-0.09,0.59,,0.6,8,-0.67,0.8,,,,,,True
e4f6147b,N Advani,Gibraltar,5,10.33,5,7.16,12.4,middle_heavy,14.3,40.4,42.6,32.4,C+,D,C+,C+,Utility Player,0.42,0.4,,,,0.8,,,1,-1.73,1.0,,,,,,True
33742f04,Usman Qadir,Pakistan,20,68.0,29,8.29,14.07,middle_heavy,14.3,52.7,71.5,46.2,B,D,B,B+,Utility Player,0.99,0.24,0.45,0.76,0.17,1.14,0.06,,1,-0.48,0.6,0.22,-0.22,0.38,Tough-Track Enforcer,0.5,False
770494eb,DAS Gunaratne,Sri Lanka,10,24.83,5,8.3,29.8,middle_heavy,14.3,34.1,4.8,17.7,C,D,C+,D,Utility Player,0.68,0.4,-0.16,-0.05,0.36,0.24,0.02,,1,-0.3,0.5,,,0.26,Tough-Track Enforcer,0.18,True
abd82f3b,BE Fletcher,Netherlands,2,5.0,2,12.2,15.0,pp_heavy,14.3,10.9,28.2,17.8,C,D,D,C,Utility Player,1.5,0.5,,,,0.06,,,0,1.07,0.0,,,,,,True
62d3f506,SD Valjalo,Croatia,5,15.0,6,8.93,15.0,pp_heavy,14.3,2.7,29.1,15.4,C,D,D,C,Utility Player,0.66,0.33,,,,0.19,,,5,0.19,0.5,,,,,,True
8a99caa9,Ashwin Vinod,Switzerland,22,73.17,29,7.41,15.14,pp_heavy,14.3,13.4,44.6,24.1,C,D,D,C+,Utility Player,0.92,0.03,0.13,0.55,0.06,0.67,0.03,-0.28,8,-1.07,0.73,0.04,-0.04,-0.29,Flat-Track Leaker,-0.31,False
72caebdc,GI Gokoel,Suriname,3,4.0,0,10.25,999.0,middle_heavy,14.2,9.9,2.7,8.9,D,D,D,D,Utility Player,0.0,0.0,,,,0.0,,,3,1.53,0.0,,,,,,True
eade4650,DJ Mitchell,New Zealand,14,18.17,9,10.84,12.11,middle_heavy,14.2,31.7,33.4,26.4,C,D,C+,C+,Utility Player,0.57,0.33,-0.62,-0.92,0.46,0.54,0.04,,2,1.51,0.33,-0.32,0.32,0.38,Tough-Track Enforcer,,True
58c2fac4,A Athanaze,West Indies,1,1.0,0,16.0,999.0,middle_heavy,14.2,13.7,13.2,13.7,D,D,D,D,Utility Player,0.0,0.0,,,,0.0,,,0,,,,,,,,True
a1d053dd,SS Cottrell,West Indies,41,143.0,54,8.5,15.89,pp_heavy,14.2,14.6,58.2,29.0,C,D,D,B,Utility Player,0.82,0.2,0.52,0.66,-0.04,0.65,0.02,,4,-1.0,0.8,0.33,-0.33,0.12,Conditions-Proof,0.45,False
c7aae1f0,M Kadyan,Bulgaria,9,26.0,7,9.08,22.29,pp_heavy,14.1,15.6,20.2,16.6,C,D,C,C,Utility Player,0.53,0.29,,,-0.26,0.3,,,2,-1.23,0.91,,,,,,True
a9fd6ca3,Rahman Ademi,Serbia,4,10.0,1,8.2,60.0,middle_heavy,14.1,12.7,1.7,9.5,D,D,D,D,Utility Player,0.38,0.0,,,,0.05,,,1,-0.6,0.5,,,,,,True
a945bb28,T Muzarabani,Zimbabwe,7,22.0,5,9.91,26.4,pp_heavy,14.1,13.0,5.4,10.8,D,D,D,D,Utility Player,0.69,0.2,,,,0.0,,,2,-0.05,0.55,,,,,,True
945f5357,JN du Plooy,Hungary,2,5.0,1,10.6,30.0,middle_heavy,14.1,22.7,16.4,17.7,C,D,C,C,Utility Player,0.7,0.0,,,,0.07,,,0,0.73,0.5,,,,,,True
e15c6692,M Malle,Mali,2,4.0,1,8.75,24.0,pp_heavy,14.1,12.1,24.6,16.9,C,D,D,C,Utility Player,0.75,1.0,,,,0.17,,,2,-2.8,1.0,,,,,,True
083ffc5d,Komang Putra,Indonesia,2,2.0,0,10.5,999.0,middle_heavy,14.1,15.8,8.2,12.7,D,D,C,D,Utility Player,0.0,0.0,,,,0.0,,,0,0.62,0.0,,,,,,True
842b7388,MR Dorgan,Serbia,1,1.0,1,13.0,6.0,middle_heavy,14.1,12.6,30.8,19.2,C,D,D,C+,Utility Player,1.1,1.0,,,,0.28,,,0,,,,,,,,True
a300e810,PRP Boissevain,Netherlands,6,23.0,6,8.61,23.0,middle_heavy,14.0,27.0,28.3,23.1,C,D,C,C,Utility Player,1.06,0.33,,,,0.3,,,2,-0.93,0.8,,,,,,True
f771a151,EC Rainsford,Zimbabwe,2,6.0,0,11.17,999.0,pp_heavy,14.0,17.5,8.4,13.3,D,D,C,D,Utility Player,0.0,0.0,,,,0.0,,,1,1.45,0.0,,,,,,True
f6c2659d,Aizaz Khan,Hong Kong,83,253.83,103,7.98,14.79,middle_heavy,13.9,6.6,54.2,24.9,C,D,D,B,Utility Player,0.81,0.21,0.06,0.5,-0.1,0.88,0.01,-0.02,33,-0.7,0.68,0.37,-0.37,0.04,Conditions-Proof,0.07,False
219a417a,Assad Borham,Qatar,1,1.0,0,12.0,999.0,middle_heavy,13.9,20.7,11.5,15.4,C,D,C,D,Utility Player,0.0,0.0,,,,0.0,,,1,,,,,,,,True
7d15170b,Mohamed Rishwan,Maldives,1,2.0,0,11.0,999.0,middle_heavy,13.9,16.2,14.0,14.7,D,D,C,D,Utility Player,0.0,0.0,,,,0.0,,,1,0.99,0.0,,,,,,True
a138f597,Ali Masood,Estonia,15,42.0,21,8.83,12.0,middle_heavy,13.8,16.6,52.0,27.5,C,D,C,B,Utility Player,0.88,0.29,0.16,0.32,0.68,0.93,0.06,-0.21,8,-0.9,0.72,-0.4,0.4,0.32,Tough-Track Enforcer,0.35,False
eef2536f,Avesh Khan,India,23,79.17,28,9.09,16.96,pp_heavy,13.8,10.6,50.7,25.0,C,D,D,B,Utility Player,0.8,0.18,-0.07,-0.02,-0.08,0.47,0.02,,2,-0.36,0.57,-0.31,0.31,0.24,Tough-Track Enforcer,0.14,False
88fac705,TJ Draca,Italy,11,35.0,13,7.51,16.15,pp_heavy,13.8,6.3,37.5,19.2,C,D,D,C+,Utility Player,0.89,0.46,-0.36,0.14,-0.88,0.3,0.03,0.43,8,-0.73,0.59,-0.56,0.56,-0.52,Flat-Track Leaker,-0.45,False
f3e240a6,Mustapha Yusuf,Nigeria,5,14.0,3,8.71,28.0,pp_heavy,13.8,33.0,23.3,23.4,C,D,C+,C,Utility Player,0.8,0.33,,,,0.22,,,2,-0.42,0.67,,,,,,True
23f94c02,J Drysdale,United States of America,11,33.0,12,9.27,16.5,pp_heavy,13.8,8.8,27.1,16.6,C,D,D,C,Utility Player,0.75,0.25,-0.38,-0.2,0.32,0.18,0.02,,0,-0.32,0.73,,,0.13,Conditions-Proof,,False
22860288,RJ Kirtley,England,1,1.0,0,17.0,999.0,pp_heavy,13.8,10.6,10.5,11.6,D,D,D,D,Utility Player,0.0,0.0,,,,0.0,,,1,,,,,,,,True
6709b2de,Musa Shaheen,Denmark,1,1.0,0,10.0,999.0,middle_heavy,13.7,23.6,12.6,16.6,C,D,C,D,Utility Player,0.0,0.0,,,,0.06,,,1,,,,,,,,True
fdc1ac0f,Hazrat Luqman,United Arab Emirates,2,6.0,1,10.67,36.0,pp_heavy,13.7,10.3,13.0,12.3,D,D,D,D,Utility Player,0.75,0.0,,,,0.0,,,0,-0.0,1.0,,,,,,True
d4eef961,M de Lange,South Africa,6,23.33,8,9.9,17.5,pp_heavy,13.7,13.0,31.7,19.5,C,D,D,C+,Utility Player,0.82,0.25,,,,0.13,,,0,0.12,0.4,,,,,,True
32e97806,T Martin,Luxembourg,2,5.0,2,10.0,15.0,middle_heavy,13.6,15.3,27.6,18.8,C,D,C,C,Utility Player,1.15,1.0,,,,0.22,,,0,0.48,0.0,,,,,,True
7f2cb055,MS Graham,Bahamas,4,11.0,3,7.82,22.0,pp_heavy,13.5,34.9,27.8,25.4,C,D,C+,C,Utility Player,0.64,0.67,,,,0.31,,,4,-0.42,0.5,,,,,,True
0b60eb09,KA Maharaj,South Africa,47,161.83,50,7.82,19.42,middle_heavy,13.5,48.5,52.8,38.3,C+,D,B,B,Utility Player,0.85,0.26,0.42,0.68,0.02,1.03,0.02,,3,-0.65,0.73,-0.24,0.24,0.11,Conditions-Proof,0.15,False
835aa08f,R Jones,Belize,1,2.0,0,9.5,999.0,pp_heavy,13.5,18.8,14.9,15.7,C,D,C,D,Utility Player,0.0,0.0,,,,0.0,,,1,0.1,0.0,,,,,,True
61f05b05,Fawad Alam,Pakistan,5,12.0,5,7.33,14.4,middle_heavy,13.5,9.4,36.7,19.9,C,D,D,C+,Utility Player,0.99,0.4,,,,0.23,,,1,-0.69,0.75,,,,,,True
d7af6207,S Kamate,Mali,5,10.0,3,9.5,20.0,pp_heavy,13.4,3.9,21.6,13.0,D,D,D,C,Utility Player,0.15,1.0,,,,0.14,,,5,0.05,0.5,,,,,,True
2494ff9e,D Ajekun,Nigeria,7,12.17,4,7.32,18.25,middle_heavy,13.4,29.2,36.2,26.3,C,D,C,C+,Utility Player,0.69,0.75,,,-0.33,0.45,,,7,-1.14,1.0,,,,,,True
f1e0417f,Mehboob Ali,Malta,10,32.0,9,9.09,21.33,pp_heavy,13.4,20.6,33.6,22.5,C,D,C,C+,Utility Player,0.7,0.67,-0.02,-0.43,0.72,0.44,0.04,,4,-0.57,0.62,,,-0.18,Flat-Track Leaker,-0.53,False
c498c510,N Nipiko,Vanuatu,22,64.83,37,8.17,10.51,pp_heavy,13.4,1.7,60.4,25.2,C,D,D,B+,Utility Player,0.7,0.3,0.1,0.3,0.03,0.73,0.03,-0.11,16,-0.9,0.76,0.24,-0.24,0.09,Conditions-Proof,-0.03,False
b34de9a6,WK Bitis,Croatia,4,13.0,3,9.08,26.0,pp_heavy,13.4,27.5,15.3,18.7,C,D,C,C,Utility Player,0.68,0.0,,,,0.15,,,3,-0.21,0.57,,,,,,True
d4d37c31,GA Stuurman,South Africa,1,2.0,0,14.5,999.0,pp_heavy,13.3,9.6,11.4,11.4,D,D,D,D,Utility Player,0.0,0.0,,,,0.0,,,0,1.25,0.0,,,,,,True
41a61623,S Kharvi,Indonesia,6,6.0,5,10.33,7.2,middle_heavy,13.3,10.5,47.7,23.8,C,D,D,B,Utility Player,0.46,0.2,,,0.0,0.61,,,0,,,,,,,,True
2002c586,Omar Hussain,Lesotho,1,1.0,0,11.0,999.0,middle_heavy,13.3,16.3,16.0,15.2,C,D,C,C,Utility Player,0.0,0.0,,,,0.0,,,1,,,,,,,,True
18fac429,SR Patel,England,14,39.0,6,8.18,39.0,middle_heavy,13.3,29.2,3.4,15.3,C,D,C,D,Utility Player,0.38,0.5,-0.48,-0.15,-0.09,0.25,0.02,,3,-0.32,0.6,0.59,-0.59,0.18,Tough-Track Enforcer,0.33,False
96a6a7ad,NM Lyon,Australia,2,5.0,1,9.6,30.0,pp_heavy,13.3,19.6,9.3,14.1,D,D,C,D,Utility Player,0.75,0.0,,,,0.0,,,0,-1.08,1.0,,,,,,True
1087dd78,Mohamed Arief,Malaysia,2,2.0,0,9.5,999.0,middle_heavy,13.3,25.1,8.3,15.6,C,D,C,D,Utility Player,0.0,0.0,,,,0.12,,,0,-1.55,1.0,,,,,,True
e345bcdc,Mohammad Waheed,Hong Kong,3,8.83,3,10.08,17.67,pp_heavy,13.2,10.3,31.7,18.4,C,D,D,C+,Utility Player,0.37,0.33,,,,0.14,,,1,0.09,0.2,,,,,,True
90ddee48,I Master,Botswana,3,5.0,2,11.2,15.0,death_heavy,13.2,16.5,7.4,12.4,D,D,C,D,Utility Player,0.47,0.0,,,,0.03,,,3,-1.8,1.0,,,,,,True
e52eb657,KR Ebanks,Cayman Islands,8,19.0,4,9.37,28.5,pp_heavy,13.2,29.3,11.4,18.0,C,D,C,D,Utility Player,0.34,0.0,,,-0.05,0.15,,-0.68,6,-0.07,0.57,,,,,,True
2b8b75a0,H Osinde,Canada,4,11.0,3,9.36,22.0,pp_heavy,13.2,11.6,28.9,17.9,C,D,D,C,Utility Player,0.35,0.0,,,,0.11,,,2,0.06,0.5,,,,,,True
488b7e22,Anoop Orsu,Luxembourg,3,5.0,1,10.6,30.0,middle_heavy,13.2,18.2,9.0,13.5,D,D,C,D,Utility Player,0.4,0.0,,,,0.03,,,0,0.51,0.0,,,,,,True
1a54d618,Mohammed Irshad,Qatar,10,24.5,15,8.65,9.8,middle_heavy,13.1,23.2,64.6,33.6,C+,D,C,B+,Utility Player,0.93,0.33,0.28,-0.11,0.12,0.96,0.1,,3,-1.26,0.8,,,0.15,Conditions-Proof,-0.25,True
b0f5175e,S Ramakrishnan,Czech Republic,2,4.0,0,11.5,999.0,middle_heavy,13.1,5.7,5.2,8.0,D,D,D,D,Utility Player,0.0,0.0,,,,0.0,,,1,0.66,0.5,,,,,,True
dd468277,N M'shangwe,Zimbabwe,5,16.0,4,8.88,24.0,middle_heavy,13.1,25.9,14.4,17.8,C,D,C,D,Utility Player,0.77,0.0,,,,0.11,,,1,-0.99,0.83,,,,,,True
4db71b2e,Sohail Ahmed,Bahrain,9,19.33,4,8.02,29.0,middle_heavy,13.1,7.9,2.1,7.7,D,D,D,D,Utility Player,0.17,0.0,,,0.12,0.07,,0.31,5,-1.24,0.75,,,,,,True
39f01cdb,KP Pietersen,England,3,5.0,1,11.0,30.0,middle_heavy,13.1,21.6,12.5,15.7,C,D,C,D,Utility Player,0.47,0.0,,,,0.01,,,0,1.18,0.5,,,,,,True
bdadf7da,JL Denly,England,6,12.0,7,8.25,10.29,middle_heavy,13.1,42.4,55.5,37.0,C+,D,C+,B,Utility Player,0.75,0.43,,,,0.65,,,0,-0.92,0.75,,,,,,True
55e6c23c,Mustafa Balkis,Turkey,1,0.83,0,10.8,999.0,middle_heavy,13.0,19.3,15.7,16.0,C,D,C,C,Utility Player,0.0,0.0,,,,0.03,,,0,,,,,,,,True
af4a9a0a,J Blades,West Indies,6,19.83,6,9.13,19.83,middle_heavy,13.0,12.3,36.4,20.6,C,D,D,C+,Utility Player,0.53,0.17,,,-0.02,0.23,,,0,-0.52,0.64,,,,,,True
b4296080,Milind Kumar,United States of America,14,32.17,12,7.49,16.08,pp_heavy,13.0,22.4,61.5,32.3,C+,D,C,B+,Utility Player,0.61,0.67,-0.37,-0.14,-0.55,0.68,0.05,,2,-1.12,0.71,0.29,-0.29,-0.49,Flat-Track Leaker,-0.78,False
f5ba4611,M Sarenac,Serbia,23,58.67,22,9.03,16.0,middle_heavy,12.9,8.7,22.5,14.7,D,D,D,C,Utility Player,0.8,0.18,-0.08,0.29,0.24,0.54,0.02,-0.28,13,-0.13,0.48,0.39,-0.39,0.12,Conditions-Proof,0.19,False
ce820073,Sandeep Sharma,India,2,7.0,1,10.71,42.0,pp_heavy,12.9,12.1,6.9,10.6,D,D,D,D,Utility Player,0.75,0.0,,,,0.0,,,0,-0.03,0.67,,,,,,True
7f3ad1ed,SR Thompson,Ireland,24,61.5,17,8.63,21.71,middle_heavy,12.9,10.2,14.0,12.4,D,D,D,D,Utility Player,0.46,0.29,-0.49,-0.26,-0.21,0.38,0.02,-0.07,8,-0.25,0.7,-0.06,0.06,0.12,Conditions-Proof,0.05,False
b17d629e,Shadnan Khan,Austria,1,1.0,0,12.0,999.0,middle_heavy,12.8,16.2,14.6,14.5,D,D,C,D,Utility Player,0.0,0.0,,,,0.0,,,1,,,,,,,,True
38952986,H Virdee,Luxembourg,1,2.0,1,13.0,12.0,middle_heavy,12.8,11.3,23.1,15.7,C,D,D,C,Utility Player,1.2,0.0,,,,0.09,,,0,3.28,0.0,,,,,,True
ad8d5827,M Stanikzai,Switzerland,9,18.0,2,9.33,54.0,middle_heavy,12.8,12.8,0.6,8.7,D,D,D,D,Utility Player,0.31,0.0,,,-0.02,0.12,,,4,-0.39,0.62,,,,,,True
ec59f49f,Shafiullah Zakhel,Belgium,4,13.0,4,9.38,19.5,middle_heavy,12.8,17.9,28.0,19.6,C,D,C,C,Utility Player,0.67,0.0,,,,0.22,,,0,0.07,0.6,,,,,,True
d876610c,Robiul Islam,Bangladesh,1,1.0,0,13.0,999.0,middle_heavy,12.8,14.2,13.0,13.3,D,D,D,D,Utility Player,0.0,0.0,,,,0.0,,,0,,,,,,,,True
cfe70281,VD Philander,South Africa,6,13.83,4,8.53,20.75,middle_heavy,12.8,22.9,19.2,18.3,C,D,C,C,Utility Player,0.33,0.0,,,,0.15,,,1,-1.24,0.83,,,,,,True
7132a1a6,B Kalki Kumar,Malta,2,5.0,0,8.4,999.0,pp_heavy,12.7,15.6,5.2,11.2,D,D,C,D,Utility Player,0.0,0.0,,,,0.0,,,0,-0.38,0.5,,,,,,True
27d1cc51,PA Hitchcock,New Zealand,1,3.0,2,14.33,9.0,pp_heavy,12.7,10.0,39.0,20.6,C,D,D,C+,Utility Player,1.05,0.0,,,,0.15,,,0,-1.09,1.0,,,,,,True
b6bad765,Shaheryar Butt,Belgium,2,1.17,0,15.43,999.0,middle_heavy,12.7,48.6,7.1,22.8,C,D,B,D,Utility Player,0.0,0.0,,,,0.43,,,1,,,,,,,,True
3d0ed2f9,JT Ball,England,2,7.0,2,12.57,21.0,pp_heavy,12.7,8.9,11.3,11.0,D,D,D,D,Utility Player,1.45,0.0,,,,0.0,,,0,0.17,0.33,,,,,,True
d617f2bf,Hardeep Singh,Cyprus,4,12.83,3,9.12,25.67,middle_heavy,12.6,10.1,7.8,10.2,D,D,D,D,Utility Player,0.41,0.0,,,,0.01,,,0,-0.54,0.67,,,,,,True
391a825b,C Sudarsanan,Malta,1,2.0,0,12.5,999.0,middle_heavy,12.6,12.1,12.3,12.3,D,D,D,D,Utility Player,0.0,0.0,,,,0.0,,,1,0.53,0.0,,,,,,True
9dc8bc5c,Ibrar Ahmad,Hungary,3,6.5,6,8.77,6.5,pp_heavy,12.6,21.1,48.6,27.4,C,D,C,B,Utility Player,0.81,0.0,,,,0.7,,,0,-3.16,1.0,,,,,,True
3fbb43a9,Saad Nasim,Pakistan,1,1.0,0,12.0,999.0,middle_heavy,12.5,14.8,18.0,15.1,C,D,D,C,Utility Player,0.0,0.0,,,,0.0,,,1,,,,,,,,True
5ef7b1ba,Ebrahim Naseri,Austria,1,1.0,1,11.0,6.0,middle_heavy,12.5,11.3,29.4,17.7,C,D,D,C,Utility Player,0.4,0.0,,,,0.24,,,0,,,,,,,,True
2f949d55,A Daxini,Croatia,2,1.5,0,16.0,999.0,pp_heavy,12.5,17.4,2.8,10.9,D,D,C,D,Utility Player,0.0,0.0,,,,0.03,,,2,,,,,,,,True
f801d963,BE Johnson,Guernsey,1,2.0,0,18.0,999.0,pp_heavy,12.5,4.4,7.7,8.2,D,D,D,D,Utility Player,0.0,0.0,,,,0.0,,,0,1.87,0.0,,,,,,True
8d92a2c3,MA Wood,England,36,125.33,57,8.77,13.19,middle_heavy,12.5,8.2,78.7,33.1,C+,D,D,A,Utility Player,0.95,0.18,0.38,0.26,0.09,0.98,0.03,,1,-0.62,0.69,-0.02,0.02,-0.1,Conditions-Proof,-0.18,False
7044cd2e,NA Janes,Thailand,1,1.0,0,12.0,999.0,middle_heavy,12.4,17.0,16.7,15.4,C,D,C,C,Utility Player,0.0,0.0,,,,0.0,,,1,,,,,,,,True
356bf068,Shamsullah Ehsan,Turkey,3,7.0,3,9.57,14.0,middle_heavy,12.4,7.3,25.8,15.2,C,D,D,C,Utility Player,0.97,0.0,,,,0.16,,,3,-0.76,1.0,,,,,,True
5f77f23a,US Hathinjar,Cambodia,2,5.0,3,9.0,10.0,middle_heavy,12.4,14.8,36.5,21.2,C,D,D,C+,Utility Player,0.6,0.33,,,,0.34,,,1,-1.1,1.0,,,,,,True
c8ad0749,AK Perera,Sri Lanka,1,1.0,0,17.0,999.0,middle_heavy,12.4,7.5,12.2,10.7,D,D,D,D,Utility Player,0.0,0.0,,,,0.0,,,0,,,,,,,,True
5d00cd6f,MT Diaby,Mali,2,2.5,2,6.8,7.5,pp_heavy,12.4,7.1,40.0,19.8,C,D,D,C+,Utility Player,0.68,0.0,,,,0.38,,,2,,,,,,,,True
baf3cf01,I Uboh,Nigeria,6,13.0,4,8.62,19.5,middle_heavy,12.4,10.9,20.8,14.7,D,D,D,C,Utility Player,0.58,0.25,,,-0.08,0.15,,,2,-0.47,0.6,,,,,,True
1a448be0,B White,Ireland,33,108.0,30,8.6,21.6,middle_heavy,12.4,45.5,17.7,25.2,C,D,B,C,Utility Player,0.78,0.3,0.16,0.09,-0.38,0.71,0.02,0.27,10,-0.59,0.67,0.14,-0.14,-0.32,Flat-Track Leaker,-0.27,False
84c5c2f2,SK Gedara,Sweden,3,7.17,3,9.49,14.33,pp_heavy,12.3,13.3,30.5,18.7,C,D,D,C+,Utility Player,0.83,0.33,,,,0.19,,,1,-0.15,0.5,,,,,,True
fe11e1a3,K Kekez,Croatia,1,2.0,0,14.5,999.0,middle_heavy,12.3,14.6,13.8,13.6,D,D,D,D,Utility Player,0.0,0.0,,,,0.0,,,0,1.37,0.0,,,,,,True
a89433c5,K Boniface,Nigeria,2,4.0,2,9.0,12.0,middle_heavy,12.3,16.6,30.7,19.9,C,D,C,C+,Utility Player,0.52,0.5,,,,0.26,,,0,0.78,0.0,,,,,,True
e1b9f3a9,BJ Dwarshuis,Australia,15,57.0,24,9.56,14.25,pp_heavy,12.3,12.7,63.2,29.4,C,D,D,B+,Utility Player,0.75,0.12,0.29,0.25,0.33,0.52,0.03,,0,-0.54,0.54,,,0.22,Conditions-Proof,,False
0c1da0c4,V Balakrishnan,Botswana,5,4.5,3,7.11,9.0,death_heavy,12.2,31.7,30.1,24.7,C,D,C+,C+,Utility Player,0.17,0.0,,,,0.69,,,4,,,,,,,,True
3b22ee4e,P Gheewala,Estonia,14,40.0,14,8.62,17.14,pp_heavy,12.2,9.0,32.1,17.8,C,D,D,C+,Utility Player,0.9,0.14,-0.17,-0.32,-0.14,0.37,0.03,,4,-0.5,0.74,,,0.46,Tough-Track Enforcer,0.69,False
01b45044,Mohammad Amin,Kuwait,2,2.0,1,9.0,12.0,middle_heavy,12.2,16.7,26.3,18.4,C,D,C,C,Utility Player,0.4,0.0,,,,0.12,,,0,,,,,,,,True
b18d78f6,Ajhar Alam,Czech Republic,3,11.0,3,9.91,22.0,pp_heavy,12.1,15.2,13.8,13.7,D,D,C,D,Utility Player,0.87,0.0,,,,0.0,,,0,-0.16,0.75,,,,,,True
b66201dd,Aarnav Patel,Kenya,3,7.0,3,7.71,14.0,middle_heavy,12.1,27.9,35.0,25.0,C,D,C,C+,Utility Player,0.31,0.33,,,,0.33,,,0,-0.49,0.67,,,,,,True
8012d0b8,CAK Rajitha,Sri Lanka,17,62.0,16,9.6,23.25,pp_heavy,12.1,7.0,16.9,12.0,D,D,D,C,Utility Player,0.72,0.19,-0.11,-0.09,0.55,0.13,0.01,,1,-0.24,0.53,-0.51,0.51,0.08,Conditions-Proof,0.1,False
4437df8c,R Patten,Bahamas,2,3.0,0,11.33,999.0,pp_heavy,12.1,12.8,4.5,9.8,D,D,D,D,Utility Player,0.0,0.0,,,,0.0,,,2,0.32,0.0,,,,,,True
ecfdfbad,P Hingorani,Romania,3,4.5,1,8.89,27.0,middle_heavy,12.1,37.4,17.7,22.4,C,D,C+,C,Utility Player,0.47,0.0,,,,0.28,,,2,0.41,0.0,,,,,,True
bb4da4d3,D Visser,Samoa,14,46.0,19,7.7,14.53,middle_heavy,12.1,37.5,37.0,28.9,C,D,C+,C+,Utility Player,0.81,0.32,0.13,0.49,-0.09,0.73,0.05,0.1,13,-0.65,0.62,0.38,-0.38,0.38,Tough-Track Enforcer,0.27,False
a89730a9,W Viraliliu,Vanuatu,5,11.0,1,9.64,66.0,middle_heavy,12.1,18.8,2.6,11.2,D,D,C,D,Utility Player,0.14,0.0,,,,0.04,,,1,-0.17,0.5,,,,,,True
059ec7a5,B Kgosiemang,Botswana,19,51.5,17,8.45,18.18,pp_heavy,12.0,16.8,52.2,27.0,C,D,C,B,Utility Player,0.72,0.41,0.05,0.03,0.05,0.66,0.03,-0.02,13,-0.69,0.67,0.2,-0.2,-0.17,Flat-Track Leaker,-0.07,False
44f5a3e4,Mohamed Mahfooz,Maldives,10,31.0,10,7.1,18.6,middle_heavy,12.0,20.4,42.1,24.8,C,D,C,C+,Utility Player,0.76,0.2,0.14,0.11,-0.39,0.55,0.06,-0.3,6,-0.59,0.67,0.76,-0.76,-0.03,Conditions-Proof,,False
f2990906,Murat Yilmaz,Turkey,6,12.83,5,8.42,15.4,middle_heavy,11.9,27.7,27.9,22.5,C,D,C,C,Utility Player,0.37,0.0,,,0.33,0.55,,,0,-1.19,1.0,,,,,,True
b0b80a99,CV Harrison,Gibraltar,4,12.0,4,9.92,18.0,middle_heavy,11.9,24.1,25.5,20.5,C,D,C,C,Utility Player,1.08,0.25,,,,0.33,,,2,-0.52,0.71,,,,,,True
a80cc0cc,Shahrukh Quddus,Kuwait,11,39.0,13,8.97,18.0,pp_heavy,11.9,4.0,36.8,17.6,C,D,D,C+,Utility Player,0.83,0.54,-0.16,0.02,-0.21,0.28,0.03,,0,-0.72,0.63,,,-0.18,Conditions-Proof,0.33,False
16d52916,Aqif Farooq,Kuwait,3,11.0,3,11.27,22.0,pp_heavy,11.9,7.8,16.5,12.1,D,D,D,C,Utility Player,1.13,0.33,,,,0.0,,,2,0.05,0.25,,,,,,True
5c86b6ac,S Elayaperumal,Mexico,1,1.0,0,11.0,999.0,middle_heavy,11.9,12.1,9.3,11.1,D,D,D,D,Utility Player,0.0,0.0,,,,0.0,,,1,,,,,,,,True
762f43b7,ROC Dunka,Cayman Islands,21,65.0,19,8.37,20.53,pp_heavy,11.9,10.0,26.1,16.0,C,D,D,C,Utility Player,0.76,0.47,-0.05,-0.3,-0.31,0.32,0.02,0.24,17,-0.93,0.63,0.04,-0.04,-0.25,Conditions-Proof,-0.05,False
23eeb873,DL Chahar,India,24,86.0,32,8.44,16.12,pp_heavy,11.9,15.0,60.6,29.2,C,D,C,B+,Utility Player,0.92,0.19,0.46,1.18,-0.49,0.58,0.02,,2,-0.64,0.61,-0.3,0.3,0.09,Conditions-Proof,0.35,False
d9a7ca8e,T Chopel,Bhutan,1,2.0,0,14.5,999.0,pp_heavy,11.9,14.0,14.3,13.4,D,D,D,D,Utility Player,0.0,0.0,,,,0.0,,,0,3.08,0.0,,,,,,True
fda4150a,M Brasier,Finland,2,4.83,1,11.59,29.0,middle_heavy,11.8,8.2,11.8,10.6,D,D,D,D,Utility Player,0.6,0.0,,,,0.0,,,1,0.24,0.0,,,,,,True
d3893060,FJ Mpegna,Cameroon,1,2.0,0,18.5,999.0,middle_heavy,11.8,5.8,9.5,9.0,D,D,D,D,Utility Player,0.0,0.0,,,,0.0,,,1,3.7,0.0,,,,,,True
8a1d0222,Kuldeep Lal,Spain,3,5.0,2,10.4,15.0,death_heavy,11.8,14.9,23.9,16.9,C,D,D,C,Utility Player,0.77,0.5,,,,0.26,,,0,0.81,0.0,,,,,,True
331e137f,Walid Ghauri,Norway,5,8.83,2,8.26,26.5,middle_heavy,11.8,21.8,2.0,11.9,D,D,C,D,Utility Player,0.5,0.0,,,,0.1,,,3,-1.03,1.0,,,,,,True
6ceec40d,Sandeep Nair,Bulgaria,4,8.0,2,8.75,24.0,middle_heavy,11.8,15.8,13.7,13.8,D,D,C,D,Utility Player,0.16,0.0,,,,0.08,,,1,-0.3,0.67,,,,,,True
afbc53ba,Ahmer Bin Nisar,Bahrain,5,5.0,2,9.6,15.0,middle_heavy,11.8,33.7,9.6,18.4,C,D,C+,D,Utility Player,0.36,0.0,,,,0.21,,,1,2.13,0.0,,,,,,True
04df9697,JAM Henri,Portugal,13,43.0,13,8.3,19.85,pp_heavy,11.8,13.5,22.4,15.9,C,D,D,C,Utility Player,1.2,0.15,-0.09,-0.16,0.0,0.27,0.02,0.03,5,-0.67,0.82,-0.36,0.36,0.42,Tough-Track Enforcer,0.54,False
bf7842c9,TAM Siriwardana,Sri Lanka,12,22.0,9,8.73,14.67,middle_heavy,11.8,49.3,55.5,38.9,C+,D,B,B,Utility Player,0.54,0.56,-0.13,0.16,0.06,0.79,0.07,-0.37,5,-0.75,0.62,,,0.43,Tough-Track Enforcer,0.26,True
63f306ac,Mudassir Iqbal,South Korea,6,12.0,1,10.08,72.0,pp_heavy,11.8,6.1,1.0,6.3,D,D,D,D,Utility Player,0.25,0.0,,,-0.29,0.0,,,6,0.44,0.5,,,,,,True
b0358c6d,WAE Burton,Serbia,14,34.83,10,9.39,20.9,middle_heavy,11.7,12.0,11.5,11.7,D,D,D,D,Utility Player,0.5,0.5,0.09,0.27,0.39,0.35,0.03,-0.3,6,-0.67,0.79,0.29,-0.29,0.64,Tough-Track Enforcer,0.5,False
62708dce,S Tabuisulu,Fiji,6,19.17,4,7.88,28.75,pp_heavy,11.7,6.9,5.0,7.9,D,D,D,D,Utility Player,0.72,0.25,,,0.0,0.0,,,6,-0.94,1.0,,,,,,True
bf896894,Zahid Khan,Sierra Leone,6,12.0,1,8.17,72.0,middle_heavy,11.7,14.8,2.6,9.7,D,D,D,D,Utility Player,0.17,0.0,,,0.26,0.08,,,6,-0.42,0.5,,,,,,True
67fedcb4,Fayaz Mohammad,Bulgaria,1,1.33,0,13.5,999.0,middle_heavy,11.7,11.0,8.5,10.4,D,D,D,D,Utility Player,0.0,0.0,,,,0.0,,,0,,,,,,,,True
88251c6c,Asrar Ahmed,Greece,3,11.0,3,10.64,22.0,pp_heavy,11.7,16.7,24.5,17.6,C,D,C,C,Utility Player,0.92,0.0,,,,0.16,,,0,0.03,0.4,,,,,,True
a19db58e,Umair Sharif,Saudi Arabia,3,7.0,1,9.71,42.0,pp_heavy,11.6,4.5,5.0,7.0,D,D,D,D,Utility Player,0.5,0.0,,,,0.0,,,3,-0.63,0.5,,,,,,True
8eb2e2e6,L McCarthy,Ireland,1,4.0,0,20.25,999.0,middle_heavy,11.6,7.0,10.4,9.7,D,D,D,D,Utility Player,0.0,0.0,,,,0.0,,,0,2.9,0.0,,,,,,True
b56f5b6f,AE Paraam,Singapore,9,31.0,8,8.9,23.25,middle_heavy,11.6,18.2,24.8,18.2,C,D,C,C,Utility Player,0.91,0.25,,,-0.02,0.33,,-0.36,7,-0.62,0.57,,,,,,False
6829b373,Zeshan Arif,Austria,2,3.0,1,13.0,18.0,death_heavy,11.6,14.1,8.2,11.3,D,D,D,D,Utility Player,0.4,0.0,,,,0.0,,,0,,,,,,,,True
fe366f34,C Connolly,Australia,9,25.0,3,9.24,50.0,middle_heavy,11.6,26.4,3.8,13.9,D,D,C,D,Utility Player,0.46,0.33,,,0.05,0.15,,,0,-0.04,0.45,,,,,,True
78a3ae4b,ZXM Vukusic,Croatia,7,21.5,7,8.98,18.43,pp_heavy,11.6,13.1,38.3,21.0,C,D,D,C+,Utility Player,1.24,0.29,,,0.59,0.34,,-0.06,5,-1.19,0.78,,,,,,True
97e36a0f,Mahmud Jasat,Panama,1,1.0,0,14.0,999.0,middle_heavy,11.6,20.5,13.1,15.1,C,D,C,D,Utility Player,0.0,0.0,,,,0.0,,,1,,,,,,,,True
4289ccc9,Samader Shadab,Greece,3,8.0,3,10.75,16.0,middle_heavy,11.5,4.7,24.8,13.7,D,D,D,C,Utility Player,0.88,0.0,,,,0.14,,,3,0.03,0.6,,,,,,True
9818cc88,M Kyriacou,Cyprus,1,2.5,0,12.4,999.0,pp_heavy,11.5,12.4,9.6,11.2,D,D,D,D,Utility Player,0.0,0.0,,,,0.0,,,0,0.78,0.5,,,,,,True
f842c2cf,MJ Clarke,Australia,15,26.0,6,8.73,26.0,middle_heavy,11.5,25.7,2.8,13.3,D,D,C,D,Utility Player,0.49,0.17,-0.48,-0.76,0.01,0.22,0.01,,0,-0.33,0.58,-0.03,0.03,-0.12,Conditions-Proof,0.16,True
6ad7d184,D Jamyansuren,Mongolia,1,4.0,1,15.0,24.0,middle_heavy,11.5,16.9,23.4,17.3,C,D,C,C,Utility Player,1.5,0.0,,,,0.0,,,0,1.88,0.0,,,,,,True
fce581b5,Khushdil Shah,Pakistan,9,16.17,6,7.24,16.17,middle_heavy,11.5,24.2,38.9,24.9,C,D,C,C+,Utility Player,0.54,0.5,,,0.27,0.41,,,1,-0.51,0.67,,,,,,True
0ca1ea55,HMHE Parsons,South Korea,3,3.0,1,12.67,18.0,pp_heavy,11.5,10.1,10.1,10.6,D,D,D,D,Utility Player,0.27,0.0,,,,0.0,,,1,3.45,0.0,,,,,,True
2278c4ca,R Sharma,Singapore,2,5.0,0,12.4,999.0,middle_heavy,11.5,6.2,4.0,7.2,D,D,D,D,Utility Player,0.0,0.0,,,,0.0,,,0,0.58,0.5,,,,,,True
45a34a2d,VD Adewoye,Nigeria,21,47.83,18,8.24,15.94,middle_heavy,11.4,2.8,13.9,9.4,D,D,D,D,Utility Player,0.59,0.39,-0.17,0.3,-0.26,0.31,0.01,0.19,13,-0.44,0.58,0.09,-0.09,-0.54,Flat-Track Leaker,-0.75,False
235c2bb6,H Klaasen,South Africa,1,1.0,0,14.0,999.0,middle_heavy,11.4,17.5,18.6,15.8,C,D,C,C,Utility Player,0.0,0.0,,,,0.0,,,0,,,,,,,,True
41eb66fd,Muhammad Younis,Bahrain,1,1.0,0,13.0,999.0,middle_heavy,11.4,13.6,17.1,14.0,D,D,D,C,Utility Player,0.0,0.0,,,,0.0,,,1,,,,,,,,True
39181592,PE Kruger,South Africa,7,19.33,9,9.36,12.89,middle_heavy,11.4,30.6,43.0,28.3,C,D,C+,C+,Utility Player,0.69,0.0,,,-0.83,0.45,,,1,-0.3,0.33,,,,,,True
7ccbb09f,Shahnawaz Dhani,Pakistan,11,35.33,8,9.14,26.5,pp_heavy,11.4,13.8,9.5,11.6,D,D,D,D,Utility Player,0.9,0.38,-0.18,0.03,-0.04,0.01,0.0,,1,-0.43,0.62,0.34,-0.34,0.15,Conditions-Proof,0.27,False
ae4a47d8,MP Ainsworth,Hungary,12,25.0,8,8.68,18.75,middle_heavy,11.4,12.9,30.0,18.1,C,D,D,C+,Utility Player,0.54,0.25,0.0,0.26,-0.19,0.47,0.04,,2,-0.41,0.67,,,0.16,Tough-Track Enforcer,0.34,True
201d3a67,A Sawyer,Gibraltar,2,2.0,0,11.0,999.0,middle_heavy,11.4,11.2,2.6,8.4,D,D,D,D,Utility Player,0.0,0.0,,,,0.0,,,0,,,,,,,,True
0443414a,Sajedul Islam,Bangladesh,1,1.0,0,15.0,999.0,middle_heavy,11.3,15.8,10.5,12.5,D,D,C,D,Utility Player,0.0,0.0,,,,0.0,,,0,,,,,,,,True
ddc2613d,Sachin Ganpat Shinde,Serbia,1,2.0,0,12.0,999.0,middle_heavy,11.3,15.1,12.6,13.0,D,D,C,D,Utility Player,0.0,0.0,,,,0.0,,,0,0.34,0.0,,,,,,True
2306b48a,Kuldeep Gurjar,South Korea,9,21.17,10,9.35,12.7,middle_heavy,11.2,11.1,47.6,23.3,C,D,D,B,Utility Player,0.52,0.6,,,0.6,0.62,,,4,-0.06,0.71,,,,,,True
eaa76d3c,C Green,Australia,15,36.5,14,9.34,15.64,middle_heavy,11.2,15.3,39.5,22.0,C,D,C,C+,Utility Player,0.74,0.29,-0.06,0.0,-0.43,0.47,0.03,,0,-0.62,0.56,-0.04,0.04,0.09,Conditions-Proof,,False
083e01d9,Matiullah Khan,United Arab Emirates,5,16.0,4,9.5,24.0,pp_heavy,11.2,5.5,10.6,9.1,D,D,D,D,Utility Player,0.69,0.5,,,,0.0,,,0,-0.16,0.62,,,,,,True
bceb1b07,JJ Tucker,Bermuda,4,7.0,1,8.86,42.0,middle_heavy,11.2,20.2,3.7,11.7,D,D,C,D,Utility Player,0.35,0.0,,,,0.04,,,4,-0.05,1.0,,,,,,True
33328ec7,Fakhrul Mohon,Portugal,6,17.0,3,7.82,34.0,pp_heavy,11.2,8.8,4.1,8.0,D,D,D,D,Utility Player,0.57,0.33,,,-0.44,0.0,,,4,-0.32,0.75,,,,,,True
0544b8a9,SMHH Aung,Myanmar,1,1.0,1,17.0,6.0,death_heavy,11.2,11.9,26.4,16.5,C,D,D,C,Utility Player,0.7,1.0,,,,0.2,,,0,,,,,,,,True
e97aefe2,SI Mahmood,England,4,14.0,3,11.07,28.0,middle_heavy,11.1,5.1,24.6,13.6,D,D,D,C,Utility Player,0.8,0.67,,,,0.08,,,1,-0.41,0.57,,,,,,True
6084f6ee,Muhammed Manga,Gambia,1,1.33,0,15.0,999.0,middle_heavy,11.1,5.7,10.5,9.1,D,D,D,D,Utility Player,0.0,0.0,,,,0.0,,,1,-0.18,1.0,,,,,,True
a8f91f78,Abbas Ghani,Hungary,17,41.17,23,9.35,10.74,middle_heavy,11.1,5.3,53.3,23.2,C,D,D,B,Utility Player,0.82,0.48,-0.1,-0.1,0.14,0.77,0.05,0.06,5,-0.45,0.61,-0.03,0.03,-0.06,Conditions-Proof,0.2,False
4909a5f6,Salman Patel,Zambia,3,7.17,2,10.88,21.5,middle_heavy,11.1,5.3,12.2,9.5,D,D,D,D,Utility Player,1.0,0.5,,,,0.0,,,3,-0.33,0.5,,,,,,True
5abb0f07,TAW Patterson,Belize,1,2.0,0,15.5,999.0,middle_heavy,11.1,12.4,12.8,12.1,D,D,D,D,Utility Player,0.0,0.0,,,,0.0,,,1,,,,,,,,True
f8ef3653,Ibrahim Rahimi,Norway,3,2.83,1,12.35,17.0,middle_heavy,11.1,9.7,17.6,12.8,D,D,D,C,Utility Player,0.23,0.0,,,,0.03,,,0,,,,,,,,True
b699df47,MP O'Dowd,Netherlands,11,17.67,4,8.94,26.5,middle_heavy,11.1,6.0,0.9,6.0,D,D,D,D,Utility Player,0.35,0.25,-1.02,-2.14,-0.49,0.05,0.0,,2,1.86,0.25,,,-0.7,Flat-Track Leaker,-1.3,True
59559bc2,J Overton,England,20,57.83,29,8.4,11.97,middle_heavy,11.1,26.0,71.9,36.3,C+,D,C,B+,Utility Player,0.7,0.21,0.42,0.61,0.47,0.95,0.05,,2,-0.79,0.68,0.18,-0.18,0.06,Conditions-Proof,0.59,False
cfcf189f,DA Blignaut,Germany,21,45.67,23,7.55,11.91,death_heavy,11.0,10.0,41.3,20.8,C,D,D,C+,Utility Player,0.61,0.09,-0.63,-0.67,0.08,1.06,0.05,-0.24,14,-0.91,0.67,0.76,-0.76,0.13,Conditions-Proof,-0.0,False
324e00a9,Danyal Raja,Bulgaria,20,59.0,16,8.95,22.12,pp_heavy,11.0,21.0,25.5,19.2,C,D,C,C,Utility Player,0.88,0.25,0.14,0.03,-0.08,0.49,0.02,0.15,8,-0.97,0.76,-0.46,0.46,-0.06,Conditions-Proof,-0.14,False
7cefb2a2,A Mehmood,Hong Kong,4,10.0,1,10.4,60.0,pp_heavy,11.0,4.8,1.4,5.7,D,D,D,D,Utility Player,0.38,0.0,,,,0.0,,,1,0.73,0.0,,,,,,True
6cd3a166,B Williams,Sierra Leone,1,1.0,0,13.0,999.0,middle_heavy,11.0,10.5,14.4,12.0,D,D,D,D,Utility Player,0.0,0.0,,,,0.0,,,0,1.03,0.0,,,,,,True
d99cc23a,T van der Gugten,Netherlands,45,141.17,55,7.76,15.4,pp_heavy,11.0,14.1,48.2,24.4,C,D,D,B,Utility Player,0.96,0.27,0.24,0.47,0.03,0.59,0.01,-0.09,21,-0.74,0.8,0.39,-0.39,-0.06,Conditions-Proof,-0.19,False
45a62071,T Hinds,West Indies,2,4.33,1,13.38,26.0,middle_heavy,10.9,8.5,14.4,11.3,D,D,D,D,Utility Player,0.55,0.0,,,,0.0,,,0,-0.13,1.0,,,,,,True
a27d06d1,Yousuf Ali,Qatar,1,1.0,0,15.0,999.0,middle_heavy,10.9,11.6,13.6,12.0,D,D,D,D,Utility Player,0.0,0.0,,,,0.0,,,0,,,,,,,,True
740742ef,RG Sharma,India,8,10.33,1,10.26,62.0,middle_heavy,10.9,18.2,1.2,10.1,D,D,C,D,Utility Player,0.19,1.0,,,-0.53,0.05,,,0,0.01,0.5,,,,,,True
441006af,K Mirpuri,Gibraltar,27,90.83,26,8.19,20.96,middle_heavy,10.9,16.2,33.7,20.3,C,D,C,C+,Utility Player,0.69,0.27,0.24,0.59,-0.29,0.74,0.03,0.01,6,-0.55,0.65,0.3,-0.3,-0.4,Flat-Track Leaker,-0.32,False
6c6d83ef,S Clarke,Isle of Man,1,1.0,0,15.0,999.0,middle_heavy,10.9,7.0,10.0,9.3,D,D,D,D,Utility Player,0.0,0.0,,,,0.0,,,1,,,,,,,,True
37753749,Shahid Mahmood,Bahrain,11,36.0,9,9.25,24.0,pp_heavy,10.9,10.0,11.9,10.9,D,D,D,D,Utility Player,1.01,0.33,-0.02,-0.15,-0.21,0.04,0.0,,4,-0.14,0.56,0.53,-0.53,-0.39,Flat-Track Leaker,-0.16,False
fccc2d5a,Usman Arif,Norway,5,11.0,5,8.55,13.2,pp_heavy,10.8,10.1,36.7,19.2,C,D,D,C+,Utility Player,1.11,0.4,,,,0.27,,,4,-0.03,0.5,,,,,,True
fcd92ab0,Nooruddin Mujadady,Germany,4,13.0,4,10.38,19.5,pp_heavy,10.8,6.2,18.3,11.8,D,D,D,C,Utility Player,1.06,0.0,,,,0.01,,,1,-0.26,0.4,,,,,,True
807c91e3,Arif Nasir Uddin,Qatar,2,4.0,0,10.25,999.0,middle_heavy,10.8,17.8,7.9,12.2,D,D,C,D,Utility Player,0.0,0.0,,,,0.0,,,0,0.45,0.33,,,,,,True
107c26fb,KT Maphaka,South Africa,17,58.67,18,9.56,19.56,middle_heavy,10.7,12.9,43.8,22.5,C,D,D,C+,Utility Player,0.64,0.17,0.25,-0.07,-0.01,0.5,0.03,,2,-0.56,0.67,0.46,-0.46,-0.16,Conditions-Proof,,False
b708c4ad,S Draunivudi,Fiji,2,5.0,0,10.4,999.0,pp_heavy,10.6,9.6,4.1,8.1,D,D,D,D,Utility Player,0.0,0.0,,,,0.0,,,2,0.59,0.5,,,,,,True
1efd12d1,PR Brown,England,4,13.0,3,10.08,26.0,middle_heavy,10.6,11.8,5.3,9.2,D,D,D,D,Utility Player,0.92,0.0,,,,0.0,,,0,-0.22,0.6,,,,,,True
1e3db5f4,C Bevin,Croatia,3,9.0,2,10.44,27.0,middle_heavy,10.6,6.3,17.0,11.3,D,D,D,C,Utility Player,0.38,0.5,,,,0.04,,,2,-0.31,0.6,,,,,,True
b681e71e,GJ Maxwell,Australia,85,184.17,54,8.33,20.46,middle_heavy,10.6,23.8,7.4,13.9,D,D,C,D,Utility Player,0.52,0.17,-0.08,0.83,0.12,0.62,0.01,,2,-0.44,0.66,0.15,-0.15,-0.19,Flat-Track Leaker,-0.06,False
cad40f5e,BA Carse,England,13,44.67,20,9.34,13.4,middle_heavy,10.6,9.0,66.6,28.7,C,D,D,B+,Utility Player,1.01,0.2,0.38,0.31,-0.32,0.62,0.05,,0,-0.32,0.53,0.23,-0.23,-0.36,Flat-Track Leaker,,False
bd9fbd51,Fayyaz Butt,Oman,43,135.67,49,8.0,16.61,pp_heavy,10.5,7.3,50.0,22.6,C,D,D,B,Utility Player,0.67,0.29,-0.12,0.03,-0.05,0.51,0.01,0.02,22,-0.66,0.71,0.0,-0.0,0.16,Tough-Track Enforcer,0.12,False
dd3df124,Akramullah Malikzada,Hungary,2,2.0,1,11.0,12.0,middle_heavy,10.5,14.4,16.1,13.7,D,D,D,C,Utility Player,0.25,0.0,,,,0.0,,,1,,,,,,,,True
0ee7ede5,Mahmad Data,Panama,2,1.83,0,11.45,999.0,pp_heavy,10.5,20.1,3.9,11.5,D,D,C,D,Utility Player,0.0,0.0,,,,0.0,,,2,1.78,0.0,,,,,,True
63d6e16e,Saeed Ahmed,Sweden,3,10.0,4,10.0,15.0,middle_heavy,10.4,16.8,20.4,15.9,C,D,C,C,Utility Player,1.0,0.25,,,,0.06,,,2,-1.17,1.0,,,,,,True
cc62ec8a,Ngawang Thinley,Bhutan,8,21.5,12,7.67,10.75,middle_heavy,10.4,11.2,43.7,21.8,C,D,D,C+,Utility Player,0.86,0.17,,,-0.1,0.5,,,4,-2.06,1.0,,,,,,True
248698f4,DSK Madushanka,Sri Lanka,2,5.17,2,12.39,15.5,pp_heavy,10.4,9.5,36.0,18.6,C,D,D,C+,Utility Player,0.65,0.0,,,,0.14,,,0,-0.16,0.67,,,,,,True
d43f2b7a,JF Bangura,Sierra Leone,1,1.0,0,12.0,999.0,pp_heavy,10.4,15.1,16.6,14.0,D,D,C,C,Utility Player,0.0,0.0,,,,0.0,,,1,,,,,,,,True
514628bd,I Katzarski,Bulgaria,2,2.0,0,12.5,999.0,middle_heavy,10.4,12.2,4.7,9.1,D,D,D,D,Utility Player,0.0,0.0,,,,0.0,,,1,2.03,0.0,,,,,,True
9d75aec7,J Marples,Gibraltar,1,1.0,0,14.0,999.0,middle_heavy,10.4,10.8,11.2,10.8,D,D,D,D,Utility Player,0.0,0.0,,,,0.0,,,0,,,,,,,,True
2182013e,SW Masakadza,Zimbabwe,7,19.5,5,10.92,23.4,middle_heavy,10.4,6.9,3.0,6.8,D,D,D,D,Utility Player,0.74,0.2,,,,0.0,,,2,0.7,0.29,,,,,,True
a790df98,S Snater,Netherlands,12,34.83,14,9.73,14.93,middle_heavy,10.3,17.1,37.5,21.6,C,D,C,C+,Utility Player,0.9,0.07,0.05,-0.27,-0.14,0.44,0.04,,3,-0.2,0.6,-0.13,0.13,0.13,Conditions-Proof,0.22,False
b64e3749,E Ochieng,Kenya,6,19.0,4,8.74,28.5,middle_heavy,10.3,10.8,17.6,12.9,D,D,D,C,Utility Player,0.67,0.0,,,0.24,0.09,,,4,0.2,0.56,,,,,,True
498aacac,S Thanikaithasan,Denmark,6,11.67,1,7.8,70.0,middle_heavy,10.3,22.4,0.5,11.1,D,D,C,D,Utility Player,0.2,0.0,,,0.3,0.1,,0.29,5,-0.31,0.83,,,,,,True
4b51bd51,Mahmudul Hasan Joy,Bangladesh,1,0.33,0,15.0,999.0,middle_heavy,10.3,17.7,12.3,13.4,D,D,C,D,Utility Player,0.0,0.0,,,,0.0,,,1,,,,,,,,True
653a7fa8,PV Vuniwaqa,Fiji,5,11.0,5,9.18,13.2,middle_heavy,10.3,14.1,20.3,14.9,D,D,D,C,Utility Player,0.68,0.0,,,,0.15,,,5,-0.73,0.6,,,,,,True
66000a39,Md Shuayeb,Cambodia,4,6.0,4,8.33,9.0,middle_heavy,10.2,27.2,45.3,27.6,C,D,C,B,Utility Player,0.91,0.25,,,,0.68,,,2,0.85,0.0,,,,,,True
6913e38e,Wahidullah Sahak,Norway,17,42.5,22,8.47,11.59,pp_heavy,10.2,3.7,52.6,22.2,C,D,D,B,Utility Player,1.15,0.18,-0.67,-0.64,0.11,0.57,0.03,0.11,9,-0.59,0.73,-0.65,0.65,0.14,Conditions-Proof,0.33,False
adc96559,D Mogan,Malaysia,3,12.0,1,9.67,72.0,middle_heavy,10.2,5.8,2.6,6.2,D,D,D,D,Utility Player,0.27,0.0,,,,0.0,,,1,-0.27,0.67,,,,,,True
7714c405,J Thinley,Bhutan,2,3.0,0,8.33,999.0,middle_heavy,10.2,15.1,12.1,12.5,D,D,C,D,Utility Player,0.0,0.0,,,,0.0,,,1,0.21,0.5,,,,,,True
04539335,D Wheatley,Bahamas,1,2.0,0,17.0,999.0,pp_heavy,10.1,7.7,11.8,9.9,D,D,D,D,Utility Player,0.0,0.0,,,,0.0,,,1,2.0,0.0,,,,,,True
edc950ce,Sajid Khan Afridi,Greece,3,7.0,1,11.29,42.0,death_heavy,10.1,12.3,18.9,13.8,D,D,D,C,Utility Player,0.33,1.0,,,,0.19,,,3,0.8,0.0,,,,,,True
70456281,Ehsan Nawaz,Hong Kong,6,10.67,5,10.22,12.8,pp_heavy,10.1,28.0,63.1,33.7,C+,D,C,B+,Utility Player,0.7,0.2,,,,0.69,,,1,-1.96,1.0,,,,,,True
f1f99156,TH David,Singapore,11,27.33,6,9.4,27.33,middle_heavy,10.1,12.1,4.1,8.8,D,D,D,D,Utility Player,0.77,0.0,-0.32,-0.52,0.11,0.06,0.01,-0.06,6,0.12,0.4,,,0.06,Conditions-Proof,0.47,True
80b92515,Harry Johnson,Guernsey,10,31.5,9,9.05,21.0,pp_heavy,10.1,6.4,6.2,7.6,D,D,D,D,Utility Player,0.91,0.11,-0.46,-0.53,0.48,0.0,0.0,0.16,7,0.11,0.6,,,-0.19,Flat-Track Leaker,-0.12,False
4a78f962,V Zanko,Croatia,5,6.67,3,8.4,13.33,middle_heavy,10.1,25.2,38.9,24.7,C,D,C,C+,Utility Player,0.6,0.33,,,,0.56,,,4,,,,,,,,True
58431ca0,MADI Hemantha,Sri Lanka,8,29.33,10,9.1,17.6,middle_heavy,10.0,21.2,35.5,22.2,C,D,C,C+,Utility Player,0.73,0.1,,,0.26,0.33,,,1,-0.08,0.58,,,,,,True
49dcf691,Emran Shahbakhsh,Iran,1,0.83,0,16.8,999.0,middle_heavy,10.0,8.9,11.1,10.0,D,D,D,D,Utility Player,0.0,0.0,,,,0.0,,,1,,,,,,,,True
30baaf1f,TP Allen,United States of America,2,3.0,1,9.33,18.0,middle_heavy,10.0,12.7,25.6,16.1,C,D,D,C,Utility Player,0.55,0.0,,,,0.08,,,2,-0.72,1.0,,,,,,True
8ba8195d,V Sehwag,India,1,1.0,0,20.0,999.0,middle_heavy,10.0,7.6,8.8,8.8,D,D,D,D,Utility Player,0.0,0.0,,,,0.0,,,0,,,,,,,,True
ade3660b,WT Mashinge,Zimbabwe,2,5.0,1,11.8,30.0,middle_heavy,10.0,7.8,8.7,8.8,D,D,D,D,Utility Player,0.35,0.0,,,,0.0,,,0,1.0,0.0,,,,,,True
9103ecdb,Muhammad Rohid,United Arab Emirates,14,46.0,20,8.41,13.8,pp_heavy,9.9,5.3,38.5,17.9,C,D,D,C+,Utility Player,0.73,0.3,-0.3,-0.04,-0.29,0.27,0.02,-0.05,6,-0.29,0.65,0.9,-0.9,-0.0,Conditions-Proof,-0.1,False
0a5718ef,Iftekar Jaman,Cyprus,1,1.0,0,15.0,999.0,pp_heavy,9.9,8.9,7.2,8.7,D,D,D,D,Utility Player,0.0,0.0,,,,0.0,,,0,,,,,,,,True
e0c5125f,AZ Shah,Fiji,2,5.0,1,10.6,30.0,pp_heavy,9.9,19.2,23.0,17.4,C,D,C,C,Utility Player,0.75,1.0,,,,0.1,,,2,1.28,0.0,,,,,,True
f987245c,AM Ellis,New Zealand,4,10.0,2,10.6,30.0,middle_heavy,9.9,18.5,10.3,12.9,D,D,C,D,Utility Player,0.28,0.0,,,,0.0,,,0,0.94,0.33,,,,,,True
6dba59e0,Syazrul Idrus,Malaysia,25,78.0,42,7.24,11.14,pp_heavy,9.9,10.2,65.6,28.6,C,D,D,B+,Utility Player,1.01,0.55,0.04,0.48,-0.14,0.88,0.04,-0.36,12,-0.8,0.57,0.21,-0.21,-0.06,Conditions-Proof,-0.14,False
43e2e8c3,Neeraj Mishra,Czech Republic,6,17.0,2,9.65,51.0,pp_heavy,9.8,6.5,6.2,7.5,D,D,D,D,Utility Player,0.5,0.5,,,0.24,0.0,,,1,-0.88,0.83,,,,,,True
1339f52a,M Fontaine,Hungary,5,7.17,3,7.95,14.33,pp_heavy,9.8,42.0,16.8,22.9,C,D,C+,C,Utility Player,0.59,0.0,,,,0.35,,,4,-2.8,1.0,,,,,,True
2237eb05,Bilal Ahmad Mir,South Korea,8,22.83,11,8.54,12.45,middle_heavy,9.8,13.2,46.8,23.3,C,D,D,B,Utility Player,0.66,0.18,,,0.0,0.6,,,3,-0.65,0.67,,,,,,True
709525fc,J Vijay,Portugal,1,2.0,0,15.5,999.0,middle_heavy,9.8,9.0,9.0,9.3,D,D,D,D,Utility Player,0.0,0.0,,,,0.0,,,1,,,,,,,,True
93a77ad4,M Chadha,Cambodia,5,16.0,8,9.38,12.0,middle_heavy,9.8,5.5,45.9,20.4,C,D,D,B,Utility Player,1.31,0.0,,,,0.4,,,5,-0.93,0.83,,,,,,True
5e5a45bd,Kabir Berlia,Singapore,6,19.17,8,8.45,14.38,middle_heavy,9.8,27.5,40.6,26.0,C,D,C,C+,Utility Player,0.72,0.25,,,0.0,0.5,,,2,-0.35,0.56,,,,,,True
ffbbf432,F Choudary,Sweden,2,3.0,1,10.67,18.0,middle_heavy,9.7,7.1,14.5,10.4,D,D,D,D,Utility Player,0.6,0.0,,,,0.0,,,0,,,,,,,,True
adca37a2,Jaspal Singh,Malta,11,29.17,5,8.09,35.0,middle_heavy,9.7,1.2,0.7,3.9,D,D,D,D,Utility Player,0.54,0.2,-0.96,0.12,-0.34,0.06,0.01,,4,-0.39,0.64,,,-0.54,Flat-Track Leaker,-0.61,True
1a0c3177,P Awana,India,2,6.0,0,12.0,999.0,pp_heavy,9.7,8.1,3.3,7.0,D,D,D,D,Utility Player,0.0,0.0,,,,0.0,,,0,1.32,0.0,,,,,,True
922e3dcc,Kamran Khan (2),Qatar,1,1.67,0,25.2,999.0,death_heavy,9.7,6.7,8.5,8.3,D,D,D,D,Utility Player,0.0,0.0,,,,0.0,,,0,4.95,0.0,,,,,,True
4b83e65a,AR Balla,Cameroon,1,1.0,0,16.0,999.0,pp_heavy,9.6,15.2,13.0,12.6,D,D,C,D,Utility Player,0.0,0.0,,,,0.0,,,1,,,,,,,,True
0f721006,JO Holder,West Indies,89,323.5,117,8.93,16.59,pp_heavy,9.6,12.3,53.6,25.2,C,D,D,B,Utility Player,0.87,0.14,0.44,0.28,0.01,0.61,0.01,0.09,7,-0.52,0.66,0.17,-0.17,-0.1,Conditions-Proof,-0.05,False
de0a3209,Mominul Haque,Bangladesh,2,3.0,0,10.67,999.0,middle_heavy,9.6,20.7,3.9,11.4,D,D,C,D,Utility Player,0.0,0.0,,,,0.0,,,0,0.84,0.0,,,,,,True
d014d5ac,SE Rutherford,West Indies,3,6.0,3,10.67,12.0,middle_heavy,9.6,10.5,26.8,15.6,C,D,D,C,Utility Player,0.7,0.0,,,,0.07,,,0,0.52,0.0,,,,,,True
1274d7ab,Nazmul Hossain Shanto,Bangladesh,3,3.0,0,8.67,999.0,middle_heavy,9.6,15.6,1.4,8.9,D,D,C,D,Utility Player,0.0,0.0,,,,0.0,,,2,,,,,,,,True
5574750c,JC Archer,England,45,165.67,62,8.45,16.03,pp_heavy,9.5,29.8,74.1,37.8,C+,D,C,B+,Utility Player,0.91,0.19,0.58,0.57,-0.28,0.89,0.02,,4,-0.77,0.75,-0.04,0.04,-0.18,Flat-Track Leaker,-0.28,False
0ecb4de6,Rehan Ahmed,England,12,38.0,17,9.5,13.41,middle_heavy,9.5,27.9,63.0,33.5,C+,D,C,B+,Utility Player,0.81,0.24,0.36,0.13,-0.04,0.73,0.06,,2,-0.06,0.54,-0.49,0.49,0.28,Tough-Track Enforcer,0.09,False
64775749,RP Meredith,Australia,6,22.83,9,9.99,15.22,pp_heavy,9.5,8.4,41.5,19.8,C,D,D,C+,Utility Player,0.97,0.22,,,,0.23,,,0,-0.83,0.56,,,,,,True
de7d833e,D Madushanka,Sri Lanka,17,58.0,20,9.62,17.4,pp_heavy,9.4,7.8,45.0,20.7,C,D,D,B,Utility Player,0.83,0.2,-0.15,-0.02,-0.31,0.31,0.02,,1,-0.54,0.55,0.28,-0.28,0.1,Conditions-Proof,0.11,False
b561e8ea,Nimish Lathief,Kuwait,15,38.17,10,8.12,22.9,middle_heavy,9.4,13.0,2.6,8.3,D,D,D,D,Utility Player,0.55,0.2,-0.37,-0.16,-0.59,0.13,0.01,-0.03,5,-0.2,0.43,-0.17,0.17,0.09,Conditions-Proof,0.03,False
882fd091,MF Manjate,Mozambique,1,1.0,0,11.0,999.0,middle_heavy,9.4,12.4,13.2,11.7,D,D,D,D,Utility Player,0.0,0.0,,,,0.0,,,1,,,,,,,,True
a02a0e07,C Shivakumar,Singapore,3,7.0,0,10.57,999.0,middle_heavy,9.3,4.6,1.7,5.2,D,D,D,D,Utility Player,0.0,0.0,,,,0.0,,,1,-0.02,0.5,,,,,,True
d9273ee7,MP Stoinis,Australia,55,146.83,55,8.94,16.02,middle_heavy,9.3,6.1,19.7,11.7,D,D,D,C,Utility Player,0.72,0.05,-0.02,0.44,0.16,0.44,0.01,,4,-0.33,0.54,-0.23,0.23,0.21,Tough-Track Enforcer,1.57,False
c251b048,Luo Shilin,China,6,19.0,2,7.68,57.0,middle_heavy,9.3,8.4,2.3,6.7,D,D,D,D,Utility Player,0.4,0.5,,,-0.44,0.0,,,2,-0.46,0.7,,,,,,True
b648094c,Ram Krishan,Estonia,1,1.0,0,16.0,999.0,middle_heavy,9.3,7.5,8.6,8.5,D,D,D,D,Utility Player,0.0,0.0,,,,0.0,,,0,,,,,,,,True
44744467,VL Mukesh,Seychelles,4,8.0,0,8.0,999.0,pp_heavy,9.3,15.4,1.1,8.6,D,D,C,D,Utility Player,0.0,0.0,,,,0.0,,,4,-0.52,0.6,,,,,,True
5feead83,TT Maposa,Zimbabwe,18,51.33,15,9.27,20.53,middle_heavy,9.2,4.1,9.9,7.7,D,D,D,D,Utility Player,0.94,0.13,-0.36,-0.42,-0.32,0.18,0.01,0.04,5,-0.39,0.58,0.06,-0.06,-0.11,Conditions-Proof,0.28,False
aef39fe4,Muhammad Tanveer,Qatar,16,35.83,8,8.51,26.88,middle_heavy,9.2,10.5,1.6,7.1,D,D,D,D,Utility Player,0.41,0.5,-0.6,-0.11,-0.36,0.12,0.01,0.1,9,-0.55,0.56,-0.54,0.54,-0.54,Flat-Track Leaker,-0.93,False
6a84b40e,Davion Codner,Cayman Islands,3,5.0,1,9.4,30.0,middle_heavy,9.2,10.5,10.1,9.9,D,D,D,D,Utility Player,0.47,0.0,,,,0.0,,,0,-0.38,0.33,,,,,,True
35205dfc,DR Smith,West Indies,11,23.67,8,9.04,17.75,middle_heavy,9.1,27.6,37.1,24.6,C,D,C,C+,Utility Player,0.36,0.38,-0.29,,0.38,0.43,0.04,0.04,5,-1.04,0.8,,,0.08,Conditions-Proof,0.12,True
e0febd97,Arsalan Ahmed,Greece,3,7.0,3,9.57,14.0,pp_heavy,9.1,21.5,30.2,20.3,C,D,C,C+,Utility Player,0.87,0.0,,,,0.33,,,0,-0.66,1.0,,,,,,True
c3ba4942,R Siriwardena,Cyprus,6,19.0,12,10.11,9.5,middle_heavy,9.1,6.7,47.5,21.1,C,D,D,B,Utility Player,1.03,0.33,,,-0.35,0.66,,,0,-0.41,0.6,,,,,,True
c58b0108,Mehedi Hasan Miraz,Bangladesh,29,74.0,17,8.58,26.12,middle_heavy,9.1,39.9,10.9,20.0,C,D,C+,D,Utility Player,0.45,0.06,0.05,0.53,-0.04,0.54,0.02,-0.22,6,-0.27,0.67,0.12,-0.12,-0.03,Conditions-Proof,-0.23,False
a6631b55,Salvin Stanly,Cambodia,5,11.0,2,9.36,33.0,middle_heavy,9.1,13.3,4.7,9.0,D,D,D,D,Utility Player,0.6,0.0,,,,0.0,,,2,-0.55,0.6,,,,,,True
21b97584,Mrittunjoy Chowdhury,Bangladesh,1,1.0,0,14.0,999.0,pp_heavy,9.1,18.5,20.6,16.1,C,D,C,C,Utility Player,0.0,0.0,,,,0.0,,,1,,,,,,,,True
e00acf74,E Mathew,Malta,20,56.83,21,8.25,16.24,middle_heavy,9.0,11.5,30.3,16.9,C,D,D,C+,Utility Player,0.68,0.24,0.06,0.27,0.01,0.55,0.03,-0.2,7,-0.78,0.72,0.22,-0.22,-0.37,Conditions-Proof,0.08,False
917f0c3f,A Trivedi,Luxembourg,1,1.0,0,15.0,999.0,middle_heavy,9.0,10.7,13.6,11.1,D,D,D,D,Utility Player,0.0,0.0,,,,0.0,,,0,,,,,,,,True
e86754b2,TK Curran,England,29,98.0,32,9.35,18.38,pp_heavy,8.9,11.7,10.5,10.4,D,D,D,D,Utility Player,0.8,0.25,0.14,-0.05,0.12,0.16,0.01,,4,-0.41,0.57,-0.09,0.09,-0.02,Conditions-Proof,0.32,False
d0d32c30,Amandeep Singh,Portugal,12,33.0,10,7.42,19.8,middle_heavy,8.9,9.7,9.7,9.4,D,D,D,D,Utility Player,0.52,0.0,-0.26,0.05,-0.34,0.18,0.02,0.25,7,-0.57,0.71,-0.33,0.33,0.3,Tough-Track Enforcer,0.34,False
b978780e,G Chohan,Philippines,16,35.67,10,9.98,21.4,middle_heavy,8.9,4.6,21.5,11.7,D,D,D,C,Utility Player,0.4,0.3,-1.14,-0.91,-0.14,0.32,0.02,-0.39,7,-0.11,0.53,-0.06,0.06,0.17,Tough-Track Enforcer,0.34,False
f092b4c7,Janak Prakash,Singapore,39,135.33,52,8.97,15.62,pp_heavy,8.9,10.3,45.9,21.7,C,D,D,B,Utility Player,0.81,0.23,0.36,0.91,0.04,0.51,0.01,0.09,26,-0.57,0.69,-0.16,0.16,-0.14,Conditions-Proof,-0.4,False
95d3c4a6,TS Braat,Netherlands,5,14.0,6,9.71,14.0,middle_heavy,8.8,13.6,47.0,23.1,C,D,D,B,Utility Player,1.06,0.17,,,,0.38,,,2,0.09,0.5,,,,,,True
81c36ee9,M Jansen,South Africa,28,102.83,32,9.25,19.28,pp_heavy,8.8,14.6,57.0,26.8,C,D,D,B,Utility Player,0.83,0.19,0.37,0.19,0.12,0.52,0.02,,4,-0.27,0.63,0.01,-0.01,-0.02,Conditions-Proof,-0.09,False
17f507e7,MA Algi,Mozambique,5,14.0,6,9.43,14.0,pp_heavy,8.8,24.0,44.6,25.8,C,D,C,C+,Utility Player,1.16,0.17,,,,0.64,,,0,-1.46,0.83,,,,,,True
5426de63,HB Shipley,New Zealand,4,13.0,2,11.08,39.0,pp_heavy,8.7,8.4,2.1,6.4,D,D,D,D,Utility Player,0.62,0.0,,,,0.0,,,0,0.64,0.33,,,,,,True
e957b38f,AR McBrine,Ireland,19,55.0,19,7.15,17.37,middle_heavy,8.7,29.6,22.8,20.4,C,D,C,C,Utility Player,0.84,0.32,-0.19,0.84,-0.59,0.49,0.03,0.27,8,-0.92,0.9,0.22,-0.22,-0.56,Flat-Track Leaker,-0.64,False
657c4b12,M Altankhuyag,Mongolia,1,2.0,1,27.5,12.0,death_heavy,8.7,9.2,18.9,12.3,D,D,D,C,Utility Player,1.2,0.0,,,,0.0,,,0,,,,,,,,True
68c3f79d,LN Onyango,Kenya,4,10.0,3,11.1,20.0,middle_heavy,8.7,5.9,15.8,10.1,D,D,D,C,Utility Player,0.9,0.0,,,,0.01,,,3,1.39,0.25,,,,,,True
350bb1b1,AF Milne,New Zealand,53,189.17,67,8.56,16.94,pp_heavy,8.7,13.1,64.7,28.8,C,D,D,B+,Utility Player,0.86,0.22,0.19,1.22,-0.38,0.65,0.01,-0.16,5,-0.54,0.56,-0.03,0.03,-0.1,Conditions-Proof,-0.07,False
b6a85ead,Vimal Kumar,Philippines,2,6.0,0,11.33,999.0,middle_heavy,8.7,13.5,8.2,10.1,D,D,D,D,Utility Player,0.0,0.0,,,,0.0,,,2,0.15,0.5,,,,,,True
54909313,Sajid Khan,Croatia,3,8.17,1,9.55,49.0,middle_heavy,8.6,19.5,4.7,10.9,D,D,C,D,Utility Player,0.47,0.0,,,,0.02,,,1,-0.52,0.33,,,,,,True
024a173d,J Nyumbu,Zimbabwe,2,6.0,0,12.83,999.0,pp_heavy,8.6,6.5,6.2,7.1,D,D,D,D,Utility Player,0.0,0.0,,,,0.0,,,0,0.64,0.25,,,,,,True
648d060e,Aung Ko Ko,Myanmar,5,11.5,5,6.43,13.8,middle_heavy,8.6,7.1,21.7,12.5,D,D,D,C,Utility Player,0.56,0.2,,,,0.14,,,4,-2.05,1.0,,,,,,True
1c0a2249,A Dhar,Cayman Islands,2,3.0,0,10.33,999.0,middle_heavy,8.6,7.2,4.5,6.8,D,D,D,D,Utility Player,0.0,0.0,,,,0.0,,,2,0.85,0.5,,,,,,True
587e65cc,Shahid Arshad,Slovenia,1,1.0,0,17.0,999.0,pp_heavy,8.6,6.2,8.8,7.9,D,D,D,D,Utility Player,0.0,0.0,,,,0.0,,,1,,,,,,,,True
f681fa6e,DVD Madampage,South Korea,7,22.0,7,8.95,18.86,pp_heavy,8.6,12.7,26.3,15.9,C,D,D,C,Utility Player,0.76,0.0,,,0.0,0.18,,,2,-0.7,0.73,,,,,,True
c74c583b,R Bakum,Ghana,14,34.17,17,7.9,12.06,middle_heavy,8.6,4.6,39.5,17.6,C,D,D,C+,Utility Player,0.61,0.12,-0.35,0.7,-0.29,0.45,0.03,-0.18,9,-0.5,0.62,0.59,-0.59,-0.38,Flat-Track Leaker,-1.27,False
7eb36269,M van Lingen,Namibia,3,3.33,0,11.4,999.0,middle_heavy,8.6,13.3,1.8,7.9,D,D,D,D,Utility Player,0.0,0.0,,,,0.0,,,1,,,,,,,,True
9822fb85,Isa Zaroo,Bulgaria,3,9.0,4,10.11,13.5,middle_heavy,8.5,13.3,29.7,17.2,C,D,D,C,Utility Player,1.25,0.0,,,,0.26,,,0,0.55,0.25,,,,,,True
5bebe726,J Gallimore,Bahamas,1,1.0,0,21.0,999.0,death_heavy,8.5,10.3,8.7,9.2,D,D,D,D,Utility Player,0.0,0.0,,,,0.0,,,1,,,,,,,,True
8a9320a1,TM Macalou,Mali,9,17.83,8,7.57,13.38,middle_heavy,8.4,11.9,48.1,22.8,C,D,D,B,Utility Player,0.56,0.5,,,-0.16,0.66,,,9,-1.08,0.83,,,,,,True
8ad3d034,AB Mengoumou,Cameroon,2,5.0,1,14.0,30.0,middle_heavy,8.4,4.3,4.9,5.9,D,D,D,D,Utility Player,0.6,0.0,,,,0.0,,,2,0.7,0.0,,,,,,True
895ae8b6,D Kalvin,Seychelles,4,11.0,3,9.27,22.0,middle_heavy,8.3,6.8,9.3,8.1,D,D,D,D,Utility Player,0.56,0.0,,,,0.0,,,4,0.1,0.5,,,,,,True
ae380321,F Suluoto,Samoa,1,1.0,0,16.0,999.0,middle_heavy,8.3,8.6,10.4,9.1,D,D,D,D,Utility Player,0.0,0.0,,,,0.0,,,1,,,,,,,,True
8f3c6b8a,Muhammad Farooq,United Arab Emirates,14,43.0,17,7.74,15.18,middle_heavy,8.3,36.8,43.3,29.5,C,D,C+,C+,Utility Player,0.74,0.24,0.13,0.46,-0.62,0.68,0.05,,4,-0.23,0.53,-0.36,0.36,0.05,Conditions-Proof,-0.0,False
06b8bdb3,AM Rajpurohit,Gambia,3,10.83,3,9.88,21.67,middle_heavy,8.3,7.0,27.9,14.4,D,D,D,C,Utility Player,1.3,0.67,,,,0.14,,,3,-0.0,0.75,,,,,,True
c6e1354c,Ikramullah Khan,Qatar,35,110.0,42,8.57,15.71,pp_heavy,8.3,6.4,14.7,9.8,D,D,D,D,Utility Player,0.73,0.33,-0.29,0.37,-0.48,0.2,0.01,-0.07,16,-0.35,0.7,0.32,-0.32,-0.02,Conditions-Proof,-0.22,False
fabbb9e0,R Johnson,Turks and Caicos Island,2,3.0,2,11.33,9.0,pp_heavy,8.2,4.6,36.6,16.5,C,D,D,C+,Utility Player,0.75,1.0,,,,0.38,,,1,0.91,0.5,,,,,,True
a386e91b,PD Collingwood,England,20,39.0,16,9.05,14.62,middle_heavy,8.2,8.4,38.9,18.5,C,D,D,C+,Utility Player,0.52,0.38,-0.5,-0.36,0.17,0.39,0.02,,3,0.29,0.4,0.42,-0.42,-0.2,Flat-Track Leaker,-0.08,False
49691d7a,CB Mpofu,Zimbabwe,26,95.67,28,9.57,20.5,pp_heavy,8.2,7.8,9.2,8.4,D,D,D,D,Utility Player,0.84,0.11,0.13,0.06,0.3,0.07,0.0,0.16,9,-0.34,0.6,-0.41,0.41,0.11,Conditions-Proof,-0.01,False
41b63677,R Baruah,Estonia,6,10.0,4,9.0,15.0,middle_heavy,8.2,6.8,20.9,12.0,D,D,D,C,Utility Player,0.38,0.0,,,0.35,0.15,,,0,0.09,0.25,,,,,,True
45b8f7c8,S Weleilakeba,Fiji,2,3.0,0,11.0,999.0,middle_heavy,8.2,7.2,4.4,6.6,D,D,D,D,Utility Player,0.0,0.0,,,,0.0,,,2,-0.01,1.0,,,,,,True
d24ad3e5,Danish Jasnaik,Bahrain,4,12.0,2,10.08,36.0,middle_heavy,8.2,14.6,3.9,8.9,D,D,D,D,Utility Player,0.62,0.0,,,,0.0,,,1,0.04,0.57,,,,,,True
4fc115af,RJ Pierre,Rwanda,6,12.0,2,9.67,36.0,middle_heavy,8.2,14.6,6.3,9.7,D,D,D,D,Utility Player,0.17,0.0,,,0.0,0.02,,,1,0.51,0.14,,,,,,True
a323465c,RR Joshi,Canada,7,21.67,5,8.49,26.0,pp_heavy,8.1,18.7,4.8,10.5,D,D,C,D,Utility Player,1.06,0.4,,,-0.84,0.05,,,4,-0.42,0.56,,,,,,True
9b85a13a,Mohammad Ahnaff,Qatar,1,1.0,0,15.0,999.0,middle_heavy,8.1,8.8,14.0,10.3,D,D,D,D,Utility Player,0.0,0.0,,,,0.0,,,1,,,,,,,,True
09e5baeb,GF Cardos,Timor-Leste,1,1.0,0,12.0,999.0,pp_heavy,8.1,14.9,8.1,10.4,D,D,D,D,Utility Player,0.0,0.0,,,,0.0,,,1,,,,,,,,True
b3092fc4,L Maphane,Botswana,1,1.0,0,15.0,999.0,middle_heavy,8.1,8.8,6.5,7.8,D,D,D,D,Utility Player,0.0,0.0,,,,0.0,,,0,,,,,,,,True
b67bfbf8,HK Kukreja,Singapore,2,4.0,1,12.75,24.0,middle_heavy,8.1,12.9,12.0,11.0,D,D,D,D,Utility Player,0.6,0.0,,,,0.0,,,0,1.09,0.0,,,,,,True
ffafcfce,Bashir Ahmad,Switzerland,1,2.0,0,18.0,999.0,pp_heavy,8.1,5.2,9.3,7.5,D,D,D,D,Utility Player,0.0,0.0,,,,0.0,,,1,3.53,0.0,,,,,,True
77768f72,Rakibul Hasan,Bangladesh,3,7.0,2,7.86,21.0,pp_heavy,8.1,18.5,23.1,16.6,C,D,C,C,Utility Player,1.0,0.0,,,,0.0,,,2,-0.86,1.0,,,,,,True
086f5984,Junaid Khan,Pakistan,8,23.0,5,9.39,27.6,pp_heavy,8.0,11.6,6.6,8.7,D,D,D,D,Utility Player,0.46,0.2,,,0.09,0.0,,,1,0.66,0.27,,,,,,True
a9ee404e,Bakhtiar Tahiri,Bulgaria,6,13.0,3,10.0,26.0,middle_heavy,8.0,11.2,29.0,16.1,C,D,D,C,Utility Player,0.39,0.67,,,,0.27,,,1,-0.72,0.67,,,,,,True
b6af1647,Abdul Bashir,Germany,4,12.0,2,9.83,36.0,pp_heavy,8.0,5.1,7.1,6.7,D,D,D,D,Utility Player,0.65,0.5,,,,0.0,,,0,-0.13,0.2,,,,,,True
ab343e93,P Kerai,Kenya,4,9.0,4,8.33,13.5,middle_heavy,8.0,14.1,29.0,17.0,C,D,D,C,Utility Player,0.24,0.0,,,,0.16,,,4,0.39,0.25,,,,,,True
58edb974,Irshad Mubbashar,Saudi Arabia,2,2.0,1,11.0,12.0,middle_heavy,8.0,13.8,28.6,16.8,C,D,D,C,Utility Player,0.75,0.0,,,,0.11,,,1,,,,,,,,True
6483c062,A Dizija,Serbia,4,10.17,3,12.69,20.33,middle_heavy,8.0,5.1,15.8,9.6,D,D,D,C,Utility Player,0.64,0.0,,,,0.07,,,3,0.45,0.17,,,,,,True
7ecb9a14,Aamir Kaleem,Oman,40,109.83,47,7.78,14.02,middle_heavy,8.0,14.0,59.5,27.2,C,D,D,B,Utility Player,0.66,0.36,-0.09,0.37,-0.18,0.84,0.02,-0.16,17,-0.47,0.61,0.35,-0.35,-0.15,Conditions-Proof,0.03,False
a89c270b,KC Ramamoorthy,Indonesia,5,13.83,6,7.66,13.83,middle_heavy,7.9,2.7,33.9,14.8,D,D,D,C+,Utility Player,0.74,0.5,,,,0.31,,,2,-0.92,0.6,,,,,,True
c821e504,Bipin Kumar,Qatar,8,27.0,3,8.67,54.0,pp_heavy,7.9,14.6,0.3,7.6,D,D,D,D,Utility Player,0.51,0.0,,,-0.22,0.02,,,4,-0.35,0.5,,,,,,True
b312a9c1,E Walker,Isle of Man,3,8.0,1,9.5,48.0,middle_heavy,7.8,10.6,3.3,7.2,D,D,D,D,Utility Player,0.47,0.0,,,,0.0,,,2,0.11,0.6,,,,,,True
a2eac9df,Waqas Barkat,Hong Kong,21,47.33,12,8.2,23.67,middle_heavy,7.8,9.8,4.5,7.4,D,D,D,D,Utility Player,0.43,0.17,-0.51,-0.61,-0.22,0.17,0.01,0.09,7,-0.55,0.58,-0.06,0.06,-0.01,Conditions-Proof,-0.05,False
c872d657,DV Devjani Mutreja,Mexico,4,6.17,4,8.59,9.25,middle_heavy,7.8,5.0,37.4,16.7,C,D,D,C+,Utility Player,0.35,0.25,,,,0.41,,,2,-0.66,1.0,,,,,,True
2ef6c852,JM Joao,Mozambique,3,4.0,0,10.25,999.0,pp_heavy,7.7,21.3,3.3,10.8,D,D,C,D,Utility Player,0.0,0.0,,,,0.04,,,3,,,,,,,,True
76f168de,Mustafa Atmaca,Turkey,1,1.0,1,14.0,6.0,middle_heavy,7.7,14.9,30.1,17.6,C,D,D,C+,Utility Player,1.5,0.0,,,,0.32,,,0,,,,,,,,True
87ffd217,ZK Shem,Vanuatu,2,5.0,1,12.2,30.0,middle_heavy,7.7,7.3,8.9,8.0,D,D,D,D,Utility Player,0.75,0.0,,,,0.0,,,1,-0.64,1.0,,,,,,True
84212ffb,J Liyanage,Sri Lanka,2,2.33,0,13.71,999.0,middle_heavy,7.7,15.0,4.9,9.2,D,D,C,D,Utility Player,0.0,0.0,,,,0.0,,,1,,,,,,,,True
f20e7aac,W Uisuk,Thailand,2,4.0,0,11.5,999.0,pp_heavy,7.7,13.8,7.5,9.7,D,D,D,D,Utility Player,0.0,0.0,,,,0.0,,,1,0.68,0.5,,,,,,True
f56cd097,Rubel Hossain,Bangladesh,25,88.67,29,9.7,18.34,middle_heavy,7.6,3.3,34.8,15.2,C,D,D,C+,Utility Player,0.92,0.48,0.15,-0.02,0.31,0.38,0.02,-0.09,6,-0.41,0.6,-0.17,0.17,0.05,Conditions-Proof,0.14,False
5d6e07a5,Mubeen Tariq,Portugal,1,2.0,0,16.0,999.0,middle_heavy,7.6,6.3,9.2,7.7,D,D,D,D,Utility Player,0.0,0.0,,,,0.0,,,0,2.33,0.0,,,,,,True
85e0cf10,M Prasidh Krishna,India,5,20.0,9,11.2,13.33,middle_heavy,7.6,2.7,44.1,18.1,C,D,D,C+,Utility Player,0.97,0.22,,,,0.3,,,0,0.89,0.22,,,,,,True
2d03c3f8,C Cassell,Scotland,2,5.0,2,13.4,15.0,pp_heavy,7.6,6.0,28.6,14.1,D,D,D,C,Utility Player,0.65,0.5,,,,0.04,,,0,0.11,0.5,,,,,,True
1b8c2b54,M Prasanna,Romania,4,13.0,4,10.08,19.5,middle_heavy,7.6,9.9,16.1,11.2,D,D,D,C,Utility Player,0.82,0.25,,,,0.06,,,0,0.03,0.75,,,,,,True
acf2b680,Muhammad Afis,Indonesia,1,1.0,0,18.0,999.0,pp_heavy,7.5,6.8,10.6,8.3,D,D,D,D,Utility Player,0.0,0.0,,,,0.0,,,0,2.53,0.0,,,,,,True
28496266,CT Mumba,Zimbabwe,9,21.0,5,9.19,25.2,pp_heavy,7.5,19.2,17.9,14.9,D,D,C,C,Utility Player,0.58,0.2,,,-0.57,0.12,,0.06,5,-0.11,0.67,,,,,,True
22b25a18,Noorullah Sidiqi,Belgium,1,1.0,0,20.0,999.0,middle_heavy,7.5,6.4,9.8,7.9,D,D,D,D,Utility Player,0.0,0.0,,,,0.0,,,0,,,,,,,,True
090f9211,Shahadat Hossain,Bangladesh,5,16.0,2,11.31,48.0,pp_heavy,7.5,6.1,3.5,5.7,D,D,D,D,Utility Player,0.44,0.5,,,,0.0,,,1,0.15,0.38,,,,,,True
fd67025d,Masood Jayezeh,Iran,1,1.0,0,17.0,999.0,middle_heavy,7.5,7.3,8.6,7.8,D,D,D,D,Utility Player,0.0,0.0,,,,0.0,,,1,,,,,,,,True
df3947f4,Muhammad Murad,Qatar,11,34.33,13,8.21,15.85,pp_heavy,7.5,5.1,31.3,14.6,D,D,D,C+,Utility Player,0.36,0.38,-0.13,-0.14,0.0,0.21,0.02,0.74,8,-0.86,0.71,,,0.04,Conditions-Proof,-0.18,False
10c158cc,K Sonavale,Oman,2,1.5,0,11.33,999.0,middle_heavy,7.4,16.3,4.1,9.3,D,D,C,D,Utility Player,0.0,0.0,,,,0.0,,,1,,,,,,,,True
8596fe80,Mohammad Hasnain,Pakistan,26,99.0,28,8.77,21.21,pp_heavy,7.4,6.3,22.7,12.1,D,D,D,C,Utility Player,0.7,0.21,0.23,0.09,-0.23,0.16,0.01,,3,-0.35,0.61,-0.09,0.09,0.06,Conditions-Proof,0.01,False
9bfb8edc,Riyaz Kajalwala,Cyprus,1,0.5,0,28.0,999.0,middle_heavy,7.4,1.1,4.3,4.3,D,D,D,D,Utility Player,0.0,0.0,,,,0.0,,,1,,,,,,,,True
f8ce577b,Aminul Islam,Bangladesh,10,31.33,13,7.6,14.46,middle_heavy,7.4,38.7,37.2,27.8,C,D,C+,C+,Utility Player,0.95,0.15,0.12,0.54,0.36,0.48,0.05,,4,-0.79,0.79,,,0.28,Tough-Track Enforcer,0.54,False
bf172ae6,Sufyan Mehmood,Oman,23,66.5,24,8.53,16.62,middle_heavy,7.4,6.8,41.6,18.6,C,D,D,C+,Utility Player,0.76,0.5,-0.23,-0.35,0.23,0.46,0.02,0.35,8,-0.13,0.6,-0.03,0.03,-0.05,Conditions-Proof,-0.03,False
68f500c8,Z Hoque,Thailand,7,21.0,4,6.05,31.5,pp_heavy,7.4,16.7,4.6,9.6,D,D,C,D,Utility Player,0.63,0.25,,,0.77,0.04,,-0.5,5,-1.39,1.0,,,,,,True
32190239,NT Gireesh,Cambodia,10,22.0,9,8.64,14.67,middle_heavy,7.4,8.0,36.7,17.4,C,D,D,C+,Utility Player,0.62,0.22,-0.32,-0.19,0.28,0.37,0.04,,3,-0.99,0.78,,,-0.57,Flat-Track Leaker,-0.78,True
0d7e506a,V Marghashayam,Czech Republic,4,10.0,4,10.2,15.0,middle_heavy,7.3,14.1,40.4,20.6,C,D,D,C+,Utility Player,1.01,0.5,,,,0.38,,,0,0.9,0.33,,,,,,True
5a719b87,JF Chester,Swaziland,1,1.0,0,18.0,999.0,pp_heavy,7.3,6.2,9.1,7.5,D,D,D,D,Utility Player,0.0,0.0,,,,0.0,,,1,,,,,,,,True
dcdc9b49,Basharat Hussain,South Korea,4,11.0,1,9.45,66.0,middle_heavy,7.3,8.8,1.2,5.8,D,D,D,D,Utility Player,0.3,0.0,,,,0.0,,,1,0.11,0.8,,,,,,True
eea27fb2,CA Liyanage,Maldives,1,1.0,0,14.0,999.0,pp_heavy,7.3,10.8,6.5,8.2,D,D,D,D,Utility Player,0.0,0.0,,,,0.0,,,0,,,,,,,,True
dad64776,MV Matsau,Lesotho,8,15.33,7,10.24,13.14,pp_heavy,7.3,8.9,31.0,15.7,C,D,D,C+,Utility Player,0.55,0.14,,,0.29,0.24,,,8,-0.69,1.0,,,,,,True
55a5cffb,A Ahmadhel,Bulgaria,2,1.67,1,12.6,10.0,middle_heavy,7.3,7.2,27.4,14.0,D,D,D,C,Utility Player,0.55,0.0,,,,0.18,,,2,,,,,,,,True
7c38942a,Zahir Mohammed,Hungary,1,1.0,0,23.0,999.0,death_heavy,7.2,5.3,8.3,6.9,D,D,D,D,Utility Player,0.0,0.0,,,,0.0,,,0,,,,,,,,True
0d37dea9,DE Budge,Scotland,1,1.0,1,22.0,6.0,middle_heavy,7.2,3.4,31.6,14.1,D,D,D,C+,Utility Player,1.4,0.0,,,,0.09,,,1,-0.23,1.0,,,,,,True
8c8a3f08,GM Ntambalika,Malawi,5,12.0,5,8.0,14.4,pp_heavy,7.1,14.5,31.9,17.8,C,D,D,C+,Utility Player,1.15,0.0,,,,0.23,,,5,-0.6,0.57,,,,,,True
7a787b98,M Magagula,Eswatini,18,49.0,20,9.37,14.7,middle_heavy,7.1,2.8,42.1,17.3,C,D,D,C+,Utility Player,0.77,0.5,-0.3,-0.46,-0.3,0.54,0.03,0.36,14,-0.59,0.76,0.17,-0.17,0.41,Tough-Track Enforcer,0.13,False
b8d490fd,AJ Finch,Australia,2,2.0,0,13.5,999.0,middle_heavy,7.1,8.9,7.7,7.9,D,D,D,D,Utility Player,0.0,0.0,,,,0.0,,,1,,,,,,,,True
c577d7d4,A Chaubey,Croatia,4,13.17,3,10.1,26.33,pp_heavy,7.1,7.9,24.4,13.1,D,D,D,C,Utility Player,0.35,0.0,,,,0.07,,,2,-0.82,0.6,,,,,,True
212aeedd,N Peter,South Africa,12,35.0,10,9.51,21.0,middle_heavy,7.1,17.7,18.8,14.5,D,D,C,C,Utility Player,0.82,0.2,-0.11,-0.22,-0.09,0.23,0.02,,1,-0.32,0.65,,,-0.25,Flat-Track Leaker,-0.08,False
a4e37e47,S Dube,India,38,79.33,30,9.89,15.87,middle_heavy,7.0,4.8,39.6,17.1,C,D,D,C+,Utility Player,0.6,0.17,-0.72,-0.21,-0.29,0.47,0.01,,4,0.19,0.45,0.56,-0.56,0.13,Conditions-Proof,0.22,False
3daaabaa,Ahmed Wardak,Germany,7,21.83,10,6.5,13.1,pp_heavy,7.0,5.8,22.5,11.8,D,D,D,C,Utility Player,0.53,0.4,,,,0.1,,0.94,6,-0.82,0.78,,,,,,True
afe8ff08,M Aboagye,Ghana,12,32.0,9,7.38,21.33,middle_heavy,7.0,5.1,8.6,6.9,D,D,D,D,Utility Player,0.48,0.33,-1.16,0.49,0.23,0.09,0.01,-0.28,5,-1.03,0.88,0.13,-0.13,-0.31,Flat-Track Leaker,-0.61,False
25550d06,GI Hume,Ireland,9,27.33,12,9.59,13.67,pp_heavy,6.9,4.2,58.8,23.3,C,D,D,B,Utility Player,0.77,0.17,,,-0.8,0.42,,,2,-0.5,0.67,,,,,,True
6b75c2b1,NR Kirton,Canada,7,9.0,4,10.78,13.5,middle_heavy,6.9,4.4,29.5,13.6,D,D,D,C,Utility Player,0.73,0.25,,,,0.21,,,3,0.14,0.0,,,,,,True
4c7df2c8,Mohammad Shahzad,United Arab Emirates,13,31.33,10,7.95,18.8,middle_heavy,6.9,3.9,7.2,6.0,D,D,D,D,Utility Player,0.55,0.2,-1.25,-1.56,-0.25,0.05,0.0,-0.4,5,-0.2,0.62,0.63,-0.63,0.04,Conditions-Proof,,False
6b9eb501,OEG Baartman,South Africa,17,57.83,24,8.37,14.46,pp_heavy,6.9,5.6,52.0,21.5,C,D,D,B,Utility Player,0.88,0.17,-0.03,0.63,-0.22,0.36,0.02,-0.84,6,-0.5,0.7,0.69,-0.69,-0.08,Conditions-Proof,0.08,False
596ed7e6,Aswad Khan,Bulgaria,1,1.0,0,14.0,999.0,pp_heavy,6.9,7.9,9.5,8.1,D,D,D,D,Utility Player,0.0,0.0,,,,0.0,,,0,,,,,,,,True
026e1314,Ali Yalmaz,Hungary,7,17.0,8,9.47,12.75,middle_heavy,6.8,3.4,26.9,12.4,D,D,D,C,Utility Player,0.56,0.25,,,0.7,0.25,,,4,0.31,0.38,,,,,,True
d5ca4759,Zou Kui,China,1,2.0,0,18.5,999.0,middle_heavy,6.8,8.2,11.3,8.8,D,D,D,D,Utility Player,0.0,0.0,,,,0.0,,,0,1.59,0.0,,,,,,True
b9d8abd3,Vishal Sharma,Norway,2,3.0,1,12.67,18.0,middle_heavy,6.7,10.6,9.7,9.0,D,D,D,D,Utility Player,0.6,0.0,,,,0.0,,,0,,,,,,,,True
3a1c34e6,D Gim,Nigeria,4,6.0,3,10.83,12.0,middle_heavy,6.7,5.7,26.6,13.0,D,D,D,C,Utility Player,0.9,0.0,,,,0.12,,,4,1.34,0.0,,,,,,True
ed27d267,Yousif Wali,Bahrain,1,1.0,0,18.0,999.0,middle_heavy,6.7,5.3,10.4,7.5,D,D,D,D,Utility Player,0.0,0.0,,,,0.0,,,0,1.53,0.0,,,,,,True
e214be36,Alfredo Puentes,Chile,1,0.33,0,18.0,999.0,middle_heavy,6.7,3.2,5.7,5.2,D,D,D,D,Utility Player,0.0,0.0,,,,0.0,,,0,,,,,,,,True
2c535f08,F Damiao Couana,Mozambique,17,53.0,16,7.55,19.88,pp_heavy,6.7,4.9,39.2,16.9,C,D,D,C+,Utility Player,0.7,0.44,-0.4,-0.27,0.14,0.35,0.02,0.11,14,-0.94,0.75,0.22,-0.22,-0.16,Conditions-Proof,0.03,False
3abe1ef6,A Ndlovu,Zimbabwe,7,21.0,2,8.43,63.0,pp_heavy,6.7,14.6,2.1,7.8,D,D,D,D,Utility Player,0.41,0.0,,,-0.55,0.0,,,2,-0.13,0.5,,,,,,True
df3438ae,TW Samuels,Belize,3,5.0,0,10.4,999.0,pp_heavy,6.6,13.5,1.4,7.2,D,D,D,D,Utility Player,0.0,0.0,,,,0.0,,,3,-0.66,0.5,,,,,,True
30291c08,H Beresford-Peirse,Croatia,3,9.0,2,10.44,27.0,middle_heavy,6.6,12.5,23.0,14.0,D,D,D,C,Utility Player,0.87,0.5,,,,0.13,,,1,-0.25,0.33,,,,,,True
b1b99a1a,Sajid Liaqat,Germany,13,42.67,24,9.19,10.67,pp_heavy,6.6,17.3,58.5,27.5,C,D,C,B,Utility Player,0.93,0.08,-0.01,-0.62,0.59,0.76,0.06,,3,-0.81,0.68,-0.01,0.01,-0.08,Conditions-Proof,-0.0,False
30c884c8,B Terbish,Mongolia,2,2.0,0,18.0,999.0,middle_heavy,6.6,3.4,3.7,4.6,D,D,D,D,Utility Player,0.0,0.0,,,,0.0,,,0,4.45,0.0,,,,,,True
3f9feb1e,S Sola,Samoa,12,36.83,10,7.76,22.1,middle_heavy,6.6,10.5,15.8,11.0,D,D,D,C,Utility Player,0.72,0.3,0.11,0.44,-0.32,0.18,0.01,-0.15,10,-0.59,0.71,,,-0.12,Conditions-Proof,-0.03,False
cc550389,B Keganne,Botswana,3,6.0,2,9.83,18.0,middle_heavy,6.6,3.4,10.4,6.8,D,D,D,D,Utility Player,0.4,0.0,,,,0.0,,,3,,,,,,,,True
bed559c8,Sobu George,Malta,1,1.0,0,19.0,999.0,pp_heavy,6.5,3.8,6.8,5.7,D,D,D,D,Utility Player,0.0,0.0,,,,0.0,,,0,,,,,,,,True
1f22730e,Rafiulah Alokozai,Belgium,6,16.0,3,10.19,32.0,middle_heavy,6.5,2.6,2.6,3.9,D,D,D,D,Utility Player,0.55,0.0,,,-0.44,0.0,,,0,-0.52,0.5,,,,,,True
a343262c,JE Root,England,9,14.0,6,10.07,14.0,middle_heavy,6.5,8.1,40.9,18.5,C,D,D,C+,Utility Player,0.69,0.17,,,0.07,0.29,,,1,-0.45,0.8,,,,,,True
f4a0a615,P Koech,Kenya,29,78.33,33,7.93,14.24,pp_heavy,6.5,3.4,31.9,13.9,D,D,D,C+,Utility Player,0.69,0.21,-0.45,-0.04,0.34,0.29,0.01,0.1,14,-0.55,0.72,0.39,-0.39,0.03,Conditions-Proof,0.08,False
357484e9,Ilyas Ataullah,Turkey,12,32.83,10,8.83,19.7,middle_heavy,6.5,18.7,15.9,13.7,D,D,C,C,Utility Player,0.62,0.3,0.1,-0.03,0.29,0.33,0.03,-0.09,6,0.38,0.38,-0.34,0.34,0.54,Tough-Track Enforcer,0.74,False
95e47073,Huzaif Yousuf,Bulgaria,4,9.67,3,11.28,19.33,middle_heavy,6.5,3.5,10.0,6.7,D,D,D,D,Utility Player,0.19,0.0,,,,0.0,,,3,1.02,0.33,,,,,,True
c5d7b244,Mohammad Nadeem,Oman,53,133.5,41,8.01,19.54,middle_heavy,6.5,1.2,3.8,3.8,D,D,D,D,Utility Player,0.7,0.37,-0.32,0.58,-0.24,0.2,0.0,0.09,24,-0.58,0.68,0.3,-0.3,-0.23,Flat-Track Leaker,-0.12,False
492ff0c2,R Mondol,Bangladesh,3,7.0,4,8.71,10.5,pp_heavy,6.4,23.7,52.5,27.5,C,D,C,B,Utility Player,0.87,0.0,,,,0.39,,,2,-0.21,0.5,,,,,,True
74d82e24,SKR Mallidi,Sweden,2,3.0,1,11.67,18.0,pp_heavy,6.4,5.1,15.6,9.0,D,D,D,C,Utility Player,0.7,0.0,,,,0.0,,,2,,,,,,,,True
856dcfa8,A Nagarajan,Qatar,7,15.0,3,9.07,30.0,middle_heavy,6.4,33.0,2.7,14.0,D,D,C+,D,Utility Player,0.35,0.0,,,-0.17,0.19,,0.1,5,0.3,0.5,,,,,,True
91c0d39f,Adnan Razzaq,Belgium,6,16.0,5,9.0,19.2,pp_heavy,6.4,13.5,13.5,11.1,D,D,D,D,Utility Player,0.59,0.0,,,-0.55,0.02,,,1,-0.61,0.4,,,,,,True
0bab1be2,M Fru,Cameroon,4,13.0,5,10.62,15.6,pp_heavy,6.4,4.9,34.9,15.4,C,D,D,C+,Utility Player,1.09,0.0,,,,0.27,,,4,-0.52,0.5,,,,,,True
31fbf891,H Masakadza,Zimbabwe,8,10.0,2,9.8,30.0,middle_heavy,6.4,35.6,31.1,24.4,C,D,C+,C+,Utility Player,0.3,0.5,,,,0.39,,,1,0.82,0.0,,,,,,True
1d50ed62,S Hongsi,Thailand,2,3.0,1,11.67,18.0,middle_heavy,6.3,8.9,20.0,11.7,D,D,D,C,Utility Player,0.5,0.0,,,,0.02,,,2,-0.37,1.0,,,,,,True
41acc8bf,E Kahamker,Israel,2,4.0,0,11.5,999.0,pp_heavy,6.3,5.4,5.2,5.6,D,D,D,D,Utility Player,0.0,0.0,,,,0.0,,,2,0.82,0.33,,,,,,True
c60361d7,Harprit Singh,Mexico,2,3.0,1,10.67,18.0,middle_heavy,6.3,3.9,16.0,8.7,D,D,D,C,Utility Player,0.6,0.0,,,,0.0,,,1,3.28,0.0,,,,,,True
ca47f0fb,Asim Ashraf,Gambia,3,10.0,0,11.6,999.0,middle_heavy,6.2,8.5,5.9,6.9,D,D,D,D,Utility Player,0.0,0.0,,,,0.0,,,3,0.82,0.33,,,,,,True
fb34b0ec,WJ Cope,Luxembourg,17,50.0,17,7.82,17.65,pp_heavy,6.2,9.5,17.5,11.1,D,D,D,C,Utility Player,0.95,0.18,0.2,0.77,0.28,0.16,0.01,-0.45,8,-1.04,0.78,-0.15,0.15,0.39,Tough-Track Enforcer,0.39,False
53ace082,Arun Yadav,Tanzania,5,10.0,5,10.0,12.0,pp_heavy,6.2,21.8,48.9,25.6,C,D,C,B,Utility Player,0.79,0.6,,,,0.44,,,3,-0.55,1.0,,,,,,True
d1d83db3,T Gwandu,Zimbabwe,18,50.0,18,8.56,16.67,pp_heavy,6.2,3.6,26.8,12.2,D,D,D,C,Utility Player,0.48,0.22,-0.52,-0.35,-0.46,0.18,0.01,0.04,5,0.37,0.42,0.17,-0.17,-0.37,Flat-Track Leaker,-0.52,False
2964821b,Avishka Iroshan,Romania,8,17.33,10,9.52,10.4,middle_heavy,6.1,14.6,43.9,21.5,C,D,D,C+,Utility Player,0.79,0.2,,,0.0,0.5,,,2,0.21,0.5,,,,,,True
3d7f02d4,RM Dorji,Bhutan,20,49.33,16,8.47,18.5,middle_heavy,6.1,5.2,3.5,4.9,D,D,D,D,Utility Player,0.56,0.12,-0.7,-0.09,-0.33,0.07,0.0,-0.53,11,-0.19,0.65,0.92,-0.92,-0.04,Conditions-Proof,,False
8eb7c5a6,L Berthe,Mali,1,1.0,0,14.0,999.0,middle_heavy,6.1,6.8,10.0,7.6,D,D,D,D,Utility Player,0.0,0.0,,,,0.0,,,1,0.45,0.0,,,,,,True
1ab8beda,T Rajiv,Seychelles,1,1.0,0,16.0,999.0,middle_heavy,6.1,9.8,9.2,8.4,D,D,D,D,Utility Player,0.0,0.0,,,,0.0,,,1,,,,,,,,True
20a941bb,M Ntini,South Africa,10,32.0,7,9.44,27.43,pp_heavy,6.0,8.1,8.4,7.5,D,D,D,D,Utility Player,0.57,0.14,-0.51,-0.45,0.07,0.0,0.0,,3,-0.16,0.56,,,-0.13,Conditions-Proof,-0.12,False
81c08fa3,Umran Malik,India,8,23.17,13,10.88,10.69,middle_heavy,6.0,3.7,63.3,24.3,C,D,D,B+,Utility Player,0.79,0.31,,,,0.55,,,0,-0.3,0.36,,,,,,True
8a4e101e,Izaz Ali,Slovenia,11,30.0,13,9.83,13.85,middle_heavy,6.0,10.3,50.0,22.1,C,D,D,B,Utility Player,0.8,0.31,0.46,0.7,0.47,0.64,0.06,,4,-0.95,0.64,0.8,-0.8,0.14,Conditions-Proof,-0.11,False
f3ca5af8,G Kansonkho,Malawi,3,3.0,1,10.67,18.0,middle_heavy,6.0,28.4,18.6,17.7,C,D,C,C,Utility Player,0.33,0.0,,,,0.13,,,2,,,,,,,,True
3f61a062,BTJ Wheal,Scotland,24,82.33,28,8.84,17.64,pp_heavy,5.9,5.0,16.8,9.2,D,D,D,C,Utility Player,0.81,0.14,0.03,0.42,0.07,0.12,0.01,-0.26,8,-0.32,0.59,-0.09,0.09,0.07,Conditions-Proof,-0.07,False
f0398c2f,J Matharu,Canada,5,13.0,4,9.62,19.5,middle_heavy,5.9,11.0,21.4,12.8,D,D,D,C,Utility Player,0.38,0.25,,,0.39,0.1,,,6,0.04,0.6,,,,,,True
a4bcaba7,G Venkateswaran,Luxembourg,9,24.33,7,9.82,20.86,middle_heavy,5.9,14.2,23.6,14.6,D,D,D,C,Utility Player,0.48,0.14,,,-0.52,0.28,,,3,-0.17,0.56,,,,,,True
afb1e61d,Saurabh Kumar,South Korea,4,7.0,1,11.71,42.0,middle_heavy,5.9,9.1,6.4,7.1,D,D,D,D,Utility Player,0.38,0.0,,,,0.0,,,1,1.2,0.0,,,,,,True
a8e54ef4,Aamer Jamal,Pakistan,5,14.0,3,11.57,28.0,middle_heavy,5.8,4.6,12.9,7.8,D,D,D,D,Utility Player,0.45,0.0,,,,0.0,,,1,1.02,0.29,,,,,,True
78cb83f3,KOK Williams,West Indies,20,69.33,29,9.97,14.34,middle_heavy,5.8,2.3,33.3,13.8,D,D,D,C+,Utility Player,0.91,0.21,-0.16,0.43,-0.65,0.3,0.01,,3,-0.0,0.58,-0.12,0.12,-0.55,Flat-Track Leaker,-0.34,False
8361e524,SSB Magala,South Africa,6,20.0,7,11.5,17.14,middle_heavy,5.8,5.3,39.3,16.8,C,D,D,C+,Utility Player,0.47,0.43,,,0.08,0.26,,,3,0.74,0.38,,,,,,True
1e43a8c8,Sukhkaran Sahi,Romania,3,5.5,1,9.82,33.0,middle_heavy,5.8,5.9,2.5,4.7,D,D,D,D,Utility Player,0.4,0.0,,,,0.0,,,1,0.29,0.67,,,,,,True
1a2676c5,SA Abbott,Australia,28,91.67,37,9.49,14.86,middle_heavy,5.7,3.3,50.1,19.7,C,D,D,B,Utility Player,0.71,0.14,-0.0,0.52,0.26,0.47,0.02,,1,-0.09,0.5,0.09,-0.09,0.07,Conditions-Proof,-0.1,False
2f28dc94,RAS Lakmal,Sri Lanka,11,34.67,9,9.75,23.11,pp_heavy,5.7,19.1,10.5,11.8,D,D,C,D,Utility Player,0.79,0.33,-0.17,-0.8,-0.72,0.06,0.01,,2,0.16,0.54,-0.19,0.19,-0.74,Flat-Track Leaker,-0.34,False
44a5f2b2,Hamza Khan,Rwanda,1,1.0,0,15.0,999.0,middle_heavy,5.7,8.3,8.8,7.6,D,D,D,D,Utility Player,0.0,0.0,,,,0.0,,,0,,,,,,,,True
298d9b83,Shariq Munir,Qatar,8,20.0,5,9.5,24.0,pp_heavy,5.7,11.2,2.8,6.6,D,D,D,D,Utility Player,0.86,0.0,,,-0.69,0.0,,,3,-0.12,0.43,,,,,,True
cd4d7695,Aarif Sheikh,Nepal,9,16.0,5,8.5,19.2,middle_heavy,5.7,3.2,9.3,6.1,D,D,D,D,Utility Player,0.64,0.0,,,-0.44,0.04,,,3,-0.15,0.67,,,,,,True
e7458e4b,Muhammad Kashif,Kuwait,5,12.83,4,9.43,19.25,pp_heavy,5.7,2.7,17.8,8.7,D,D,D,C,Utility Player,0.58,0.25,,,,0.02,,,4,0.04,0.6,,,,,,True
a9520ac2,J Mubarak,Sri Lanka,2,1.33,1,12.75,8.0,middle_heavy,5.6,4.9,33.8,14.8,D,D,D,C+,Utility Player,0.6,0.0,,,,0.12,,,1,,,,,,,,True
9a46c4e5,GD Phillips,New Zealand,21,36.33,11,8.67,19.82,middle_heavy,5.6,10.9,0.6,5.7,D,D,D,D,Utility Player,0.4,0.0,-0.3,-0.22,0.25,0.05,0.0,,3,-0.44,0.64,-0.77,0.77,0.0,Conditions-Proof,-0.35,False
898a21a4,J Fernando,Romania,4,10.0,1,9.4,60.0,middle_heavy,5.5,17.7,2.6,8.6,D,D,C,D,Utility Player,0.38,0.0,,,,0.04,,,0,-0.15,0.33,,,,,,True
b3540b2a,C Pengkumta,Thailand,25,64.0,20,7.36,19.2,pp_heavy,5.5,5.9,38.6,16.7,C,D,D,C+,Utility Player,0.56,0.55,-0.33,0.54,-0.32,0.35,0.01,-0.3,14,-0.99,0.72,0.27,-0.27,0.13,Conditions-Proof,0.59,False
30a307d3,J Baleicikoibia,Fiji,1,1.0,0,19.0,999.0,pp_heavy,5.5,2.6,6.0,4.7,D,D,D,D,Utility Player,0.0,0.0,,,,0.0,,,1,,,,,,,,True
93544e69,A Awasthi,Croatia,2,4.0,1,18.75,24.0,death_heavy,5.5,6.2,19.1,10.3,D,D,D,C,Utility Player,0.6,1.0,,,,0.11,,,0,2.81,0.0,,,,,,True
a61bcb94,K Pierre,West Indies,12,33.0,10,9.67,19.8,middle_heavy,5.5,8.6,30.4,14.8,D,D,D,C+,Utility Player,0.75,0.2,-0.05,0.35,-0.74,0.23,0.02,,1,-0.3,0.69,-0.37,0.37,-0.19,Flat-Track Leaker,-0.44,False
3c5df172,JKC Ahir,Panama,3,3.17,0,10.74,999.0,middle_heavy,5.5,4.8,1.4,3.9,D,D,D,D,Utility Player,0.0,0.0,,,,0.0,,,3,1.84,0.0,,,,,,True
21549344,K Motlanka,Botswana,11,23.0,12,7.09,11.5,middle_heavy,5.4,0.8,34.2,13.5,D,D,D,C+,Utility Player,0.4,0.25,-1.28,-1.37,-0.15,0.33,0.03,0.75,10,-0.71,0.62,,,-0.09,Conditions-Proof,-0.49,True
5d534cff,Haris Karim,Slovenia,2,4.0,1,13.25,24.0,middle_heavy,5.4,9.1,13.6,9.4,D,D,D,D,Utility Player,0.6,0.0,,,,0.0,,,1,0.27,0.5,,,,,,True
158e48d6,Osman Khan,Austria,1,1.0,0,20.0,999.0,middle_heavy,5.4,3.3,6.3,5.0,D,D,D,D,Utility Player,0.0,0.0,,,,0.0,,,0,,,,,,,,True
fa83d1b6,D Svilicic,Croatia,4,11.0,2,12.91,33.0,middle_heavy,5.4,4.8,4.1,4.8,D,D,D,D,Utility Player,0.72,0.0,,,,0.0,,,2,0.03,0.5,,,,,,True
5ea3a7c6,Esam Rahman,Japan,5,8.0,0,11.75,999.0,pp_heavy,5.4,8.4,0.7,4.8,D,D,D,D,Utility Player,0.0,0.0,,,,0.0,,,5,-0.23,1.0,,,,,,True
780d1997,RK Kiseto,Tanzania,11,35.0,11,7.29,19.09,pp_heavy,5.4,2.1,28.1,11.9,D,D,D,C,Utility Player,0.76,0.45,-0.57,0.17,-0.85,0.2,0.02,0.78,9,-0.64,0.67,,,0.4,Tough-Track Enforcer,0.78,False
b8cc58c9,RR Hendricks,South Africa,3,4.83,0,13.66,999.0,middle_heavy,5.4,8.3,4.7,6.1,D,D,D,D,Utility Player,0.0,0.0,,,,0.0,,,0,0.63,0.0,,,,,,True
4aad6842,Sheraz Sheikh,Belgium,18,41.17,18,7.63,13.72,middle_heavy,5.4,15.3,44.5,21.7,C,D,C,C+,Utility Player,0.58,0.22,0.01,0.29,0.17,0.64,0.04,-0.35,8,-0.66,0.67,-0.59,0.59,0.06,Conditions-Proof,-0.09,False
650d5e49,R Powell,West Indies,13,18.83,4,10.67,28.25,middle_heavy,5.3,34.5,0.7,13.5,D,D,C+,D,Utility Player,0.27,0.25,-0.18,-0.19,0.48,0.2,0.02,,1,-0.2,0.4,-0.13,0.13,0.3,Tough-Track Enforcer,,True
e1891e00,BV Sears,New Zealand,20,66.17,24,8.83,16.54,middle_heavy,5.3,14.6,38.3,19.4,C,D,D,C+,Utility Player,0.9,0.17,0.15,0.01,0.18,0.42,0.02,,2,-0.31,0.59,-0.01,0.01,0.37,Tough-Track Enforcer,0.4,False
31865a5b,Gurdeep Singh,Kenya,3,6.0,2,9.5,18.0,middle_heavy,5.3,0.8,12.9,6.3,D,D,D,D,Utility Player,0.3,1.0,,,,0.0,,,1,-0.92,0.75,,,,,,True
97290faf,S Joseph,West Indies,20,67.0,26,9.6,15.46,middle_heavy,5.3,3.7,43.2,17.4,C,D,D,C+,Utility Player,0.82,0.27,-0.21,-0.48,0.16,0.37,0.02,,1,-0.37,0.61,0.27,-0.27,-0.0,Conditions-Proof,-0.33,False
c1b74851,ED Silva,Kuwait,7,16.0,7,7.81,13.71,middle_heavy,5.3,12.5,31.8,16.5,C,D,D,C+,Utility Player,0.6,0.14,,,-0.54,0.25,,0.64,6,-0.86,0.71,,,,,,True
550c9b2c,O Duff,Bulgaria,3,3.67,2,12.27,11.0,middle_heavy,5.3,7.6,26.9,13.3,D,D,D,C,Utility Player,0.48,0.0,,,,0.19,,,2,,,,,,,,True
449d4f17,Iftikhar Kankhel,Belgium,10,29.83,13,9.15,13.77,pp_heavy,5.3,7.4,48.8,20.5,C,D,D,B,Utility Player,0.59,0.23,-0.29,0.06,-0.35,0.48,0.05,,2,-0.62,0.6,,,-0.32,Flat-Track Leaker,,True
0813a8b1,D Marks,Malta,17,60.33,19,9.1,19.05,pp_heavy,5.3,13.1,26.8,15.1,C,D,D,C,Utility Player,0.85,0.11,0.35,0.68,-0.09,0.29,0.02,,4,-0.34,0.68,-0.59,0.59,0.64,Tough-Track Enforcer,0.47,False
63772ee4,D Finau,Samoa,7,14.0,5,9.86,16.8,middle_heavy,5.3,6.7,30.6,14.2,D,D,D,C+,Utility Player,0.48,0.8,,,0.31,0.29,,,7,0.01,0.67,,,,,,True
30f92334,ZGF Foulkes,New Zealand,18,60.5,21,9.54,17.29,pp_heavy,5.2,2.2,20.2,9.2,D,D,D,C,Utility Player,0.7,0.24,-0.35,-0.08,-0.52,0.12,0.01,,3,-0.33,0.67,0.33,-0.33,-0.58,Flat-Track Leaker,-0.31,False
1abb78f8,SN Thakur,India,23,81.33,37,9.3,13.19,pp_heavy,5.2,7.7,65.1,26.0,C,D,D,B+,Utility Player,0.88,0.08,0.12,0.12,0.42,0.49,0.02,,4,-0.3,0.58,-0.05,0.05,0.35,Tough-Track Enforcer,0.95,False
b40ee8a8,PC de Silva,Sri Lanka,2,2.0,0,15.0,999.0,middle_heavy,5.2,10.3,4.9,6.8,D,D,D,D,Utility Player,0.0,0.0,,,,0.0,,,0,,,,,,,,True
e3fe4b49,F Hand,Ireland,11,23.33,5,10.11,28.0,middle_heavy,5.2,3.3,4.8,4.4,D,D,D,D,Utility Player,0.31,0.2,-1.07,-0.96,-0.29,0.0,0.0,,3,0.43,0.4,-0.41,0.41,-0.69,Flat-Track Leaker,-0.63,True
369cc49c,Rafiullah,Oman,20,44.0,12,9.52,22.0,middle_heavy,5.1,2.1,9.6,5.6,D,D,D,D,Utility Player,0.38,0.33,-0.86,-0.53,0.46,0.13,0.01,0.1,5,-0.3,0.61,-0.56,0.56,-0.12,Conditions-Proof,0.07,False
34e10659,K Babu,South Korea,7,17.0,5,9.47,20.4,middle_heavy,5.1,12.4,23.2,13.6,D,D,D,C,Utility Player,0.76,0.2,,,0.0,0.22,,,3,-0.46,0.88,,,,,,True
3bc56bd6,CJ Delany,Gibraltar,3,5.0,0,12.2,999.0,middle_heavy,5.1,5.5,2.6,4.4,D,D,D,D,Utility Player,0.0,0.0,,,,0.0,,,2,0.41,0.5,,,,,,True
caf69bf7,DR Sams,Australia,10,30.0,8,10.23,22.5,pp_heavy,5.1,8.1,4.6,5.9,D,D,D,D,Utility Player,0.66,0.0,-0.26,-0.65,,0.0,0.0,,1,0.05,0.46,0.6,-0.6,0.19,Conditions-Proof,-0.19,False
ef07f354,B Yadav,Nepal,8,9.17,2,9.71,27.5,middle_heavy,5.0,35.5,9.4,16.6,C,D,C+,D,Utility Player,0.2,0.0,,,0.29,0.24,,,1,-0.93,1.0,,,,,,True
9a2fc964,BC Fortuin,South Africa,27,80.0,26,8.21,18.46,middle_heavy,5.0,24.9,48.2,26.0,C,D,C,B,Utility Player,0.76,0.15,0.48,0.4,-0.14,0.62,0.02,,3,-0.39,0.59,0.37,-0.37,-0.4,Conditions-Proof,-0.03,False
e94915e6,SM Curran,England,70,207.83,68,9.04,18.34,middle_heavy,5.0,2.8,11.5,6.4,D,D,D,D,Utility Player,0.71,0.15,0.05,0.24,-0.05,0.31,0.0,0.09,7,-0.34,0.6,-0.5,0.5,0.11,Conditions-Proof,-0.05,False
3559290a,E Ul Haq,Norway,1,0.17,0,24.0,999.0,middle_heavy,5.0,3.0,6.2,4.7,D,D,D,D,Utility Player,0.0,0.0,,,,0.0,,,1,,,,,,,,True
d7b3a420,Jaskaran Singh,Canada,12,36.17,13,9.01,16.69,pp_heavy,4.9,2.7,21.7,9.8,D,D,D,C,Utility Player,0.7,0.46,-0.68,-0.13,-0.5,0.12,0.01,-0.24,5,-0.17,0.67,,,-0.58,Flat-Track Leaker,-0.33,False
b76b2d25,Sachin Kumar,Bahrain,9,22.0,7,9.55,18.86,middle_heavy,4.9,8.3,7.9,7.0,D,D,D,D,Utility Player,0.48,0.29,,,0.13,0.02,,,2,-0.33,0.56,,,,,,True
6034840a,O Isesele,Nigeria,4,10.0,1,10.5,60.0,middle_heavy,4.9,8.0,7.3,6.7,D,D,D,D,Utility Player,0.3,1.0,,,,0.0,,,3,0.18,0.4,,,,,,True
e8cfd743,KMA Aziz,Ivory Coast,5,11.0,2,11.0,33.0,pp_heavy,4.9,32.7,31.7,23.1,C,D,C+,C+,Utility Player,0.6,1.0,,,,0.44,,,5,0.25,0.5,,,,,,True
667f3fd3,Zwe Htet Paing,Myanmar,2,2.0,1,15.0,12.0,middle_heavy,4.9,4.6,13.0,7.5,D,D,D,D,Utility Player,0.6,0.0,,,,0.0,,,0,,,,,,,,True
34b8b1b5,Mohammed Awais,Qatar,5,13.0,2,10.15,39.0,pp_heavy,4.9,6.2,6.4,5.8,D,D,D,D,Utility Player,0.6,0.0,,,,0.0,,,4,-0.06,0.57,,,,,,True
e28bb0b9,DO Leicher,Namibia,7,12.0,3,9.83,24.0,middle_heavy,4.9,18.1,5.6,9.5,D,D,C,D,Utility Player,0.63,0.0,,,0.21,0.05,,,2,-0.72,0.5,,,,,,True
f80bd415,LKW Ezechiel,Ivory Coast,3,9.0,1,12.78,54.0,middle_heavy,4.9,5.6,3.1,4.5,D,D,D,D,Utility Player,0.5,0.0,,,,0.0,,,3,0.98,0.0,,,,,,True
880eca04,J Reb,Serbia,1,2.0,0,20.5,999.0,pp_heavy,4.8,3.4,6.7,5.0,D,D,D,D,Utility Player,0.0,0.0,,,,0.0,,,0,2.75,0.0,,,,,,True
e9a870ed,AC Evans,Scotland,29,105.0,43,8.38,14.65,pp_heavy,4.8,3.2,26.7,11.6,D,D,D,C,Utility Player,1.03,0.14,0.43,0.71,0.21,0.2,0.01,0.27,9,-0.67,0.7,-0.01,0.01,-0.06,Conditions-Proof,-0.26,False
c8e5012c,Nazwan Ismail,Maldives,6,17.33,7,10.9,14.86,middle_heavy,4.7,2.5,30.0,12.4,D,D,D,C+,Utility Player,0.99,0.43,,,0.0,0.25,,,2,0.3,0.29,,,,,,True
9219eff0,JDS Neesham,New Zealand,68,154.17,62,9.18,14.92,middle_heavy,4.7,7.1,49.9,20.6,C,D,D,B,Utility Player,0.6,0.13,-0.64,0.07,0.23,0.61,0.01,-0.53,8,-0.28,0.58,0.31,-0.31,0.13,Conditions-Proof,0.16,False
b67af1c4,Muhammad Jabir,Qatar,25,78.17,26,9.07,18.04,pp_heavy,4.6,4.0,17.6,8.7,D,D,D,C,Utility Player,0.63,0.38,-0.26,-0.23,-0.21,0.14,0.01,0.1,12,-0.46,0.63,0.36,-0.36,0.21,Conditions-Proof,-0.05,False
8c2aa0f9,PKD Chase,Ireland,7,23.5,8,10.68,17.62,pp_heavy,4.6,6.1,27.3,12.7,D,D,D,C,Utility Player,0.69,0.25,,,,0.11,,,0,-0.1,0.33,,,,,,True
a21d62c9,Prasad Anish,Cambodia,4,4.83,0,10.97,999.0,middle_heavy,4.6,14.2,1.6,6.8,D,D,D,D,Utility Player,0.0,0.0,,,,0.0,,,3,1.82,0.0,,,,,,True
6779e840,R Cunningham,Gibraltar,2,4.33,2,14.31,13.0,middle_heavy,4.6,8.5,20.8,11.3,D,D,D,C,Utility Player,1.2,0.5,,,,0.05,,,0,2.1,0.0,,,,,,True
a86a37ab,Mohammad Ali,Pakistan,3,7.0,1,12.43,42.0,pp_heavy,4.6,8.6,16.7,10.0,D,D,D,C,Utility Player,0.5,0.0,,,,0.0,,,3,0.63,0.5,,,,,,True
1a3295a1,J Wilson,Gibraltar,5,15.5,4,10.97,23.25,middle_heavy,4.5,14.7,17.8,12.3,D,D,D,C,Utility Player,0.67,0.5,,,,0.2,,,0,-0.39,0.62,,,,,,True
4a370769,Gagandeep Singh,Bulgaria,15,40.0,8,9.48,30.0,pp_heavy,4.5,12.3,8.4,8.4,D,D,D,D,Utility Player,0.42,0.25,-0.1,-0.09,0.23,0.11,0.01,-0.17,5,-0.4,0.71,-0.23,0.23,0.28,Tough-Track Enforcer,0.21,False
52dfe157,T Filer,Estonia,2,4.33,4,6.0,6.5,middle_heavy,4.5,7.1,37.8,16.5,C,D,D,C+,Utility Player,0.46,0.25,,,,0.37,,,1,-2.79,1.0,,,,,,True
3346b14f,S Koppolu,Slovenia,10,27.5,6,10.04,27.5,middle_heavy,4.5,2.7,3.5,3.6,D,D,D,D,Utility Player,0.6,0.0,0.05,-0.21,-0.47,0.0,0.0,,3,-0.15,0.42,,,-0.03,Conditions-Proof,0.41,True
6f14ddcb,Maaz Khan,Lesotho,2,4.0,0,12.75,999.0,middle_heavy,4.5,3.8,2.3,3.5,D,D,D,D,Utility Player,0.0,0.0,,,,0.0,,,2,0.78,0.0,,,,,,True
48ad3373,BM Tickner,New Zealand,18,56.83,21,9.52,16.24,middle_heavy,4.5,5.3,32.1,14.0,D,D,D,C+,Utility Player,0.89,0.1,-0.19,-0.19,0.08,0.28,0.02,,4,-0.09,0.52,0.14,-0.14,0.56,Tough-Track Enforcer,0.63,False
753b5a2d,NN Odhiambo,Kenya,26,69.0,26,8.75,15.92,pp_heavy,4.4,1.8,31.4,12.5,D,D,D,C+,Utility Player,0.77,0.15,-0.34,0.24,-0.09,0.24,0.01,-0.37,17,0.02,0.5,0.01,-0.01,0.46,Tough-Track Enforcer,0.38,False
6b96bebf,C Zavoiu,Romania,6,6.83,3,9.95,13.67,death_heavy,4.4,5.5,4.7,4.9,D,D,D,D,Utility Player,0.32,0.0,,,,0.15,,,3,-2.03,1.0,,,,,,True
04855b85,K Vislapuu,Estonia,16,39.83,9,8.96,26.56,middle_heavy,4.4,1.1,3.4,3.0,D,D,D,D,Utility Player,0.36,0.11,-0.47,0.21,0.04,0.02,0.0,-0.11,7,-0.58,0.67,-0.6,0.6,0.23,Tough-Track Enforcer,0.59,False
537021f5,JT Brassell,Namibia,20,52.17,14,9.35,22.36,pp_heavy,4.4,1.6,4.4,3.5,D,D,D,D,Utility Player,0.59,0.14,-0.69,-0.53,-0.16,0.0,0.0,-0.3,7,-0.09,0.43,0.29,-0.29,-0.1,Conditions-Proof,-0.05,False
25bc2d36,N Pathan,Thailand,5,7.67,3,10.57,15.33,pp_heavy,4.3,11.0,25.7,13.7,D,D,D,C,Utility Player,0.8,0.0,,,,0.12,,,4,0.3,0.33,,,,,,True
da39f141,S Sengupta,Czech Republic,5,16.0,4,10.0,24.0,pp_heavy,4.3,3.8,6.3,4.8,D,D,D,D,Utility Player,0.48,0.0,,,,0.0,,,0,0.49,0.25,,,,,,True
57427d9e,O Touray,Gambia,2,3.0,1,15.33,18.0,death_heavy,4.3,5.4,10.4,6.7,D,D,D,D,Utility Player,0.6,0.0,,,,0.03,,,2,3.37,0.0,,,,,,True
63bd7086,B Jerkovic,Croatia,5,9.0,4,11.11,13.5,middle_heavy,4.3,3.4,21.8,9.8,D,D,D,C,Utility Player,0.22,0.5,,,,0.14,,,5,0.44,0.33,,,,,,True
75224f22,KMA Paul,West Indies,21,70.0,22,9.29,19.09,middle_heavy,4.3,4.3,12.2,6.9,D,D,D,D,Utility Player,0.58,0.27,-0.03,0.17,-0.23,0.16,0.01,,2,-0.52,0.74,-0.02,0.02,0.11,Conditions-Proof,0.19,False
5208c0a1,DI Allan,Kenya,4,4.33,2,12.46,13.0,middle_heavy,4.2,2.5,17.1,7.9,D,D,D,C,Utility Player,0.25,0.0,,,,0.02,,,4,,,,,,,,True
4758488e,T Tumursukh,Mongolia,7,17.0,4,10.59,25.5,middle_heavy,4.2,5.1,4.6,4.6,D,D,D,D,Utility Player,0.45,0.25,,,-0.42,0.0,,,3,0.27,0.43,,,,,,True
53c35b3a,Elias Tilman,Timor-Leste,8,18.0,4,9.78,27.0,pp_heavy,4.2,14.7,17.0,12.0,D,D,D,C,Utility Player,0.3,0.75,,,0.0,0.13,,-0.88,6,0.07,0.43,,,,,,True
747209e0,AG Weligamage,Hungary,10,31.0,7,10.74,26.57,middle_heavy,4.2,2.6,8.9,5.2,D,D,D,D,Utility Player,0.69,0.29,-0.63,-0.96,-0.24,0.08,0.01,,0,-0.2,0.71,,,0.27,Tough-Track Enforcer,,False
ac166f77,S Shrivastava,Oman,19,53.0,16,8.06,19.88,middle_heavy,4.1,9.8,16.8,10.2,D,D,D,C,Utility Player,0.53,0.44,-0.46,-0.41,0.08,0.23,0.01,,4,-0.53,0.75,-0.37,0.37,-0.08,Conditions-Proof,-0.09,False
9c3a8776,D Nikolov,Bulgaria,6,8.67,1,10.38,52.0,middle_heavy,4.1,7.8,0.4,4.1,D,D,D,D,Utility Player,0.25,0.0,,,,0.0,,,2,-0.19,0.5,,,,,,True
82fc5e8d,M Sedgwick,Estonia,1,1.0,0,22.0,999.0,middle_heavy,4.1,2.3,5.7,4.0,D,D,D,D,Utility Player,0.0,0.0,,,,0.0,,,0,,,,,,,,True
033e9d59,Arjun Vinod,Switzerland,17,33.0,5,8.58,39.6,middle_heavy,4.1,3.1,0.2,2.5,D,D,D,D,Utility Player,0.31,0.2,-1.21,-0.58,0.5,0.0,0.0,-0.18,7,-0.25,0.6,-0.08,0.08,-0.33,Flat-Track Leaker,-0.5,False
c27518d2,Ziaur Rahman,Bangladesh,7,12.5,3,10.16,25.0,middle_heavy,4.0,6.1,2.9,4.3,D,D,D,D,Utility Player,0.57,0.33,,,-0.01,0.0,,,0,0.15,0.25,,,,,,True
9bc324b5,JR Barry,Bahamas,11,27.17,11,8.91,14.82,middle_heavy,4.0,8.3,39.8,17.4,C,D,D,C+,Utility Player,0.59,0.36,-0.65,-0.92,-0.03,0.38,0.03,-0.28,9,-0.13,0.6,,,-0.09,Conditions-Proof,-0.36,True
5249f9c4,AE Isesele,Nigeria,5,6.83,5,9.22,8.2,middle_heavy,4.0,3.1,51.5,19.5,C,D,D,B,Utility Player,0.83,0.2,,,,0.51,,,4,-0.94,0.5,,,,,,True
b31d458f,Luca Petre,Romania,9,17.83,7,10.49,15.29,middle_heavy,4.0,4.0,24.0,10.7,D,D,D,C,Utility Player,0.67,0.0,,,0.2,0.22,,,1,-0.49,0.43,,,,,,True
6a26221c,AK Markram,South Africa,38,67.0,16,8.84,25.12,middle_heavy,3.9,36.0,9.0,16.3,C,D,C+,D,Utility Player,0.47,0.19,-0.01,0.61,-0.06,0.44,0.01,,1,-0.1,0.6,-0.21,0.21,-0.21,Flat-Track Leaker,-0.49,False
3595ad3b,S Foster,Cayman Islands,5,6.0,0,10.17,999.0,middle_heavy,3.9,2.1,0.1,2.0,D,D,D,D,Utility Player,0.0,0.0,,,,0.0,,,3,-1.37,1.0,,,,,,True
6d5bdc43,Nazril Rahman,Malaysia,8,16.0,3,10.25,32.0,middle_heavy,3.9,3.1,5.0,4.0,D,D,D,D,Utility Player,0.35,1.0,,,-0.25,0.0,,,1,0.12,0.5,,,,,,True
e57d25fa,Jaison Jerome,Malta,6,16.0,1,11.62,96.0,pp_heavy,3.9,1.3,0.1,1.8,D,D,D,D,Utility Player,0.25,0.0,,,0.03,0.0,,,0,0.59,0.33,,,,,,True
f9d26872,Waleed Waqar,Bulgaria,2,3.0,1,14.33,18.0,pp_heavy,3.8,3.9,9.9,5.9,D,D,D,D,Utility Player,0.6,0.0,,,,0.0,,,0,,,,,,,,True
14e1fdab,Amar Sharma,Malta,31,100.5,25,8.59,24.12,middle_heavy,3.8,5.2,5.4,4.8,D,D,D,D,Utility Player,0.72,0.28,-0.02,0.16,-0.29,0.15,0.0,,4,-0.57,0.7,0.51,-0.51,-0.07,Conditions-Proof,-0.12,False
241a104c,V Hampihallikar,Singapore,5,9.0,0,11.0,999.0,middle_heavy,3.7,12.0,0.9,5.5,D,D,D,D,Utility Player,0.0,0.0,,,,0.0,,,0,1.02,0.17,,,,,,True
2df62c48,Sefu Athumani,Tanzania,1,0.17,0,36.0,999.0,death_heavy,3.7,0.8,4.7,3.1,D,D,D,D,Utility Player,0.0,0.0,,,,0.0,,,1,,,,,,,,True
bfc7799f,E Kubwimana,Rwanda,23,66.33,28,9.48,14.21,pp_heavy,3.6,4.5,39.8,16.0,C,D,D,C+,Utility Player,0.68,0.36,-0.82,-1.11,0.33,0.34,0.01,-0.6,11,-0.28,0.67,0.18,-0.18,0.2,Conditions-Proof,0.0,False
70d57519,AAP Atkinson,England,4,10.83,7,11.35,9.29,pp_heavy,3.6,1.4,58.7,21.2,C,D,D,B,Utility Player,0.53,0.43,,,,0.43,,,1,-0.33,0.67,,,,,,True
c83ef4d6,Sandeep Goud,Bahamas,9,19.17,5,10.33,23.0,middle_heavy,3.6,3.7,5.9,4.4,D,D,D,D,Utility Player,0.53,0.4,,,-0.5,0.0,,0.02,6,-0.48,0.4,,,,,,True
38214163,M Faraz Akram,Zimbabwe,8,19.33,2,10.24,58.0,pp_heavy,3.6,5.8,0.1,3.2,D,D,D,D,Utility Player,0.29,0.0,,,0.18,0.0,,,2,0.14,0.36,,,,,,True
df08c69e,KM Dabengwa,Zimbabwe,3,4.0,0,14.0,999.0,middle_heavy,3.5,7.7,2.0,4.4,D,D,D,D,Utility Player,0.0,0.0,,,,0.0,,,0,1.96,0.0,,,,,,True
20d948ae,B Maphosa,Botswana,6,13.5,1,8.74,81.0,middle_heavy,3.5,1.0,0.4,1.6,D,D,D,D,Utility Player,0.25,0.0,,,0.84,0.0,,,4,-0.84,0.83,,,,,,True
b9b65f93,A Lazic,Serbia,2,2.0,0,14.5,999.0,middle_heavy,3.5,7.2,2.7,4.5,D,D,D,D,Utility Player,0.0,0.0,,,,0.0,,,0,,,,,,,,True
9dba7a41,AAH Bhikari,Suriname,3,4.5,3,11.56,9.0,middle_heavy,3.5,2.2,31.6,12.4,D,D,D,C+,Utility Player,1.3,0.33,,,,0.25,,,3,0.63,0.5,,,,,,True
023c40b8,Zhao Tianle,China,2,4.0,1,13.75,24.0,middle_heavy,3.5,4.1,13.1,6.9,D,D,D,D,Utility Player,0.55,0.0,,,,0.0,,,0,2.22,0.0,,,,,,True
03c94c2f,J Grzinic,Croatia,1,0.17,0,24.0,999.0,middle_heavy,3.5,1.8,5.2,3.5,D,D,D,D,Utility Player,0.0,0.0,,,,0.0,,,1,,,,,,,,True
a4a53adf,J Albin,Bulgaria,11,28.0,6,10.89,28.0,middle_heavy,3.5,3.1,4.0,3.5,D,D,D,D,Utility Player,0.53,0.17,-0.36,-0.25,-0.33,0.0,0.0,,2,0.55,0.31,,,0.58,Tough-Track Enforcer,,True
f059910f,Moshiur Rahman,Estonia,1,0.67,0,21.0,999.0,middle_heavy,3.5,3.4,6.0,4.3,D,D,D,D,Utility Player,0.0,0.0,,,,0.0,,,1,,,,,,,,True
376557f7,A Bishnoi,Malta,12,33.83,12,9.4,16.92,pp_heavy,3.5,1.3,22.3,9.0,D,D,D,C,Utility Player,0.8,0.25,-1.16,-1.36,-0.29,0.15,0.01,,2,-0.76,0.64,0.22,-0.22,0.0,Conditions-Proof,0.07,False
3676b91f,D Kegasitswe,Botswana,3,12.0,3,13.0,24.0,pp_heavy,3.5,2.5,13.3,6.4,D,D,D,D,Utility Player,0.95,0.0,,,,0.0,,,0,0.8,0.0,,,,,,True
1c8cd1c3,J Horrocks,Gibraltar,13,35.0,11,8.83,19.09,middle_heavy,3.4,7.6,12.8,7.9,D,D,D,D,Utility Player,0.77,0.18,-0.56,-0.86,-0.41,0.15,0.01,0.01,5,-0.7,0.78,1.09,-1.09,-0.27,Flat-Track Leaker,-0.68,False
f3abd0c9,DR Briggs,England,6,18.0,5,11.17,21.6,middle_heavy,3.4,4.3,17.8,8.5,D,D,D,C,Utility Player,0.82,0.4,,,,0.06,,,1,0.8,0.14,,,,,,True
4948a447,Farhad Reza,Bangladesh,10,25.17,5,10.41,30.2,middle_heavy,3.4,3.9,0.8,2.7,D,D,D,D,Utility Player,0.38,0.4,-1.12,-1.3,-0.14,0.0,0.0,,2,0.27,0.36,,,0.19,Tough-Track Enforcer,0.16,True
e2c882d1,AN Lascu,Romania,7,21.0,8,9.33,15.75,pp_heavy,3.4,5.4,13.8,7.5,D,D,D,D,Utility Player,0.69,0.12,,,-0.55,0.03,,0.74,5,0.81,0.29,,,,,,True
f2c936d7,MJ Owen,Australia,4,5.0,2,12.4,15.0,middle_heavy,3.4,7.4,13.4,8.1,D,D,D,D,Utility Player,0.75,0.0,,,,0.0,,,0,-1.73,1.0,,,,,,True
21fe743b,STRA de Silva,Seychelles,4,6.0,0,12.83,999.0,middle_heavy,3.3,5.9,1.1,3.4,D,D,D,D,Utility Player,0.0,0.0,,,,0.0,,,4,0.02,0.5,,,,,,True
206efeb1,PR Surve,Indonesia,15,30.5,8,8.13,22.88,middle_heavy,3.3,8.7,4.4,5.5,D,D,D,D,Utility Player,0.46,0.12,-0.6,-0.0,0.58,0.06,0.0,0.14,6,-0.51,0.55,0.07,-0.07,0.04,Conditions-Proof,0.35,False
b3f90695,Rafaqat Ali,Norway,1,1.0,0,25.0,999.0,pp_heavy,3.3,1.6,3.5,2.8,D,D,D,D,Utility Player,0.0,0.0,,,,0.0,,,0,,,,,,,,True
cfbd3998,Naseem Khan,Croatia,5,9.0,2,9.44,27.0,pp_heavy,3.3,19.1,13.5,12.0,D,D,C,D,Utility Player,0.6,0.0,,,,0.1,,,4,0.54,0.33,,,,,,True
a744d530,RV Viraj,Cambodia,3,5.0,2,12.8,15.0,middle_heavy,3.3,11.7,33.1,16.0,C,D,D,C+,Utility Player,0.32,0.5,,,,0.19,,,1,0.7,0.33,,,,,,True
9f2e1944,P Silas,Botswana,2,2.0,0,17.0,999.0,middle_heavy,3.3,2.4,4.6,3.4,D,D,D,D,Utility Player,0.0,0.0,,,,0.0,,,1,0.7,0.0,,,,,,True
1cb14aa4,CJ Dala,South Africa,10,32.0,13,9.66,14.77,middle_heavy,3.3,3.4,50.4,19.0,C,D,D,B,Utility Player,0.72,0.15,-0.1,0.24,-0.3,0.39,0.04,,1,-0.9,0.57,-0.1,0.1,0.25,Conditions-Proof,-0.06,False
91e035c6,Awais Ikram,Slovenia,5,12.17,5,11.01,14.6,middle_heavy,3.2,5.6,32.1,13.6,D,D,D,C+,Utility Player,0.66,0.4,,,,0.26,,,3,-0.95,0.75,,,,,,True
c4e73ff1,KH Prajapati,Oman,2,1.33,0,14.25,999.0,middle_heavy,3.2,6.5,6.0,5.2,D,D,D,D,Utility Player,0.0,0.0,,,,0.0,,,1,1.7,0.0,,,,,,True
89f64c19,LMP Simmons,West Indies,5,7.17,6,10.05,7.17,middle_heavy,3.2,23.4,53.7,26.8,C,D,C,B,Utility Player,0.86,0.17,,,,0.46,,,0,0.24,0.5,,,,,,True
a2f8e873,B Balala,Malawi,16,31.33,5,9.51,37.6,middle_heavy,3.2,6.0,1.2,3.5,D,D,D,D,Utility Player,0.41,0.2,-0.72,0.16,0.69,0.0,0.0,-0.33,10,-0.14,0.58,0.26,-0.26,0.28,Tough-Track Enforcer,0.26,False
d285acaf,CE McConchie,New Zealand,13,30.33,9,8.04,20.22,middle_heavy,3.1,2.9,16.7,7.6,D,D,D,C,Utility Player,0.61,0.22,-1.12,-0.53,0.06,0.14,0.01,,4,-0.59,0.6,,,0.25,Tough-Track Enforcer,0.66,False
44d6a8b8,Ayan Khan,Oman,26,46.0,7,8.46,39.43,middle_heavy,3.1,10.9,0.3,4.8,D,D,D,D,Utility Player,0.24,0.0,-0.68,-0.08,0.12,0.07,0.0,0.1,8,-0.42,0.72,0.22,-0.22,-0.39,Flat-Track Leaker,-0.47,False
7ae1aad9,S Williams,Sierra Leone,15,41.0,9,7.34,27.33,pp_heavy,3.1,6.2,1.5,3.6,D,D,D,D,Utility Player,0.78,0.11,-0.29,0.34,-0.22,0.0,0.0,-0.23,6,-0.58,0.76,,,-0.25,Flat-Track Leaker,-0.54,False
69cccff3,Rashid Khan,Nepal,2,7.0,1,9.57,42.0,pp_heavy,3.1,4.6,12.8,6.8,D,D,D,D,Utility Player,0.55,1.0,,,,0.0,,,0,-0.93,0.67,,,,,,True
14fd10b5,Haider Butt,Bahrain,16,24.33,13,8.1,11.23,middle_heavy,3.1,7.8,47.8,19.6,C,D,D,B,Utility Player,0.43,0.54,-0.93,-0.56,-0.31,0.46,0.03,0.04,10,-0.85,0.83,-0.06,0.06,-0.16,Flat-Track Leaker,-0.38,True
5b2acc3f,Shahid Afridi,Germany,9,20.0,9,10.0,13.33,middle_heavy,3.1,12.0,33.4,16.2,C,D,D,C+,Utility Player,0.51,0.44,,,0.24,0.33,,,0,-0.38,0.6,,,,,,True
1a710f40,Ali Rasool,Bulgaria,6,12.0,2,11.0,36.0,pp_heavy,3.1,6.0,11.6,6.9,D,D,D,D,Utility Player,0.24,0.5,,,0.25,0.0,,,4,0.52,0.17,,,,,,True
f49935eb,BF Mailata,Samoa,7,15.0,4,10.4,22.5,middle_heavy,3.1,5.4,8.4,5.6,D,D,D,D,Utility Player,0.57,0.25,,,-0.19,0.0,,-0.13,5,-0.08,0.33,,,,,,True
85b3fab2,T Stubbs,South Africa,2,2.0,0,20.5,999.0,middle_heavy,3.0,2.2,4.0,3.1,D,D,D,D,Utility Player,0.0,0.0,,,,0.0,,,0,,,,,,,,True
61fb296e,TL Chivanga,Zimbabwe,3,6.5,0,12.15,999.0,pp_heavy,3.0,5.8,2.8,3.9,D,D,D,D,Utility Player,0.0,0.0,,,,0.0,,,1,-0.26,0.75,,,,,,True
5edaa34d,B Dugic,Serbia,10,22.0,8,11.0,16.5,middle_heavy,3.0,6.0,34.0,14.3,D,D,D,C+,Utility Player,0.53,0.38,-0.55,-0.04,-0.26,0.4,0.04,,2,0.6,0.38,0.18,-0.18,-0.04,Conditions-Proof,,True
0ba9de33,HER Tyler,Philippines,18,57.5,23,9.36,15.0,middle_heavy,3.0,0.5,38.7,14.1,D,D,D,C+,Utility Player,0.58,0.39,-0.72,-0.81,-0.21,0.41,0.02,-0.49,8,-0.51,0.57,-0.13,0.13,0.34,Tough-Track Enforcer,0.46,False
a768a762,AA Gajic,Serbia,15,48.17,21,8.06,13.76,middle_heavy,2.9,2.2,41.6,15.6,C,D,D,C+,Utility Player,1.01,0.29,-0.03,0.3,0.41,0.48,0.03,-0.8,8,-0.86,0.68,,,0.44,Tough-Track Enforcer,0.95,False
13bf1d91,Sulaiman Ali,Bulgaria,9,18.67,6,9.91,18.67,middle_heavy,2.9,3.2,32.9,13.0,D,D,D,C+,Utility Player,0.53,0.83,,,0.61,0.34,,,4,0.35,0.38,,,,,,True
a7553f15,Faisal Khan,Saudi Arabia,10,16.0,4,9.81,24.0,middle_heavy,2.9,7.9,3.0,4.6,D,D,D,D,Utility Player,0.42,0.0,-1.05,-1.14,-0.09,0.0,0.0,,3,-0.62,0.5,,,0.3,Conditions-Proof,0.02,True
b58b7db6,GSNFG Jayasuriya,Sri Lanka,11,22.83,4,9.33,34.25,middle_heavy,2.9,11.9,8.1,7.6,D,D,D,D,Utility Player,0.26,0.5,-0.6,-0.34,0.52,0.05,0.0,,1,0.38,0.38,,,0.28,Tough-Track Enforcer,0.08,True
68886c16,AR Naidoo,Cayman Islands,2,3.0,0,17.33,999.0,middle_heavy,2.9,2.9,3.1,3.0,D,D,D,D,Utility Player,0.0,0.0,,,,0.0,,,1,3.13,0.0,,,,,,True
1439a13c,VE Tembo,Mozambique,3,6.0,1,13.83,36.0,middle_heavy,2.8,1.0,1.7,1.8,D,D,D,D,Utility Player,0.5,0.0,,,,0.0,,,2,0.13,0.5,,,,,,True
c5aef772,R Shepherd,West Indies,72,222.0,87,10.17,15.31,middle_heavy,2.8,2.5,42.3,15.9,C,D,D,C+,Utility Player,0.85,0.2,-0.12,-0.02,-0.07,0.46,0.01,,3,-0.19,0.58,-0.05,0.05,0.01,Conditions-Proof,0.11,False
2911de16,Hasan Ali,Pakistan,55,188.5,80,8.93,14.14,middle_heavy,2.8,1.0,79.4,27.7,C,D,D,A,Utility Player,0.82,0.29,0.02,0.47,-0.03,0.8,0.01,-0.47,8,-0.49,0.61,0.05,-0.05,0.18,Tough-Track Enforcer,0.15,False
ded9ff1e,JNT Seales,West Indies,8,26.0,6,10.85,26.0,pp_heavy,2.8,1.7,6.9,3.8,D,D,D,D,Utility Player,0.25,0.0,,,-0.67,0.0,,,0,0.69,0.27,,,,,,True
d96165b5,D Myers,Zimbabwe,6,10.0,0,12.6,999.0,middle_heavy,2.7,2.4,0.2,1.8,D,D,D,D,Utility Player,0.0,0.0,,,-0.33,0.0,,,1,1.45,0.33,,,,,,True
a127e6f5,Shenjian Zheng,China,1,1.0,0,32.0,999.0,middle_heavy,2.7,1.0,5.7,3.1,D,D,D,D,Utility Player,0.0,0.0,,,,0.0,,,0,,,,,,,,True
245c97cb,TS Mills,England,16,53.67,17,9.07,18.94,middle_heavy,2.7,1.7,7.9,4.1,D,D,D,D,Utility Player,0.54,0.18,-0.38,0.47,-0.22,0.07,0.0,,1,-0.46,0.5,,,-0.19,Flat-Track Leaker,-0.1,False
c7bb2416,GG Alta,Turkey,11,33.83,13,9.99,15.62,middle_heavy,2.7,1.3,12.1,5.4,D,D,D,D,Utility Player,0.55,0.31,-0.58,-0.33,-0.31,0.12,0.01,0.76,8,0.26,0.54,0.63,-0.63,-0.6,Flat-Track Leaker,-0.53,False
018f6488,M Gouws,Gibraltar,9,26.33,7,9.23,22.57,pp_heavy,2.6,11.1,9.6,7.8,D,D,D,D,Utility Player,0.67,0.14,,,-0.13,0.02,,0.23,5,-0.23,0.62,,,,,,True
c674f722,GT Taylor,Bahamas,9,25.0,11,9.32,13.64,middle_heavy,2.6,3.5,41.1,15.7,C,D,D,C+,Utility Player,0.65,0.36,,,-0.68,0.37,,-0.04,7,-0.5,0.67,,,,,,True
10962078,U Sofi,Samoa,2,3.0,0,14.33,999.0,middle_heavy,2.6,1.9,2.1,2.2,D,D,D,D,Utility Player,0.0,0.0,,,,0.0,,,2,0.13,0.0,,,,,,True
78f719ea,IDM Latin,Gibraltar,11,27.83,12,9.63,13.92,middle_heavy,2.6,13.3,35.5,17.1,C,D,D,C+,Utility Player,0.67,0.17,0.08,0.52,0.57,0.43,0.04,0.04,9,-0.33,0.57,,,-0.22,Conditions-Proof,0.02,True
a1d95bd8,LB Williams,South Africa,19,64.83,25,9.78,15.56,pp_heavy,2.5,4.5,51.6,19.5,C,D,D,B,Utility Player,0.82,0.16,0.25,0.1,0.14,0.36,0.02,,3,-0.16,0.68,-0.28,0.28,-0.19,Flat-Track Leaker,-0.07,False
c4f8d754,L Erdenebulgan,Mongolia,12,42.0,18,10.24,14.0,pp_heavy,2.5,4.7,47.6,18.3,C,D,D,B,Utility Player,1.09,0.61,0.73,0.4,0.37,0.41,0.03,-0.41,5,-0.64,0.65,,,0.69,Tough-Track Enforcer,0.87,False
7a27bee5,Parvindar Kumar,Kuwait,6,14.0,3,8.43,28.0,pp_heavy,2.5,2.1,0.4,1.7,D,D,D,D,Utility Player,0.68,0.33,,,0.05,0.0,,,1,-0.1,0.33,,,,,,True
1579d497,Ameel Mauroof,Maldives,17,33.67,9,8.55,22.44,middle_heavy,2.5,5.4,5.8,4.6,D,D,D,D,Utility Player,0.42,0.33,-0.4,-0.55,0.01,0.07,0.0,-0.34,10,-0.05,0.53,0.24,-0.24,-0.1,Conditions-Proof,0.3,False
57b3c398,R Drake,Japan,13,26.0,6,10.73,26.0,middle_heavy,2.5,0.5,3.4,2.1,D,D,D,D,Utility Player,0.23,0.33,-1.76,-1.57,0.41,0.0,0.0,-0.35,6,-0.15,0.64,,,0.32,Tough-Track Enforcer,0.56,True
13bc54a8,U Aryaman Sunil,Singapore,22,67.0,16,9.48,25.12,pp_heavy,2.5,6.7,2.4,3.9,D,D,D,D,Utility Player,0.69,0.19,-0.01,0.03,0.01,0.0,0.0,-0.1,11,-0.31,0.6,-0.15,0.15,0.3,Conditions-Proof,-0.14,False
d406e303,D Johnson,Cayman Islands,8,22.17,9,9.65,14.78,pp_heavy,2.5,2.4,25.1,10.0,D,D,D,C,Utility Player,0.5,0.44,,,-0.22,0.13,,0.4,5,0.29,0.38,,,,,,True
13598ebc,A Krishna,Singapore,14,43.33,18,8.86,14.44,middle_heavy,2.4,14.6,26.8,14.6,D,D,D,C,Utility Player,0.78,0.17,-0.19,-0.13,-0.38,0.32,0.02,-0.26,9,-0.25,0.67,0.2,-0.2,-0.18,Flat-Track Leaker,-0.38,False
50c6bc2b,LS Livingstone,England,41,96.0,35,8.88,16.46,middle_heavy,2.4,10.4,34.9,15.9,C,D,D,C+,Utility Player,0.65,0.23,-0.3,0.14,-0.36,0.44,0.01,,2,-0.55,0.71,0.53,-0.53,-0.29,Flat-Track Leaker,-0.48,False
52b090a6,Lakshit Gupta,Cambodia,7,14.0,3,10.0,28.0,middle_heavy,2.3,14.2,6.2,7.6,D,D,D,D,Utility Player,0.61,0.33,,,0.27,0.04,,0.18,5,0.83,0.2,,,,,,True
40aea524,Abdul Wahid,Saudi Arabia,9,26.0,11,9.15,14.18,middle_heavy,2.3,4.1,22.4,9.6,D,D,D,C,Utility Player,0.53,0.36,,,0.39,0.17,,-0.46,7,-0.03,0.45,,,,,,True
837be376,Nazmul Huda,Timor-Leste,4,7.17,3,9.07,14.33,middle_heavy,2.3,2.3,28.5,11.0,D,D,D,C,Utility Player,1.0,0.33,,,,0.24,,,2,0.19,0.33,,,,,,True
d8e48e1b,MFI Assuncao,Brazil,2,3.0,0,17.33,999.0,middle_heavy,2.2,1.5,2.1,1.9,D,D,D,D,Utility Player,0.0,0.0,,,,0.0,,,1,2.08,0.0,,,,,,True
b0946605,AS Joseph,West Indies,43,162.0,63,9.51,15.43,middle_heavy,2.2,2.0,62.6,22.3,C,D,D,B+,Utility Player,0.91,0.25,0.19,0.32,-0.09,0.58,0.01,,4,-0.5,0.58,-0.17,0.17,-0.13,Conditions-Proof,-0.5,False
6d9238ac,Serdar Burak Emir,Turkey,4,9.0,1,13.67,54.0,pp_heavy,2.2,1.3,1.7,1.7,D,D,D,D,Utility Player,0.38,0.0,,,,0.0,,,1,0.65,0.33,,,,,,True
d2babdd5,E Chigumbura,Zimbabwe,16,33.0,14,9.64,14.14,middle_heavy,2.2,4.7,41.1,16.0,C,D,D,C+,Utility Player,0.46,0.07,-0.51,-0.53,0.26,0.34,0.02,,3,-0.04,0.36,0.42,-0.42,0.18,Tough-Track Enforcer,0.19,False
2d5c6e88,Yusuf Ebrahim,Panama,13,21.5,9,9.44,14.33,middle_heavy,2.1,0.7,32.2,11.7,D,D,D,C+,Utility Player,0.39,0.11,-1.65,-1.29,-0.39,0.32,0.02,,13,-0.87,0.5,,,-0.15,Conditions-Proof,,True
0095a0e3,Noah Mead,Samoa,11,27.0,8,9.0,20.25,pp_heavy,2.1,6.2,8.7,5.7,D,D,D,D,Utility Player,0.8,0.0,-0.45,-0.71,-0.43,0.01,0.0,0.12,7,-0.38,0.67,,,-0.16,Conditions-Proof,-0.05,True
ab6b1c45,AL Phehlukwayo,South Africa,39,124.67,54,9.1,13.85,middle_heavy,2.1,3.1,64.3,23.2,C,D,D,B+,Utility Player,0.86,0.31,0.29,0.38,-0.13,0.59,0.02,-0.15,8,-0.27,0.67,-0.2,0.2,-0.03,Conditions-Proof,0.32,False
5d6a1f76,Zeeshan Kukikhel,Hungary,12,39.5,17,8.71,13.94,middle_heavy,2.1,2.4,34.1,12.9,D,D,D,C+,Utility Player,0.91,0.35,0.06,0.27,-0.05,0.37,0.03,,4,-0.4,0.65,-0.13,0.13,-0.5,Flat-Track Leaker,-0.44,False
3d6617c6,S Jamil,Belgium,5,8.67,2,9.69,26.0,middle_heavy,2.1,5.6,14.9,7.5,D,D,D,D,Utility Player,0.5,1.0,,,,0.05,,,4,-0.43,0.67,,,,,,True
dba54d8e,JA Burrows,Isle of Man,20,58.5,28,7.56,12.54,middle_heavy,2.1,3.1,53.2,19.5,C,D,D,B,Utility Player,0.88,0.14,-0.16,0.23,0.16,0.61,0.03,-0.34,15,-1.07,0.8,0.51,-0.51,0.72,Tough-Track Enforcer,0.9,False
0f12f9df,NLTC Perera,Sri Lanka,66,179.67,56,9.47,19.25,middle_heavy,2.1,2.3,3.2,2.5,D,D,D,D,Utility Player,0.65,0.21,-0.51,0.3,0.13,0.1,0.0,-0.1,14,-0.03,0.55,0.3,-0.3,0.14,Conditions-Proof,0.38,False
1125ebe4,R Satheesan,Romania,17,34.83,8,9.16,26.12,middle_heavy,2.1,5.6,4.6,4.1,D,D,D,D,Utility Player,0.33,0.25,-0.46,-0.05,0.39,0.06,0.0,,1,-0.38,0.62,0.7,-0.7,-0.17,Flat-Track Leaker,-0.26,False
0abb2525,M Heingo,Namibia,4,7.0,2,12.0,21.0,middle_heavy,2.1,2.2,9.2,4.5,D,D,D,D,Utility Player,0.31,0.0,,,,0.0,,,0,0.62,0.0,,,,,,True
4e6bc859,E Kuyumcu,Turkey,3,3.0,0,12.0,999.0,pp_heavy,2.0,3.3,1.8,2.4,D,D,D,D,Utility Player,0.0,0.0,,,,0.0,,,3,1.41,0.0,,,,,,True
68c56d09,KA Jamieson,New Zealand,27,93.17,26,9.83,21.5,pp_heavy,2.0,5.0,6.6,4.5,D,D,D,D,Utility Player,0.8,0.12,-0.01,0.24,0.1,0.02,0.0,,0,-0.23,0.63,-0.08,0.08,-0.18,Conditions-Proof,-0.0,False
c62a0327,N Krishna,Seychelles,12,29.67,13,8.9,13.69,middle_heavy,2.0,1.1,39.8,14.3,D,D,D,C+,Utility Player,1.03,0.31,-0.29,0.83,-0.04,0.39,0.03,-0.43,11,-0.79,0.86,,,-0.07,Conditions-Proof,-0.6,True
5ffb535d,Suhail Sattar,Timor-Leste,7,13.0,4,9.85,19.5,pp_heavy,2.0,8.5,10.3,6.9,D,D,D,D,Utility Player,0.54,0.25,,,0.0,0.0,,-0.73,5,-0.54,0.5,,,,,,True
2af838ee,N Pradeep,Sri Lanka,16,46.33,17,9.69,16.35,pp_heavy,1.9,0.7,8.7,3.8,D,D,D,D,Utility Player,0.7,0.29,-0.45,-0.23,0.6,0.01,0.0,,4,0.03,0.47,0.44,-0.44,0.09,Conditions-Proof,,False
77b1aa15,Harshit Rana,India,8,28.0,9,10.71,18.67,pp_heavy,1.9,3.0,27.0,10.6,D,D,D,C,Utility Player,1.04,0.33,,,,0.11,,,1,-0.14,0.36,,,,,,True
c4e205e4,M Vivekanandan,Mongolia,10,35.0,9,10.34,23.33,middle_heavy,1.9,3.9,8.1,4.6,D,D,D,D,Utility Player,0.88,0.33,0.19,0.81,0.09,0.05,0.01,,4,-0.05,0.53,,,0.62,Tough-Track Enforcer,0.71,False
529eb9e0,OC McCoy,West Indies,41,134.67,52,9.1,15.54,middle_heavy,1.9,2.0,35.3,13.1,D,D,D,C+,Utility Player,0.82,0.17,-0.08,0.27,0.24,0.37,0.01,,2,-0.62,0.69,0.09,-0.09,0.03,Conditions-Proof,0.1,False
b8fe81be,Ali Hussain,Romania,10,24.0,5,9.46,28.8,middle_heavy,1.8,4.4,5.0,3.7,D,D,D,D,Utility Player,0.38,0.2,-0.62,-0.55,-0.23,0.0,0.0,-0.01,7,0.11,0.36,,,-0.01,Conditions-Proof,-0.27,True
cdd9fa95,Shahab Alam,Nepal,7,20.0,5,9.7,24.0,middle_heavy,1.8,1.5,3.9,2.4,D,D,D,D,Utility Player,0.7,0.0,,,-0.06,0.0,,,1,-0.05,0.5,,,,,,True
c6097d68,O Thomas,West Indies,20,68.0,22,9.72,18.55,pp_heavy,1.8,5.0,14.5,7.1,D,D,D,D,Utility Player,0.95,0.23,-0.1,0.13,0.22,0.09,0.0,,2,-0.37,0.54,0.22,-0.22,0.36,Tough-Track Enforcer,0.22,False
4c72b407,Ahsan Khan,Bulgaria,10,21.0,6,11.19,21.0,pp_heavy,1.7,5.5,16.9,8.0,D,D,D,C,Utility Player,0.5,0.17,-0.27,-0.55,0.43,0.1,0.01,,2,0.06,0.33,,,0.22,Tough-Track Enforcer,0.58,True
72861603,GC Smith,South Africa,3,4.0,0,15.0,999.0,middle_heavy,1.7,2.4,0.6,1.6,D,D,D,D,Utility Player,0.0,0.0,,,,0.0,,,1,1.26,0.0,,,,,,True
3ec513ea,A Maheshwari,Croatia,7,18.83,5,10.25,22.6,middle_heavy,1.7,9.1,18.2,9.7,D,D,D,C,Utility Player,0.76,0.2,,,0.34,0.12,,,4,0.18,0.5,,,,,,True
1f28fdfd,GR Russ,Philippines,2,3.0,0,17.33,999.0,middle_heavy,1.7,1.0,3.1,1.9,D,D,D,D,Utility Player,0.0,0.0,,,,0.0,,,2,1.2,0.0,,,,,,True
4e35e8ea,Y Divekar,Israel,2,2.0,0,16.0,999.0,middle_heavy,1.7,2.7,2.6,2.3,D,D,D,D,Utility Player,0.0,0.0,,,,0.0,,,2,,,,,,,,True
2c6052a6,JS Henriksen,Denmark,4,6.0,1,13.5,36.0,pp_heavy,1.6,0.7,4.6,2.3,D,D,D,D,Utility Player,0.38,1.0,,,,0.0,,,3,1.15,0.25,,,,,,True
e76c8732,T Amarmend,Mongolia,10,29.33,8,9.61,22.0,middle_heavy,1.6,2.5,23.8,9.3,D,D,D,C,Utility Player,0.7,0.25,0.19,-0.07,-0.17,0.21,0.02,,4,-0.67,0.67,,,0.66,Tough-Track Enforcer,1.64,True
0b07cb5e,OJR Groves,Slovenia,2,2.17,0,18.92,999.0,middle_heavy,1.6,2.8,3.4,2.6,D,D,D,D,Utility Player,0.0,0.0,,,,0.0,,,0,,,,,,,,True
53dd7d8e,Andre Jarju,Gambia,8,24.0,7,10.33,20.57,pp_heavy,1.6,4.4,42.4,16.1,C,D,D,C+,Utility Player,0.68,0.43,,,0.22,0.35,,,8,-0.27,0.62,,,,,,True
39e6bad7,Saqib Naveed,Estonia,3,5.0,0,17.0,999.0,middle_heavy,1.6,0.8,0.7,1.0,D,D,D,D,Utility Player,0.0,0.0,,,,0.0,,,2,3.08,0.0,,,,,,True
d1f14716,Yahya Suhail,Timor-Leste,4,8.67,2,8.65,26.0,middle_heavy,1.6,7.2,17.7,8.8,D,D,D,C,Utility Player,0.36,0.5,,,,0.08,,,2,-0.2,0.5,,,,,,True
47d00fb5,RL Bhudia,Kenya,3,7.33,0,10.64,999.0,pp_heavy,1.6,1.1,0.8,1.2,D,D,D,D,Utility Player,0.0,0.0,,,,0.0,,,3,-0.37,0.67,,,,,,True
e77c9807,DK Pallekonda,Slovenia,8,19.0,6,10.74,19.0,middle_heavy,1.6,14.2,18.7,11.5,D,D,D,C,Utility Player,0.66,0.5,,,-0.02,0.23,,,2,0.11,0.5,,,,,,True
47b33198,Chen Zhuo Yue,China,8,21.17,6,8.6,21.17,middle_heavy,1.6,1.9,3.8,2.4,D,D,D,D,Utility Player,0.45,0.17,,,0.21,0.0,,,4,-0.14,0.55,,,,,,True
be0f9ce9,Haroon Arshad,Hong Kong,33,83.67,32,8.88,15.69,pp_heavy,1.5,0.5,16.3,6.1,D,D,D,C,Utility Player,0.53,0.34,-0.69,-0.04,-0.11,0.15,0.0,-0.45,12,-0.61,0.71,0.18,-0.18,-0.02,Conditions-Proof,-0.1,False
6b4593ee,L Siaka,Papua New Guinea,8,15.0,7,6.87,12.86,middle_heavy,1.5,18.4,9.0,9.6,D,D,C,D,Utility Player,0.44,0.0,,,-0.17,0.12,,0.51,6,-1.33,0.8,,,,,,True
23cca426,OF Smith,West Indies,26,75.0,29,10.45,15.52,middle_heavy,1.5,1.5,34.3,12.4,D,D,D,C+,Utility Player,0.9,0.14,-0.31,-0.43,0.24,0.32,0.01,,1,-0.23,0.57,0.61,-0.61,-0.09,Conditions-Proof,-0.61,False
55f33b32,JL Ontong,South Africa,4,6.0,2,13.83,18.0,middle_heavy,1.5,3.6,8.8,4.6,D,D,D,D,Utility Player,0.68,0.0,,,,0.0,,,0,2.7,0.0,,,,,,True
cc1e8c68,UT Yadav,India,9,30.0,14,9.43,12.86,pp_heavy,1.5,4.5,70.6,25.5,C,D,D,B+,Utility Player,1.24,0.29,,,,0.62,,,1,-0.13,0.6,,,,,,False
6f02fe2a,Waseem Muhammad,United Arab Emirates,8,10.67,3,12.0,21.33,death_heavy,1.5,0.9,0.6,1.0,D,D,D,D,Utility Player,0.21,0.0,,,-0.39,0.0,,,3,1.46,0.25,,,,,,True
94a1827c,OGL Bascome,Bermuda,6,14.17,8,7.13,10.62,middle_heavy,1.5,7.3,31.3,13.4,D,D,D,C+,Utility Player,0.37,0.12,,,,0.21,,,6,-1.63,1.0,,,,,,True
31803fac,Abu Hider,Bangladesh,10,29.0,5,10.0,34.8,pp_heavy,1.3,2.0,0.9,1.4,D,D,D,D,Utility Player,0.48,0.4,-0.79,-0.54,0.22,0.0,0.0,,3,0.19,0.4,,,0.11,Conditions-Proof,,True
7e439c80,Sohail Ahmad,Croatia,6,10.0,3,14.0,20.0,pp_heavy,1.3,1.7,5.9,3.0,D,D,D,D,Utility Player,0.48,0.0,,,-0.51,0.0,,-0.52,5,-0.08,0.33,,,,,,True
da21531c,Waqar Khan,Slovenia,4,4.0,3,17.25,8.0,death_heavy,1.3,3.6,26.8,10.6,D,D,D,C,Utility Player,0.39,0.33,,,,0.39,,,0,3.2,0.0,,,,,,True
c96f6ac5,PWA Mulder,South Africa,10,20.0,8,9.85,15.0,middle_heavy,1.3,6.4,26.7,11.5,D,D,D,C,Utility Player,0.6,0.0,-0.56,-0.73,-0.11,0.19,0.02,,0,-0.24,0.57,-0.84,0.84,0.13,Conditions-Proof,,True
1c366af1,E Batkhuyag,Mongolia,2,3.83,1,9.91,23.0,middle_heavy,1.2,2.9,22.1,8.7,D,D,D,C,Utility Player,0.75,0.0,,,,0.08,,,2,-0.25,0.5,,,,,,True
af2c687b,C Munro,New Zealand,12,19.67,4,9.46,29.5,middle_heavy,1.2,13.0,1.5,5.2,D,D,D,D,Utility Player,0.45,0.25,-0.82,-1.0,0.2,0.03,0.0,,2,0.02,0.5,-1.04,1.04,0.77,Tough-Track Enforcer,1.8,True
1bdbf53b,B George,Malta,6,12.5,2,10.56,37.5,middle_heavy,1.1,1.3,0.6,1.0,D,D,D,D,Utility Player,0.17,0.5,,,0.63,0.0,,,3,0.26,0.25,,,,,,True
c228c52d,Arslan Amjad,Estonia,11,22.33,13,11.19,10.31,middle_heavy,1.1,1.6,35.2,12.6,D,D,D,C+,Utility Player,0.64,0.08,-0.91,-1.0,0.26,0.38,0.03,,2,-0.27,0.5,,,0.25,Conditions-Proof,-0.1,True
946d4d9a,Mohamed Shiyam,Maldives,3,4.0,1,15.75,24.0,pp_heavy,1.1,1.8,6.1,3.0,D,D,D,D,Utility Player,0.5,0.0,,,,0.0,,,3,2.2,0.0,,,,,,True
95c2d309,SKDT Madusanka,Seychelles,9,18.0,8,9.56,13.5,middle_heavy,1.0,0.2,18.1,6.4,D,D,D,C,Utility Player,0.71,0.5,,,0.1,0.14,,-0.31,8,0.39,0.5,,,,,,True
deef8879,Ali Nawaz,Hungary,9,22.0,11,11.23,12.0,middle_heavy,1.0,1.8,36.3,13.0,D,D,D,C+,Utility Player,0.44,0.27,,,-0.38,0.37,,,1,0.27,0.45,,,,,,True
2df874e6,R Kumar,Romania,10,23.83,3,10.24,47.67,pp_heavy,1.0,0.8,0.1,0.6,D,D,D,D,Utility Player,0.2,0.67,-1.28,-0.73,0.0,0.0,0.0,,1,0.04,0.5,,,0.56,Tough-Track Enforcer,,True
26f98ea3,DV Varghese,Bulgaria,22,44.33,12,10.29,22.17,pp_heavy,1.0,2.5,4.2,2.6,D,D,D,D,Utility Player,0.62,0.17,-0.85,-0.83,-0.03,0.0,0.0,0.02,7,-0.26,0.56,-0.16,0.16,0.23,Tough-Track Enforcer,0.8,False
cec44e08,SM Sharma,United Arab Emirates,4,11.0,1,10.45,66.0,pp_heavy,1.0,0.7,0.6,0.8,D,D,D,D,Utility Player,0.38,0.0,,,,0.0,,,1,0.19,0.4,,,,,,True
c2ecd4a7,N Ahir,Panama,7,15.0,2,10.47,45.0,pp_heavy,0.9,5.6,3.6,3.4,D,D,D,D,Utility Player,0.34,0.5,,,-0.08,0.0,,,7,0.01,0.4,,,,,,True
180e2c15,Ismaila Tanba,Gambia,5,10.0,4,9.9,15.0,middle_heavy,0.9,1.3,2.8,1.7,D,D,D,D,Utility Player,0.71,0.0,,,,0.0,,,5,-1.17,0.8,,,,,,True
4373c57e,JH Stander,Scotland,4,6.0,2,14.17,18.0,pp_heavy,0.9,0.7,17.4,6.3,D,D,D,C,Utility Player,0.34,0.5,,,,0.0,,,3,2.56,0.0,,,,,,True
1afd4f89,S Vats,Luxembourg,5,17.0,3,10.18,34.0,middle_heavy,0.8,0.6,26.9,9.4,D,D,D,C,Utility Player,0.22,0.0,,,,0.2,,,1,0.02,0.33,,,,,,True
4a2ce060,M Jobarteh,Gambia,8,23.5,7,10.64,20.14,pp_heavy,0.8,0.2,18.1,6.4,D,D,D,C,Utility Player,0.34,0.71,,,0.13,0.08,,,8,-0.01,0.5,,,,,,True
3204c99f,G Coetzee,South Africa,13,42.83,14,10.79,18.36,pp_heavy,0.8,1.5,24.2,8.8,D,D,D,C,Utility Player,0.9,0.21,-0.14,-0.03,0.27,0.12,0.01,,2,-0.57,0.62,0.42,-0.42,-0.01,Conditions-Proof,0.0,False
5db10a22,Anmoldeep Singh,Italy,4,5.33,0,13.12,999.0,middle_heavy,0.8,0.4,0.4,0.5,D,D,D,D,Utility Player,0.0,0.0,,,,0.0,,,1,0.04,0.5,,,,,,True
2a9eee66,Vikramjit Singh,Netherlands,8,16.5,6,10.24,16.5,middle_heavy,0.8,0.3,1.6,0.9,D,D,D,D,Utility Player,0.37,0.0,,,-0.1,0.0,,,2,-0.41,0.86,,,,,,True
5e72608f,KY Wilfried,Ivory Coast,4,10.0,3,12.7,20.0,pp_heavy,0.8,1.4,19.7,7.3,D,D,D,C,Utility Player,1.12,0.67,,,,0.06,,,4,0.86,0.0,,,,,,True
4e6ff836,JA Fitzgerald,Gibraltar,21,58.5,13,10.39,27.0,pp_heavy,0.7,0.9,3.3,1.6,D,D,D,D,Utility Player,0.61,0.46,-0.6,-0.55,0.16,0.0,0.0,-0.16,8,-0.03,0.46,0.28,-0.28,0.46,Tough-Track Enforcer,0.59,False
f74a1394,Elias Hasan,Estonia,6,15.0,2,10.6,45.0,middle_heavy,0.7,1.7,7.1,3.2,D,D,D,D,Utility Player,0.37,1.0,,,-0.05,0.0,,,3,0.22,0.29,,,,,,True
638f451b,N Zimonjic,Serbia,13,23.5,10,12.09,14.1,middle_heavy,0.7,1.3,15.8,5.9,D,D,D,C,Utility Player,0.49,0.2,-1.28,-0.54,0.25,0.18,0.01,,4,0.65,0.33,0.41,-0.41,0.44,Tough-Track Enforcer,0.43,True
79e23cc5,ML Kostic,Serbia,5,11.83,3,13.35,23.67,middle_heavy,0.7,2.4,13.7,5.6,D,D,D,D,Utility Player,0.8,0.67,,,,0.07,,,1,0.66,0.4,,,,,,True
a90e53ec,MW Short,Australia,10,18.0,9,11.44,12.0,middle_heavy,0.7,2.5,32.4,11.9,D,D,D,C+,Utility Player,0.67,0.22,-0.71,-0.69,-0.33,0.23,0.02,,2,0.89,0.4,,,0.28,Tough-Track Enforcer,,True
f892fcf9,L Sipamla,South Africa,13,43.33,12,10.71,21.67,middle_heavy,0.7,0.8,15.6,5.7,D,D,D,C,Utility Player,0.69,0.08,-0.55,-0.64,0.02,0.13,0.01,,0,0.16,0.53,0.18,-0.18,-0.12,Conditions-Proof,-0.47,False
8357fc3e,Ilyas Cetin,Turkey,3,3.5,2,18.86,10.5,middle_heavy,0.6,0.6,15.2,5.5,D,D,D,C,Utility Player,1.0,0.0,,,,0.03,,,0,0.98,0.0,,,,,,True
1b77c4c6,Shaik Basha,Tanzania,9,15.0,9,10.27,10.0,middle_heavy,0.6,4.4,39.0,14.7,D,D,D,C+,Utility Player,0.64,0.33,,,-0.31,0.36,,,0,-1.22,0.83,,,,,,True
ad2efd29,Khin Aye,Myanmar,14,28.0,8,9.32,21.0,pp_heavy,0.6,0.4,1.8,0.9,D,D,D,D,Utility Player,0.45,0.38,-1.43,-0.51,-0.22,0.0,0.0,0.24,9,-0.77,0.64,0.01,-0.01,-0.04,Conditions-Proof,,True
bbd41817,AD Russell,West Indies,73,197.17,62,9.61,19.08,middle_heavy,0.5,0.5,20.5,7.2,D,D,D,C,Utility Player,0.66,0.29,-0.53,-0.17,-0.03,0.32,0.0,-0.18,8,-0.3,0.61,0.16,-0.16,-0.03,Conditions-Proof,-0.22,False
82903f3a,A Gulati,Bahamas,4,7.0,2,11.86,21.0,middle_heavy,0.5,2.9,6.3,3.2,D,D,D,D,Utility Player,0.36,0.0,,,,0.0,,,4,-0.76,0.5,,,,,,True
a9b998d9,M Raikes,Gibraltar,6,9.83,3,14.24,19.67,middle_heavy,0.5,0.3,2.3,1.0,D,D,D,D,Utility Player,0.32,0.0,,,-0.68,0.0,,,2,-0.03,0.33,,,,,,True
677c18f9,A Djorovic,Serbia,6,11.67,1,12.77,70.0,middle_heavy,0.5,2.0,0.8,1.1,D,D,D,D,Utility Player,0.25,0.0,,,0.35,0.0,,,2,1.07,0.0,,,,,,True
b8cd9955,W Ngowhuad,Thailand,12,32.17,17,10.04,11.35,pp_heavy,0.5,1.0,48.5,16.7,C,D,D,B,Utility Player,0.79,0.18,-0.78,-0.78,0.24,0.42,0.03,-0.63,5,-0.18,0.67,0.55,-0.55,0.76,Tough-Track Enforcer,,False
d92fb332,A Razmilic,Croatia,7,12.33,3,13.54,24.67,middle_heavy,0.5,1.1,6.8,2.8,D,D,D,D,Utility Player,0.24,0.67,,,-0.74,0.0,,,3,0.77,0.2,,,,,,True
55fedd51,KK Tillett,Belize,2,2.33,1,21.43,14.0,pp_heavy,0.4,0.1,1.9,0.8,D,D,D,D,Utility Player,0.75,0.0,,,,0.0,,,2,2.8,0.0,,,,,,True
68832922,Taher Muhammad,Slovenia,10,23.67,4,10.39,35.5,middle_heavy,0.4,2.0,7.0,3.1,D,D,D,D,Utility Player,0.44,0.75,-0.62,-0.13,-0.14,0.04,0.0,-0.03,6,0.19,0.45,,,0.19,Tough-Track Enforcer,0.2,True
6caae2dc,Omar Rassol,Bulgaria,9,18.0,4,12.39,27.0,middle_heavy,0.4,0.3,1.6,0.8,D,D,D,D,Utility Player,0.25,0.25,,,-0.16,0.0,,,1,-0.27,0.62,,,,,,True
b80dd12c,Jatinder Singh,Oman,2,2.17,0,10.62,999.0,middle_heavy,0.4,0.1,0.4,0.3,D,D,D,D,Utility Player,0.0,0.0,,,,0.0,,,1,-0.55,1.0,,,,,,True
1a353572,Saeed Waqar Ali,Slovenia,9,23.0,6,11.3,23.0,middle_heavy,0.4,0.4,2.6,1.1,D,D,D,D,Utility Player,0.64,0.17,,,0.09,0.0,,,4,0.76,0.45,,,,,,True
d613f046,M Whelan,Gibraltar,8,16.0,4,11.94,24.0,middle_heavy,0.3,0.5,0.3,0.4,D,D,D,D,Utility Player,0.56,0.0,,,0.07,0.0,,,3,0.14,0.6,,,,,,True
22d73540,Jahandad Khan,Pakistan,8,18.0,7,11.72,15.43,pp_heavy,0.3,0.5,23.2,8.0,D,D,D,C,Utility Player,0.83,0.14,,,0.11,0.08,,-0.33,5,-0.17,0.44,,,,,,True
1c40f69f,S Tosic,Serbia,12,24.0,8,10.83,18.0,middle_heavy,0.3,0.9,10.2,3.8,D,D,D,D,Utility Player,0.56,0.12,-1.07,-0.61,-0.35,0.12,0.01,0.49,5,0.82,0.44,,,-0.41,Flat-Track Leaker,-0.35,True
d4bebd88,Rahat Kazi,Timor-Leste,5,9.0,1,11.22,54.0,pp_heavy,0.3,0.6,1.2,0.7,D,D,D,D,Utility Player,0.28,0.0,,,,0.0,,,3,0.31,0.33,,,,,,True
430b7399,IP Swaney,Singapore,6,7.0,2,14.14,21.0,middle_heavy,0.2,1.2,13.8,5.1,D,D,D,D,Utility Player,0.24,0.5,,,0.77,0.06,,,2,1.92,0.0,,,,,,True
ccd88623,O Lutbayar,Mongolia,12,31.67,6,11.21,31.67,middle_heavy,0.2,1.8,4.4,2.1,D,D,D,D,Utility Player,0.68,0.33,0.05,0.17,0.66,0.0,0.0,-0.49,5,0.22,0.46,,,0.9,Tough-Track Enforcer,1.3,False
d6a2f3a5,A Magdalenic,Croatia,4,4.33,0,19.15,999.0,pp_heavy,0.2,0.5,0.2,0.3,D,D,D,D,Utility Player,0.0,0.0,,,,0.0,,,3,1.91,0.0,,,,,,True
45c6afaf,Z Shurentsetseg,Mongolia,10,22.17,6,10.51,22.17,middle_heavy,0.2,0.2,3.0,1.1,D,D,D,D,Utility Player,0.5,0.33,-1.32,-0.23,0.25,0.0,0.0,,4,0.09,0.56,,,0.57,Tough-Track Enforcer,1.83,True
3a200eb2,MC Alex,Ivory Coast,3,8.17,0,10.53,999.0,middle_heavy,0.2,0.1,0.2,0.2,D,D,D,D,Utility Player,0.0,0.0,,,,0.0,,,3,0.08,0.33,,,,,,True
b0e16d9b,N Naranbaatar,Mongolia,7,17.0,2,13.88,51.0,pp_heavy,0.2,0.3,0.3,0.3,D,D,D,D,Utility Player,0.39,0.0,,,-0.61,0.0,,,0,0.75,0.33,,,,,,True
01c05b6c,RJ Hatchman,Gibraltar,15,34.0,5,12.79,40.8,middle_heavy,0.1,0.1,0.0,0.1,D,D,D,D,Utility Player,0.41,0.2,-1.75,-1.74,-0.25,0.0,0.0,0.07,5,0.54,0.31,0.21,-0.21,-0.01,Conditions-Proof,-0.13,False
86ea6123,Mohamed Coulibaly,Mali,4,6.83,2,11.27,20.5,pp_heavy,0.1,0.1,16.3,5.5,D,D,D,C,Utility Player,0.72,0.5,,,,0.02,,,4,-0.36,0.5,,,,,,True
4a3cbbf2,JR Lucky,Costa Rica,1,0.17,0,54.0,999.0,middle_heavy,0.1,0.1,0.9,0.4,D,D,D,D,Utility Player,0.0,0.0,,,,0.0,,,1,,,,,,,,True
cdb2858d,S Bevin,Croatia,1,0.33,0,45.0,999.0,middle_heavy,0.1,0.2,1.8,0.7,D,D,D,D,Utility Player,0.0,0.0,,,,0.0,,,0,-1.38,1.0,,,,,,True
c6614fc0,DNA Ankrah,Ghana,6,14.0,4,8.64,21.0,pp_heavy,0.1,0.3,0.2,0.2,D,D,D,D,Utility Player,0.72,0.25,,,-0.76,0.0,,0.83,5,-0.8,0.6,,,,,,True
096601c5,DKJ Claude,Ivory Coast,2,1.17,0,24.0,999.0,pp_heavy,0.0,0.0,0.1,0.0,D,D,D,D,Utility Player,0.0,0.0,,,,0.0,,,2,,,,,,,,True
