batter_id,batter,country,innings_count,total_runs,total_balls,career_sr,career_avg,total_fours,total_sixes,modal_position,position_group,score_acceleration,score_power,score_control,overall_score,overall_grade,grade_acceleration,grade_power,grade_control,archetype,avg_balls_to_par,anchor_cost_ratio,selfless_fifty,selfless_century,selfless_index,chase_master_index,bat_first_index,peak_composite_batting,peak_window_composite,flat_track_index,venue_adjusted_composite,war_batting,war_batting_rate,clutch_index,pressure_innings,clutch_sr_delta,avg_dominance,pct_dominant,matchup_consistency,condition_dependence_index,condition_dependence_tag,condition_spread,is_provisional_bat
271f83cd,SA Yadav,Mumbai Indians,151,4311,2901,148.6,34.77,454,168,3,top_order,100.0,100.0,100.0,100.0,S,S,S,S,Explosive Opener,4.5,0.23,1.19,,1.19,-0.06,0.06,1.05,2.72,0.03,-0.01,4.79,0.03,-1.01,37,-0.2,-0.26,0.38,0.83,-0.15,Tough-Track Star,-0.16,False
c03f1114,KD Karthik,Kolkata Knight Riders,233,4843,3580,135.28,26.32,466,161,5,upper_middle,100.0,100.0,90.3,99.5,S,S,S,A+,Explosive Finisher,6.69,0.44,1.29,1.72,1.42,-0.02,0.02,0.74,1.31,-0.03,-0.1,3.33,0.01,-0.05,71,-0.0,-0.61,0.26,0.85,0.04,Conditions-Proof,0.04,False
c4487b84,AB de Villiers,Royal Challengers Bangalore,170,5181,3411,151.89,39.85,414,253,4,upper_middle,100.0,100.0,100.0,100.0,S,S,S,S,Explosive Finisher,7.39,0.37,1.42,,1.42,-0.14,0.14,1.41,2.25,-0.03,-0.04,5.01,0.03,0.01,45,-0.09,-0.12,0.42,0.83,0.05,Conditions-Proof,0.16,False
a757b0d8,KA Pollard,Mumbai Indians,168,3437,2329,147.57,28.4,221,224,5,upper_middle,100.0,100.0,92.5,100.0,S,S,S,A+,Explosive Finisher,6.15,0.44,1.28,,1.28,0.09,-0.09,1.33,2.62,-0.04,-0.03,3.9,0.02,0.31,54,0.01,-0.52,0.29,0.83,0.04,Conditions-Proof,0.11,False
4a8a2e3b,MS Dhoni,Chennai Super Kings,241,5439,3957,137.45,38.3,375,264,5,upper_middle,100.0,100.0,100.0,100.0,S,S,S,S,Explosive Finisher,8.02,0.49,1.74,,1.74,-0.09,0.09,1.06,2.02,0.06,-0.04,4.82,0.02,0.55,72,0.21,-0.45,0.3,0.82,0.07,Conditions-Proof,0.08,False
bbd41817,AD Russell,Kolkata Knight Riders,114,2655,1525,174.1,27.95,187,223,6,lower_middle,100.0,100.0,80.4,96.0,S,S,S,A,Explosive Finisher,5.27,0.39,1.04,,1.04,-0.14,0.14,1.47,2.89,0.15,-0.06,4.65,0.04,-0.39,40,-0.23,-0.21,0.44,0.81,-0.0,Conditions-Proof,0.13,False
db584dad,CH Gayle,Royal Challengers Bangalore,141,4997,3346,149.34,39.66,408,359,1,top_order,100.0,100.0,98.8,100.0,S,S,S,S,Explosive Opener,7.9,0.33,1.22,1.47,1.29,0.04,-0.04,1.4,3.6,0.03,-0.08,4.28,0.03,-1.14,29,-0.18,-0.01,0.42,0.83,-0.02,Conditions-Proof,-0.09,False
8ba8195d,V Sehwag,Delhi Daredevils,104,2728,1755,155.44,27.56,334,106,2,top_order,99.6,97.2,76.4,93.7,A+,S,S,A,Explosive Opener,3.61,0.21,1.29,1.0,1.2,0.02,-0.02,1.34,3.77,0.0,-0.01,3.59,0.03,-0.98,18,-0.25,-0.14,0.42,0.79,0.01,Conditions-Proof,0.03,False
dbe50b21,HH Pandya,Mumbai Indians,140,2758,1876,147.01,28.14,207,150,6,lower_middle,98.3,94.1,96.3,98.8,S,S,A+,S,Explosive Finisher,5.01,0.37,1.37,,1.37,-0.03,0.03,1.1,2.29,0.01,-0.11,3.51,0.03,0.07,44,-0.03,-0.36,0.41,0.83,0.09,Conditions-Proof,0.04,False
d9273ee7,MP Stoinis,Lucknow Super Giants,99,2026,1400,144.71,28.14,158,106,5,upper_middle,98.2,98.8,84.3,95.9,S,S,S,A,Explosive Finisher,6.11,0.43,1.08,1.11,1.09,0.11,-0.11,0.78,1.26,-0.1,-0.05,3.69,0.04,-0.52,32,-0.13,-0.42,0.28,0.79,-0.07,Conditions-Proof,-0.06,False
3c6ffae8,YK Pathan,Kolkata Knight Riders,153,3222,2245,143.52,29.29,263,161,5,upper_middle,98.0,98.6,92.7,99.1,S,S,S,A+,Explosive Finisher,5.28,0.36,1.29,,1.29,0.06,-0.06,1.17,2.69,0.08,-0.06,3.32,0.02,0.14,40,0.01,-0.41,0.33,0.85,0.03,Conditions-Proof,0.0,False
b17e2f24,KL Rahul,Kings XI Punjab,135,5235,3848,136.04,45.92,453,208,1,top_order,97.9,87.1,100.0,97.8,S,S,A+,S,Explosive Opener,11.14,0.39,1.13,1.38,1.21,0.03,-0.03,0.81,2.14,-0.09,-0.09,4.14,0.03,-0.13,35,-0.08,-0.31,0.34,0.86,0.02,Conditions-Proof,0.02,False
3241e3fd,N Pooran,Lucknow Super Giants,86,2293,1359,168.73,33.72,158,167,5,upper_middle,97.7,97.7,91.6,97.9,S,S,S,A+,Explosive Finisher,5.57,0.35,1.17,,1.17,0.21,-0.21,1.27,2.13,-0.03,-0.02,4.86,0.06,1.17,26,0.07,0.09,0.47,0.83,0.15,Conditions-Proof,0.1,False
fb2d1dda,N Rana,Kolkata Knight Riders,112,2853,2086,136.77,27.7,261,141,4,upper_middle,97.7,97.1,70.5,91.0,A+,S,S,B+,Explosive Finisher,5.49,0.29,1.1,,1.1,-0.07,0.07,0.61,1.2,-0.03,-0.09,3.01,0.03,-1.04,32,-0.35,-0.61,0.24,0.81,0.07,Conditions-Proof,0.02,False
fe93fd9d,RA Jadeja,Chennai Super Kings,194,3260,2502,130.3,27.86,240,117,6,lower_middle,95.7,86.1,100.0,96.7,S,S,A+,S,Explosive Finisher,5.98,0.46,1.18,,1.18,-0.06,0.06,0.79,2.29,0.05,-0.13,3.26,0.02,0.09,71,0.14,-0.64,0.23,0.85,0.02,Conditions-Proof,-0.01,False
85ec8e33,SS Iyer,Delhi Daredevils,131,3735,2800,133.39,33.95,315,152,3,top_order,95.6,91.6,97.2,97.4,S,S,A+,S,Explosive Opener,7.26,0.34,1.24,0.87,1.13,0.06,-0.06,0.55,0.96,-0.09,-0.17,3.16,0.02,0.46,30,0.06,-0.5,0.31,0.8,0.12,Conditions-Proof,0.05,False
4329fbb5,SR Watson,Rajasthan Royals,141,3880,2813,137.93,30.79,377,190,1,top_order,95.3,98.3,89.3,97.0,S,S,S,A+,Explosive Opener,8.01,0.4,1.33,1.61,1.42,0.06,-0.06,1.07,2.49,0.16,-0.12,3.14,0.02,-0.25,37,-0.16,-0.52,0.37,0.83,-0.16,Tough-Track Star,-0.18,False
f29185a1,Abhishek Sharma,Sunrisers Hyderabad,74,1816,1114,163.02,27.1,174,101,1,top_order,94.8,95.4,74.3,90.0,A+,A+,S,B+,Explosive Opener,4.92,0.33,1.17,1.02,1.12,-0.05,0.05,1.08,1.89,-0.03,-0.08,3.66,0.05,0.84,26,-0.01,-0.3,0.45,0.8,0.16,Conditions-Proof,0.02,False
919a3be2,RR Pant,Delhi Capitals,123,3566,2417,147.54,34.29,321,170,4,upper_middle,94.2,97.6,92.9,97.5,S,A+,S,A+,Explosive Finisher,7.04,0.36,1.33,1.09,1.26,0.02,-0.02,0.97,1.87,0.02,-0.17,3.2,0.03,-0.16,39,0.03,-0.27,0.39,0.81,-0.04,Conditions-Proof,-0.09,False
29e95537,AM Rahane,Rajasthan Royals,183,5032,4025,125.02,30.5,515,123,1,top_order,92.9,80.8,97.9,93.2,A+,A+,A,S,Aggressive Opener,5.94,0.27,1.1,1.24,1.14,-0.04,0.04,0.45,1.36,-0.21,-0.13,2.54,0.01,-0.49,35,-0.11,-0.56,0.26,0.84,0.02,Conditions-Proof,0.01,False
04a418e8,R Parag,Rajasthan Royals,72,1570,1106,141.95,25.74,112,87,4,upper_middle,92.8,92.2,83.8,91.2,A+,A+,A+,A,Explosive Finisher,7.41,0.48,1.54,0.59,1.26,-0.15,0.15,0.66,0.96,-0.26,-0.07,3.21,0.04,0.11,28,-0.01,-0.41,0.31,0.76,0.04,Conditions-Proof,-0.01,False
a4e37e47,S Dube,Chennai Super Kings,75,1859,1294,143.66,30.48,108,122,4,upper_middle,92.7,93.0,88.5,93.2,A+,A+,A+,A+,Explosive Finisher,7.21,0.42,1.14,,1.14,-0.0,0.0,0.8,1.32,-0.02,-0.08,3.34,0.04,-0.68,22,-0.01,-0.39,0.3,0.8,0.25,Flat-Track Bully,0.17,False
3355b542,F du Plessis,Chennai Super Kings,147,4773,3515,135.79,35.1,440,174,2,top_order,92.1,83.7,99.3,94.4,A+,A+,A,S,Aggressive Opener,8.51,0.36,1.16,0.74,1.03,0.04,-0.04,0.63,1.04,0.04,-0.17,2.82,0.02,-0.31,31,0.11,-0.38,0.37,0.82,-0.11,Conditions-Proof,-0.11,False
6c19c6e5,YBK Jaiswal,Rajasthan Royals,66,2166,1417,152.86,34.38,259,92,1,top_order,91.9,91.7,85.9,91.7,A+,A+,A+,A+,Explosive Opener,5.11,0.24,0.82,1.16,0.92,-0.0,0.0,0.9,1.12,-0.07,-0.06,3.47,0.05,0.36,23,-0.01,-0.31,0.4,0.84,-0.11,Conditions-Proof,-0.03,False
70d205c9,AT Rayudu,Mumbai Indians,185,4348,3409,127.54,28.42,359,173,4,upper_middle,91.3,92.8,91.8,94.4,A+,A+,A+,A+,Explosive Finisher,6.34,0.34,1.27,0.69,1.1,-0.06,0.06,0.67,1.18,-0.01,-0.17,2.54,0.01,-0.02,49,-0.16,-0.64,0.25,0.85,0.15,Conditions-Proof,0.15,False
2b6e6dec,AC Gilchrist,Deccan Chargers,80,2069,1495,138.39,27.22,239,92,1,top_order,90.6,90.3,70.4,85.5,A+,A+,A+,B+,Explosive Opener,5.29,0.28,1.17,1.45,1.25,0.13,-0.13,1.06,1.96,0.04,-0.12,2.49,0.03,-1.29,13,-0.11,-0.46,0.34,0.82,0.05,Conditions-Proof,0.08,False
b4b99816,Shubman Gill,Gujarat Titans,114,3866,2787,138.72,39.45,372,119,2,top_order,90.3,78.2,100.0,92.2,A+,A+,A,S,Aggressive Opener,6.75,0.28,1.07,1.23,1.12,0.02,-0.02,0.68,1.06,-0.05,-0.14,3.13,0.03,-0.54,33,-0.06,-0.15,0.41,0.8,-0.0,Conditions-Proof,0.0,False
235c2bb6,H Klaasen,Sunrisers Hyderabad,45,1480,872,169.72,40.0,98,89,5,upper_middle,90.1,89.3,89.1,90.9,A+,A+,A+,A+,Explosive Finisher,5.69,0.29,1.13,1.09,1.12,-0.09,0.09,1.15,2.1,-0.51,-0.0,4.64,0.1,-0.22,17,0.03,0.07,0.52,0.79,0.02,Conditions-Proof,-0.18,False
a4cc73aa,SV Samson,Rajasthan Royals,171,4704,3383,139.05,30.95,379,219,3,top_order,89.9,90.0,97.5,95.1,S,A+,A+,S,Explosive Opener,6.2,0.31,1.14,2.13,1.44,-0.09,0.09,0.56,1.05,-0.12,-0.16,2.68,0.02,0.11,55,-0.04,-0.43,0.32,0.86,0.17,Flat-Track Bully,0.15,False
77255a9e,RA Tripathi,Sunrisers Hyderabad,98,2291,1662,137.85,26.03,229,85,3,top_order,89.6,75.9,79.6,83.5,A,A+,A,A,Aggressive Opener,5.22,0.31,1.01,0.36,0.82,-0.02,0.02,0.84,1.57,-0.1,-0.11,1.96,0.02,-0.77,28,-0.17,-0.55,0.33,0.8,-0.12,Conditions-Proof,-0.1,False
1dc12ab9,SK Raina,Chennai Super Kings,200,5536,4046,136.83,32.37,506,204,3,top_order,89.3,89.7,99.3,95.5,S,A+,A+,S,Explosive Opener,5.86,0.29,1.17,1.67,1.32,0.06,-0.06,0.84,1.35,0.09,-0.14,2.64,0.01,0.12,29,0.09,-0.4,0.32,0.83,-0.07,Conditions-Proof,-0.04,False
39a2dfa8,R Tewatia,Gujarat Titans,76,1112,811,137.11,23.66,90,54,6,lower_middle,89.3,89.1,87.7,89.8,A+,A+,A+,A+,Explosive Finisher,6.7,0.63,1.38,,1.38,0.01,-0.01,0.8,1.49,-0.18,-0.03,3.22,0.04,-0.1,38,0.06,-0.37,0.28,0.82,-0.07,Conditions-Proof,-0.07,False
35205dfc,DR Smith,Chennai Super Kings,88,2385,1764,135.2,28.39,245,117,1,top_order,89.1,91.8,77.9,88.3,A+,A+,A+,A,Explosive Opener,6.77,0.34,1.21,,1.21,0.09,-0.09,0.89,1.63,-0.01,-0.16,2.48,0.03,0.81,21,-0.01,-0.62,0.27,0.81,0.06,Conditions-Proof,-0.03,False
c3d35165,JA Morkel,Chennai Super Kings,67,975,687,141.92,24.38,61,55,5,upper_middle,89.1,85.6,85.9,87.9,A+,A+,A+,A+,Explosive Finisher,4.82,0.47,1.0,,1.0,0.07,-0.07,0.9,1.35,0.09,0.04,2.78,0.04,1.38,18,0.27,-0.41,0.42,0.82,0.04,Conditions-Proof,-0.07,False
87e562a9,DJ Bravo,Chennai Super Kings,110,1560,1204,129.57,22.61,120,66,6,lower_middle,89.0,82.7,90.0,88.7,A+,A+,A,A+,Power Middle-Order,4.18,0.38,1.46,,1.46,-0.2,0.2,0.81,2.16,-0.02,-0.05,2.73,0.02,-0.78,33,-0.21,-0.46,0.3,0.82,0.18,Flat-Track Bully,0.39,False
0a509d6b,RK Singh,Kolkata Knight Riders,51,1099,757,145.18,30.53,87,56,6,lower_middle,89.0,87.8,87.4,89.2,A+,A+,A+,A+,Explosive Finisher,7.24,0.49,1.11,,1.11,0.07,-0.07,0.79,1.26,-0.32,-0.06,3.58,0.07,1.09,14,0.14,-0.29,0.34,0.79,0.21,Flat-Track Bully,0.15,False
f1f99156,TH David,Mumbai Indians,44,846,488,173.36,32.54,54,60,6,lower_middle,88.9,88.3,87.4,89.1,A+,A+,A+,A+,Explosive Finisher,4.73,0.43,,,,0.11,-0.11,1.4,2.7,0.03,-0.01,4.13,0.09,-0.74,17,-0.16,0.03,0.49,0.81,-0.25,Tough-Track Star,-0.42,False
b8a55852,BB McCullum,Kolkata Knight Riders,109,2882,2190,131.6,27.71,293,130,2,top_order,88.7,89.1,81.6,88.6,A+,A+,A+,A,Explosive Opener,5.47,0.27,0.91,,0.91,0.02,-0.02,0.77,3.29,-0.04,-0.14,2.26,0.02,-0.1,16,-0.06,-0.57,0.28,0.82,-0.05,Conditions-Proof,0.02,False
48a1d7b7,SO Hetmyer,Rajasthan Royals,78,1488,980,151.84,29.18,94,93,6,lower_middle,88.7,87.7,91.6,90.8,A+,A+,A+,A+,Explosive Finisher,5.76,0.46,1.51,,1.51,0.1,-0.1,1.01,1.65,0.12,-0.09,3.0,0.04,0.02,28,-0.13,-0.13,0.43,0.79,-0.05,Conditions-Proof,-0.06,False
8b3e9c7c,PP Shaw,Delhi Capitals,79,1892,1283,147.47,23.95,238,61,1,top_order,88.6,86.3,62.5,80.7,A,A+,A+,B+,Explosive Opener,4.62,0.28,1.08,0.9,1.02,-0.05,0.05,0.83,1.78,-0.03,-0.09,2.24,0.03,-0.47,20,-0.17,-0.39,0.37,0.79,-0.01,Conditions-Proof,-0.09,False
9418198b,P Simran Singh,Punjab Kings,52,1355,887,152.76,26.57,141,71,2,top_order,88.6,87.4,64.5,81.4,A,A+,A+,B+,Explosive Opener,6.31,0.37,1.0,1.09,1.03,-0.04,0.04,0.75,1.04,-0.0,-0.1,2.67,0.05,-0.08,19,-0.1,-0.24,0.47,0.8,-0.16,Tough-Track Star,-0.39,False
ba607b88,V Kohli,Royal Challengers Bangalore,259,8671,6523,132.93,39.59,774,292,3,top_order,87.8,73.9,100.0,90.0,A+,A+,B+,S,Aggressive Opener,7.63,0.3,1.13,1.56,1.26,0.03,-0.03,0.53,0.94,-0.03,-0.15,3.26,0.01,-0.03,67,0.06,-0.42,0.28,0.87,0.01,Conditions-Proof,-0.04,False
99b75528,JC Buttler,Rajasthan Royals,119,4121,2760,149.31,39.62,408,185,2,top_order,87.8,90.2,99.0,95.0,S,A+,A+,S,Explosive Opener,6.28,0.27,1.28,1.24,1.27,-0.04,0.04,0.94,1.48,0.24,-0.18,3.07,0.03,0.44,40,0.01,-0.14,0.45,0.83,0.0,Conditions-Proof,0.11,False
2e171977,AR Patel,Delhi Capitals,123,1916,1430,133.99,22.02,130,94,7,lower_middle,87.8,85.2,88.7,88.8,A+,A+,A+,A+,Explosive Finisher,5.67,0.49,1.14,,1.14,0.01,-0.01,0.72,1.28,-0.12,-0.1,2.77,0.02,-0.04,47,-0.05,-0.61,0.28,0.83,-0.08,Conditions-Proof,0.02,False
1c914163,Yuvraj Singh,Kings XI Punjab,126,2754,2122,129.78,24.81,218,149,4,upper_middle,87.5,94.8,71.8,87.1,A+,A+,A+,B+,Explosive Finisher,7.84,0.47,1.47,,1.47,-0.04,0.04,0.75,1.34,0.05,-0.16,2.31,0.02,-0.56,33,-0.03,-0.66,0.26,0.82,0.19,Flat-Track Bully,0.11,False
800d2d97,JM Sharma,Punjab Kings,47,991,631,157.05,25.41,77,62,5,upper_middle,87.1,89.4,61.5,80.4,A,A+,A+,B+,Explosive Finisher,3.36,0.25,0.74,,0.74,-0.18,0.18,0.89,1.28,0.3,-0.06,2.87,0.06,0.1,14,-0.23,-0.39,0.38,0.78,0.3,Flat-Track Bully,0.35,False
abb83e27,JM Bairstow,Sunrisers Hyderabad,52,1674,1146,146.07,34.88,173,74,2,top_order,86.8,84.9,83.3,86.3,A+,A+,A,A,Aggressive Opener,4.56,0.21,0.88,0.64,0.81,0.25,-0.25,1.09,3.14,0.01,-0.07,2.78,0.05,-1.11,10,-0.18,-0.37,0.41,0.81,-0.04,Conditions-Proof,-0.04,False
740742ef,RG Sharma,Mumbai Indians,266,7048,5337,132.06,29.86,640,303,4,upper_middle,86.7,95.6,86.6,92.2,A+,A+,S,A+,Explosive Finisher,7.51,0.37,1.1,1.61,1.25,-0.02,0.02,0.66,1.67,0.11,-0.19,2.41,0.01,-0.1,68,0.05,-0.5,0.31,0.82,-0.01,Conditions-Proof,-0.02,False
3d284ca3,PD Salt,Royal Challengers Bengaluru,34,1056,601,175.71,34.06,122,56,1,top_order,86.7,87.0,72.5,83.0,A,A+,A+,B+,Explosive Opener,5.18,0.29,1.04,,1.04,0.19,-0.19,1.38,1.67,-0.12,-0.03,3.52,0.1,,4,,0.11,0.55,0.82,0.18,Flat-Track Bully,0.35,False
50c6bc2b,LS Livingstone,Punjab Kings,47,1051,662,158.76,26.28,70,75,4,upper_middle,85.4,88.2,48.5,75.1,A,A+,A+,B,Explosive Finisher,5.83,0.41,1.14,0.0,0.79,0.02,-0.02,1.08,1.81,-0.01,-0.19,2.45,0.05,-0.58,10,-0.23,-0.04,0.42,0.81,-0.15,Conditions-Proof,0.17,False
85b3fab2,T Stubbs,Delhi Capitals,30,711,433,164.2,41.82,51,38,6,lower_middle,85.0,82.3,85.7,85.0,A+,A+,A,A+,Power Middle-Order,9.13,0.63,1.32,,1.32,-0.24,0.24,1.11,1.51,-0.15,-0.03,4.01,0.13,-0.63,12,-0.37,0.36,0.57,0.76,0.2,Flat-Track Bully,0.44,False
b0482a1d,Tilak Varma,Mumbai Indians,51,1499,1038,144.41,37.48,113,74,5,upper_middle,84.8,80.0,89.2,86.0,A+,A,A,A+,Power Middle-Order,6.12,0.3,1.36,,1.36,0.04,-0.04,0.71,0.91,-0.16,-0.13,2.78,0.05,0.35,20,0.02,-0.41,0.32,0.84,0.17,Conditions-Proof,0.01,False
c740ea83,RM Patidar,Royal Challengers Bengaluru,38,1111,720,154.31,30.86,76,68,4,upper_middle,84.4,83.7,76.5,82.4,A,A,A,A,Power Middle-Order,5.39,0.28,1.0,1.17,1.05,-0.03,0.03,0.89,1.43,-0.2,-0.11,2.67,0.07,-0.65,9,-0.05,-0.27,0.43,0.8,0.02,Conditions-Proof,-0.15,False
7dcb9bc9,M Shahrukh Khan,Punjab Kings,48,732,491,149.08,21.53,46,50,6,lower_middle,83.9,83.7,77.3,82.3,A,A,A,A,Power Middle-Order,5.65,0.55,1.06,,1.06,0.16,-0.16,0.91,1.45,-0.03,0.09,3.63,0.08,-0.22,12,0.12,-0.47,0.41,0.78,0.17,Flat-Track Bully,0.27,False
1c17e270,RV Uthappa,Kolkata Knight Riders,197,4954,3801,130.33,27.52,481,182,1,top_order,83.4,85.4,85.4,86.8,A+,A,A+,A+,Aggressive Opener,6.8,0.35,1.2,,1.2,0.13,-0.13,0.76,1.44,0.02,-0.19,1.94,0.01,-0.15,49,0.03,-0.65,0.26,0.85,-0.12,Conditions-Proof,-0.14,False
372455c4,Q de Kock,Mumbai Indians,115,3312,2472,133.98,30.39,325,134,1,top_order,83.2,81.8,85.6,85.6,A+,A,A,A+,Aggressive Opener,5.31,0.25,1.02,1.31,1.1,-0.01,0.01,0.62,1.53,0.07,-0.22,1.97,0.02,-0.62,27,-0.15,-0.5,0.34,0.81,-0.07,Conditions-Proof,-0.01,False
d67d5f00,DA Miller,Kings XI Punjab,133,3077,2221,138.54,35.78,220,138,5,upper_middle,82.8,86.5,100.0,92.5,A+,A,A+,S,Power Middle-Order,8.17,0.49,1.5,,1.5,-0.09,0.09,0.83,1.89,0.01,-0.17,2.78,0.02,0.44,47,0.02,-0.49,0.35,0.81,0.08,Conditions-Proof,0.15,False
2e8994e7,JP Duminy,Delhi Daredevils,75,2029,1636,124.02,39.78,126,79,5,upper_middle,82.6,63.7,95.6,82.6,A,A,B+,S,Float,10.89,0.5,1.4,,1.4,-0.0,0.0,0.69,1.23,-0.19,-0.11,2.84,0.04,-0.2,18,0.0,-0.53,0.22,0.84,0.2,Flat-Track Bully,0.23,False
a24be938,VR Iyer,Kolkata Knight Riders,56,1468,1069,137.32,29.96,136,65,2,top_order,82.6,75.7,79.7,80.5,A,A,A,A,Aggressive Opener,5.55,0.29,1.17,0.62,1.01,0.11,-0.11,0.84,1.26,0.21,-0.13,2.03,0.04,-0.82,13,-0.32,-0.4,0.37,0.77,-0.09,Conditions-Proof,-0.09,False
b681e71e,GJ Maxwell,Kings XI Punjab,134,2820,1818,155.12,23.9,238,161,4,upper_middle,82.4,93.3,5.2,62.6,B+,A,A+,D,Power Hitter,4.1,0.3,1.23,,1.23,0.07,-0.07,0.98,3.6,0.04,-0.23,1.67,0.01,-0.38,31,-0.07,-0.31,0.37,0.8,0.01,Conditions-Proof,0.13,False
9d430b40,SP Narine,Kolkata Knight Riders,118,1780,1069,166.51,17.98,189,116,2,top_order,81.4,87.7,0.9,58.1,B,A,A+,D,Power Hitter,3.19,0.35,1.17,,1.17,0.12,-0.12,0.97,1.97,0.18,-0.12,2.48,0.02,-0.92,33,-0.15,-0.61,0.45,0.77,-0.04,Conditions-Proof,0.09,False
fffa744b,Naman Dhir,Mumbai Indians,19,392,217,180.65,28.0,37,23,7,lower_middle,81.4,82.2,69.4,78.1,A,A,A,B+,Power Middle-Order,4.11,0.36,1.3,,1.3,-0.12,0.12,1.23,1.42,-0.29,0.01,3.37,0.18,-0.25,5,0.12,0.09,0.43,0.74,0.13,Conditions-Proof,1.1,False
5fa06777,IK Pathan,Delhi Daredevils,82,1150,950,121.05,21.7,88,38,6,lower_middle,81.1,50.4,89.7,74.9,B+,A,B,A+,Utility Player,5.86,0.51,1.82,,1.82,-0.09,0.09,0.79,1.07,0.16,-0.06,2.26,0.03,-0.12,27,-0.17,-0.74,0.2,0.76,-0.05,Conditions-Proof,-0.11,False
ad3b6e95,Abishek Porel,Delhi Capitals,29,661,441,149.89,25.42,65,27,3,top_order,81.0,74.9,55.1,70.9,B+,A,B+,B,Aggressive Opener,6.48,0.43,1.09,,1.09,-0.32,0.32,0.83,1.67,0.2,-0.09,1.82,0.06,-1.62,12,-0.5,-0.24,0.32,0.79,-0.26,Tough-Track Star,-0.42,False
f233bbb4,ST Jayasuriya,Mumbai Indians,30,768,532,144.36,27.43,84,39,1,top_order,81.0,79.3,56.2,72.8,B+,A,A,B,Aggressive Opener,6.13,0.35,1.22,,1.22,0.01,-0.01,1.54,3.89,0.04,-0.12,2.02,0.07,,4,,-0.75,0.37,0.79,0.01,Conditions-Proof,-0.13,False
12b610c2,TM Head,Sunrisers Hyderabad,37,1146,674,170.03,34.73,126,55,1,top_order,80.9,83.7,73.1,80.2,A,A,A,B+,Aggressive Opener,5.84,0.32,1.11,1.96,1.37,-0.05,0.05,0.79,2.09,-0.2,-0.16,2.42,0.07,-0.78,9,0.01,0.3,0.53,0.78,0.33,Flat-Track Bully,0.51,False
dcce6f09,DA Warner,Sunrisers Hyderabad,184,6567,4702,139.66,40.04,663,236,1,top_order,80.6,83.7,100.0,90.9,A+,A,A,S,Aggressive Opener,8.22,0.32,1.2,1.24,1.21,0.04,-0.04,1.0,1.86,0.08,-0.19,2.59,0.01,-0.89,44,-0.13,-0.4,0.31,0.86,-0.01,Conditions-Proof,-0.01,False
26989d80,Shashank Singh,Punjab Kings,33,773,490,157.76,40.68,56,43,6,lower_middle,80.5,77.6,86.4,82.2,A,A,A,A+,Power Middle-Order,5.48,0.37,0.86,,0.86,-0.18,0.18,1.04,1.67,-0.23,-0.18,3.1,0.09,0.58,15,0.22,0.15,0.54,0.77,0.21,Flat-Track Bully,0.37,False
ded9240e,PJ Cummins,Kolkata Knight Riders,48,612,402,152.24,20.4,39,41,8,lower_order,80.3,77.4,76.6,78.7,A,A,A,A,Power Middle-Order,3.23,0.39,1.41,,1.41,0.01,-0.01,1.02,2.37,0.1,-0.08,3.14,0.07,-0.87,19,-0.23,-0.53,0.38,0.79,0.04,Conditions-Proof,0.54,False
c5aef772,R Shepherd,Mumbai Indians,12,185,87,212.64,26.43,12,17,7,lower_middle,79.3,76.1,59.0,71.7,B+,A,A,B,Utility Player,4.33,0.6,,,,-0.87,0.87,1.81,3.31,-0.54,-0.07,2.92,0.24,-6.51,6,-0.89,0.94,0.57,0.6,0.42,Flat-Track Bully,0.99,False
b5797845,Priyansh Arya,Punjab Kings,18,545,299,182.27,30.28,60,31,1,top_order,79.2,80.8,63.2,74.9,B+,A,A,B+,Float,3.06,0.18,1.36,,1.36,-0.17,0.17,1.13,2.16,0.12,-0.05,2.74,0.15,-1.17,5,-0.16,0.61,0.59,0.7,-0.14,Conditions-Proof,-0.57,False
d5130a30,B Sai Sudharsan,Gujarat Titans,40,1793,1229,145.89,49.81,183,53,3,top_order,79.2,73.3,88.7,81.9,A,A,B+,A+,All-Round Elite,7.5,0.24,1.04,1.26,1.11,-0.07,0.07,0.51,0.61,0.06,-0.11,3.11,0.08,-0.37,13,0.01,-0.03,0.4,0.77,0.08,Conditions-Proof,-0.1,False
d1a60072,N Wadhera,Mumbai Indians,31,719,503,142.94,26.63,60,39,5,upper_middle,79.1,81.7,64.0,75.6,A,A,A,B+,Float,6.74,0.42,1.43,,1.43,-0.16,0.16,0.63,0.95,0.03,-0.16,2.13,0.07,-0.69,13,-0.22,-0.52,0.31,0.79,-0.23,Tough-Track Star,-0.25,False
752f7486,Ishan Kishan,Mumbai Indians,112,2998,2178,137.65,29.11,288,134,2,top_order,79.0,77.8,86.5,83.2,A,A,A,A+,Power Anchor,7.02,0.36,1.27,,1.27,0.08,-0.08,0.81,1.66,0.13,-0.25,1.83,0.02,-0.19,29,-0.04,-0.59,0.34,0.81,-0.03,Conditions-Proof,-0.06,False
9b6e1b3f,J Fraser-McGurk,Delhi Capitals,15,385,193,199.48,25.67,39,30,1,top_order,78.6,81.4,18.0,59.7,B,A,A,C,Utility Player,4.13,0.32,1.55,,1.55,0.2,-0.2,1.94,4.29,-0.28,-0.13,2.65,0.18,,4,,0.29,0.47,0.71,-0.01,Conditions-Proof,-0.89,False
39f01cdb,KP Pietersen,Delhi Daredevils,36,1001,743,134.72,35.75,91,40,3,top_order,78.5,74.3,81.4,78.9,A,A,B+,A,All-Round Elite,5.44,0.26,0.93,1.48,1.1,0.08,-0.08,1.09,3.29,-0.14,-0.12,2.15,0.06,-2.03,12,-0.38,-0.31,0.35,0.78,-0.53,Tough-Track Star,-0.54,False
b61a3e1a,LRPL Taylor,Royal Challengers Bangalore,54,1017,822,123.72,25.42,66,46,5,upper_middle,78.4,76.5,70.7,76.0,A,A,A,B+,Power Anchor,8.48,0.56,1.07,,1.07,0.17,-0.17,0.85,2.2,-0.05,-0.13,1.69,0.03,0.02,23,-0.13,-0.59,0.38,0.78,0.07,Conditions-Proof,0.19,False
0994d0ae,V Shankar,Sunrisers Hyderabad,63,1233,950,129.79,26.23,88,48,5,upper_middle,78.2,70.8,87.2,79.8,A,A,B+,A+,All-Round Elite,7.79,0.52,1.37,,1.37,-0.19,0.19,0.6,0.99,-0.02,-0.14,1.93,0.03,-0.38,24,0.02,-0.62,0.28,0.79,0.23,Flat-Track Bully,0.16,False
c03e2850,M Vohra,Kings XI Punjab,51,1083,829,130.64,22.1,104,43,2,top_order,78.0,69.4,39.1,63.1,B+,A,B+,C+,Utility Player,4.94,0.3,1.29,0.96,1.19,0.04,-0.04,0.71,1.5,0.17,-0.19,1.48,0.03,0.19,13,0.06,-0.58,0.38,0.74,-0.0,Conditions-Proof,-0.03,False
a3b0600d,Aniket Verma,Sunrisers Hyderabad,12,236,142,166.2,26.22,12,20,6,lower_middle,77.9,76.6,58.9,71.4,B+,A,A,B,Utility Player,4.08,0.35,0.46,,0.46,,,1.18,1.55,0.26,0.05,2.63,0.22,,3,,-0.89,0.44,0.68,0.26,Flat-Track Bully,,False
508a1ea7,SE Marsh,Kings XI Punjab,69,2489,1871,133.03,39.51,269,78,3,top_order,77.5,79.2,93.0,85.4,A+,A,A,A+,Power Anchor,7.31,0.27,1.26,1.88,1.44,0.02,-0.02,0.55,0.93,0.01,-0.15,2.5,0.04,0.31,19,0.07,-0.35,0.39,0.8,-0.03,Conditions-Proof,-0.01,False
bd77eb62,A Symonds,Deccan Chargers,36,974,750,129.87,36.07,74,41,4,upper_middle,77.3,73.2,84.2,79.0,A,A,B+,A,All-Round Elite,7.28,0.35,1.35,1.73,1.47,-0.09,0.09,0.93,2.08,0.03,-0.1,2.24,0.06,-0.15,10,-0.05,-0.39,0.37,0.77,0.21,Flat-Track Bully,0.11,False
d1c36f5c,JJ Roy,Kolkata Knight Riders,21,614,443,138.6,32.32,75,21,1,top_order,77.0,75.6,69.7,74.7,B+,A,A,B+,All-Round Elite,5.86,0.28,1.04,0.18,0.78,0.1,-0.1,0.69,0.99,-0.3,-0.08,2.1,0.1,1.96,5,0.25,-0.42,0.41,0.8,0.08,Conditions-Proof,0.11,False
844e79d1,D Brevis,Mumbai Indians,16,455,297,153.2,28.44,30,33,3,top_order,76.5,77.0,51.7,68.8,B+,A,A,B,Utility Player,7.62,0.41,0.48,,0.48,0.05,-0.05,1.15,1.32,-0.03,-0.16,2.07,0.13,-2.13,6,-0.53,-0.58,0.27,0.74,0.29,Flat-Track Bully,0.77,False
d18f9182,DPMD Jayawardene,Kings XI Punjab,78,1808,1464,123.5,28.25,200,40,5,upper_middle,76.4,76.7,83.1,80.1,A,A,A,A,Power Anchor,6.06,0.32,1.27,1.62,1.38,0.02,-0.02,0.48,1.12,-0.12,-0.14,1.74,0.02,-0.17,22,-0.08,-0.6,0.24,0.82,0.01,Conditions-Proof,-0.03,False
8e514b4c,Abdul Samad,Sunrisers Hyderabad,51,743,490,151.63,19.05,45,50,7,lower_middle,76.1,72.7,65.0,71.9,B+,A,B+,B+,Float,4.23,0.44,0.66,,0.66,-0.16,0.16,0.85,1.35,-0.08,-0.11,2.29,0.04,-1.05,20,-0.19,-0.58,0.33,0.78,0.03,Conditions-Proof,0.01,False
d014d5ac,SE Rutherford,Gujarat Titans,20,397,289,137.37,24.81,25,26,5,upper_middle,75.6,76.9,65.7,73.1,B+,A,A,B+,Float,8.25,0.57,0.55,,0.55,-0.2,0.2,0.78,1.39,-0.19,-0.04,2.03,0.1,-1.78,9,-0.54,-0.6,0.46,0.74,-0.12,Conditions-Proof,0.13,False
aa8d28ae,D Wiese,Royal Challengers Bangalore,11,148,101,146.53,29.6,12,7,7,lower_middle,75.6,76.5,67.0,73.2,B+,A,A,B+,Float,5.36,0.58,1.19,,1.19,-0.55,0.55,0.77,0.6,0.02,0.11,2.67,0.24,,4,,-1.02,0.0,0.49,-0.31,Tough-Track Star,-0.32,False
2f9d0389,LH Ferguson,Kolkata Knight Riders,8,72,47,153.19,24.0,7,2,9,lower_order,75.2,67.5,67.3,70.1,B+,A,B+,B+,Float,1.88,0.32,,,,,,,,0.3,0.4,2.75,,,3,,0.38,0.67,0.49,,,,True
45eda7c8,CA Lynn,Kolkata Knight Riders,42,1329,945,140.63,34.08,132,66,1,top_order,74.8,82.6,78.4,79.6,A,B+,A,A,Power Anchor,6.29,0.28,0.81,,0.81,0.16,-0.16,0.87,2.32,-0.28,-0.15,2.18,0.05,-0.32,11,-0.12,-0.31,0.39,0.83,-0.05,Conditions-Proof,-0.2,False
84d9c311,Ashutosh Sharma,Delhi Capitals,18,393,240,163.75,28.07,24,28,7,lower_middle,74.7,78.2,73.6,75.9,A,B+,A,B+,Power Anchor,5.39,0.4,0.96,,0.96,0.12,-0.12,1.09,2.25,0.42,-0.1,2.51,0.14,0.05,9,0.02,0.16,0.63,0.74,-0.08,Conditions-Proof,0.02,False
872b03f7,A Badoni,Lucknow Super Giants,46,963,695,138.56,26.75,73,38,6,lower_middle,74.6,71.1,85.2,77.8,A,B+,B+,A+,All-Round Elite,6.17,0.41,1.34,,1.34,-0.11,0.11,0.62,1.19,0.18,-0.17,2.13,0.05,-0.54,13,-0.18,-0.46,0.36,0.81,-0.09,Conditions-Proof,-0.28,False
d8699ab7,ML Hayden,Chennai Super Kings,32,1107,806,137.34,35.71,121,44,2,top_order,74.2,77.7,81.9,78.8,A,B+,A,A,Power Anchor,6.94,0.28,1.26,0.36,0.99,0.03,-0.03,0.99,1.79,0.34,-0.15,2.3,0.07,1.27,7,0.21,-0.4,0.35,0.82,0.14,Conditions-Proof,0.17,False
bcf325d2,Dhruv Jurel,Rajasthan Royals,35,680,442,153.85,28.33,51,38,5,upper_middle,74.2,79.7,78.3,78.0,A,B+,A,A,Power Anchor,5.91,0.47,1.21,,1.21,-0.18,0.18,0.72,1.52,0.1,-0.16,2.11,0.06,-0.77,18,-0.27,-0.03,0.53,0.75,0.05,Conditions-Proof,0.45,False
3d8feaf8,MR Marsh,Delhi Capitals,49,1292,904,142.92,27.49,104,75,3,top_order,74.1,79.4,72.9,76.5,A,B+,A,B+,Power Anchor,6.63,0.36,1.24,1.22,1.24,-0.1,0.1,0.5,1.29,0.23,-0.22,1.76,0.04,-0.38,17,-0.27,-0.22,0.34,0.82,-0.17,Tough-Track Star,-0.16,False
470f446b,V Suryavanshi,Rajasthan Royals,7,252,122,206.56,36.0,18,24,2,top_order,73.7,76.1,53.1,67.9,B+,B+,A,B,Utility Player,3.86,0.22,1.29,,1.29,,,,,-0.15,-0.02,2.62,,1.19,6,-0.19,0.79,0.5,0.68,,,,True
26e5cabf,MK Tiwary,Kolkata Knight Riders,83,1695,1449,116.98,28.73,156,40,4,upper_middle,73.5,35.6,89.5,67.7,B+,B+,C+,A+,Strike Rotator,6.1,0.35,1.0,,1.0,0.0,-0.0,0.6,1.89,-0.14,-0.12,1.64,0.02,-0.33,20,-0.06,-0.73,0.28,0.8,0.02,Conditions-Proof,0.29,False
2af1b6d2,AN Ahmed,Royal Challengers Bangalore,6,36,26,138.46,36.0,4,1,9,lower_order,72.9,71.7,73.6,72.8,B+,B+,B+,B+,All-Round Elite,3.17,0.73,,,,,,,,0.76,0.39,3.16,,,3,,-1.68,0.0,0.29,,,,True
9caf69a1,WG Jacks,Mumbai Indians,19,463,303,152.81,27.24,38,29,3,top_order,72.7,74.6,64.0,70.9,B+,B+,B+,B+,Float,3.68,0.23,1.15,,1.15,-0.18,0.18,0.77,1.27,0.12,-0.11,1.81,0.1,0.69,5,-0.11,-0.2,0.41,0.76,-0.17,Conditions-Proof,,False
30a45b23,SPD Smith,Rajasthan Royals,93,2495,1945,128.28,34.65,226,60,3,top_order,72.3,16.6,95.7,63.8,B+,B+,C,S,Strike Rotator,6.83,0.33,1.28,2.6,1.68,-0.13,0.13,0.72,2.19,0.16,-0.16,1.92,0.02,-0.01,27,-0.01,-0.47,0.33,0.87,-0.05,Conditions-Proof,-0.02,False
6b71e6cf,KC Sangakkara,Kings XI Punjab,68,1687,1392,121.19,25.95,195,27,3,top_order,72.0,38.2,76.2,63.4,B+,B+,C+,A,Strike Rotator,7.57,0.37,1.37,0.83,1.21,-0.11,0.11,0.67,2.06,-0.15,-0.18,1.34,0.02,-0.6,16,-0.16,-0.59,0.27,0.82,-0.04,Conditions-Proof,0.06,False
ba5e1069,R Ravindra,Chennai Super Kings,18,413,287,143.9,24.29,40,16,2,top_order,71.6,55.3,56.9,61.7,B+,B+,B,B,Utility Player,4.78,0.3,1.22,,1.22,0.18,-0.18,0.93,2.29,0.35,-0.22,1.29,0.07,-1.76,7,-0.39,-0.36,0.5,0.74,-0.27,Tough-Track Star,-0.48,False
ff077124,Kamran Akmal,Rajasthan Royals,6,128,78,164.1,25.6,13,8,3,top_order,71.6,72.5,43.3,62.6,B+,B+,B+,C+,Utility Player,3.33,0.26,0.87,,0.87,,,,,-0.7,0.05,2.04,,,2,,0.09,0.33,0.57,,,,True
d7017798,A Raghuvanshi,Kolkata Knight Riders,18,463,320,144.69,28.94,46,16,4,upper_middle,71.6,70.2,68.3,70.5,B+,B+,B+,B+,Float,2.17,0.12,1.13,,1.13,-0.01,0.01,0.66,0.78,0.42,-0.08,1.67,0.09,,4,,-0.04,0.48,0.75,-0.58,Tough-Track Star,-0.37,False
4ec07775,RN ten Doeschate,Kolkata Knight Riders,21,326,235,138.72,23.29,26,15,6,lower_middle,71.4,74.7,60.5,69.2,B+,B+,B+,B+,Float,4.62,0.41,0.82,,0.82,-0.12,0.12,0.8,1.22,0.24,-0.04,1.98,0.09,,4,,0.04,0.57,0.68,-0.34,Tough-Track Star,-0.35,False
f3cb53a1,MV Boucher,Royal Challengers Bangalore,23,394,309,127.51,28.14,32,13,6,lower_middle,71.3,66.8,75.9,71.7,B+,B+,B+,A,Float,5.87,0.44,1.44,,1.44,0.14,-0.14,0.61,0.99,0.24,-0.12,1.86,0.08,0.84,8,0.05,-0.43,0.43,0.74,-0.09,Conditions-Proof,0.12,False
eaa76d3c,C Green,Mumbai Indians,28,707,460,153.7,41.59,62,32,3,top_order,71.2,69.5,81.8,74.8,B+,B+,B+,A,Float,4.57,0.28,0.77,0.91,0.81,-0.16,0.16,0.63,0.87,0.08,-0.15,2.02,0.07,-0.05,10,0.03,0.14,0.53,0.77,-0.14,Conditions-Proof,-0.41,False
b2b4f545,A Mhatre,Chennai Super Kings,7,240,127,188.98,34.29,31,11,1,top_order,71.2,73.3,53.8,66.4,B+,B+,B+,B,Utility Player,4.86,0.27,1.06,0.53,0.9,,,,,0.29,-0.01,2.1,,,2,,0.6,0.33,0.66,,,,True
2e11c706,BCJ Cutting,Mumbai Indians,17,238,141,168.79,21.64,15,19,6,lower_middle,70.9,74.8,61.0,69.2,B+,B+,B+,B+,Float,3.88,0.47,,,,0.03,-0.03,1.14,1.57,-0.17,-0.02,2.42,0.14,-0.58,6,-0.01,-0.72,0.25,0.58,0.25,Flat-Track Bully,0.61,False
989889ff,JP Inglis,Punjab Kings,11,278,171,162.57,30.89,26,16,3,top_order,70.8,72.9,56.0,66.9,B+,B+,B+,B,Utility Player,3.36,0.22,1.08,,1.08,-0.07,0.07,0.89,1.09,-0.57,-0.08,1.78,0.16,,4,,-0.86,0.3,0.72,0.65,Flat-Track Bully,0.61,False
f89d3b11,Sameer Rizvi,Chennai Super Kings,9,172,122,140.98,24.57,15,9,5,upper_middle,70.4,70.5,40.4,60.6,B+,B+,B+,C+,Utility Player,5.11,0.38,,,,,,,,0.1,-0.11,1.57,,,4,,-0.09,0.4,0.72,,,,True
0f12f9df,NLTC Perera,Sunrisers Hyderabad,30,424,309,137.22,19.27,23,26,6,lower_middle,70.2,64.0,58.5,64.7,B+,B+,B+,B,Utility Player,3.81,0.37,,,,0.33,-0.33,0.96,1.27,-0.18,-0.02,1.76,0.06,0.57,7,0.22,-0.02,0.5,0.77,0.1,Conditions-Proof,0.11,False
cad00a4d,RR Rossouw,Delhi Capitals,22,473,308,153.57,23.65,45,25,3,top_order,69.8,75.7,18.3,55.1,B,B+,A,C,Utility Player,4.32,0.31,1.31,,1.31,-0.07,0.07,0.68,0.87,0.14,-0.16,1.44,0.07,-0.81,11,-0.24,-0.3,0.47,0.73,-0.01,Conditions-Proof,-0.13,False
e66732f8,RD Rickelton,Mumbai Indians,14,388,257,150.97,29.85,47,17,1,top_order,69.7,71.6,58.9,67.1,B+,B+,B+,B,Utility Player,4.64,0.25,1.36,,1.36,-0.11,0.11,0.61,0.81,0.51,-0.04,1.62,0.12,,3,,-0.08,0.61,0.75,-0.14,Conditions-Proof,,False
fb66ce1f,CH Morris,Delhi Daredevils,49,618,398,155.28,22.07,41,35,8,lower_order,69.5,82.9,75.0,76.4,A,B+,A,A,Power Anchor,2.94,0.36,1.5,,1.5,-0.24,0.24,1.22,2.76,0.15,-0.25,2.62,0.05,0.11,22,-0.27,-0.19,0.4,0.75,0.16,Flat-Track Bully,0.15,False
32198ae0,MC Henriques,Sunrisers Hyderabad,54,1000,788,126.9,27.78,87,28,3,top_order,69.1,6.0,81.6,53.1,B,B+,D,A,Strike Rotator,6.69,0.46,1.22,,1.22,0.11,-0.11,0.62,1.02,0.07,-0.16,1.31,0.02,-0.27,6,0.16,-0.53,0.28,0.82,0.23,Flat-Track Bully,0.2,False
808f425a,JP Faulkner,Rajasthan Royals,45,527,390,135.13,20.27,36,23,7,lower_middle,68.9,55.2,76.2,67.3,B+,B+,B,A,Float,4.48,0.52,0.49,,0.49,0.32,-0.32,0.68,1.23,-0.01,-0.05,1.79,0.04,0.85,14,0.28,-0.52,0.17,0.72,-0.18,Tough-Track Star,-0.18,False
7050a1e7,DB Das,Kolkata Knight Riders,22,304,261,116.48,21.71,23,16,6,lower_middle,68.9,66.6,64.7,67.1,B+,B+,B+,B+,Float,5.32,0.45,,,,0.02,-0.02,0.83,1.63,-0.12,-0.01,1.74,0.08,-0.39,8,0.07,-1.06,0.14,0.77,-0.14,Conditions-Proof,-0.77,False
5056011d,GJ Bailey,Kings XI Punjab,36,663,544,121.88,24.56,59,19,5,upper_middle,68.7,52.8,73.1,65.5,B+,B+,B,B+,Utility Player,8.36,0.55,2.05,,2.05,-0.14,0.14,0.65,1.18,0.15,-0.18,1.32,0.04,-0.6,9,-0.17,-0.67,0.24,0.77,-0.23,Tough-Track Star,-0.3,False
4e04666c,YV Takawale,Royal Challengers Bangalore,10,192,178,107.87,24.0,26,3,2,top_order,68.0,38.2,46.1,51.0,B,B+,C+,B,Utility Player,10.7,0.6,0.93,,0.93,,,1.01,1.44,-0.03,-0.15,1.02,0.1,,1,,-0.68,0.25,0.71,0.35,Conditions-Proof,0.03,False
1c2a64cd,A Ashish Reddy,Sunrisers Hyderabad,23,280,193,145.08,18.67,16,15,7,lower_middle,68.0,65.1,68.2,67.4,B+,B+,B+,B+,Float,3.65,0.44,,,,-0.02,0.02,1.05,1.77,0.11,0.14,2.09,0.09,-1.17,5,-0.32,-0.18,0.5,0.65,-0.4,Tough-Track Star,-0.66,False
c18496e1,Bipul Sharma,Kings XI Punjab,17,187,123,152.03,23.38,11,9,8,lower_order,67.9,67.5,79.0,71.7,B+,B+,B+,A,Float,2.59,0.36,,,,-0.05,0.05,0.82,1.44,0.27,0.02,2.38,0.14,0.5,8,-0.11,-0.02,0.57,0.69,0.05,Conditions-Proof,-0.13,False
cca50cd6,LJ Wright,Pune Warriors,5,106,60,176.67,21.2,16,3,6,lower_middle,67.8,66.4,44.6,59.7,B,B+,B+,C+,Utility Player,5.4,0.45,0.38,,0.38,,,,,,0.19,2.27,,,3,,0.2,0.33,0.45,,,,True
6a26221c,AK Markram,Sunrisers Hyderabad,55,1440,1066,135.08,31.3,111,57,4,upper_middle,67.7,62.6,84.4,72.7,B+,B+,B+,A,Float,8.93,0.46,1.54,,1.54,0.14,-0.14,0.47,0.91,0.2,-0.22,1.59,0.03,0.1,19,-0.04,-0.54,0.26,0.84,-0.1,Conditions-Proof,0.02,False
c05edf8e,Harpreet Brar,Punjab Kings,26,244,203,120.2,20.33,19,10,8,lower_order,66.9,57.7,73.5,66.3,B+,B+,B,B+,Float,4.12,0.53,,,,-0.34,0.34,0.57,1.03,0.06,-0.1,2.01,0.08,-0.82,6,-0.15,-0.85,0.3,0.7,0.03,Conditions-Proof,0.05,False
eef2536f,Avesh Khan,Lucknow Super Giants,12,62,37,167.57,20.67,6,4,10,tail,66.9,67.7,67.4,67.4,B+,B+,B+,B+,Float,1.08,0.35,,,,,,0.93,1.59,0.28,-0.03,2.41,0.2,0.64,7,0.01,,,,-0.39,Tough-Track Star,-0.71,False
0184dc35,R Dravid,Rajasthan Royals,82,2174,1882,115.52,28.23,269,28,1,top_order,66.8,15.4,86.8,58.0,B,B+,C,A+,Strike Rotator,7.57,0.33,1.35,,1.35,0.03,-0.03,0.54,1.27,0.12,-0.19,1.44,0.02,0.51,19,0.03,-0.82,0.14,0.83,-0.17,Tough-Track Star,-0.13,False
45a43fe2,RD Gaikwad,Chennai Super Kings,70,2502,1820,137.47,40.35,231,95,1,top_order,66.6,61.5,93.5,76.0,A,B+,B+,A+,Float,7.63,0.29,1.18,1.02,1.13,-0.11,0.11,0.57,0.85,0.15,-0.23,2.1,0.03,-1.22,16,-0.48,-0.19,0.44,0.82,-0.17,Tough-Track Star,-0.1,False
27af6414,BJ Rohrer,Delhi Daredevils,8,193,141,136.88,27.57,21,5,5,upper_middle,66.6,67.1,52.3,62.2,B+,B+,B+,B,Utility Player,7.44,0.42,1.28,,1.28,,,,,0.53,-0.02,1.33,,,4,,-0.28,0.45,0.68,,,,True
be24ead0,Ramandeep Singh,Kolkata Knight Riders,20,217,137,158.39,19.73,9,17,8,lower_order,66.6,65.6,61.1,64.7,B+,B+,B+,B+,Float,2.95,0.43,,,,-0.16,0.16,0.93,1.49,0.04,-0.16,1.96,0.1,-0.9,5,-0.22,-0.51,0.33,0.61,0.17,Flat-Track Bully,0.49,False
8b5b6769,Harbhajan Singh,Mumbai Indians,88,833,604,137.91,15.43,79,42,8,lower_order,66.5,69.1,70.1,69.3,B+,B+,B+,B+,Float,3.41,0.5,1.76,,1.76,-0.29,0.29,0.87,1.64,0.11,-0.11,2.23,0.03,-0.86,40,-0.32,-0.44,0.35,0.83,-0.16,Conditions-Proof,-0.03,False
73c18486,KR Mayers,Lucknow Super Giants,13,379,263,144.11,29.15,38,22,2,top_order,66.4,71.5,52.6,63.9,B+,B+,B+,B,Utility Player,6.85,0.34,1.46,,1.46,-0.37,0.37,0.97,1.79,0.41,-0.15,1.39,0.11,-0.1,5,-0.14,-0.2,0.46,0.73,0.11,Conditions-Proof,-0.03,False
944533a5,KK Nair,Rajasthan Royals,76,1694,1286,131.73,23.86,185,49,3,top_order,66.3,81.5,39.7,63.8,B+,B+,A,C+,Utility Player,4.89,0.29,1.28,,1.28,0.07,-0.07,0.53,1.22,0.03,-0.24,1.28,0.02,2.07,25,0.28,-0.81,0.25,0.81,0.07,Conditions-Proof,0.12,False
709b0bac,SS Tiwary,Mumbai Indians,73,1494,1244,120.1,28.73,111,50,4,upper_middle,66.0,16.2,92.0,59.6,B,B+,C,A+,Strike Rotator,9.52,0.56,1.18,,1.18,-0.1,0.1,0.38,0.69,-0.03,-0.14,1.7,0.02,-0.03,25,-0.09,-0.72,0.2,0.83,-0.04,Conditions-Proof,0.02,False
aad0c365,Nithish Kumar Reddy,Sunrisers Hyderabad,22,485,365,132.88,28.53,31,25,4,upper_middle,66.0,22.3,63.4,51.0,B,B+,C,B+,Utility Player,9.5,0.57,1.43,,1.43,0.34,-0.34,0.42,0.83,0.04,-0.24,1.0,0.05,0.12,6,0.22,-0.66,0.36,0.74,0.12,Conditions-Proof,,False
7bf96684,OA Shah,Rajasthan Royals,22,506,389,130.08,33.73,34,23,5,upper_middle,65.6,63.6,82.1,70.9,B+,B+,B+,A,Float,8.41,0.48,1.28,,1.28,-0.28,0.28,0.9,2.24,-0.41,-0.09,1.94,0.09,-0.65,7,-0.09,-0.58,0.39,0.77,0.19,Flat-Track Bully,0.15,False
896d78ad,AD Mathews,Pune Warriors,41,724,575,125.91,24.13,44,29,6,lower_middle,65.3,16.9,80.3,54.8,B,B+,C,A,Strike Rotator,8.63,0.62,0.91,,0.91,0.05,-0.05,0.51,0.92,0.02,-0.13,1.51,0.04,0.08,13,0.04,-0.6,0.21,0.82,0.12,Conditions-Proof,0.11,False
81c08fa3,Umran Malik,Sunrisers Hyderabad,5,23,16,143.75,23.0,1,2,10,tail,65.1,59.4,57.3,60.6,B+,B+,B,B,Utility Player,2.4,0.75,,,,,,,,,-0.3,1.69,,,4,,,,,,,,True
d0513f63,CL White,Deccan Chargers,45,971,760,127.76,26.97,76,38,4,upper_middle,64.3,69.5,73.7,70.0,B+,B+,B+,B+,Float,6.37,0.38,1.17,,1.17,-0.16,0.16,0.69,1.21,0.04,-0.19,1.33,0.03,-0.8,12,-0.23,-0.91,0.27,0.79,0.39,Flat-Track Bully,0.69,False
18e6906e,A Choudhary,Royal Challengers Bangalore,3,25,20,125.0,25.0,1,1,10,tail,64.3,62.8,53.2,60.1,B+,B+,B+,B,Utility Player,2.33,0.35,,,,,,,,,0.16,1.65,,,2,,,,,,,,True
bd17b45f,STR Binny,Rajasthan Royals,66,880,683,128.84,19.13,66,35,5,upper_middle,64.3,67.4,46.6,60.2,B+,B+,B+,B,Utility Player,5.35,0.52,1.24,,1.24,-0.07,0.07,0.71,1.17,-0.05,-0.15,1.17,0.02,0.05,23,-0.09,-0.77,0.27,0.78,0.14,Conditions-Proof,0.17,False
1fc6ef83,SD Hope,Delhi Capitals,9,183,122,150.0,22.88,12,12,3,top_order,64.1,65.4,36.3,55.5,B,B+,B+,C+,Utility Player,5.33,0.39,,,,,,,,-0.07,-0.03,1.19,,,1,,0.08,0.44,0.63,,,,True
cf59b3f0,Urvil Patel,Chennai Super Kings,3,68,32,212.5,22.67,5,6,3,top_order,64.1,64.5,23.6,50.8,B,B+,B+,C,Utility Player,2.33,0.22,,,,,,,,,0.08,1.56,,,0,,,,,,,,True
1ac746c8,Atharva Taide,Punjab Kings,10,260,177,146.89,26.0,30,8,3,top_order,63.9,65.0,51.9,60.5,B+,B+,B+,B,Utility Player,7.2,0.41,0.91,,0.91,,,0.28,0.28,-0.43,-0.15,1.12,0.11,,4,,-0.13,0.57,0.7,0.1,Conditions-Proof,-0.16,False
3576e47e,S Badrinath,Chennai Super Kings,65,1441,1212,118.89,30.66,154,28,4,upper_middle,63.5,63.0,87.2,72.5,B+,B+,B+,A+,Float,9.28,0.5,1.56,,1.56,-0.24,0.24,0.52,0.81,0.01,-0.16,1.6,0.02,-0.28,18,-0.27,-0.64,0.26,0.83,0.18,Flat-Track Bully,0.07,False
fd835ab3,DJ Hussey,Kings XI Punjab,61,1322,1075,122.98,26.98,90,60,4,upper_middle,63.4,50.5,75.5,64.2,B+,B+,B,A,Utility Player,7.61,0.43,1.58,,1.58,0.12,-0.12,0.55,1.06,0.27,-0.22,1.21,0.02,-0.34,20,-0.1,-0.76,0.24,0.82,0.08,Conditions-Proof,0.14,False
c03c6200,DJG Sammy,Sunrisers Hyderabad,20,295,241,122.41,19.67,15,18,5,upper_middle,63.2,68.2,50.0,60.8,B+,B+,B+,B,Utility Player,5.55,0.46,1.18,,1.18,0.12,-0.12,0.71,1.01,0.02,-0.06,1.53,0.08,,3,,-0.91,0.29,0.7,-0.08,Conditions-Proof,-0.2,False
2be41edb,MJ Guptill,Kings XI Punjab,13,271,197,137.56,22.58,24,15,1,top_order,63.0,58.0,50.6,57.5,B,B+,B,B,Utility Player,5.64,0.37,0.82,,0.82,,,1.03,2.27,0.07,-0.13,1.06,0.08,,1,,-0.2,0.46,0.68,-0.04,Conditions-Proof,-0.02,False
864c199e,AC Voges,Rajasthan Royals,7,181,143,126.57,45.25,15,3,5,upper_middle,62.7,32.3,69.8,55.1,B,B+,C+,B+,Utility Player,7.29,0.36,,,,,,,,-0.21,-0.07,1.34,,,2,,-0.44,0.38,0.62,,,,True
5ffc0565,V Nigam,Delhi Capitals,8,142,79,179.75,20.29,16,8,8,lower_order,62.7,64.3,58.6,62.0,B+,B+,B+,B,Utility Player,2.5,0.25,,,,,,,,-0.5,-0.03,1.99,,,4,,-0.1,0.67,0.49,,,,True
26a85969,R Dhawan,Kings XI Punjab,22,210,187,112.3,19.09,18,7,8,lower_order,62.5,64.7,73.7,67.2,B+,B+,B+,B+,Float,3.82,0.45,,,,-0.35,0.35,0.43,0.59,-0.05,-0.03,2.19,0.1,-0.8,6,-0.61,-1.14,0.09,0.7,0.44,Flat-Track Bully,0.48,False
5d096f3d,RR Powar,Kings XI Punjab,9,67,64,104.69,22.33,6,1,9,lower_order,62.5,66.3,72.4,67.2,B+,B+,B+,B+,Float,5.11,0.72,,,,,,,,-0.22,-0.06,2.2,,,3,,-0.27,0.33,0.5,,,,True
650d5e49,R Powell,Delhi Capitals,23,365,249,146.59,18.25,22,28,6,lower_middle,62.4,67.2,17.6,49.4,B,B+,B+,C,Utility Player,5.65,0.52,0.94,,0.94,0.18,-0.18,0.69,1.14,-0.17,-0.16,1.46,0.06,-0.16,13,-0.0,-0.33,0.47,0.7,0.12,Conditions-Proof,-0.07,False
331ea488,UT Khawaja,Rising Pune Supergiants,6,127,100,127.0,21.17,14,3,2,top_order,62.1,51.4,48.7,54.2,B,B+,B,B,Utility Player,5.5,0.33,,,,,,,,-0.25,0.13,1.15,,,1,,-0.78,0.29,0.67,,,,True
00ea847a,MA Agarwal,Kings XI Punjab,125,2764,2066,133.79,23.03,275,100,2,top_order,62.0,66.0,78.9,70.8,B+,B+,B+,A,Float,4.98,0.3,1.59,2.24,1.79,0.09,-0.09,0.54,1.07,0.05,-0.19,1.41,0.01,-0.13,31,0.05,-0.58,0.3,0.79,0.08,Conditions-Proof,0.2,False
6b2ff18f,SB Dubey,Rajasthan Royals,11,139,85,163.53,23.17,9,10,7,lower_middle,61.6,70.8,48.4,60.4,B+,B+,B+,B,Utility Player,4.27,0.55,,,,,,0.52,0.9,-0.58,-0.19,1.51,0.14,0.66,8,0.34,-0.36,0.5,0.29,0.5,Flat-Track Bully,0.33,False
a386e91b,PD Collingwood,Delhi Daredevils,7,203,156,130.13,40.6,9,13,4,upper_middle,61.6,62.3,70.6,65.1,B+,B+,B+,B+,Float,8.57,0.38,1.4,,1.4,,,,,0.54,-0.16,1.58,,,3,,0.04,0.38,0.69,,,,True
e94915e6,SM Curran,Punjab Kings,53,997,731,136.39,24.92,85,41,6,lower_middle,61.4,64.7,77.3,68.6,B+,B+,B+,A,Float,6.36,0.46,1.31,,1.31,-0.04,0.04,0.71,1.53,0.01,-0.25,1.51,0.03,-0.58,24,-0.13,-0.63,0.31,0.77,0.05,Conditions-Proof,0.12,False
da934ee8,MK Lomror,Royal Challengers Bangalore,35,527,373,141.29,18.17,33,30,5,upper_middle,61.4,56.2,9.2,42.8,C+,B+,B,D,Utility Player,6.31,0.59,1.36,,1.36,0.05,-0.05,0.72,1.17,0.1,-0.2,0.81,0.02,0.97,12,0.29,-0.33,0.3,0.81,-0.38,Tough-Track Star,-0.23,False
48fd7349,MEK Hussey,Chennai Super Kings,58,1977,1612,122.64,38.76,198,52,1,top_order,61.4,12.8,91.2,56.9,B,B+,D,A+,Strike Rotator,9.09,0.33,1.29,,1.29,-0.09,0.09,0.58,0.8,-0.12,-0.24,1.84,0.03,-0.13,6,-0.02,-0.58,0.31,0.82,0.09,Conditions-Proof,0.04,False
b8d490fd,AJ Finch,Gujarat Lions,90,2092,1635,127.95,24.9,214,78,2,top_order,60.9,73.9,67.3,68.9,B+,B+,B+,B+,Float,5.51,0.3,1.36,,1.36,0.12,-0.12,0.57,1.23,0.25,-0.22,1.26,0.01,0.17,21,0.05,-0.71,0.25,0.79,-0.04,Conditions-Proof,-0.07,False
fa463154,AB Agarkar,Kolkata Knight Riders,18,179,154,116.23,19.89,13,5,8,lower_order,60.9,60.7,74.6,65.6,B+,B+,B+,B+,Float,3.44,0.4,,,,-0.36,0.36,0.53,0.68,0.24,-0.02,2.02,0.11,-0.62,5,-0.35,-0.48,0.33,0.68,-0.11,Conditions-Proof,0.09,False
b57f8a9a,BJ Hodge,Rajasthan Royals,63,1400,1118,125.22,33.33,122,43,5,upper_middle,60.7,67.9,88.7,73.7,B+,B+,B+,A+,Float,9.54,0.54,1.27,,1.27,0.02,-0.02,0.71,1.05,-0.02,-0.18,1.72,0.03,-0.32,19,0.06,-0.63,0.27,0.83,0.09,Conditions-Proof,-0.02,False
6c882e9a,PBB Rajapaksa,Punjab Kings,13,277,191,145.03,21.31,22,15,3,top_order,60.5,54.6,44.3,53.4,B,B+,B,C+,Utility Player,6.0,0.41,0.66,,0.66,,,0.96,2.24,0.32,-0.13,0.95,0.07,,1,,-0.62,0.29,0.69,-0.11,Conditions-Proof,-0.18,False
b63ab531,LA Pomersbach,Kings XI Punjab,16,302,246,122.76,27.45,25,13,3,top_order,60.3,25.2,68.8,51.8,B,B+,C,B+,Utility Player,6.88,0.45,0.91,,0.91,0.17,-0.17,0.41,0.75,-0.36,-0.17,1.06,0.07,,4,,-0.52,0.28,0.76,-0.12,Conditions-Proof,-0.13,False
2498e163,JR Hopes,Kings XI Punjab,19,417,306,136.27,26.06,49,11,2,top_order,60.2,58.5,64.3,61.4,B+,B+,B,B+,Float,6.16,0.38,1.54,,1.54,0.36,-0.36,0.51,0.99,0.53,-0.13,1.09,0.06,1.06,7,0.39,-0.31,0.43,0.75,0.06,Conditions-Proof,0.16,False
3c55c703,JG Bethell,Royal Challengers Bengaluru,2,67,39,171.79,33.5,9,3,1,top_order,59.3,63.3,48.2,57.0,B,B,B+,B,Utility Player,3.0,0.15,1.28,,1.28,,,,,,0.16,1.27,,,0,,0.63,0.67,0.48,,,,True
b720a5d6,DB Ravi Teja,Deccan Chargers,25,375,317,118.3,19.74,35,9,7,lower_middle,59.1,58.1,62.5,60.3,B+,B,B,B+,Utility Player,7.16,0.56,2.75,,2.75,-0.36,0.36,0.52,0.68,-0.05,-0.09,1.32,0.05,-0.7,10,-0.39,-0.89,0.25,0.76,-0.39,Tough-Track Star,-0.31,False
90de905a,K Gowtham,Rajasthan Royals,27,247,148,166.89,13.72,15,17,8,lower_order,58.6,59.0,40.4,52.9,B,B,B,C+,Utility Player,2.37,0.43,,,,-0.26,0.26,1.13,1.71,-0.08,0.15,1.75,0.06,-1.38,11,-0.46,0.55,0.62,0.68,0.07,Conditions-Proof,-0.12,False
7c503806,J Botha,Rajasthan Royals,28,409,359,113.93,20.45,39,5,6,lower_middle,58.1,7.2,64.5,43.7,C+,B,D,B+,Utility Player,6.07,0.47,0.88,,0.88,-0.13,0.13,0.78,1.34,0.12,-0.06,1.04,0.04,-1.03,7,-0.23,-0.74,0.17,0.78,-0.09,Conditions-Proof,-0.43,False
957532de,S Aravind,Royal Challengers Bangalore,10,59,57,103.51,19.67,7,0,10,tail,57.1,49.8,64.3,57.2,B,B,B,B+,Utility Player,3.6,0.63,,,,,,0.37,0.2,-0.41,-0.24,1.5,0.15,0.64,6,0.36,-0.65,0.5,0.29,-0.18,Tough-Track Star,-0.12,False
172dff15,C Bosch,Mumbai Indians,2,47,32,146.88,23.5,3,3,8,lower_order,57.0,60.5,51.7,56.5,B,B,B+,B,Utility Player,11.0,0.69,,,,,,,,,0.09,1.38,,,0,,-0.98,0.0,0.29,,,,True
4d6d6280,Salman Butt,Kolkata Knight Riders,7,193,161,119.88,27.57,30,2,1,top_order,56.9,64.0,52.5,58.0,B,B,B+,B,Utility Player,5.29,0.23,0.83,,0.83,,,,,-0.55,-0.13,0.98,,,1,,-0.72,0.2,0.76,,,,True
119678fd,KV Sharma,Sunrisers Hyderabad,40,352,295,119.32,13.54,20,17,8,lower_order,56.7,53.9,64.6,58.8,B,B,B,B+,Utility Player,4.03,0.55,,,,-0.08,0.08,0.51,0.64,-0.04,-0.07,1.84,0.05,1.41,17,0.14,-1.29,0.28,0.68,0.3,Flat-Track Bully,0.27,False
eade4650,DJ Mitchell,Chennai Super Kings,15,351,267,131.46,27.0,28,10,3,top_order,56.4,5.8,71.7,45.0,B,B,D,B+,Utility Player,6.93,0.39,1.2,,1.2,0.12,-0.12,0.56,0.67,-0.03,-0.12,1.04,0.07,,3,,-0.4,0.38,0.76,-0.34,Tough-Track Star,-0.27,False
c8f5f961,Anuj Rawat,Royal Challengers Bangalore,21,318,267,119.1,19.88,26,14,2,top_order,56.3,33.1,56.2,48.9,B,B,C+,B,Utility Player,6.52,0.51,1.57,,1.57,-0.37,0.37,0.55,0.72,-0.16,-0.26,0.91,0.04,-1.27,6,-0.4,-0.43,0.4,0.73,0.2,Flat-Track Bully,0.17,False
ab89348d,MF Maharoof,Delhi Daredevils,14,177,123,143.9,17.7,12,9,7,lower_middle,56.1,55.9,50.2,54.3,B,B,B,B,Utility Player,5.71,0.65,,,,0.07,-0.07,0.82,1.42,0.25,-0.12,1.18,0.08,,4,,-0.62,0.4,0.67,0.04,Conditions-Proof,0.15,False
0bacade8,Rahmanullah Gurbaz,Kolkata Knight Riders,18,363,269,134.94,21.35,34,22,1,top_order,55.9,61.4,16.6,45.0,B,B,B+,C,Utility Player,5.67,0.38,1.22,,1.22,-0.28,0.28,0.5,0.87,-0.11,-0.3,0.72,0.04,-1.0,6,-0.53,-0.5,0.24,0.72,0.07,Conditions-Proof,0.53,False
5f547c8b,Rashid Khan,Sunrisers Hyderabad,66,585,365,160.27,13.93,41,41,8,lower_order,55.8,63.1,50.7,57.1,B,B,B+,B,Utility Player,2.55,0.46,1.62,,1.62,-0.06,0.06,0.9,2.22,-0.07,-0.17,1.73,0.03,0.63,30,-0.01,-0.81,0.22,0.78,0.08,Conditions-Proof,0.4,False
1e66c162,JD Unadkat,Rajasthan Royals,27,197,166,118.67,12.31,16,7,10,tail,55.4,53.9,59.8,56.6,B,B,B,B,Utility Player,3.44,0.56,,,,-0.25,0.25,0.47,1.58,-0.21,0.07,1.91,0.07,-1.22,12,-0.66,-0.92,0.3,0.67,0.17,Flat-Track Bully,0.47,False
bb351c23,MM Ali,Chennai Super Kings,59,1167,835,139.76,22.02,95,67,3,top_order,55.2,74.1,45.2,59.1,B,B,B+,B,Utility Player,6.12,0.43,1.29,0.48,1.05,-0.11,0.11,0.66,1.28,-0.08,-0.25,1.14,0.02,-0.53,12,-0.29,-0.49,0.3,0.8,0.01,Conditions-Proof,0.16,False
f9e6e7ef,Shahbaz Ahmed,Royal Challengers Bangalore,38,545,448,121.65,18.79,29,25,6,lower_middle,54.9,30.1,58.9,48.5,B,B,C+,B,Utility Player,4.42,0.38,2.47,,2.47,-0.06,0.06,0.42,0.66,0.07,-0.22,1.11,0.03,0.32,15,-0.08,-0.77,0.22,0.77,-0.08,Conditions-Proof,-0.13,False
663b5e34,PN Mankad,Lucknow Super Giants,5,97,73,132.88,32.33,13,2,3,top_order,54.8,47.0,46.4,49.5,B,B,B,B,Utility Player,5.4,0.37,1.2,,1.2,,,,,,-0.21,0.64,,,2,,-0.41,0.33,0.63,,,,True
ddc0828d,A Flintoff,Chennai Super Kings,3,62,53,116.98,31.0,5,2,5,upper_middle,54.7,44.5,53.5,51.0,B,B,C+,B,Utility Player,9.0,0.51,,,,,,,,,-0.05,0.73,,,1,,0.15,0.67,0.45,,,,True
44a89551,KS Bharat,Royal Challengers Bangalore,8,199,163,122.09,28.43,12,8,3,top_order,54.6,13.7,54.4,41.1,C+,B,D,B,Utility Player,6.75,0.33,1.23,,1.23,,,,,0.4,-0.23,0.63,,,2,,-0.58,0.29,0.75,,,,True
f19ccfad,Washington Sundar,Royal Challengers Bangalore,43,511,405,126.17,15.48,42,16,8,lower_order,54.1,54.8,68.7,59.7,B,B,B,B+,Utility Player,4.88,0.52,1.06,,1.06,0.04,-0.04,0.55,0.91,0.01,-0.19,1.75,0.04,0.93,16,0.21,-0.91,0.3,0.77,0.16,Conditions-Proof,0.04,False
f4cb4f53,AP Majumdar,Pune Warriors,4,87,76,114.47,21.75,7,2,4,upper_middle,54.0,53.2,40.8,49.5,B,B,B,C+,Utility Player,5.75,0.3,,,,,,,,,-0.04,0.67,,,3,,-0.7,0.29,0.66,,,,True
9a158001,Azhar Mahmood,Kings XI Punjab,21,388,303,128.05,20.42,39,13,3,top_order,54.0,56.4,45.6,52.4,B,B,B,B,Utility Player,5.71,0.4,2.03,,2.03,-0.21,0.21,0.76,1.2,0.23,-0.16,0.87,0.04,-1.25,7,-0.2,-0.78,0.33,0.75,-0.27,Tough-Track Star,-0.4,False
a9fd84fb,M Markande,Mumbai Indians,10,48,42,114.29,16.0,5,1,9,lower_order,53.9,44.4,59.2,52.6,B,B,C+,B,Utility Player,1.9,0.45,,,,-0.19,0.19,0.37,0.29,-0.09,-0.18,1.44,0.14,0.47,5,0.0,-0.55,0.5,0.29,-0.01,Conditions-Proof,-0.29,False
ae091d39,SA Asnodkar,Rajasthan Royals,19,423,339,124.78,22.26,56,10,2,top_order,53.8,63.3,42.0,53.5,B,B,B+,C+,Utility Player,1.84,0.1,1.02,,1.02,-0.22,0.22,0.51,1.01,-0.67,-0.15,0.87,0.05,,3,,-0.52,0.28,0.75,0.39,Flat-Track Bully,0.28,False
e342e5fb,CR Brathwaite,Delhi Daredevils,14,181,111,163.06,13.92,10,16,7,lower_middle,53.4,57.1,25.8,45.6,B,B,B,C,Utility Player,3.93,0.5,,,,,,1.29,2.51,-0.09,0.06,1.27,0.09,,2,,0.44,0.67,0.64,0.02,Conditions-Proof,0.35,False
95a2ea61,S Anirudha,Chennai Super Kings,12,136,113,120.35,17.0,9,7,7,lower_middle,53.1,49.0,47.1,49.9,B,B,B,B,Utility Player,3.25,0.35,0.64,,0.64,,,0.89,1.12,0.59,-0.04,0.99,0.08,,2,,-0.77,0.0,0.68,-0.56,Tough-Track Star,-0.82,False
53f27a35,BB Samantray,Sunrisers Hyderabad,8,125,113,110.62,25.0,13,2,5,upper_middle,53.1,50.9,62.7,55.7,B,B,B,B+,Utility Player,6.25,0.44,1.29,,1.29,,,,,0.42,-0.03,0.9,,,0,,-0.61,0.25,0.67,,,,True
063b3673,DH Yagnik,Rajasthan Royals,17,170,137,124.09,17.0,23,2,8,lower_order,52.9,54.0,60.4,56.0,B,B,B,B+,Utility Player,4.12,0.51,,,,-0.35,0.35,0.62,0.89,0.14,-0.1,1.42,0.08,,4,,-0.38,0.43,0.61,0.09,Conditions-Proof,0.21,False
1be70c88,LPC Silva,Deccan Chargers,3,40,26,153.85,20.0,5,1,4,upper_middle,52.7,49.0,32.8,44.9,C+,B,B,C+,Utility Player,1.33,0.15,,,,,,,,,-0.05,0.57,,,1,,0.87,0.5,0.29,,,,True
c8179c68,SB Jakati,Chennai Super Kings,5,28,29,96.55,28.0,3,0,8,lower_order,52.2,31.1,62.5,48.6,B,B,C+,B+,Utility Player,4.2,0.72,,,,,,,,,-0.27,1.01,,,0,,-1.35,0.0,0.29,,,,True
495d42a5,R Ashwin,Chennai Super Kings,93,833,705,118.16,13.22,64,29,8,lower_order,52.1,45.9,65.3,55.2,B,B,B,B+,Utility Player,4.41,0.58,1.17,,1.17,-0.06,0.06,0.46,1.09,-0.14,-0.2,1.68,0.02,0.07,32,-0.03,-1.22,0.21,0.8,0.02,Conditions-Proof,0.06,False
5673a3fc,NL McCullum,Pune Warriors,2,26,22,118.18,26.0,0,1,7,lower_middle,52.0,24.3,44.3,40.2,C+,B,C,C+,Utility Player,2.5,0.23,,,,,,,,,0.16,0.47,,,1,,,,,,,,True
85aae393,Iqbal Abdulla,Kolkata Knight Riders,13,88,84,104.76,44.0,9,1,10,tail,51.9,57.9,80.8,63.7,B+,B,B,A,Classic Anchor,5.69,0.88,,,,0.26,-0.26,0.13,0.18,-0.29,-0.39,3.14,0.24,0.21,8,0.27,-0.27,0.5,0.49,0.3,Flat-Track Bully,0.42,False
7f048519,DJ Willey,Royal Challengers Bangalore,5,53,62,85.48,26.5,7,0,9,lower_order,51.9,41.1,55.2,49.5,B,B,C+,B,Utility Player,8.6,0.69,,,,,,,,,-0.27,0.86,,,4,,-1.47,0.0,0.5,,,,True
7eae4418,Misbah-ul-Haq,Royal Challengers Bangalore,8,117,81,144.44,16.71,10,6,3,top_order,51.7,57.1,4.7,38.0,C+,B,B,D,Utility Player,4.88,0.48,,,,,,,,-0.17,-0.24,0.8,,,2,,-0.23,0.33,0.59,,,,True
9a0146b3,P Sahu,Kings XI Punjab,2,19,13,146.15,19.0,1,1,10,tail,51.3,50.2,54.1,51.9,B,B,B,B,Utility Player,1.0,0.15,,,,,,,,,0.06,1.25,,,0,,,,,,,,True
26d041c4,Sikandar Raza,Punjab Kings,9,182,136,133.82,26.0,12,8,5,upper_middle,51.0,19.6,56.4,42.5,C+,B,C,B,Utility Player,7.22,0.48,0.96,,0.96,,,,,-0.05,-0.18,0.62,,0.04,5,0.11,-0.47,0.12,0.73,,,,True
557153ca,KK Cooper,Rajasthan Royals,12,116,68,170.59,12.89,9,8,7,lower_middle,50.8,51.7,8.5,37.1,C+,B,B,D,Utility Player,2.58,0.46,,,,0.03,-0.03,1.21,1.56,-0.12,0.15,0.89,0.07,0.42,6,0.08,-0.02,0.33,0.5,0.14,Conditions-Proof,0.56,False
c16d4035,SW Billings,Delhi Daredevils,27,503,388,129.64,19.35,40,20,5,upper_middle,50.8,63.8,20.6,45.5,B,B,B+,C,Utility Player,4.81,0.34,1.65,,1.65,0.09,-0.09,0.39,0.76,-0.08,-0.18,0.8,0.03,0.32,9,0.13,-0.39,0.32,0.78,0.43,Flat-Track Bully,0.25,False
5d1e7582,BKG Mendis,Gujarat Titans,1,20,10,200.0,20.0,1,2,3,top_order,50.8,52.4,31.4,44.9,C+,B,B,C+,Utility Player,5.0,0.5,,,,,,,,,0.1,0.67,,,1,,,,,,,,True
fe763256,Y Venugopal Rao,Deccan Chargers,52,985,836,117.82,22.39,77,37,6,lower_middle,50.3,45.8,77.4,58.7,B,B,B,A,Utility Player,8.98,0.56,1.7,,1.7,0.03,-0.03,0.49,1.08,-0.26,-0.2,1.39,0.03,-0.35,20,-0.08,-0.66,0.29,0.77,0.11,Conditions-Proof,0.21,False
41eb4a4f,R Vinay Kumar,Royal Challengers Bangalore,42,310,274,113.14,11.48,21,9,8,lower_order,50.2,29.6,59.6,46.8,B,B,C,B,Utility Player,3.93,0.6,,,,-0.25,0.25,0.65,1.36,0.08,-0.03,1.51,0.04,-1.11,15,-0.41,-1.18,0.16,0.71,-0.13,Conditions-Proof,0.18,False
45c2196c,DE Bollinger,Chennai Super Kings,4,21,23,91.3,21.0,1,1,10,tail,50.1,30.2,56.3,45.6,B,B,C+,B,Utility Player,5.75,1.0,,,,,,,,,-0.48,0.92,,,1,,,,,,,,True
1b7b0fa7,Vivrant Sharma,Sunrisers Hyderabad,1,69,47,146.81,69.0,9,2,1,top_order,49.9,51.0,54.9,52.0,B,B,B,B,Utility Player,47.0,1.0,1.59,,1.59,,,,,,-0.16,0.87,,,0,,0.65,0.75,0.59,,,,True
33a364a6,R Bhatia,Kolkata Knight Riders,47,342,284,120.42,11.4,24,13,7,lower_middle,49.5,39.7,30.6,40.3,C+,B,C+,C+,Utility Player,3.43,0.57,,,,-0.33,0.33,0.65,1.18,-0.09,-0.02,1.01,0.02,-0.37,18,-0.25,-1.08,0.33,0.72,0.07,Conditions-Proof,0.17,False
d872f52a,LA Carseldine,Rajasthan Royals,5,81,68,119.12,20.25,11,0,3,top_order,48.7,25.9,45.6,40.2,C+,B,C,B,Utility Player,0.6,0.04,,,,,,,,,-0.01,0.52,,,1,,-0.34,0.5,0.56,,,,True
5bb5a915,M Morkel,Delhi Daredevils,20,126,90,140.0,12.6,11,5,9,lower_order,48.5,42.2,47.5,46.2,B,B,C+,B,Utility Player,2.85,0.63,,,,0.69,-0.69,0.7,0.98,-0.33,-0.14,1.21,0.06,1.41,15,0.71,-1.15,0.33,0.47,0.46,Flat-Track Bully,0.63,False
e86754b2,TK Curran,Kolkata Knight Riders,10,127,107,118.69,25.4,10,3,8,lower_order,48.4,57.6,69.1,58.5,B,B,B,B+,Utility Player,7.7,0.72,,,,,,0.35,0.87,-0.23,-0.3,1.37,0.14,,3,,-0.88,0.2,0.61,0.14,Conditions-Proof,-0.33,False
0ebfb1ad,E Lewis,Mumbai Indians,26,654,477,137.11,27.25,62,36,2,top_order,47.8,74.4,58.6,60.9,B+,B,B+,B,Utility Player,6.81,0.37,1.25,,1.25,-0.07,0.07,0.59,1.49,0.25,-0.2,1.19,0.05,0.81,6,-0.14,-0.46,0.3,0.78,0.09,Conditions-Proof,0.01,False
e62dd25d,K Rabada,Delhi Capitals,30,215,201,106.97,12.65,16,9,9,lower_order,47.5,42.8,50.6,47.2,B,B,C+,B,Utility Player,3.83,0.57,0.53,,0.53,0.14,-0.14,0.45,0.96,0.24,-0.17,1.29,0.04,0.1,14,-0.06,-0.81,0.2,0.69,-0.28,Tough-Track Star,-0.56,False
0264c10e,D Salunkhe,Rajasthan Royals,3,33,24,137.5,16.5,5,0,8,lower_order,47.4,43.3,55.3,48.7,B,B,C+,B,Utility Player,0.33,0.04,,,,,,,,,-0.04,1.13,,,2,,0.32,1.0,1.0,,,,True
d2d4bb0a,TR Birt,Delhi Daredevils,5,75,58,129.31,15.0,9,2,6,lower_middle,47.3,49.2,28.2,41.7,C+,B,B,C,Utility Player,4.2,0.36,,,,,,,,,-0.05,0.72,,,3,,-1.22,0.33,0.49,,,,True
a2870fb7,NK Patel,Rajasthan Royals,6,121,119,101.68,30.25,14,1,8,lower_order,47.3,45.2,60.7,51.2,B,B,B,B+,Utility Player,10.5,0.53,1.6,,1.6,,,,,-0.54,-0.26,0.97,,,2,,-0.61,0.5,0.64,,,,True
dbc50253,AP Dole,Rajasthan Royals,2,34,22,154.55,17.0,3,1,9,lower_order,47.2,46.5,42.7,45.5,B,B,B,C+,Utility Player,10.0,0.91,,,,,,,,,0.07,0.84,,,1,,,,,,,,True
756389bd,S Vidyut,Chennai Super Kings,8,145,109,133.03,18.12,21,3,1,top_order,47.0,57.7,10.7,38.6,C+,B,B,D,Utility Player,2.25,0.17,0.85,,0.85,,,,,-0.16,-0.19,0.63,,,1,,-0.25,0.43,0.56,,,,True
59559bc2,J Overton,Chennai Super Kings,2,15,7,214.29,15.0,1,1,8,lower_order,46.9,46.7,39.8,44.5,C+,B,B,C+,Utility Player,0.5,0.14,,,,,,,,,0.24,0.91,,,1,,,,,,,,True
8abdf100,CJ Anderson,Mumbai Indians,29,538,423,127.19,24.45,40,31,5,upper_middle,46.4,75.0,33.6,52.2,B,B,A,C+,Utility Player,7.14,0.49,2.26,,2.26,-0.33,0.33,0.56,1.06,-0.01,-0.28,0.99,0.03,-1.12,9,-0.51,-0.48,0.5,0.73,-0.05,Conditions-Proof,-0.02,False
16dfcc19,Umar Gul,Kolkata Knight Riders,4,39,19,205.26,13.0,1,5,9,lower_order,46.3,48.4,36.4,43.8,C+,B,B,C+,Utility Player,1.25,0.26,,,,,,,,,0.34,1.02,,,2,,,,,,,,True
60500956,RV Patel,Delhi Capitals,7,80,73,109.59,16.0,6,2,6,lower_middle,46.2,25.5,51.3,41.1,C+,B,C,B,Utility Player,6.43,0.62,,,,,,,,-0.34,-0.03,0.81,,,3,,-0.85,0.25,0.51,,,,True
dd09ff8e,B Lee,Kings XI Punjab,19,124,97,127.84,12.4,8,8,9,lower_order,46.1,48.0,45.3,46.6,B,B,B,B,Utility Player,2.95,0.58,,,,-0.11,0.11,0.67,1.48,-0.01,-0.15,1.22,0.06,0.06,7,0.07,-0.14,0.25,0.58,-0.05,Conditions-Proof,-0.65,False
b5da6c24,PA Patel,Mumbai Indians,136,2848,2358,120.78,22.6,365,49,1,top_order,45.8,11.6,67.0,43.4,C+,B,D,B+,Utility Player,5.54,0.32,1.11,,1.11,-0.01,0.01,0.49,1.04,-0.11,-0.22,0.98,0.01,-0.21,23,0.08,-0.75,0.22,0.8,-0.17,Tough-Track Star,-0.12,False
3c28853f,Sediqullah Atal,Delhi Capitals,1,22,16,137.5,22.0,0,2,4,upper_middle,45.8,45.4,35.7,42.3,C+,B,B,C+,Utility Player,4.0,0.25,,,,,,,,,-0.19,0.31,,,1,,,,,,,,True
d2a989fc,DS Kulkarni,Rajasthan Royals,20,104,108,96.3,11.56,7,2,10,tail,45.3,41.4,58.8,48.6,B,B,C+,B,Utility Player,3.25,0.6,,,,0.03,-0.03,0.44,0.71,-0.36,-0.13,1.48,0.07,0.31,11,0.1,-1.48,0.2,0.62,0.17,Flat-Track Bully,0.09,False
983f2f61,Swapnil Singh,Royal Challengers Bengaluru,9,51,45,113.33,10.2,3,3,8,lower_order,45.3,37.1,37.1,39.9,C+,B,C+,C+,Utility Player,2.0,0.4,,,,,,,,-0.19,-0.14,0.98,,,2,,-1.05,0.0,0.29,,,,True
a90e53ec,MW Short,Punjab Kings,6,117,92,127.17,19.5,15,4,3,top_order,45.2,52.3,19.0,39.0,C+,B,B,C,Utility Player,4.17,0.27,,,,,,,,0.25,-0.19,0.41,,,0,,-0.22,0.62,0.66,,,,True
662c47a6,Y Nagar,Delhi Daredevils,20,285,259,110.04,20.36,20,9,8,lower_order,45.1,42.0,66.0,51.3,B,B,C+,B+,Utility Player,8.15,0.63,0.91,,0.91,0.23,-0.23,0.37,0.67,0.04,-0.27,1.27,0.06,0.41,8,0.0,-0.96,0.13,0.76,-0.22,Tough-Track Star,-0.18,False
e087956b,BA Stokes,Rajasthan Royals,43,935,698,133.95,24.61,81,32,4,upper_middle,45.0,64.7,60.2,57.4,B,B,B+,B+,Utility Player,5.02,0.31,0.76,1.81,1.07,0.02,-0.02,0.55,0.93,0.12,-0.21,0.96,0.02,0.87,14,0.19,-0.65,0.31,0.79,-0.18,Conditions-Proof,-0.0,False
b0c772ee,BJ Haddin,Kolkata Knight Riders,1,18,11,163.64,18.0,2,1,2,top_order,44.5,46.9,32.0,41.2,C+,C+,B,C+,Utility Player,3.0,0.27,,,,,,,,,0.08,0.43,,,0,,,,,,,,True
0dc00542,Shahid Afridi,Deccan Chargers,9,81,46,176.09,10.12,7,6,5,upper_middle,43.8,44.1,0.5,29.6,C,C+,C+,D,Utility Player,2.56,0.5,,,,,,,,-0.01,-0.12,0.59,,,3,,-0.85,0.0,1.0,,,,True
11df3dc8,MJ Lumb,Rajasthan Royals,12,278,194,143.3,23.17,45,6,1,top_order,43.7,66.7,26.4,45.9,B,C+,B+,C,Utility Player,3.5,0.22,0.52,,0.52,0.12,-0.12,0.58,0.86,0.49,-0.28,0.76,0.06,,3,,-0.47,0.29,0.7,0.31,Flat-Track Bully,0.65,False
c0c411cb,Naveen-ul-Haq,Lucknow Super Giants,4,18,25,72.0,18.0,2,0,10,tail,43.6,38.4,43.2,41.8,C+,C+,C+,C+,Utility Player,5.25,0.84,,,,,,,,,-0.5,0.69,,,3,,,,,,,,True
81049310,J Yadav,Delhi Daredevils,4,40,36,111.11,10.0,2,1,9,lower_order,43.2,36.8,46.3,42.2,C+,C+,C+,B,Utility Player,3.25,0.36,,,,,,,,,0.6,1.08,,,0,,-2.13,0.0,0.29,,,,True
88fccd6c,SM Pollock,Mumbai Indians,8,147,111,132.43,18.38,12,8,6,lower_middle,43.1,53.5,26.2,41.1,C+,C+,B,C,Utility Player,11.62,0.84,,,,,,,,0.17,-0.3,0.62,,,3,,-0.48,0.33,0.62,,,,True
0a476045,S Dhawan,Sunrisers Hyderabad,221,6769,5326,127.09,35.07,768,153,2,top_order,43.1,29.7,100.0,60.4,B+,C+,C,S,Classic Anchor,6.29,0.26,1.15,0.85,1.06,-0.04,0.04,0.51,1.0,0.09,-0.21,2.1,0.01,-0.06,35,-0.2,-0.48,0.32,0.81,-0.15,Conditions-Proof,-0.08,False
b1451597,LR Shukla,Kolkata Knight Riders,33,405,350,115.71,15.0,33,16,6,lower_middle,42.8,30.0,22.3,32.1,C+,C+,C+,C,Utility Player,3.94,0.37,0.65,,0.65,-0.22,0.22,0.61,1.52,0.04,-0.17,0.74,0.02,-0.94,10,-0.24,-1.0,0.26,0.76,0.12,Conditions-Proof,0.14,False
0a67aec0,Akash Deep,Lucknow Super Giants,5,25,14,178.57,8.33,2,2,9,lower_order,42.0,44.3,17.4,34.6,C+,C+,C+,C,Utility Player,1.2,0.43,,,,,,,,,0.18,0.89,,,2,,,,,,,,True
c64c2443,J Syed Mohammad,Royal Challengers Bangalore,5,29,26,111.54,14.5,4,0,7,lower_middle,41.7,38.4,45.5,41.9,C+,C+,C+,B,Utility Player,2.0,0.38,,,,,,,,,-0.04,0.69,,,2,,-1.37,0.0,1.0,,,,True
b274dbbd,ER Dwivedi,Gujarat Lions,2,24,14,171.43,12.0,2,2,1,top_order,41.7,40.2,23.5,35.2,C+,C+,C+,C,Utility Player,1.0,0.14,,,,,,,,,0.09,0.42,,,0,,,,,,,,True
378daa89,Aman Hakim Khan,Delhi Capitals,10,115,104,110.58,12.78,8,6,7,lower_middle,40.7,47.6,13.4,34.0,C+,C+,B,D,Utility Player,5.1,0.49,3.01,,3.01,,,0.41,0.56,0.04,-0.19,0.58,0.06,-0.19,5,-0.17,-1.44,0.17,0.67,-0.01,Conditions-Proof,-0.01,False
1abb78f8,SN Thakur,Chennai Super Kings,40,325,233,139.48,12.04,30,13,8,lower_order,40.7,53.7,44.8,46.7,B,C+,B,C+,Utility Player,3.28,0.56,1.19,,1.19,0.08,-0.08,0.65,1.21,0.03,-0.17,1.34,0.03,-0.79,16,-0.43,-0.67,0.38,0.74,-0.04,Conditions-Proof,-0.1,False
710dd98c,MN van Wyk,Kolkata Knight Riders,5,167,132,126.52,55.67,19,1,4,upper_middle,40.5,44.7,70.8,52.2,B,C+,C+,B+,Accumulator,3.6,0.14,1.28,,1.28,,,,,,-0.22,1.18,,,1,,-0.68,0.36,0.72,,,,True
1a156c88,DJM Short,Rajasthan Royals,7,115,99,116.16,16.43,11,5,2,top_order,40.4,51.5,20.7,37.7,C+,C+,B,C,Utility Player,9.14,0.65,0.65,,0.65,,,,,0.65,-0.23,0.48,,,0,,-1.23,0.29,0.6,,,,True
1efb8a28,AC Blizzard,Mumbai Indians,7,120,90,133.33,17.14,21,2,1,top_order,40.4,53.9,9.6,34.8,C+,C+,B,D,Utility Player,2.71,0.21,1.65,,1.65,,,,,-0.04,-0.24,0.49,,,2,,-0.64,0.4,0.63,,,,True
d2c2b2d5,SR Tendulkar,Mumbai Indians,78,2334,1948,119.82,33.83,296,29,2,top_order,40.2,35.1,91.4,57.5,B,C+,C+,A+,Classic Anchor,7.49,0.3,1.15,1.67,1.3,-0.05,0.05,0.51,0.66,-0.09,-0.2,1.63,0.02,0.14,13,0.05,-0.65,0.22,0.85,-0.08,Conditions-Proof,0.01,False
05c2ca46,RE van der Merwe,Royal Challengers Bangalore,15,159,141,112.77,14.45,11,8,8,lower_order,40.1,45.7,46.4,44.3,C+,C+,B,B,Utility Player,5.47,0.58,,,,-0.13,0.13,0.53,0.89,-0.09,-0.24,1.03,0.07,,2,,-1.52,0.0,0.66,-0.42,Tough-Track Star,,False
facb9086,SD Chitnis,Kings XI Punjab,8,99,89,111.24,14.14,10,2,7,lower_middle,39.9,34.1,44.3,39.6,C+,C+,C+,C+,Utility Player,8.5,0.76,,,,,,,,-0.36,-0.14,0.68,,,2,,-0.85,0.0,0.55,,,,True
46a9bea1,TU Deshpande,Rajasthan Royals,8,28,22,127.27,14.0,2,1,10,tail,39.6,17.2,46.1,34.3,C+,C+,C,B,Utility Player,1.38,0.5,,,,,,,,0.34,-0.45,0.79,,,4,,,,,,,,True
99ed60f8,JPR Scantlebury-Searles,Kolkata Knight Riders,2,8,6,133.33,8.0,0,1,8,lower_order,39.2,40.2,27.0,35.5,C+,C+,C+,C,Utility Player,2.5,0.83,,,,,,,,,0.55,0.74,,,0,,,,,,,,True
af7dadf7,B Akhil,Royal Challengers Bangalore,11,76,55,138.18,12.67,5,5,7,lower_middle,39.1,38.8,5.2,27.8,C,C+,C+,D,Utility Player,1.73,0.35,,,,-0.26,0.26,0.77,1.43,0.33,-0.12,0.42,0.04,,3,,0.7,1.0,1.0,0.03,Conditions-Proof,,False
4d7f517e,AJ Hosein,Sunrisers Hyderabad,1,16,10,160.0,16.0,1,1,8,lower_order,38.9,40.3,40.7,40.0,C+,C+,C+,C+,Utility Player,10.0,1.0,,,,,,,,,-0.0,0.52,,,0,,,,,,,,True
107c26fb,KT Maphaka,Rajasthan Royals,1,8,2,400.0,8.0,2,0,9,lower_order,38.7,39.8,29.9,36.2,C+,C+,C+,C,Utility Player,0.0,0.0,,,,,,,,,1.14,0.8,,,1,,,,,,,,True
acee4cc4,Imran Tahir,Delhi Daredevils,8,33,37,89.19,8.25,5,0,10,tail,38.7,37.4,37.6,38.0,C+,C+,C+,C+,Utility Player,2.5,0.54,,,,,,,,-0.07,-0.21,0.93,,-0.45,5,-0.47,-1.37,0.0,1.0,,,,True
11614d87,D Pretorius,Chennai Super Kings,5,44,28,157.14,11.0,3,3,8,lower_order,38.6,37.3,31.1,35.7,C+,C+,C+,C+,Utility Player,4.4,0.79,,,,,,,,,-0.1,0.63,,,4,,0.32,1.0,1.0,,,,True
bae11797,Y Gnaneswara Rao,Kochi Tuskers Kerala,1,19,17,111.76,19.0,3,0,3,top_order,38.5,38.4,33.2,36.7,C+,C+,C+,C+,Utility Player,9.0,0.53,,,,,,,,,-0.09,0.14,,,0,,-0.42,0.5,0.29,,,,True
27e71d47,K Upadhyay,Pune Warriors,2,12,9,133.33,12.0,0,1,11,tail,37.9,35.6,43.6,39.1,C+,C+,C+,C+,Utility Player,0.5,0.11,,,,,,,,,-0.01,0.73,,,2,,,,,,,,True
edb3d4f8,KC Cariappa,Kings XI Punjab,5,24,21,114.29,8.0,0,2,10,tail,37.8,37.0,35.9,36.9,C+,C+,C+,C+,Utility Player,3.6,0.86,,,,,,,,,-0.09,0.83,,,2,,,,,,,,True
855a210c,AP Tare,Mumbai Indians,27,339,273,124.18,14.12,40,11,2,top_order,37.7,47.0,1.2,29.0,C,C+,B,D,Utility Player,2.41,0.24,1.88,,1.88,0.33,-0.33,0.5,0.95,0.02,-0.2,0.48,0.02,0.72,6,0.35,-1.07,0.27,0.72,0.52,Flat-Track Bully,0.69,False
f48cf4da,DT Patil,Royal Challengers Bangalore,2,13,13,100.0,6.5,1,0,8,lower_order,37.6,33.3,26.0,32.3,C+,C+,C+,C,Utility Player,6.0,0.92,,,,,,,,,0.92,0.59,,,1,,-2.51,0.0,1.0,,,,True
65b6943c,L Wood,Mumbai Indians,1,9,3,300.0,9.0,0,1,10,tail,37.2,37.4,34.2,36.3,C+,C+,C+,C+,Utility Player,1.0,0.33,,,,,,,,,0.39,0.67,,,1,,,,,,,,True
272d796e,BR Dunk,Mumbai Indians,3,40,35,114.29,13.33,7,0,1,top_order,37.2,37.6,17.6,30.9,C+,C+,C+,C,Utility Player,3.33,0.29,,,,,,,,,-0.18,0.24,,,1,,-2.27,0.0,0.29,,,,True
ad9c32a2,DJ Malan,Punjab Kings,1,26,26,100.0,26.0,1,1,4,upper_middle,37.1,40.8,41.1,39.7,C+,C+,C+,C+,Utility Player,26.0,1.0,,,,,,,,,-0.3,0.17,,,0,,-1.74,0.0,0.29,,,,True
b8527c3d,Rasikh Salam,Delhi Capitals,6,40,40,100.0,8.0,5,0,10,tail,36.9,32.9,25.7,31.9,C+,C+,C+,C,Utility Player,5.5,0.82,,,,,,,,,-0.27,0.65,,,4,,,,,,,,True
3ae3f034,AUK Pathan,Royal Challengers Bangalore,7,39,23,169.57,7.8,5,2,6,lower_middle,36.9,40.9,0.8,26.3,C,C+,C+,D,Utility Player,0.71,0.22,,,,,,,,0.86,-0.09,0.51,,,3,,,,,,,,True
dc4686e6,BA Bhatt,Kings XI Punjab,2,6,7,85.71,6.0,0,1,11,tail,36.5,37.9,24.5,33.0,C+,C+,C+,C,Utility Player,3.0,0.86,,,,,,,,,0.62,0.69,,,1,,,,,,,,True
a9da7784,KJ Abbott,Kings XI Punjab,3,13,8,162.5,13.0,0,1,8,lower_order,36.5,31.5,28.4,32.2,C+,C+,C+,C,Utility Player,0.67,0.25,,,,,,,,,-0.23,0.37,,,1,,,,,,,,True
ba6b2f91,RA Bawa,Punjab Kings,3,19,18,105.56,9.5,1,0,5,upper_middle,36.2,17.1,30.1,27.8,C,C+,C,C+,Utility Player,6.0,1.0,,,,,,,,,-0.14,0.25,,,1,,-1.8,0.0,1.0,,,,True
7a8bd078,S Gopal,Rajasthan Royals,22,180,169,106.51,12.86,19,2,8,lower_order,35.6,19.1,44.1,33.1,C+,C+,C,C+,Utility Player,4.86,0.63,,,,-0.09,0.09,0.42,0.8,0.0,-0.34,0.95,0.04,-0.5,11,-0.09,-1.26,0.25,0.69,0.15,Flat-Track Bully,0.06,False
44aac2f0,Arjun Tendulkar,Mumbai Indians,1,13,9,144.44,13.0,0,1,9,lower_order,35.6,34.5,36.9,35.7,C+,C+,C+,C+,Utility Player,9.0,1.0,,,,,,,,,-0.03,0.38,,,1,,-1.47,0.0,1.0,,,,True
8d92a2c3,MA Wood,Lucknow Super Giants,3,12,8,150.0,6.0,1,1,9,lower_order,35.6,36.8,20.2,30.9,C+,C+,C+,C,Utility Player,2.0,0.75,,,,,,,,,0.11,0.59,,,2,,,,,,,,True
30e37810,Sunny Singh,Kings XI Punjab,5,43,31,138.71,10.75,6,1,7,lower_middle,35.2,37.3,10.0,27.6,C,C+,C+,D,Utility Player,1.6,0.26,,,,,,,,,-0.13,0.34,,,3,,,,,,,,True
c33d8116,Mohsin Khan,Lucknow Super Giants,5,25,24,104.17,8.33,2,1,9,lower_order,35.1,26.2,32.7,31.4,C+,C+,C,C+,Utility Player,3.0,0.62,,,,,,,,,-0.2,0.58,,,3,,-2.8,0.0,1.0,,,,True
0d232ffd,MA Khote,Mumbai Indians,3,24,22,109.09,12.0,2,1,8,lower_order,35.1,36.4,34.5,35.4,C+,C+,C+,C+,Utility Player,5.0,0.68,,,,,,,,,-0.15,0.51,,,2,,,,,,,,True
fdedb37c,SM Katich,Kings XI Punjab,11,241,186,129.57,24.1,26,8,2,top_order,35.0,61.6,44.1,47.2,B,C+,B+,C+,Utility Player,6.09,0.36,1.38,,1.38,,,0.76,0.85,0.26,-0.18,0.67,0.06,,3,,0.2,0.67,0.74,-0.06,Conditions-Proof,0.08,False
fcc21ace,A Kamboj,Chennai Super Kings,6,16,14,114.29,8.0,2,0,9,lower_order,35.0,32.0,25.2,30.8,C+,C+,C+,C,Utility Player,1.33,0.57,,,,,,,,-0.63,-0.13,0.58,,,0,,,,,,,,True
8cf9814c,Mohammed Shami,Delhi Daredevils,27,84,89,94.38,6.0,7,2,9,lower_order,34.7,22.4,24.1,27.2,C,C+,C,C,Utility Player,2.41,0.73,,,,0.28,-0.28,0.2,0.58,0.01,-0.22,0.92,0.03,-0.62,12,-0.38,-2.72,0.0,0.29,-0.06,Conditions-Proof,0.02,False
0f721006,JO Holder,Sunrisers Hyderabad,27,259,211,122.75,12.33,13,18,7,lower_middle,34.7,40.1,11.0,28.9,C,C+,C+,D,Utility Player,3.96,0.51,0.61,,0.61,-0.18,0.18,0.71,1.78,0.23,-0.21,0.63,0.02,-0.13,11,-0.16,-1.31,0.27,0.67,-0.23,Tough-Track Star,-0.43,False
23ac69e6,RJ Quiney,Rajasthan Royals,7,103,102,100.98,14.71,12,3,1,top_order,34.6,46.2,6.7,29.3,C,C+,B,D,Utility Player,1.71,0.12,,,,,,,,0.38,-0.15,0.36,,,1,,-1.13,0.11,0.71,,,,True
441c72ae,P Ray Barman,Royal Challengers Bangalore,1,19,24,79.17,19.0,2,0,8,lower_order,34.5,29.1,40.2,34.6,C+,C+,C,C+,Utility Player,24.0,1.0,,,,,,,,,-0.47,0.23,,,1,,-1.07,0.0,0.29,,,,True
35f173a0,MP Breetzke,Lucknow Super Giants,1,14,12,116.67,14.0,1,1,2,top_order,34.5,32.9,26.7,31.4,C+,C+,C+,C,Utility Player,2.0,0.17,,,,,,,,,-0.4,0.08,,,0,,-2.8,0.0,1.0,,,,True
39f82db3,DJ Harris,Deccan Chargers,4,111,101,109.9,27.75,11,5,1,top_order,34.5,47.9,54.6,45.8,B,C+,B,B,Utility Player,8.25,0.33,,,,,,,,,-0.28,0.6,,,2,,-1.07,0.11,0.7,,,,True
9a46c4e5,GD Phillips,Sunrisers Hyderabad,8,65,55,118.18,9.29,3,6,6,lower_middle,34.1,41.7,0.9,25.7,C,C+,C+,D,Utility Player,5.25,0.76,,,,,,,,-0.34,-0.26,0.45,,,3,,-2.49,0.0,0.29,,,,True
addfb70e,SW Tait,Rajasthan Royals,5,23,26,88.46,7.67,1,1,10,tail,33.8,25.1,28.7,29.2,C,C+,C,C,Utility Player,1.4,0.27,,,,,,,,,-0.49,0.55,,,1,,,,,,,,True
6834d1f2,B Stanlake,Sunrisers Hyderabad,1,5,2,250.0,5.0,1,0,11,tail,33.7,34.2,30.4,32.8,C+,C+,C+,C+,Utility Player,1.0,0.5,,,,,,,,,1.05,0.65,,,0,,,,,,,,True
a45a5e8d,AM Nayar,Mumbai Indians,50,672,577,116.46,17.68,55,20,6,lower_middle,33.7,10.9,44.5,30.3,C+,C+,D,C+,Utility Player,6.08,0.53,0.57,,0.57,-0.02,0.02,0.5,1.2,0.19,-0.27,0.81,0.02,0.28,19,0.05,-0.69,0.3,0.81,-0.01,Conditions-Proof,-0.04,False
64d43928,Sohail Tanvir,Rajasthan Royals,5,36,29,124.14,12.0,3,1,3,top_order,33.6,27.0,35.7,32.2,C+,C+,C,C+,Utility Player,3.4,0.59,,,,,,,,,-0.1,0.37,,,1,,,,,,,,True
249d60c9,AU Rashid,Sunrisers Hyderabad,2,22,16,137.5,11.0,2,1,8,lower_order,33.4,37.0,23.8,31.4,C+,C+,C+,C,Utility Player,1.0,0.12,,,,,,,,,0.08,0.32,,,1,,,,,,,,True
bb345e0b,G Gambhir,Kolkata Knight Riders,151,4217,3404,123.88,31.24,492,59,2,top_order,32.9,5.2,96.8,47.6,B,C+,D,S,Classic Anchor,6.94,0.31,1.12,0.48,0.93,-0.04,0.04,0.59,1.24,-0.05,-0.2,1.53,0.01,-0.47,23,-0.16,-0.63,0.22,0.84,-0.14,Conditions-Proof,-0.05,False
611926bc,GR Napier,Mumbai Indians,1,15,16,93.75,15.0,1,0,6,lower_middle,32.8,31.6,31.2,31.9,C+,C+,C+,C+,Utility Player,16.0,1.0,,,,,,,,,-0.22,0.09,,,0,,-1.61,0.0,1.0,,,,True
529eb9e0,OC McCoy,Rajasthan Royals,1,8,5,160.0,8.0,0,1,9,lower_order,32.6,33.4,30.0,32.0,C+,C+,C+,C+,Utility Player,1.0,0.2,,,,,,,,,0.37,0.38,,,0,,,,,,,,True
2a72fd4f,Harmeet Singh,Kings XI Punjab,4,18,12,150.0,6.0,3,0,9,lower_order,32.5,30.9,22.0,28.5,C,C+,C+,C,Utility Player,0.5,0.17,,,,,,,,,-0.15,0.47,,,3,,,,,,,,True
2e9fdf9b,DAJ Bracewell,Delhi Daredevils,1,12,9,133.33,12.0,1,0,8,lower_order,32.3,31.6,39.9,34.6,C+,C+,C+,C+,Utility Player,1.0,0.11,,,,,,,,,0.09,0.43,,,1,,0.2,1.0,1.0,,,,True
23cca426,OF Smith,Punjab Kings,6,51,44,115.91,17.0,1,5,7,lower_middle,32.3,42.5,38.6,37.9,C+,C+,C+,C+,Utility Player,6.67,0.91,,,,,,,,0.54,-0.35,0.51,,,1,,-0.8,0.0,1.0,,,,True
f18ba07f,Ankit Soni,Gujarat Lions,3,7,9,77.78,3.5,0,1,11,tail,32.0,32.3,15.0,26.4,C,C+,C+,C,Utility Player,2.67,0.89,,,,,,,,,-0.07,0.44,,,0,,,,,,,,True
9601c534,SD Lad,Mumbai Indians,1,15,13,115.38,15.0,1,1,2,top_order,32.0,33.9,26.7,30.9,C+,C+,C+,C,Utility Player,0.0,0.0,,,,,,,,,-0.3,0.04,,,1,,-1.34,0.5,0.29,,,,True
3b53243a,XC Bartlett,Punjab Kings,1,11,15,73.33,11.0,1,0,10,tail,31.7,32.4,31.0,31.7,C+,C+,C+,C+,Utility Player,11.0,0.73,,,,,,,,,-0.34,0.25,,,0,,-1.37,0.0,1.0,,,,True
03a83c50,V Viyaskanth,Sunrisers Hyderabad,1,7,5,140.0,7.0,0,0,11,tail,31.3,26.0,34.0,30.4,C+,C+,C,C+,Utility Player,5.0,1.0,,,,,,,,,-0.13,0.36,,,0,,,,,,,,True
9f77963a,Gulbadin Naib,Delhi Capitals,1,19,15,126.67,19.0,1,1,7,lower_middle,31.2,37.4,39.9,36.2,C+,C+,C+,C+,Utility Player,5.0,0.33,,,,,,,,,-0.25,0.22,,,0,,,,,,,,True
4125d931,J Suchith,Mumbai Indians,9,70,61,114.75,17.5,6,3,8,lower_order,31.1,43.3,34.9,36.5,C+,C+,C+,C+,Utility Player,5.56,0.82,,,,,,,,0.2,-0.44,0.67,,0.98,5,0.52,-0.45,0.33,0.47,,,,True
24d94623,Ankit Sharma,Deccan Chargers,10,87,67,129.85,12.43,7,4,10,tail,31.0,43.6,45.9,40.3,C+,C+,C+,B,Utility Player,3.4,0.51,,,,0.1,-0.1,0.32,0.15,0.04,-0.25,0.97,0.1,0.22,5,0.1,-0.61,0.25,0.53,0.48,Flat-Track Bully,0.31,False
469ea22b,KMDN Kulasekara,Chennai Super Kings,1,5,3,166.67,5.0,1,0,9,lower_order,31.0,30.9,26.9,29.6,C,C+,C+,C,Utility Player,0.0,0.0,,,,,,,,,0.32,0.36,,,1,,,,,,,,True
943fd425,I Malhotra,Deccan Chargers,1,7,4,175.0,7.0,1,0,7,lower_middle,30.8,29.9,33.6,31.4,C+,C+,C,C+,Utility Player,2.0,0.5,,,,,,,,,0.16,0.35,,,0,,,,,,,,True
0c2730df,A Kumble,Royal Challengers Bangalore,15,35,47,74.47,11.67,3,0,10,tail,30.7,14.0,61.9,35.6,C+,C+,D,B+,Utility Player,2.53,0.81,,,,-0.18,0.18,0.13,0.19,0.02,-0.39,1.32,0.09,-0.19,10,-0.21,-0.72,0.0,1.0,-0.32,Tough-Track Star,,False
25f7b7d6,T Banton,Kolkata Knight Riders,2,18,20,90.0,9.0,1,1,1,top_order,30.6,28.8,12.3,23.9,C,C+,C,D,Utility Player,7.0,0.7,,,,,,,,,0.01,0.11,,,2,,-2.22,0.0,0.29,,,,True
6f49cc6e,Shivam Sharma,Kings XI Punjab,2,5,3,166.67,5.0,1,0,10,tail,30.6,33.3,28.2,30.7,C+,C+,C+,C,Utility Player,0.5,0.33,,,,,,,,,-0.0,0.51,,,0,,,,,,,,True
8ac93ca2,P Chopra,Rajasthan Royals,1,8,6,133.33,8.0,2,0,5,upper_middle,30.4,34.7,14.5,26.6,C,C+,C+,D,Utility Player,1.0,0.17,,,,,,,,,-0.1,0.21,,,1,,,,,,,,True
20a941bb,M Ntini,Chennai Super Kings,2,11,18,61.11,11.0,2,0,11,tail,30.3,38.7,32.1,33.7,C+,C+,C+,C+,Utility Player,7.5,0.83,,,,,,,,,-0.51,0.45,,,1,,-1.88,0.0,0.29,,,,True
f708a0bc,GB Hogg,Rajasthan Royals,4,22,22,100.0,7.33,1,0,9,lower_order,30.3,15.9,41.2,29.2,C,C+,C,C+,Utility Player,5.25,0.95,,,,,,,,,-0.07,0.61,,,3,,,,,,,,True
66cf56a5,A Mithun,Royal Challengers Bangalore,6,34,26,130.77,6.8,4,1,9,lower_order,30.3,35.6,12.0,26.0,C,C+,C+,D,Utility Player,1.5,0.35,,,,,,,,-0.14,-0.1,0.45,,,3,,-0.8,0.0,1.0,,,,True
2f49c897,Mohammed Siraj,Royal Challengers Bangalore,21,112,123,91.06,12.44,10,4,10,tail,30.2,43.8,49.1,41.2,C+,C+,C+,B,Utility Player,4.05,0.69,,,,0.19,-0.19,0.12,0.29,0.14,-0.4,1.15,0.05,0.11,11,0.25,-1.15,0.2,0.59,0.29,Flat-Track Bully,0.2,False
f4f0fafd,B Sumanth,Deccan Chargers,4,35,37,94.59,35.0,3,0,7,lower_middle,30.2,11.2,69.8,37.1,C+,C+,D,B+,Utility Player,4.0,0.43,,,,,,,,,-0.05,1.1,,,2,,-0.51,0.0,1.0,,,,True
e0351c86,DNT Zoysa,Deccan Chargers,2,11,9,122.22,11.0,1,0,8,lower_order,30.1,26.7,33.0,30.0,C+,C+,C,C+,Utility Player,1.0,0.22,,,,,,,,,-0.3,0.3,,,1,,,,,,,,True
342d8ade,CRD Fernando,Mumbai Indians,2,4,3,133.33,4.0,0,0,9,lower_order,30.1,18.5,32.7,27.1,C,C+,C,C+,Utility Player,1.0,0.67,,,,,,,,,-0.03,0.43,,,2,,,,,,,,True
765a4731,Mukesh Choudhary,Chennai Super Kings,2,6,6,100.0,6.0,1,0,11,tail,30.1,31.5,28.8,30.1,C+,C+,C+,C,Utility Player,2.0,0.67,,,,,,,,,-0.16,0.43,,,1,,,,,,,,True
a3ecf01f,RS Sodhi,Kings XI Punjab,1,4,2,200.0,4.0,1,0,6,lower_middle,29.9,32.4,18.8,27.0,C,C,C+,C,Utility Player,0.0,0.0,,,,,,,,,0.52,0.31,,,0,,,,,,,,True
4885bbe6,Yudhvir Singh,Lucknow Super Giants,4,22,16,137.5,5.5,1,2,9,lower_order,29.9,34.7,10.1,24.9,C,C,C+,D,Utility Player,2.75,0.69,,,,,,,,,-0.29,0.36,,,2,,,,,,,,True
78eb4223,KAJ Roach,Deccan Chargers,1,10,9,111.11,10.0,1,0,9,lower_order,29.8,31.9,29.8,30.5,C+,C,C+,C,Utility Player,0.0,0.0,,,,,,,,,-0.18,0.21,,,1,,,,,,,,True
6dbcf855,VH Zol,Royal Challengers Bangalore,2,29,26,111.54,14.5,3,1,3,top_order,29.5,33.4,20.6,27.9,C,C,C+,C,Utility Player,4.0,0.31,,,,,,,,,-0.25,0.07,,,0,,,,,,,,True
29d72eb2,AA Chavan,Rajasthan Royals,3,12,11,109.09,6.0,2,0,8,lower_order,29.5,31.6,21.4,27.5,C,C,C+,C,Utility Player,1.33,0.36,,,,,,,,,-0.15,0.36,,,1,,,,,,,,True
75de770f,T Taibu,Kolkata Knight Riders,3,31,26,119.23,10.33,3,0,5,upper_middle,29.5,19.8,25.1,24.9,C,C,C,C,Utility Player,4.0,0.46,,,,,,,,,-0.09,0.09,,,0,,,,,,,,True
ae78bc32,MS Gony,Chennai Super Kings,15,99,71,139.44,11.0,6,8,8,lower_order,29.4,47.5,7.5,28.3,C,C,B,D,Utility Player,2.47,0.52,,,,-0.22,0.22,0.75,1.15,-0.02,-0.28,0.7,0.05,-0.98,6,-0.19,-0.19,0.5,0.52,-0.04,Conditions-Proof,-0.06,False
2eeb4370,C Madan,Mumbai Indians,1,15,19,78.95,15.0,3,0,1,top_order,29.4,32.5,27.4,29.8,C,C,C+,C,Utility Player,0.0,0.0,,,,,,,,,-0.4,0.0,,,0,,-1.21,0.0,1.0,,,,True
b69e69ed,AA Noffke,Royal Challengers Bangalore,1,9,10,90.0,9.0,1,0,8,lower_order,29.4,30.2,26.3,28.7,C,C,C+,C,Utility Player,3.0,0.3,,,,,,,,,-0.37,0.14,,,1,,-1.97,0.0,1.0,,,,True
cf73ad76,JEC Franklin,Mumbai Indians,16,327,301,108.64,29.73,25,9,1,top_order,29.2,1.7,74.0,35.3,C+,C,D,B+,Accumulator,10.06,0.53,1.84,,1.84,-0.07,0.07,0.61,1.08,0.4,-0.19,1.0,0.06,0.11,7,-0.05,-0.85,0.17,0.77,-0.1,Conditions-Proof,0.05,False
57efa3be,SB Styris,Deccan Chargers,10,131,133,98.5,18.71,10,3,6,lower_middle,28.9,8.3,53.6,30.4,C+,C,D,B,Utility Player,5.8,0.44,,,,,,0.39,0.24,0.39,-0.15,0.58,0.06,,3,,-1.28,0.11,0.71,-0.36,Tough-Track Star,-0.66,False
ffe699c0,CJ Jordan,Kings XI Punjab,12,81,77,105.19,8.1,3,3,8,lower_order,28.9,23.1,28.0,26.8,C,C,C,C,Utility Player,4.33,0.68,,,,-0.09,0.09,0.34,0.71,0.01,-0.33,0.67,0.06,-0.65,5,-0.26,-1.73,0.0,0.29,-0.2,Tough-Track Star,-0.13,False
69762509,DR Martyn,Rajasthan Royals,1,19,24,79.17,19.0,1,0,3,top_order,28.9,17.9,36.8,27.9,C,C,C,C+,Utility Player,22.0,0.92,,,,,,,,,-0.21,0.11,,,0,,-1.2,0.0,0.29,,,,True
8998a68f,Sumit Kumar,Delhi Capitals,3,18,24,75.0,9.0,2,1,8,lower_order,28.8,33.7,17.3,26.6,C,C,C+,C,Utility Player,7.67,0.96,,,,,,,,,-0.42,0.26,,,1,,-0.3,0.0,1.0,,,,True
e798611a,HM Amla,Kings XI Punjab,16,577,407,141.77,44.38,60,21,1,top_order,28.7,56.6,77.6,54.8,B,C,B,A,Utility Player,7.25,0.29,1.46,1.16,1.37,-0.09,0.09,0.52,0.55,-0.43,-0.3,1.4,0.09,,2,,-0.27,0.44,0.79,0.33,Flat-Track Bully,0.38,False
c96f6ac5,PWA Mulder,Sunrisers Hyderabad,1,9,11,81.82,9.0,1,0,9,lower_order,28.6,30.5,29.6,29.6,C,C,C+,C,Utility Player,5.0,0.45,,,,,,,,,-0.48,0.2,,,0,,,,,,,,True
5f26df4f,VS Malik,Rajasthan Royals,2,7,7,100.0,7.0,1,0,10,tail,28.6,29.8,28.4,28.9,C,C,C,C,Utility Player,3.5,1.0,,,,,,,,,-0.37,0.34,,,1,,,,,,,,True
12eddf28,RJ Harris,Kings XI Punjab,21,117,112,104.46,9.75,6,3,8,lower_order,28.1,5.8,38.2,24.2,C,C,D,C+,Utility Player,3.38,0.63,,,,-0.32,0.32,0.48,0.62,0.28,-0.18,0.76,0.04,-0.32,10,-0.21,-0.93,0.2,0.6,-0.23,Tough-Track Star,-0.45,False
f752db61,JL Pattinson,Mumbai Indians,2,15,13,115.38,15.0,2,0,8,lower_order,28.1,34.6,43.3,35.4,C+,C,C+,C+,Utility Player,5.0,0.77,,,,,,,,,-0.21,0.46,,,0,,-2.38,0.0,1.0,,,,True
a84468fe,DJ Jacobs,Mumbai Indians,7,92,98,93.88,13.14,10,4,1,top_order,28.1,37.4,8.2,24.7,C,C,C+,D,Utility Player,6.0,0.43,,,,,,,,0.28,-0.28,0.24,,,0,,-1.39,0.2,0.59,,,,True
ce820073,Sandeep Sharma,Sunrisers Hyderabad,26,60,75,80.0,10.0,4,0,11,tail,28.0,6.7,58.4,31.1,C+,C,D,B,Utility Player,2.35,0.81,,,,0.31,-0.31,0.08,0.53,0.01,-0.49,1.21,0.05,0.26,19,0.32,-2.17,0.0,0.29,0.02,Conditions-Proof,0.07,False
afe3355a,AR Bawne,Delhi Daredevils,1,12,12,100.0,12.0,1,0,7,lower_middle,27.9,31.0,38.6,32.5,C+,C,C+,C+,Utility Player,0.0,0.0,,,,,,,,,-0.33,0.29,,,0,,,,,,,,True
034b4b7d,VRV Singh,Kings XI Punjab,2,4,3,133.33,2.0,1,0,11,tail,27.8,30.8,12.5,23.7,C,C,C+,D,Utility Player,0.5,0.33,,,,,,,,,-0.22,0.33,,,1,,,,,,,,True
d7a57f75,D du Preez,Royal Challengers Bangalore,1,10,13,76.92,10.0,0,0,8,lower_order,27.8,26.1,33.1,29.0,C,C,C,C+,Utility Player,13.0,1.0,,,,,,,,,-0.25,0.19,,,0,,,,,,,,True
1647bd37,Karanveer Singh,Kings XI Punjab,4,12,17,70.59,12.0,1,0,10,tail,27.7,25.8,42.4,32.0,C+,C,C,C+,Utility Player,1.75,0.41,,,,,,,,,-0.37,0.59,,,4,,,,,,,,True
2049f3a0,SJ Srivastava,Kings XI Punjab,4,5,5,100.0,5.0,0,0,10,tail,27.7,14.1,32.8,24.9,C,C,D,C+,Utility Player,0.75,0.6,,,,,,,,,-0.27,0.47,,,1,,,,,,,,True
462411b3,JJ Bumrah,Mumbai Indians,27,68,79,86.08,11.33,5,1,10,tail,27.4,8.7,53.4,29.9,C,C,D,B,Utility Player,1.63,0.56,,,,-0.31,0.31,0.11,0.31,0.21,-0.46,1.1,0.04,-0.36,13,-0.55,-1.9,0.2,0.58,-0.31,Tough-Track Star,-0.32,False
4bd09374,Akash Madhwal,Mumbai Indians,2,8,14,57.14,8.0,0,0,11,tail,27.4,20.9,37.2,28.5,C,C,C,C+,Utility Player,6.5,0.93,,,,,,,,,-0.53,0.43,,,1,,-1.73,0.0,1.0,,,,True
1a2676c5,SA Abbott,Royal Challengers Bangalore,3,22,18,122.22,7.33,1,2,7,lower_middle,27.4,35.3,8.9,23.9,C,C,C+,D,Utility Player,6.0,1.0,,,,,,,,,-0.2,0.26,,,2,,,,,,,,True
402f8494,RJ Gleeson,Chennai Super Kings,1,2,2,100.0,2.0,0,0,11,tail,27.2,23.0,23.4,24.5,C,C,C,C,Utility Player,0.0,0.0,,,,,,,,,-0.19,0.18,,,0,,,,,,,,True
5f5d3ad4,SS Shaikh,Kolkata Knight Riders,1,6,7,85.71,6.0,1,0,7,lower_middle,27.2,29.6,17.7,24.8,C,C,C,C,Utility Player,3.0,0.43,,,,,,,,,0.0,0.12,,,0,,,,,,,,True
12314277,Arshad Khan (2),Lucknow Super Giants,1,5,4,125.0,5.0,1,0,8,lower_order,26.1,28.5,26.3,27.0,C,C,C,C,Utility Player,0.0,0.0,,,,,,,,,-0.15,0.2,,,0,,0.12,0.71,0.62,,,,True
94eac556,CJ McKay,Mumbai Indians,1,8,15,53.33,8.0,0,0,8,lower_order,26.1,25.0,26.4,25.9,C,C,C,C,Utility Player,15.0,1.0,,,,,,,,,-0.41,0.07,,,0,,-3.01,0.0,1.0,,,,True
a343262c,JE Root,Rajasthan Royals,1,10,15,66.67,10.0,1,0,4,upper_middle,25.8,25.4,20.4,23.9,C,C,C,C,Utility Player,0.0,0.0,,,,,,,,,-0.43,0.0,,,1,,-1.97,0.0,0.29,,,,True
4180d897,JE Taylor,Pune Warriors,2,3,3,100.0,3.0,0,0,9,lower_order,25.8,17.4,27.6,23.6,C,C,C,C,Utility Player,1.0,0.67,,,,,,,,,0.08,0.27,,,1,,,,,,,,True
ee7d0c82,GD McGrath,Delhi Daredevils,2,4,5,80.0,4.0,1,0,11,tail,25.7,30.3,14.9,23.6,C,C,C+,D,Utility Player,1.0,0.4,,,,,,,,,-0.46,0.22,,,2,,,,,,,,True
b2b23612,RG More,Chennai Super Kings,1,2,2,100.0,2.0,0,0,11,tail,25.3,22.6,28.9,25.6,C,C,C,C,Utility Player,2.0,1.0,,,,,,,,,-0.29,0.26,,,0,,,,,,,,True
28c78fb3,Harpreet Singh,Punjab Kings,8,123,119,103.36,17.57,10,3,5,upper_middle,25.2,19.3,34.5,26.5,C,C,C,C+,Utility Player,6.75,0.45,0.32,,0.32,,,,,0.03,-0.27,0.27,,,4,,-1.88,0.0,0.58,,,,True
92aeac25,AD Hales,Sunrisers Hyderabad,6,148,118,125.42,24.67,13,6,1,top_order,25.1,19.2,46.0,30.3,C+,C,C,B,Utility Player,7.67,0.39,0.47,,0.47,,,,,0.06,-0.26,0.3,,,2,,-1.04,0.27,0.69,,,,True
38f2c66c,VS Yeligati,Mumbai Indians,1,2,2,100.0,2.0,0,0,11,tail,25.0,22.2,22.1,23.1,C,C,C,C,Utility Player,0.0,0.0,,,,,,,,,-0.37,0.11,,,1,,,,,,,,True
cc1e8c68,UT Yadav,Kolkata Knight Riders,48,208,201,103.48,9.9,16,9,9,lower_order,25.0,12.0,44.7,27.5,C,C,D,C+,Utility Player,2.67,0.64,,,,0.17,-0.17,0.27,1.16,-0.11,-0.34,1.08,0.02,-0.52,29,-0.31,-1.2,0.43,0.64,0.08,Conditions-Proof,0.12,False
0404d43c,Liton Das,Kolkata Knight Riders,1,4,4,100.0,4.0,1,0,2,top_order,25.0,28.2,14.9,22.7,C,C,C,D,Utility Player,0.0,0.0,,,,,,,,,-0.07,0.1,,,0,,,,,,,,True
ac5ae4af,I Udana,Royal Challengers Bangalore,4,15,11,136.36,5.0,1,1,8,lower_order,25.0,30.2,9.6,21.6,C,C,C+,D,Utility Player,1.75,0.64,,,,,,,,,-0.24,0.25,,,1,,,,,,,,True
e38bce7a,MG Bracewell,Royal Challengers Bangalore,4,58,47,123.4,29.0,6,1,3,top_order,24.9,14.1,56.5,31.9,C+,C,D,B,Utility Player,9.5,0.81,,,,,,,,,-0.18,0.47,,,1,,0.09,0.33,0.48,,,,True
8f6dd463,Azmatullah Omarzai,Punjab Kings,9,99,74,133.78,12.38,8,5,4,upper_middle,24.9,23.9,8.1,19.1,C,C,C,D,Utility Player,3.67,0.45,,,,,,,,0.37,-0.29,0.21,,,3,,-2.17,0.0,0.29,,,,True
6eb146d2,Gurkeerat Singh,Kings XI Punjab,32,511,422,121.09,21.29,55,11,7,lower_middle,24.9,46.2,67.1,46.6,B,C,B,B+,Utility Player,7.84,0.59,2.34,,2.34,-0.06,0.06,0.51,1.79,0.16,-0.22,1.07,0.03,-0.24,12,-0.07,-0.97,0.21,0.8,-0.16,Tough-Track Star,-0.28,False
7d92277a,Mujeeb Ur Rahman,Kings XI Punjab,6,12,15,80.0,4.0,2,0,11,tail,24.8,20.0,15.3,20.1,C,C,C,C,Utility Player,1.67,0.67,,,,,,,,0.48,-0.5,0.39,,,4,,,,,,,,True
6ef60d3a,Kamran Khan,Rajasthan Royals,1,3,5,60.0,3.0,0,0,11,tail,24.7,24.1,21.0,23.3,C,C,C,C,Utility Player,5.0,1.0,,,,,,,,,-0.36,0.06,,,1,,,,,,,,True
c27b5a0e,PVSN Raju,Mumbai Indians,1,1,1,100.0,1.0,0,0,11,tail,24.7,22.1,27.4,24.7,C,C,C,C,Utility Player,1.0,1.0,,,,,,,,,-0.25,0.24,,,0,,,,,,,,True
23eeb873,DL Chahar,Chennai Super Kings,16,117,84,139.29,14.62,5,8,9,lower_order,24.7,49.4,49.4,41.3,C+,C,B,B,Utility Player,2.5,0.48,,,,0.06,-0.06,0.48,1.31,0.03,-0.36,1.05,0.07,-0.83,9,-0.63,0.13,0.8,0.61,-0.09,Conditions-Proof,-0.22,False
abfeb126,M Kartik,Kolkata Knight Riders,14,113,108,104.63,16.14,7,1,9,lower_order,24.6,5.4,65.9,32.1,C+,C,D,B+,Utility Player,5.64,0.73,,,,-0.16,0.16,0.3,0.54,-0.07,-0.2,1.1,0.08,-0.34,5,-0.17,-1.18,0.0,0.55,-0.06,Conditions-Proof,,False
287686fd,S Narwal,Rajasthan Royals,4,37,27,137.04,12.33,6,0,8,lower_order,24.6,32.6,30.9,29.4,C,C,C+,C+,Utility Player,1.25,0.19,,,,,,,,,-0.3,0.39,,,1,,-0.84,0.5,0.29,,,,True
c24a2c5d,S Tyagi,Chennai Super Kings,1,3,4,75.0,3.0,0,0,11,tail,24.5,22.2,27.9,24.9,C,C,C,C,Utility Player,4.0,1.0,,,,,,,,,-0.5,0.2,,,1,,,,,,,,True
fb5f69e4,M Tiwari,Delhi Capitals,1,3,4,75.0,3.0,0,0,8,lower_order,24.4,22.6,19.3,22.1,C,C,C,C,Utility Player,4.0,1.0,,,,,,,,,-0.41,0.04,,,1,,,,,,,,True
1763bc6c,X Thalaivan Sargunam,Sunrisers Hyderabad,1,10,17,58.82,10.0,0,0,6,lower_middle,24.4,21.3,25.6,23.8,C,C,C,C,Utility Player,1.0,0.06,,,,,,,,,-0.57,0.0,,,0,,-3.47,0.0,1.0,,,,True
6b19d823,A Mishra,Delhi Daredevils,55,381,419,90.93,12.7,31,5,8,lower_order,24.4,7.5,63.8,32.3,C+,C,D,B+,Utility Player,4.87,0.64,,,,0.13,-0.13,0.39,0.75,-0.0,-0.31,1.29,0.02,-0.47,26,-0.09,-1.23,0.15,0.79,0.11,Conditions-Proof,0.32,False
ff1e12a0,AJ Turner,Rajasthan Royals,6,24,28,85.71,4.8,0,2,5,upper_middle,24.4,21.2,2.6,16.1,C,C,C,D,Utility Player,4.0,0.86,,,,,,,,-0.26,-0.31,0.19,,,2,,,,,,,,True
acd4f5dc,DP Vijaykumar,Deccan Chargers,1,1,1,100.0,1.0,0,0,10,tail,24.3,21.6,27.0,24.3,C,C,C,C,Utility Player,1.0,1.0,,,,,,,,,-0.37,0.23,,,1,,,,,,,,True
9d704f6f,SZ Mulani,Mumbai Indians,1,1,1,100.0,1.0,0,0,9,lower_order,24.2,21.1,26.9,24.1,C,C,C,C,Utility Player,1.0,1.0,,,,,,,,,-0.25,0.21,,,1,,,,,,,,True
0a4ebc61,T Henderson,Rajasthan Royals,2,11,16,68.75,5.5,0,1,8,lower_order,24.0,31.1,13.1,22.8,C,C,C+,D,Utility Player,8.0,1.0,,,,,,,,,-0.58,0.18,,,0,,-2.22,0.0,1.0,,,,True
0c9652b0,HR Shokeen,Mumbai Indians,5,66,65,101.54,22.0,9,0,6,lower_middle,24.0,31.2,43.4,33.0,C+,C,C+,C+,Utility Player,9.8,0.75,,,,,,,,,-0.33,0.36,,,0,,-0.74,0.0,0.49,,,,True
63bff7f9,SM Harwood,Rajasthan Royals,2,9,14,64.29,9.0,0,0,9,lower_order,23.9,18.0,43.7,28.6,C,C,C,C+,Utility Player,7.0,1.0,,,,,,,,,-0.52,0.52,,,0,,,,,,,,True
d92e42f5,KP Appanna,Royal Challengers Bangalore,3,2,4,50.0,2.0,0,0,11,tail,23.8,15.0,18.6,19.1,C,C,C,C,Utility Player,1.33,1.0,,,,,,,,,-0.64,0.21,,,2,,,,,,,,True
8d2c70ad,Kuldeep Yadav,Delhi Capitals,37,201,232,86.64,14.36,18,3,9,lower_order,23.8,18.8,71.3,38.2,C+,C,C,B+,Accumulator,4.92,0.78,,,,-0.32,0.32,0.15,0.35,-0.16,-0.29,1.54,0.04,-0.56,22,-0.55,-0.95,0.2,0.69,0.17,Flat-Track Bully,0.3,False
6042bf26,NJ Rimmington,Kings XI Punjab,1,1,1,100.0,1.0,0,0,10,tail,23.7,21.6,27.5,24.3,C,C,C,C,Utility Player,1.0,1.0,,,,,,,,,-0.13,0.22,,,0,,,,,,,,True
f6d8a7ab,K Kartikeya,Mumbai Indians,4,12,17,70.59,3.0,1,0,9,lower_order,23.5,15.0,10.5,16.4,C,C,C,D,Utility Player,4.25,1.0,,,,,,,,,-0.48,0.14,,,3,,,,,,,,True
b0f2baf4,Sanvir Singh,Sunrisers Hyderabad,5,25,21,119.05,12.5,2,1,8,lower_order,23.5,32.6,22.1,26.1,C,C,C+,C,Utility Player,2.8,0.67,,,,,,,,,-0.43,0.34,,,1,,,,,,,,True
16043342,AB McDonald,Delhi Daredevils,9,123,100,123.0,24.6,9,4,7,lower_middle,23.5,5.8,67.4,32.4,C+,C,D,B+,Utility Player,7.11,0.64,,,,,,,,-0.09,-0.16,0.82,,,2,,-0.19,0.25,0.68,,,,True
d1c94b25,CK Langeveldt,Royal Challengers Bangalore,2,8,9,88.89,4.0,0,1,10,tail,23.3,27.8,13.9,21.7,C,C,C,D,Utility Player,4.5,1.0,,,,,,,,,-0.68,0.14,,,2,,,,,,,,True
f62772e5,P Negi,Royal Challengers Bangalore,35,365,289,126.3,14.04,27,16,7,lower_middle,23.2,15.2,14.9,18.1,C,C,C,D,Utility Player,3.77,0.46,,,,0.11,-0.11,0.66,1.8,0.14,-0.19,0.55,0.02,-0.89,12,-0.15,-0.95,0.27,0.71,-0.27,Tough-Track Star,-0.47,False
4933f499,JP Behrendorff,Mumbai Indians,2,6,9,66.67,6.0,0,0,10,tail,23.1,18.3,35.5,25.6,C,C,C,C+,Utility Player,4.5,1.0,,,,,,,,,-0.54,0.38,,,2,,-1.55,0.0,1.0,,,,True
14b14cd8,DM Bravo,Kolkata Knight Riders,1,6,5,120.0,6.0,1,0,4,upper_middle,23.0,27.8,25.8,25.5,C,C,C,C,Utility Player,5.0,1.0,,,,,,,,,-0.25,0.04,,,0,,,,,,,,True
14f96089,A Zampa,Rajasthan Royals,5,15,24,62.5,3.0,1,0,9,lower_order,22.9,14.5,15.6,17.7,C,C,D,C,Utility Player,3.0,0.62,,,,,,,,,-0.45,0.26,,,3,,-2.8,0.0,1.0,,,,True
4353bba5,YA Abdulla,Kings XI Punjab,1,0,1,0.0,0.0,0,0,11,tail,22.8,19.9,15.5,19.4,C,C,C,C,Utility Player,1.0,1.0,,,,,,,,,-1.01,0.04,,,0,,,,,,,,True
c7a995d3,R Sai Kishore,Gujarat Titans,4,18,16,112.5,4.5,0,2,10,tail,22.7,25.1,25.5,24.5,C,C,C,C,Utility Player,4.0,1.0,,,,,,,,,-0.45,0.4,,,3,,,,,,,,True
21d4e29b,Navdeep Saini,Royal Challengers Bangalore,7,33,37,89.19,8.25,3,0,9,lower_order,22.6,12.2,24.4,19.8,C,C,D,C,Utility Player,3.0,0.57,,,,,,,,0.9,-0.36,0.38,,,4,,-0.13,0.0,1.0,,,,True
ce4cc4d5,R Ninan,Royal Challengers Bangalore,1,3,6,50.0,3.0,0,0,10,tail,22.4,20.9,24.6,22.6,C,C,C,C,Utility Player,6.0,1.0,,,,,,,,,-0.64,0.08,,,1,,,,,,,,True
8fd1a8f5,DW Steyn,Sunrisers Hyderabad,33,167,160,104.38,7.59,14,3,9,lower_order,22.3,19.8,15.8,19.5,C,C,C,C,Utility Player,3.09,0.64,,,,-0.58,0.58,0.4,1.21,-0.11,-0.27,0.81,0.02,-1.09,15,-0.64,-1.57,0.18,0.71,-0.46,Tough-Track Star,-0.5,False
7c7d63a2,AJ Tye,Kings XI Punjab,13,91,76,119.74,10.11,6,5,8,lower_order,22.3,27.2,8.7,19.5,C,C,C,D,Utility Player,3.31,0.57,,,,0.56,-0.56,0.46,0.94,0.32,-0.32,0.49,0.04,0.05,6,0.56,-1.44,0.5,0.29,-0.29,Tough-Track Star,-0.54,False
dfc4d8b5,KW Richardson,Pune Warriors,4,36,39,92.31,12.0,2,1,9,lower_order,22.3,20.1,42.0,28.2,C,C,C,C+,Utility Player,4.5,0.46,,,,,,,,,-0.32,0.49,,,2,,-2.73,0.0,0.29,,,,True
fe11caa6,WP Saha,Kings XI Punjab,143,2934,2300,127.57,24.25,296,87,1,top_order,22.2,9.8,80.9,39.6,C+,C,D,A,Classic Anchor,6.71,0.42,1.18,0.52,0.98,-0.03,0.03,0.61,1.42,0.12,-0.24,1.06,0.01,-0.35,39,-0.08,-0.75,0.23,0.83,0.04,Conditions-Proof,-0.01,False
4f629497,SE Bond,Kolkata Knight Riders,1,1,2,50.0,1.0,0,0,9,lower_order,22.2,21.2,16.9,20.1,C,C,C,C,Utility Player,2.0,1.0,,,,,,,,,-0.58,0.03,,,1,,,,,,,,True
8db7f47f,RJW Topley,Royal Challengers Bengaluru,1,3,6,50.0,3.0,0,0,10,tail,22.1,21.5,26.6,23.4,C,C,C,C,Utility Player,6.0,1.0,,,,,,,,,-0.59,0.13,,,1,,,,,,,,True
3204c99f,G Coetzee,Mumbai Indians,7,31,33,93.94,5.17,2,2,9,lower_order,22.1,29.8,4.7,18.9,C,C,C,D,Utility Player,3.29,0.7,,,,,,,,0.45,-0.31,0.3,,,3,,,,,,,,True
5b16a806,A Dananjaya,Mumbai Indians,1,4,5,80.0,4.0,0,0,8,lower_order,22.0,19.9,27.6,23.2,C,C,C,C,Utility Player,5.0,1.0,,,,,,,,,-0.51,0.12,,,0,,,,,,,,True
5724e517,Tanush Kotian,Rajasthan Royals,1,24,31,77.42,24.0,3,0,2,top_order,22.0,21.1,41.2,28.1,C,C,C,C+,Utility Player,31.0,1.0,,,,,,,,,-0.38,0.16,,,0,,-1.7,0.25,0.58,,,,True
ef5da05c,AG Murtaza,Pune Warriors,3,10,14,71.43,10.0,1,0,10,tail,22.0,28.0,37.4,29.2,C,C,C,C+,Utility Player,4.0,0.86,,,,,,,,,-0.42,0.46,,,2,,,,,,,,True
44afbf2d,NJ Maddinson,Royal Challengers Bangalore,3,20,21,95.24,6.67,4,0,1,top_order,22.0,31.1,4.4,19.2,C,C,C+,D,Utility Player,1.0,0.14,,,,,,,,,-0.15,0.14,,,0,,-3.16,0.0,1.0,,,,True
53fe6ee4,DS Lehmann,Rajasthan Royals,2,18,18,100.0,9.0,3,0,5,upper_middle,21.8,22.9,13.0,19.3,C,C,C,D,Utility Player,1.0,0.11,,,,,,,,,-0.45,0.01,,,0,,-3.22,0.0,1.0,,,,True
9a5f2863,Mohit Rathee,Punjab Kings,1,1,2,50.0,1.0,0,0,11,tail,21.8,20.5,22.6,21.6,C,C,C,C,Utility Player,2.0,1.0,,,,,,,,,-0.57,0.07,,,0,,,,,,,,True
91b9300b,UA Birla,Pune Warriors,1,7,14,50.0,7.0,1,0,4,upper_middle,21.7,25.0,16.4,21.0,C,C,C,C,Utility Player,14.0,1.0,,,,,,,,,-0.6,0.0,,,0,,-1.97,0.0,1.0,,,,True
a1d95bd8,LB Williams,Delhi Capitals,1,1,2,50.0,1.0,0,0,11,tail,21.7,20.8,22.6,21.7,C,C,C,C,Utility Player,2.0,1.0,,,,,,,,,-0.57,0.07,,,0,,,,,,,,True
e9c7f0d0,Fazalhaq Farooqi,Sunrisers Hyderabad,3,5,15,33.33,5.0,0,0,11,tail,21.6,14.9,42.5,26.3,C,C,D,C+,Utility Player,5.0,1.0,,,,,,,,,-0.53,0.62,,,3,,,,,,,,True
4b4d1957,PM Sarvesh Kumar,Deccan Chargers,1,1,2,50.0,1.0,0,0,11,tail,21.6,20.7,22.5,21.6,C,C,C,C,Utility Player,2.0,1.0,,,,,,,,,-0.69,0.07,,,1,,,,,,,,True
a7c226e1,FH Edwards,Deccan Chargers,2,4,5,80.0,4.0,0,0,8,lower_order,21.5,16.0,17.2,18.2,C,C,C,C,Utility Player,2.0,0.8,,,,,,,,,-0.38,0.03,,,0,,,,,,,,True
acdc62f5,A Nortje,Delhi Capitals,13,49,49,100.0,8.17,6,0,10,tail,21.5,17.4,24.3,21.1,C,C,C,C,Utility Player,2.54,0.67,,,,-0.86,0.86,0.21,0.39,0.18,-0.41,0.65,0.05,-0.42,8,-0.74,-2.23,0.5,0.29,-0.42,Tough-Track Star,-0.52,False
cc777ffa,Abdul Basith,Rajasthan Royals,1,1,1,100.0,1.0,0,0,8,lower_order,21.5,18.2,26.6,22.1,C,C,C,C,Utility Player,1.0,1.0,,,,,,,,,-0.32,0.16,,,1,,,,,,,,True
2c76b512,DJ Muthuswami,Delhi Daredevils,1,1,3,33.33,1.0,0,0,11,tail,21.2,21.2,19.0,20.5,C,C,C,C,Utility Player,0.0,0.0,,,,,,,,,-0.71,0.01,,,0,,,,,,,,True
ed5a5510,P Dubey,Delhi Capitals,2,23,33,69.7,23.0,2,0,8,lower_order,21.0,20.0,53.8,31.6,C+,C,C,B,Utility Player,1.5,0.09,,,,,,,,,-0.39,0.51,,,1,,-1.45,0.0,1.0,,,,True
10a91f35,Shoaib Akhtar,Kolkata Knight Riders,1,2,7,28.57,2.0,0,0,9,lower_order,21.0,21.5,16.6,19.7,C,C,C,C,Utility Player,7.0,1.0,,,,,,,,,-0.74,0.0,,,0,,,,,,,,True
13fc5c6d,DS Rathi,Lucknow Super Giants,1,1,3,33.33,1.0,0,0,11,tail,20.8,19.9,19.8,20.2,C,C,C,C,Utility Player,3.0,1.0,,,,,,,,,-0.75,0.0,,,1,,,,,,,,True
e186f49c,Mashrafe Mortaza,Kolkata Knight Riders,1,2,2,100.0,2.0,0,0,6,lower_middle,20.6,16.9,20.6,19.4,C,C,C,C,Utility Player,0.0,0.0,,,,,,,,,-0.31,0.0,,,0,,,,,,,,True
62af8546,Mohammad Nabi,Sunrisers Hyderabad,19,221,152,145.39,13.0,18,12,7,lower_middle,20.6,37.1,5.8,21.4,C,C,C+,D,Utility Player,3.7,0.46,,,,0.02,-0.02,0.83,1.39,0.0,-0.3,0.4,0.02,0.04,8,0.16,-1.06,0.17,0.66,-0.34,Tough-Track Star,-0.4,False
eea6b7f1,SP Fleming,Chennai Super Kings,10,196,165,118.79,21.78,27,3,2,top_order,20.6,53.7,26.6,33.9,C+,C,B,C,Utility Player,7.6,0.46,0.65,,0.65,0.72,-0.72,0.45,0.53,-0.43,-0.29,0.39,0.04,,2,,-0.9,0.17,0.68,-0.01,Conditions-Proof,-0.01,False
f5f18a18,S Randiv,Chennai Super Kings,1,2,4,50.0,2.0,0,0,10,tail,20.4,20.2,19.2,19.9,C,C,C,C,Utility Player,4.0,1.0,,,,,,,,,-0.63,0.0,,,1,,,,,,,,True
0c432afb,P Parameswaran,Kochi Tuskers Kerala,2,1,2,50.0,1.0,0,0,11,tail,20.4,17.0,21.4,19.6,C,C,C,C,Utility Player,0.5,0.5,,,,,,,,,-0.59,0.15,,,1,,,,,,,,True
db31895a,AS Rajpoot,Kings XI Punjab,7,26,41,63.41,5.2,2,1,11,tail,20.3,28.7,18.4,22.5,C,C,C,C,Utility Player,4.43,0.76,,,,,,,,0.52,-0.47,0.48,,,4,,-1.13,0.0,1.0,,,,True
5f4e9e8f,RR Raje,Mumbai Indians,5,20,18,111.11,20.0,1,1,9,lower_order,20.3,26.5,60.8,35.9,C+,C,C,B+,Utility Player,2.4,0.67,,,,,,,,,-0.3,0.82,,,1,,,,,,,,True
6afb26d6,MD Mishra,Deccan Chargers,17,237,208,113.94,14.81,24,8,2,top_order,20.2,37.9,2.3,20.4,C,C,C+,D,Utility Player,5.29,0.43,,,,0.24,-0.24,0.42,0.59,-0.12,-0.29,0.29,0.02,0.2,6,0.02,-1.39,0.12,0.75,0.04,Conditions-Proof,-0.26,False
83c3e8e3,SH Johnson,Gujarat Titans,5,8,11,72.73,8.0,1,0,10,tail,20.0,19.2,45.3,28.2,C,C,C,B,Utility Player,1.2,0.55,,,,,,,,,-0.48,0.72,,,2,,,,,,,,True
93b4fc78,MK Pandey,Kolkata Knight Riders,160,3951,3248,121.64,29.49,340,116,3,top_order,19.9,3.2,93.8,41.4,C+,C,D,A+,Classic Anchor,7.97,0.39,1.2,0.82,1.09,-0.06,0.06,0.46,0.85,0.07,-0.22,1.32,0.01,-0.3,40,-0.17,-0.66,0.26,0.83,-0.02,Conditions-Proof,0.0,False
9948e262,HE van der Dussen,Rajasthan Royals,3,22,24,91.67,11.0,2,0,7,lower_middle,19.8,21.6,16.5,19.3,C,C,C,C,Utility Player,4.33,0.54,,,,,,,,,-0.35,0.04,,,1,,,,,,,,True
6581d753,JM Kemp,Chennai Super Kings,2,26,24,108.33,13.0,1,1,6,lower_middle,19.8,26.4,24.8,23.7,C,C,C,C,Utility Player,6.5,0.54,,,,,,,,,-0.38,0.03,,,1,,-1.42,0.0,1.0,,,,True
afa7e784,MS Wade,Gujarat Titans,14,183,177,103.39,13.07,23,2,3,top_order,19.7,9.2,7.5,12.3,D,C,D,D,Utility Player,3.64,0.29,,,,-0.15,0.15,0.33,0.52,0.0,-0.23,0.12,0.01,,4,,-0.77,0.27,0.72,-0.34,Tough-Track Star,-0.4,False
f21043a5,MDKJ Perera,Rajasthan Royals,2,14,13,107.69,7.0,3,0,1,top_order,19.7,32.0,8.1,20.0,C,C,C+,D,Utility Player,1.0,0.15,,,,,,,,,-0.6,0.1,,,0,,,,,,,,True
e96801ea,MS Bhandage,Royal Challengers Bengaluru,1,1,4,25.0,1.0,0,0,8,lower_order,19.6,19.4,12.1,17.0,C,C,C,D,Utility Player,4.0,1.0,,,,,,,,,-0.73,0.0,,,0,,,,,,,,True
6821ac10,JJ van der Wath,Royal Challengers Bangalore,3,18,16,112.5,9.0,1,1,8,lower_order,19.5,28.4,21.4,23.1,C,C,C,C,Utility Player,2.67,0.5,,,,,,,,,-0.48,0.18,,,3,,,,,,,,True
d4eef961,M de Lange,Mumbai Indians,1,1,2,50.0,1.0,0,0,9,lower_order,19.4,18.2,19.5,19.0,C,C,C,C,Utility Player,2.0,1.0,,,,,,,,,-0.65,0.0,,,0,,,,,,,,True
9ff100a6,RS Gavaskar,Kolkata Knight Riders,1,2,8,25.0,2.0,0,0,8,lower_order,19.3,20.6,15.5,18.5,C,C,C,C,Utility Player,8.0,1.0,,,,,,,,,-0.8,0.0,,,1,,,,,,,,True
025c4400,MJ Suthar,Gujarat Titans,1,1,2,50.0,1.0,0,0,9,lower_order,19.3,17.6,20.5,19.1,C,C,C,C,Utility Player,2.0,1.0,,,,,,,,,-0.61,0.0,,,0,,,,,,,,True
cbf58a86,SK Rasheed,Chennai Super Kings,5,71,63,112.7,14.2,9,2,1,top_order,19.3,21.5,9.3,16.8,C,C,C,D,Utility Player,10.2,0.81,,,,,,,,,-0.42,0.05,,,1,,-1.37,0.25,0.57,,,,True
e412cb64,HF Gurney,Kolkata Knight Riders,1,1,5,20.0,1.0,0,0,11,tail,19.1,21.5,21.2,20.6,C,C,C,C,Utility Player,5.0,1.0,,,,,,,,,-0.84,0.03,,,0,,,,,,,,True
80b2fb19,Prince Yadav,Lucknow Super Giants,2,5,10,50.0,5.0,0,0,10,tail,19.0,16.9,36.6,24.2,C,C,C,C+,Utility Player,5.0,1.0,,,,,,,,,-0.55,0.37,,,2,,,,,,,,True
b552a935,AC Thomas,Pune Warriors,4,20,19,105.26,10.0,1,1,11,tail,18.9,28.0,30.8,25.9,C,C,C,C+,Utility Player,2.5,0.53,,,,,,,,,-0.5,0.38,,,3,,,,,,,,True
0604ef16,SB Bangar,Deccan Chargers,7,49,58,84.48,8.17,1,3,7,lower_middle,18.9,9.6,5.1,11.3,D,C,D,D,Utility Player,6.43,0.78,,,,,,,,-0.79,-0.36,0.09,,,2,,-2.8,0.0,0.29,,,,True
3edb58fc,AD Mascarenhas,Rajasthan Royals,11,79,78,101.28,8.78,5,1,7,lower_middle,18.9,8.8,3.5,10.5,D,C,D,D,Utility Player,5.73,0.81,,,,0.2,-0.2,0.2,0.32,0.11,-0.26,0.15,0.01,0.25,5,0.18,-1.92,0.0,0.6,0.08,Conditions-Proof,-0.01,False
890946a0,NV Ojha,Sunrisers Hyderabad,94,1554,1313,118.35,20.72,121,79,3,top_order,18.7,36.3,47.8,35.4,C+,C,C+,B,Utility Player,7.01,0.5,1.28,,1.28,-0.01,0.01,0.54,1.38,-0.04,-0.21,0.81,0.01,-0.49,23,-0.17,-1.03,0.19,0.83,-0.03,Conditions-Proof,-0.06,False
c404f58a,DP Nannes,Delhi Daredevils,2,4,13,30.77,4.0,0,0,11,tail,18.6,17.7,22.4,19.6,C,C,C,C,Utility Player,6.5,1.0,,,,,,,,,-0.75,0.1,,,2,,-1.97,0.0,1.0,,,,True
cd8d2859,DG Nalkande,Gujarat Titans,2,12,12,100.0,6.0,0,1,6,lower_middle,18.3,25.2,8.2,17.3,C,C,C,D,Utility Player,4.0,0.67,,,,,,,,,-0.52,0.03,,,2,,,,,,,,True
670709ec,SB Joshi,Royal Challengers Bangalore,2,6,14,42.86,3.0,0,0,11,tail,18.2,17.4,16.0,17.2,C,C,C,C,Utility Player,7.0,1.0,,,,,,,,,-0.67,0.01,,,1,,-2.38,0.0,1.0,,,,True
0b60eb09,KA Maharaj,Rajasthan Royals,1,1,2,50.0,1.0,0,0,8,lower_order,18.2,18.3,19.6,18.7,C,C,C,C,Utility Player,2.0,1.0,,,,,,,,,-0.59,0.0,,,0,,,,,,,,True
94bc776b,D Kalyankrishna,Deccan Chargers,1,3,8,37.5,3.0,0,0,9,lower_order,18.1,19.1,22.9,20.0,C,C,C,C,Utility Player,8.0,1.0,,,,,,,,,-0.75,0.03,,,0,,,,,,,,True
798cc28e,KM Asif,Rajasthan Royals,1,0,2,0.0,0.0,0,0,11,tail,18.0,19.8,9.1,15.6,C,C,C,D,Utility Player,2.0,1.0,,,,,,,,,-0.91,0.0,,,1,,,,,,,,True
a03bba42,T Shamsi,Rajasthan Royals,1,2,4,50.0,2.0,0,0,8,lower_order,17.9,19.3,23.7,20.3,C,C,C,C,Utility Player,4.0,1.0,,,,,,,,,-0.57,0.06,,,1,,,,,,,,True
af2c687b,C Munro,Delhi Daredevils,11,177,141,125.53,16.09,19,8,3,top_order,17.9,48.4,13.8,26.9,C,C,B,D,Utility Player,5.09,0.4,,,,,,0.47,0.92,0.37,-0.25,0.33,0.03,,2,,-1.11,0.11,0.71,-0.45,Tough-Track Star,-0.18,False
df5a6881,DP Conway,Chennai Super Kings,28,1080,773,139.72,43.2,117,34,2,top_order,17.9,39.1,82.4,47.3,B,C,C+,A,Classic Anchor,7.29,0.26,1.18,,1.18,-0.08,0.08,0.46,1.02,0.38,-0.26,1.44,0.05,-0.18,5,0.01,-0.24,0.36,0.8,0.27,Flat-Track Bully,0.07,False
5574750c,JC Archer,Rajasthan Royals,30,262,178,147.19,13.79,14,18,8,lower_order,17.9,18.7,51.9,29.8,C,C,C,B,Utility Player,2.87,0.48,,,,-0.03,0.03,0.77,2.03,0.3,-0.31,1.02,0.03,-1.16,18,-0.37,-0.34,0.5,0.74,0.13,Conditions-Proof,0.2,False
f0f628c7,MM Patel,Rajasthan Royals,12,39,41,95.12,6.5,5,0,11,tail,17.7,20.3,8.5,15.6,C,C,C,D,Utility Player,2.0,0.59,,,,0.13,-0.13,0.26,0.71,0.19,-0.58,0.47,0.04,1.12,6,0.18,1.92,1.0,1.0,0.02,Conditions-Proof,,False
ada15e88,PSP Handscomb,Rising Pune Supergiants,1,6,12,50.0,6.0,0,0,4,upper_middle,17.6,17.7,21.8,19.0,C,C,C,C,Utility Player,12.0,1.0,,,,,,,,,-0.65,0.0,,,0,,,,,,,,True
33cb3411,Younis Khan,Rajasthan Royals,1,3,7,42.86,3.0,0,0,3,top_order,17.5,14.7,17.4,16.5,C,C,D,C,Utility Player,7.0,1.0,,,,,,,,,-0.75,0.0,,,1,,,,,,,,True
d718440b,V Pratap Singh,Deccan Chargers,1,0,1,0.0,0.0,0,0,11,tail,17.4,20.7,14.2,17.4,C,C,C,D,Utility Player,1.0,1.0,,,,,,,,,-1.01,0.01,,,0,,,,,,,,True
641ac5ff,IS Sodhi,Rajasthan Royals,2,7,17,41.18,3.5,0,0,9,lower_order,17.4,17.2,17.7,17.4,C,C,C,C,Utility Player,8.5,1.0,,,,,,,,,-0.66,0.0,,,0,,,,,,,,True
b410bd3d,S Lamichhane,Delhi Capitals,1,0,1,0.0,0.0,0,0,11,tail,17.4,19.2,14.5,17.0,C,C,C,D,Utility Player,1.0,1.0,,,,,,,,,-0.93,0.0,,,1,,,,,,,,True
2e78f685,KR Sen,Rajasthan Royals,1,0,3,0.0,0.0,0,0,11,tail,17.4,18.8,16.6,17.6,C,C,C,C,Utility Player,3.0,1.0,,,,,,,,,-1.0,0.0,,,1,,,,,,,,True
622cc511,U Kaul,Kings XI Punjab,1,0,1,0.0,0.0,0,0,11,tail,17.4,19.5,15.5,17.5,C,C,C,C,Utility Player,1.0,1.0,,,,,,,,,-1.02,0.0,,,1,,,,,,,,True
888e32bf,Abdur Razzak,Royal Challengers Bangalore,1,0,2,0.0,0.0,0,0,11,tail,17.4,19.4,16.2,17.7,C,C,C,C,Utility Player,2.0,1.0,,,,,,,,,-1.05,0.0,,,1,,,,,,,,True
8b9704ae,L Ablish,Kings XI Punjab,1,0,2,0.0,0.0,0,0,11,tail,17.4,18.9,16.2,17.5,C,C,C,C,Utility Player,2.0,1.0,,,,,,,,,-0.99,0.0,,,1,,,,,,,,True
9868bc75,BMAJ Mendis,Delhi Daredevils,3,23,27,85.19,7.67,0,0,5,upper_middle,17.4,13.0,10.4,13.6,D,C,D,D,Utility Player,6.0,0.67,,,,,,,,,-0.31,0.0,,,2,,,,,,,,True
f834dcfc,L Ngidi,Royal Challengers Bengaluru,1,0,2,0.0,0.0,0,0,11,tail,17.4,18.4,16.2,17.3,C,C,C,C,Utility Player,2.0,1.0,,,,,,,,,-0.98,0.0,,,1,,,,,,,,True
aa5d8c9e,A Tomar,Kolkata Knight Riders,1,4,8,50.0,4.0,1,0,2,top_order,17.4,24.6,11.3,17.8,C,C,C,D,Utility Player,8.0,1.0,,,,,,,,,-0.71,0.0,,,1,,-1.55,0.0,1.0,,,,True
1da489ff,S Kaushik,Gujarat Lions,1,0,1,0.0,0.0,0,0,11,tail,17.4,18.6,14.2,16.7,C,C,C,D,Utility Player,1.0,1.0,,,,,,,,,-0.99,0.0,,,1,,,,,,,,True
64c34cd0,Shoaib Malik,Delhi Daredevils,5,52,47,110.64,13.0,5,0,4,upper_middle,17.3,8.5,37.0,21.0,C,C,D,C+,Utility Player,2.4,0.26,,,,,,,,,-0.29,0.18,,,1,,-1.48,0.0,0.29,,,,True
6aed7e79,PV Tambe,Rajasthan Royals,6,18,39,46.15,9.0,1,0,11,tail,17.3,12.8,55.5,28.6,C,C,D,B,Utility Player,6.5,1.0,,,,,,,,0.55,-0.45,1.02,,0.1,5,0.18,-2.17,0.0,0.29,,,,True
9eb1455b,NT Ellis,Punjab Kings,5,19,25,76.0,4.75,0,1,8,lower_order,17.2,16.3,5.1,12.9,D,C,C,D,Utility Player,4.8,0.96,,,,,,,,,-0.53,0.13,,,1,,-2.16,0.0,1.0,,,,True
68c56d09,KA Jamieson,Royal Challengers Bangalore,9,65,60,108.33,16.25,5,3,8,lower_order,17.1,10.3,38.8,22.2,C,C,D,C+,Utility Player,3.78,0.57,,,,,,,,0.3,-0.66,0.46,,,4,,-1.76,0.0,0.29,,,,True
626c5379,R Sathish,Mumbai Indians,24,270,231,116.88,15.88,22,6,7,lower_middle,17.1,2.7,49.5,23.4,C,C,D,B,Utility Player,5.0,0.52,,,,0.03,-0.03,0.39,0.64,-0.25,-0.21,0.59,0.02,-0.18,10,-0.18,-0.98,0.31,0.71,-0.31,Tough-Track Star,-0.34,False
faa7365d,DR Shorey,Chennai Super Kings,2,13,17,76.47,6.5,0,1,4,upper_middle,17.0,20.6,12.4,16.7,C,C,C,D,Utility Player,5.5,0.65,,,,,,,,,-0.4,0.0,,,1,,,,,,,,True
2d140b79,AA Kulkarni,Lucknow Super Giants,2,9,8,112.5,4.5,2,0,2,top_order,17.0,26.2,7.2,16.8,C,C,C,D,Utility Player,2.0,0.5,,,,,,,,,-0.53,0.04,,,1,,,,,,,,True
ee3dfa89,Sunny Gupta,Delhi Daredevils,1,0,1,0.0,0.0,0,0,9,lower_order,16.9,18.1,10.0,15.0,C,C,C,D,Utility Player,1.0,1.0,,,,,,,,,-1.02,0.0,,,1,,,,,,,,True
a1d053dd,SS Cottrell,Kings XI Punjab,1,0,2,0.0,0.0,0,0,10,tail,16.9,18.8,13.1,16.3,C,C,C,D,Utility Player,2.0,1.0,,,,,,,,,-1.04,0.0,,,1,,,,,,,,True
f836b33d,T Kohler-Cadmore,Rajasthan Royals,3,48,54,88.89,16.0,7,1,2,top_order,16.7,20.4,24.4,20.6,C,C,C,C,Utility Player,9.67,0.54,,,,,,,,,-0.32,0.0,,,1,,-1.26,0.17,0.6,,,,True
0ed0cdbf,H Das,Deccan Chargers,1,2,5,40.0,2.0,0,0,8,lower_order,16.6,18.1,20.4,18.4,C,C,C,C,Utility Player,5.0,1.0,,,,,,,,,-0.73,0.0,,,1,,,,,,,,True
d621b427,Musheer Khan,Punjab Kings,1,0,3,0.0,0.0,0,0,8,lower_order,16.6,18.0,8.1,14.2,D,C,C,D,Utility Player,3.0,1.0,,,,,,,,,-0.99,0.0,,,0,,,,,,,,True
e03b66ec,Mohammad Asif,Delhi Daredevils,2,3,6,50.0,1.5,0,0,10,tail,16.6,16.9,12.9,15.5,C,C,C,D,Utility Player,3.0,1.0,,,,,,,,,-0.78,0.01,,,2,,,,,,,,True
9b4935c8,CJ Ferguson,Pune Warriors,8,98,117,83.76,16.33,9,0,5,upper_middle,16.6,3.4,24.2,14.9,D,C,D,C,Utility Player,11.62,0.79,,,,,,,,-0.42,-0.25,0.09,,,2,,-1.53,0.0,0.64,,,,True
3ff033bb,MD Shanaka,Gujarat Titans,3,26,26,100.0,13.0,2,1,4,upper_middle,16.3,18.7,17.3,17.5,C,C,C,C,Utility Player,5.67,0.65,,,,,,,,,-0.42,0.0,,,2,,-1.82,0.0,0.29,,,,True
e1d9ae9c,Shivam Singh,Punjab Kings,1,2,3,66.67,2.0,0,0,7,lower_middle,16.3,15.5,24.5,18.8,C,C,C,C,Utility Player,3.0,1.0,,,,,,,,,-0.59,0.04,,,0,,,,,,,,True
2ed569a0,RD Chahar,Punjab Kings,22,129,124,104.03,8.6,13,5,9,lower_order,16.0,35.6,3.4,18.5,C,C,C+,D,Utility Player,3.77,0.67,,,,-0.11,0.11,0.13,0.2,-0.14,-0.41,0.56,0.03,0.19,8,0.05,-1.23,0.33,0.65,-0.18,Tough-Track Star,-0.07,False
54e52590,Vijaykumar Vyshak,Royal Challengers Bangalore,4,14,12,116.67,7.0,0,1,10,tail,15.9,15.6,18.2,16.6,C,C,C,C,Utility Player,2.0,0.67,,,,,,,,,-0.69,0.15,,,2,,,,,,,,True
f24ca2ba,C Nanda,Mumbai Indians,1,0,1,0.0,0.0,0,0,10,tail,15.8,18.5,14.7,16.3,C,C,C,D,Utility Player,1.0,1.0,,,,,,,,,-1.07,0.0,,,0,,,,,,,,True
99b202b3,A Chandila,Rajasthan Royals,2,4,7,57.14,4.0,0,0,9,lower_order,15.8,17.2,21.9,18.3,C,C,C,C,Utility Player,0.5,0.14,,,,,,,,,-0.63,0.06,,,0,,,,,,,,True
e0407c01,IC Pandey,Pune Warriors,1,0,2,0.0,0.0,0,0,10,tail,15.8,17.2,15.1,16.0,C,C,C,C,Utility Player,2.0,1.0,,,,,,,,,-0.99,0.0,,,1,,,,,,,,True
ce794613,T Natarajan,Sunrisers Hyderabad,2,3,5,60.0,3.0,0,0,11,tail,15.7,17.1,22.1,18.3,C,C,C,C,Utility Player,2.5,1.0,,,,,,,,,-0.79,0.1,,,2,,,,,,,,True
244048f6,Arshdeep Singh,Punjab Kings,13,31,46,67.39,5.17,4,0,11,tail,15.7,16.6,14.9,15.8,C,C,C,D,Utility Player,1.77,0.5,,,,-0.25,0.25,0.04,0.1,-0.49,-0.47,0.54,0.04,-0.29,6,-0.31,-1.43,0.0,0.29,0.08,Conditions-Proof,-0.01,False
6ec424a9,ND Doshi,Rajasthan Royals,1,0,13,0.0,0.0,0,0,11,tail,15.7,17.9,17.2,16.9,C,C,C,C,Utility Player,13.0,1.0,,,,,,,,,-0.96,0.0,,,0,,,,,,,,True
c2dd89ea,BR Sharath,Gujarat Titans,1,2,5,40.0,2.0,0,0,4,upper_middle,15.7,16.8,13.2,15.2,C,C,C,D,Utility Player,5.0,1.0,,,,,,,,,-0.67,0.0,,,0,,,,,,,,True
75224f22,KMA Paul,Delhi Capitals,5,18,24,75.0,4.5,1,1,8,lower_order,15.6,19.7,6.1,13.8,D,C,C,D,Utility Player,4.0,0.83,,,,,,,,,-0.42,0.14,,,0,,-4.05,0.0,1.0,,,,True
d7b3a420,Jaskaran Singh,Deccan Chargers,4,8,11,72.73,8.0,0,0,9,lower_order,15.6,11.5,18.5,15.2,C,C,D,C,Utility Player,2.75,1.0,,,,,,,,,-0.58,0.09,,,3,,,,,,,,True
a12e1d51,SL Malinga,Mumbai Indians,20,88,99,88.89,6.29,6,5,9,lower_order,15.6,34.5,9.9,20.1,C,C,C+,D,Utility Player,4.35,0.88,,,,0.33,-0.33,0.23,0.35,-0.02,-0.37,0.66,0.03,0.67,12,0.58,-2.25,0.0,0.68,-0.22,Tough-Track Star,-0.36,False
7023d182,AN Ghosh,Kolkata Knight Riders,2,7,8,87.5,3.5,1,0,6,lower_middle,15.4,18.6,3.8,12.6,D,C,C,D,Utility Player,0.5,0.12,,,,,,,,,-0.75,0.0,,,1,,,,,,,,True
2bb09eb2,Mohammad Ashraful,Mumbai Indians,1,2,10,20.0,2.0,0,0,4,upper_middle,15.1,15.0,10.6,13.6,D,C,C,D,Utility Player,10.0,1.0,,,,,,,,,-0.89,0.0,,,0,,,,,,,,True
dddca1d6,SB Wagh,Pune Warriors,2,2,3,66.67,1.0,0,0,8,lower_order,15.1,15.1,8.2,12.8,D,C,C,D,Utility Player,0.5,0.33,,,,,,,,,-0.52,0.0,,,1,,,,,,,,True
26d76ad9,Virat Singh,Sunrisers Hyderabad,2,15,26,57.69,7.5,1,0,4,upper_middle,15.1,15.4,14.5,15.0,C,C,C,D,Utility Player,7.0,0.54,,,,,,,,,-0.53,0.0,,,0,,-1.73,0.0,1.0,,,,True
6165bca6,A Mukund,Royal Challengers Bangalore,2,19,22,86.36,9.5,1,0,8,lower_order,15.0,16.0,19.7,16.9,C,C,C,C,Utility Player,11.0,1.0,,,,,,,,,-0.76,0.0,,,1,,-0.85,0.0,0.29,,,,True
a76d10ba,TM Srivastava,Kings XI Punjab,3,8,11,72.73,8.0,0,0,9,lower_order,14.9,13.4,25.6,18.0,C,D,D,C,Utility Player,3.67,1.0,,,,,,,,,-0.61,0.14,,,1,,-2.88,0.0,1.0,,,,True
297b26da,Yashpal Singh,Kolkata Knight Riders,4,47,66,71.21,11.75,5,0,5,upper_middle,14.8,13.7,14.1,14.3,D,D,D,D,Utility Player,13.5,0.82,,,,,,,,,-0.42,0.0,,,3,,-2.25,0.0,0.61,,,,True
4c5d73db,CR Woakes,Kolkata Knight Riders,12,78,77,101.3,13.0,7,2,8,lower_order,14.8,18.7,55.1,29.6,C,D,C,B,Utility Player,4.25,0.66,,,,-0.1,0.1,0.18,0.29,0.39,-0.25,0.9,0.07,,4,,-1.72,0.0,0.29,-0.32,Tough-Track Star,-0.3,False
bcce309e,WPUJC Vaas,Deccan Chargers,11,81,73,110.96,10.12,2,3,8,lower_order,14.8,8.9,36.9,20.3,C,D,D,C+,Utility Player,4.73,0.71,,,,,,0.26,0.37,-0.16,-0.35,0.54,0.05,,3,,-1.97,0.0,0.29,0.36,Flat-Track Bully,0.22,False
030f3089,K Yadav,Rajasthan Royals,1,0,4,0.0,0.0,0,0,10,tail,14.7,18.7,17.4,16.9,C,D,C,C,Utility Player,4.0,1.0,,,,,,,,,-1.03,0.0,,,0,,,,,,,,True
9170ff49,Parvez Rasool,Pune Warriors,4,17,20,85.0,8.5,1,0,8,lower_order,14.7,14.2,38.6,22.5,C,D,D,C+,Utility Player,1.5,0.3,,,,,,,,,-0.41,0.39,,,3,,,,,,,,True
4d5a1617,R Bishnoi,Royal Challengers Bangalore,3,19,17,111.76,6.33,1,2,8,lower_order,14.7,24.9,5.4,15.0,C,D,C,D,Utility Player,2.0,0.35,,,,,,,,,-0.66,0.07,,,2,,-0.05,0.0,1.0,,,,True
a457cfb5,Mayank Dagar,Royal Challengers Bengaluru,1,0,1,0.0,0.0,0,0,9,lower_order,14.4,16.9,11.7,14.3,D,D,C,D,Utility Player,1.0,1.0,,,,,,,,,-0.91,0.0,,,1,,,,,,,,True
881a9bdd,S Chanderpaul,Royal Challengers Bangalore,3,25,31,80.65,8.33,4,0,1,top_order,14.4,17.7,10.2,14.1,D,D,C,D,Utility Player,4.67,0.45,,,,,,,,,-0.45,0.0,,,0,,-3.34,0.0,0.29,,,,True
cfa4bd2b,Y Prithvi Raj,Kolkata Knight Riders,1,0,1,0.0,0.0,0,0,9,lower_order,14.4,16.9,13.1,14.8,D,D,C,D,Utility Player,1.0,1.0,,,,,,,,,-1.04,0.0,,,0,,,,,,,,True
4c4fa80b,SMSM Senanayake,Kolkata Knight Riders,4,10,17,58.82,10.0,0,0,9,lower_order,14.4,11.2,40.9,22.2,C,D,D,C+,Utility Player,0.75,0.18,,,,,,,,,-0.52,0.39,,,2,,,,,,,,True
5d2eea49,Kartik Tyagi,Rajasthan Royals,6,13,16,81.25,3.25,1,0,10,tail,14.3,12.2,13.0,13.2,D,D,D,D,Utility Player,2.67,1.0,,,,,,,,0.08,-0.55,0.23,,,4,,,,,,,,True
12314277,Arshad Khan,Gujarat Titans,10,119,84,141.67,23.8,5,9,9,lower_order,14.2,48.7,66.3,43.2,C+,D,B,B+,Utility Player,4.5,0.54,1.55,,1.55,0.14,-0.14,0.18,0.31,-0.44,-0.37,1.05,0.1,,4,,0.12,0.71,0.62,-0.17,Conditions-Proof,0.24,False
7d3937ed,DJ Thornely,Mumbai Indians,4,39,53,73.58,13.0,2,2,3,top_order,14.1,13.5,8.1,12.0,D,D,D,D,Utility Player,12.75,0.96,,,,,,,,,-0.64,0.0,,,0,,-1.39,0.0,0.46,,,,True
33ffc3dd,R Sanjay Yadav,Mumbai Indians,1,0,2,0.0,0.0,0,0,8,lower_order,13.9,16.5,12.0,14.1,D,D,C,D,Utility Player,2.0,1.0,,,,,,,,,-0.96,0.0,,,1,,,,,,,,True
91a4a398,Z Khan,Royal Challengers Bangalore,27,117,141,82.98,8.36,11,2,9,lower_order,13.9,6.0,17.5,12.6,D,D,D,C,Utility Player,4.33,0.83,,,,-0.38,0.38,0.32,0.74,-0.31,-0.39,0.61,0.02,-0.79,14,-0.34,-3.01,0.0,0.56,0.04,Conditions-Proof,0.01,False
d8b2f218,BB Sran,Kings XI Punjab,7,10,14,71.43,10.0,0,0,9,lower_order,13.8,6.2,50.3,23.5,C,D,D,B,Utility Player,1.29,0.64,,,,,,,,0.51,-0.47,0.68,,,4,,,,,,,,True
ea0cdc12,BAW Mendis,Kolkata Knight Riders,3,3,6,50.0,1.5,0,0,9,lower_order,13.5,11.4,11.7,12.2,D,D,D,D,Utility Player,2.0,1.0,,,,,,,,,-0.77,0.0,,,2,,,,,,,,True
56ab442f,NM Coulter-Nile,Delhi Daredevils,16,82,72,113.89,7.45,7,4,8,lower_order,13.4,20.9,17.7,17.4,C,D,C,C,Utility Player,2.12,0.47,,,,,,0.4,0.56,-0.59,-0.34,0.57,0.04,,3,,-0.61,0.5,0.29,0.19,Flat-Track Bully,0.31,False
5b7ab5a9,CV Varun,Kolkata Knight Riders,11,26,47,55.32,6.5,2,0,11,tail,13.3,15.1,52.0,26.8,C,D,C,B,Utility Player,4.27,1.0,,,,-0.13,0.13,-0.0,0.05,0.52,-0.54,1.01,0.09,-0.13,6,-0.21,-1.07,0.0,1.0,-0.22,Conditions-Proof,-0.04,False
69d03465,AT Carey,Delhi Capitals,3,32,29,110.34,16.0,0,1,6,lower_middle,13.3,5.6,48.2,22.4,C,D,D,B,Utility Player,3.33,0.34,,,,,,,,,-0.19,0.41,,,1,,0.06,0.5,0.29,,,,True
2cdce1be,C Sakariya,Rajasthan Royals,7,20,31,64.52,3.33,3,0,9,lower_order,13.2,16.7,1.9,10.6,D,D,C,D,Utility Player,1.14,0.26,,,,,,,,0.66,-0.58,0.16,,,3,,-2.38,0.0,1.0,,,,True
f24c6701,M Theekshana,Rajasthan Royals,6,17,34,50.0,5.67,0,1,10,tail,13.2,10.4,20.9,14.9,D,D,D,C,Utility Player,5.0,0.88,,,,,,,,0.83,-0.6,0.27,,,3,,-2.17,0.0,0.29,,,,True
4663bd23,TL Seifert,Delhi Capitals,3,26,23,113.04,8.67,4,0,2,top_order,13.2,15.0,14.1,14.1,D,D,C,D,Utility Player,3.0,0.39,,,,,,,,,-0.43,0.0,,,0,,-0.73,0.5,0.29,,,,True
e938e1bc,P Kumar,Royal Challengers Bangalore,57,340,314,108.28,8.95,22,17,9,lower_order,13.2,14.0,32.0,20.1,C,D,D,C+,Utility Player,3.3,0.6,,,,-0.13,0.13,0.36,0.69,0.01,-0.28,0.97,0.02,-0.34,22,-0.22,-1.2,0.21,0.7,-0.21,Tough-Track Star,-0.36,False
39ed0d2f,KS Sharma,Lucknow Super Giants,3,16,25,64.0,5.33,1,0,4,upper_middle,13.2,11.6,6.8,10.6,D,D,D,D,Utility Player,7.67,0.92,,,,,,,,,-0.38,0.0,,,0,,-2.8,0.0,1.0,,,,True
e4cdf230,AS Roy,Kolkata Knight Riders,7,26,25,104.0,6.5,3,0,9,lower_order,13.2,13.3,4.5,10.4,D,D,D,D,Utility Player,1.0,0.28,,,,,,,,0.07,-0.53,0.12,,,1,,,,,,,,True
25eeb281,PC Valthaty,Kings XI Punjab,23,505,418,120.81,22.95,61,20,2,top_order,13.1,60.8,24.5,33.3,C+,D,B+,C,Utility Player,7.65,0.42,1.79,2.28,1.94,-0.04,0.04,0.41,1.12,-0.39,-0.31,0.52,0.02,0.96,7,0.24,-0.97,0.3,0.75,0.36,Flat-Track Bully,0.41,False
f2c936d7,MJ Owen,Punjab Kings,1,0,2,0.0,0.0,0,0,3,top_order,12.9,12.6,7.4,11.0,D,D,D,D,Utility Player,2.0,1.0,,,,,,,,,-0.91,0.0,,,0,,,,,,,,True
e3851766,KS Rathore,Rajasthan Royals,1,0,5,0.0,0.0,0,0,3,top_order,12.9,12.8,7.7,11.1,D,D,D,D,Utility Player,5.0,1.0,,,,,,,,,-0.87,0.0,,,1,,,,,,,,True
64775749,RP Meredith,Mumbai Indians,2,0,3,0.0,0.0,0,0,11,tail,12.9,15.3,8.4,12.2,D,D,C,D,Utility Player,1.5,1.0,,,,,,,,,-0.95,0.0,,,2,,,,,,,,True
7210d461,Yash Dayal,Royal Challengers Bengaluru,4,4,9,44.44,1.33,0,0,10,tail,12.8,10.5,7.6,10.3,D,D,D,D,Utility Player,2.25,1.0,,,,,,,,,-0.67,0.01,,,1,,,,,,,,True
d2a6c0e6,EJG Morgan,Kolkata Knight Riders,74,1406,1148,122.47,23.05,112,64,5,upper_middle,12.8,76.5,55.1,49.2,B,D,A,B,Utility Player,7.76,0.5,1.66,,1.66,-0.04,0.04,0.6,1.19,0.13,-0.28,0.98,0.01,0.03,19,0.01,-0.81,0.25,0.84,0.01,Conditions-Proof,0.07,False
bdadf7da,JL Denly,Kolkata Knight Riders,1,0,1,0.0,0.0,0,0,1,top_order,12.8,13.0,8.9,11.6,D,D,D,D,Utility Player,1.0,1.0,,,,,,,,,-1.02,0.0,,,0,,,,,,,,True
b2ae53f5,T Thushara,Chennai Super Kings,4,12,18,66.67,6.0,0,0,9,lower_order,12.8,10.6,27.1,16.9,C,D,D,C,Utility Player,4.5,1.0,,,,,,,,,-0.55,0.2,,,2,,,,,,,,True
64a4c383,S Sriram,Royal Challengers Bangalore,2,31,36,86.11,15.5,3,0,4,upper_middle,12.7,11.4,29.5,17.9,C,D,D,C,Utility Player,18.0,1.0,,,,,,,,,-0.45,0.02,,,1,,-1.41,0.25,0.57,,,,True
970ddd24,Suryansh Shedge,Punjab Kings,3,7,11,63.64,2.33,0,0,7,lower_middle,12.6,9.2,5.0,8.9,D,D,D,D,Utility Player,2.33,0.64,,,,,,,,,-0.51,0.0,,,1,,,,,,,,True
b9be6507,AS Yadav,Deccan Chargers,6,49,39,125.64,9.8,5,2,7,lower_middle,12.6,30.9,8.3,17.3,C,D,C+,D,Utility Player,2.17,0.33,,,,,,,,0.16,-0.28,0.14,,,1,,-0.77,0.33,0.47,,,,True
94d7f855,C de Grandhomme,Royal Challengers Bangalore,21,303,225,134.67,18.94,18,18,6,lower_middle,12.6,13.3,52.9,26.6,C,D,D,B,Utility Player,5.48,0.51,,,,-0.14,0.14,0.67,0.82,-0.18,-0.22,0.64,0.03,-0.84,5,-0.13,-0.98,0.31,0.69,0.15,Conditions-Proof,0.21,False
91ffa6c6,JD Ryder,Pune Warriors,29,604,458,131.88,21.57,69,19,1,top_order,12.3,51.9,30.0,32.0,C+,D,B,C+,Utility Player,4.24,0.27,1.56,,1.56,0.09,-0.09,0.62,1.57,-0.16,-0.22,0.53,0.02,,4,,-0.44,0.4,0.8,0.16,Flat-Track Bully,0.21,False
b56dc5f7,BE Hendricks,Kings XI Punjab,2,1,3,33.33,1.0,0,0,9,lower_order,12.2,13.9,10.7,12.3,D,D,D,D,Utility Player,1.5,1.0,,,,,,,,,-0.8,0.0,,,0,,,,,,,,True
69be866a,Anureet Singh,Kings XI Punjab,8,36,47,76.6,9.0,2,1,9,lower_order,12.2,9.2,23.8,15.1,C,D,D,C,Utility Player,5.75,0.98,,,,,,,,0.24,-0.54,0.31,,-0.92,5,-0.55,-1.54,0.0,0.49,,,,True
7d3720ba,RR Bhatkal,Royal Challengers Bangalore,1,0,2,0.0,0.0,0,0,6,lower_middle,12.2,14.6,8.2,11.7,D,D,D,D,Utility Player,2.0,1.0,,,,,,,,,-1.02,0.0,,,0,,,,,,,,True
7bb62642,Anirudh Singh,Deccan Chargers,4,63,66,95.45,15.75,6,1,6,lower_middle,12.1,21.5,28.8,20.9,C,D,C,C,Utility Player,9.0,0.55,,,,,,,,,-0.32,0.12,,,1,,-1.16,0.17,0.63,,,,True
9f961c14,Joginder Sharma,Chennai Super Kings,5,36,30,120.0,9.0,1,2,8,lower_order,12.1,14.7,14.0,13.7,D,D,D,D,Utility Player,3.8,0.63,,,,,,,,,-0.52,0.1,,,3,,-0.55,0.0,1.0,,,,True
57ca01b3,Kumar Kushagra,Delhi Capitals,3,3,7,42.86,1.0,0,0,8,lower_order,12.1,10.6,2.6,8.4,D,D,D,D,Utility Player,1.33,0.57,,,,,,,,,-0.67,0.0,,,2,,,,,,,,True
3dba85c2,WA Mota,Kings XI Punjab,8,56,75,74.67,9.33,2,0,6,lower_middle,12.0,4.9,36.3,17.8,C,D,D,C+,Utility Player,7.75,0.83,,,,,,,,-0.35,-0.38,0.31,,,2,,-1.52,0.0,0.65,,,,True
0aadc906,PR Shah,Mumbai Indians,9,92,91,101.1,11.5,9,2,7,lower_middle,11.9,9.7,10.7,10.9,D,D,D,D,Utility Player,7.0,0.69,,,,,,,,0.15,-0.29,0.07,,,2,,-1.41,0.14,0.67,,,,True
93a17209,VY Mahesh,Delhi Daredevils,5,15,27,55.56,7.5,0,0,9,lower_order,11.9,10.4,27.8,16.7,C,D,D,C,Utility Player,3.2,0.59,,,,,,,,,-0.63,0.23,,,3,,,,,,,,True
dec8e038,J Theron,Kings XI Punjab,4,10,12,83.33,5.0,1,0,9,lower_order,11.9,15.3,23.0,16.8,C,D,C,C,Utility Player,3.0,1.0,,,,,,,,,-0.54,0.18,,,3,,,,,,,,True
9385de2e,SS Prabhudessai,Royal Challengers Bangalore,10,126,106,118.87,12.6,11,4,5,upper_middle,11.9,14.9,3.2,10.2,D,D,D,D,Utility Player,5.0,0.47,,,,0.1,-0.1,0.2,0.31,0.1,-0.29,0.09,0.01,0.19,6,0.17,-0.79,0.22,0.69,0.19,Flat-Track Bully,0.07,False
dcf81436,S Kaul,Sunrisers Hyderabad,9,20,36,55.56,5.0,1,0,10,tail,11.8,11.5,29.5,17.6,C,D,D,C,Utility Player,3.0,0.75,,,,,,,,0.41,-0.43,0.5,,-0.86,5,-0.8,-4.23,0.0,1.0,,,,True
f663ef00,J Arunkumar,Royal Challengers Bangalore,3,23,23,100.0,7.67,5,0,1,top_order,11.8,30.3,3.8,15.3,C,D,C+,D,Utility Player,4.67,0.61,,,,,,,,,-0.67,0.08,,,1,,-0.86,0.0,1.0,,,,True
1ee08e9a,JA Richardson,Punjab Kings,3,17,26,65.38,5.67,2,0,7,lower_middle,11.7,10.2,8.3,10.1,D,D,D,D,Utility Player,8.67,1.0,,,,,,,,,-0.49,0.0,,,1,,-1.44,0.0,1.0,,,,True
36d33dd0,RR Sarwan,Kings XI Punjab,4,73,75,97.33,18.25,6,1,5,upper_middle,11.5,3.0,44.4,19.7,C,D,D,C+,Utility Player,9.25,0.49,,,,,,,,,-0.29,0.24,,,1,,-1.26,0.0,0.55,,,,True
a316d663,GC Viljoen,Kings XI Punjab,3,3,7,42.86,1.5,0,0,9,lower_order,11.5,9.6,5.4,8.8,D,D,D,D,Utility Player,1.33,0.57,,,,,,,,,-0.7,0.0,,,1,,,,,,,,True
2cffab74,Mukesh Kumar,Delhi Capitals,5,10,18,55.56,10.0,0,0,11,tail,11.4,10.6,39.1,20.4,C,D,D,C+,Utility Player,3.6,1.0,,,,,,,,,-0.65,0.42,,,5,-0.7,,,,,,,True
be869ccf,GHS Garton,Royal Challengers Bangalore,2,2,4,50.0,2.0,0,0,8,lower_order,11.4,14.0,13.3,12.9,D,D,D,D,Utility Player,2.0,1.0,,,,,,,,,-0.75,0.0,,,1,,,,,,,,True
f842c2cf,MJ Clarke,Pune Warriors,6,98,94,104.26,16.33,12,0,2,top_order,11.4,10.8,32.4,18.3,C,D,D,C+,Utility Player,4.5,0.29,,,,,,,,0.47,-0.24,0.13,,,2,,-0.8,0.14,0.64,,,,True
caf69bf7,DR Sams,Mumbai Indians,13,44,44,100.0,4.89,1,3,7,lower_middle,11.3,28.8,0.2,13.5,D,D,C,D,Utility Player,2.23,0.66,,,,,,0.5,0.98,0.08,-0.13,0.27,0.02,-1.5,6,-0.9,1.2,1.0,1.0,0.12,Conditions-Proof,0.74,False
77b1aa15,Harshit Rana,Kolkata Knight Riders,10,59,56,105.36,9.83,5,3,10,tail,11.3,30.8,15.9,19.4,C,D,C+,C,Utility Player,2.0,0.36,,,,0.56,-0.56,0.01,0.0,0.36,-0.51,0.46,0.05,,4,,0.12,0.5,0.29,0.14,Conditions-Proof,0.23,False
f10e94c4,AD Nath,Royal Challengers Bangalore,10,90,98,91.84,9.0,7,2,6,lower_middle,11.2,9.7,5.0,8.8,D,D,D,D,Utility Player,4.8,0.49,,,,,,0.18,0.29,-0.19,-0.39,0.09,0.01,,4,,-2.07,0.0,0.55,-0.52,Tough-Track Star,-0.34,False
f0af99a7,D Ferreira,Rajasthan Royals,3,9,14,64.29,3.0,0,0,8,lower_order,11.1,10.5,10.5,10.7,D,D,D,D,Utility Player,4.67,1.0,,,,,,,,,-0.64,0.0,,,1,,,,,,,,True
dc9dd038,Sachin Baby,Royal Challengers Bangalore,11,144,118,122.03,16.0,11,5,6,lower_middle,11.0,2.2,9.2,7.6,D,D,D,D,Utility Player,8.55,0.8,,,,-0.47,0.47,0.46,0.82,-0.31,-0.37,0.05,0.0,-0.37,6,-0.13,-0.19,0.38,0.69,0.34,Flat-Track Bully,0.48,False
327b58d3,PVD Chameera,Lucknow Super Giants,10,53,42,126.19,13.25,3,3,8,lower_order,11.0,14.4,48.0,24.5,C,D,D,B,Utility Player,2.9,0.69,,,,,,0.37,0.59,-0.13,-0.49,0.66,0.07,0.28,6,0.35,-0.05,0.0,1.0,0.05,Conditions-Proof,-0.4,False
fb693839,S Ladda,Delhi Daredevils,2,0,9,0.0,0.0,0,0,9,lower_order,11.0,14.3,5.0,10.1,D,D,D,D,Utility Player,4.5,1.0,,,,,,,,,-1.01,0.0,,,2,,,,,,,,True
2815fe50,AA Jhunjhunwala,Rajasthan Royals,15,217,210,103.33,16.69,19,5,4,upper_middle,11.0,9.8,13.7,11.7,D,D,D,D,Utility Player,8.73,0.62,1.47,,1.47,-0.27,0.27,0.23,0.41,0.1,-0.27,0.08,0.01,-0.21,8,-0.15,-0.49,0.23,0.71,0.32,Flat-Track Bully,0.2,False
871e9faf,Basil Thampi,Gujarat Lions,7,32,35,91.43,32.0,1,1,9,lower_order,11.0,4.1,69.2,28.2,C,D,D,B+,Utility Player,3.29,0.66,,,,,,,,0.44,-0.41,0.94,,,2,,,,,,,,True
99d63244,KM Jadhav,Delhi Daredevils,81,1208,981,123.14,22.37,102,40,6,lower_middle,10.9,15.2,82.4,37.1,C+,D,C,A,Classic Anchor,5.42,0.45,1.17,,1.17,-0.1,0.1,0.61,1.24,-0.02,-0.2,1.24,0.02,-0.36,31,-0.13,-0.8,0.29,0.8,0.0,Conditions-Proof,0.07,False
350bb1b1,AF Milne,Royal Challengers Bangalore,6,23,29,79.31,5.75,0,1,8,lower_order,10.8,14.8,17.2,14.3,D,D,D,C,Utility Player,4.83,1.0,,,,,,,,-0.06,-0.52,0.21,,,4,,-3.47,0.0,1.0,,,,True
bafd0398,R Minz,Mumbai Indians,2,6,15,40.0,3.0,0,0,5,upper_middle,10.8,11.1,5.2,9.0,D,D,D,D,Utility Player,7.5,1.0,,,,,,,,,-0.68,0.0,,,1,,,,,,,,True
2c25d4f5,D Padikkal,Royal Challengers Bangalore,74,1806,1430,126.29,25.44,192,56,2,top_order,10.7,19.3,63.8,32.6,C+,D,C,B+,Utility Player,7.24,0.37,1.37,1.24,1.33,-0.05,0.05,0.55,0.99,0.08,-0.27,0.76,0.01,-0.32,15,-0.13,-0.62,0.31,0.8,-0.13,Conditions-Proof,-0.03,False
26ff4c29,RJ Peterson,Mumbai Indians,5,32,30,106.67,10.67,3,1,7,lower_middle,10.7,15.7,17.6,14.7,D,D,C,C,Utility Player,2.0,0.33,,,,,,,,,-0.34,0.03,,,3,,,,,,,,True
18c78b11,RE Levi,Mumbai Indians,6,83,73,113.7,13.83,10,4,1,top_order,10.6,22.0,4.3,12.4,D,D,C,D,Utility Player,6.0,0.49,1.23,,1.23,,,,,0.01,-0.46,0.04,,,0,,-1.38,0.4,0.6,,,,True
dce2019b,F Behardien,Kings XI Punjab,3,14,13,107.69,7.0,2,0,6,lower_middle,10.6,17.4,6.4,11.5,D,D,C,D,Utility Player,2.0,0.46,,,,,,,,,-0.5,0.0,,,2,,,,,,,,True
5748e866,TD Paine,Pune Warriors,2,10,26,38.46,5.0,0,0,2,top_order,10.6,9.3,10.5,10.2,D,D,D,D,Utility Player,13.0,1.0,,,,,,,,,-0.73,0.0,,,1,,-3.11,0.0,1.0,,,,True
fdcb08c2,A Uniyal,Rajasthan Royals,2,4,7,57.14,4.0,0,0,8,lower_order,10.5,14.0,16.5,13.7,D,D,D,C,Utility Player,3.5,1.0,,,,,,,,,-0.77,0.0,,,1,,,,,,,,True
0494fa6e,Vishnu Vinod,Mumbai Indians,6,56,57,98.25,9.33,3,3,6,lower_middle,10.4,10.9,13.4,11.6,D,D,D,D,Utility Player,7.17,0.75,,,,,,,,-0.6,-0.42,0.0,,,2,,-1.76,0.2,0.53,,,,True
f5180fe6,MG Johnson,Kings XI Punjab,28,167,164,101.83,12.85,10,7,8,lower_order,10.4,20.1,52.1,27.7,C,D,C,B,Utility Player,4.21,0.72,,,,0.01,-0.01,0.24,0.47,-0.03,-0.32,0.98,0.04,0.05,11,0.04,-1.49,0.2,0.73,0.04,Conditions-Proof,0.06,False
4ba44e19,M Muralitharan,Chennai Super Kings,9,20,30,66.67,3.33,1,0,10,tail,10.3,11.7,6.5,9.5,D,D,D,D,Utility Player,1.67,0.5,,,,,,,,0.2,-0.48,0.25,,,4,,,,,,,,True
30a2649b,CM Gautam,Mumbai Indians,13,169,150,112.67,16.9,17,6,2,top_order,10.2,5.9,36.0,17.6,C,D,D,C+,Utility Player,3.69,0.32,,,,-0.15,0.15,0.28,0.49,0.16,-0.2,0.24,0.02,,4,,-1.08,0.2,0.65,-0.45,Tough-Track Star,-0.25,False
9e7225b0,Saurav Chauhan,Royal Challengers Bengaluru,3,18,15,120.0,6.0,1,1,4,upper_middle,10.0,18.1,5.0,11.1,D,D,C,D,Utility Player,4.33,0.87,,,,,,,,,-0.44,0.0,,,1,,,,,,,,True
3a02626a,AG Paunikar,Rajasthan Royals,5,49,58,84.48,9.8,9,0,1,top_order,9.9,16.3,2.8,9.7,D,D,C,D,Utility Player,5.4,0.47,,,,,,,,,-0.45,0.0,,,0,,-1.83,0.0,0.48,,,,True
51a3c5ef,MJ McClenaghan,Mumbai Indians,19,85,70,121.43,7.08,5,7,9,lower_order,9.9,32.4,2.5,15.0,C,D,C+,D,Utility Player,2.37,0.64,,,,0.08,-0.08,0.28,0.89,0.24,-0.41,0.42,0.02,0.84,7,0.49,-2.38,0.0,1.0,0.26,Flat-Track Bully,0.2,False
ff1e68fa,B Indrajith,Kolkata Knight Riders,3,21,30,70.0,7.0,2,0,1,top_order,9.9,11.2,6.7,9.3,D,D,D,D,Utility Player,2.33,0.23,,,,,,,,,-0.58,0.0,,,1,,-2.48,0.0,0.48,,,,True
0fa5042b,L Ronchi,Mumbai Indians,5,34,34,100.0,6.8,6,1,1,top_order,9.7,23.5,2.5,12.0,D,D,C,D,Utility Player,2.0,0.29,,,,,,,,,-0.46,0.06,,,2,,-0.3,0.0,1.0,,,,True
81c36ee9,M Jansen,Sunrisers Hyderabad,20,141,129,109.3,12.82,8,6,8,lower_order,9.7,16.6,45.0,23.9,C,D,C,B,Utility Player,3.05,0.47,,,,0.14,-0.14,0.14,0.36,0.03,-0.36,0.78,0.04,0.13,7,-0.02,-1.85,0.17,0.63,0.23,Flat-Track Bully,0.31,False
9a963804,LE Plunkett,Delhi Daredevils,2,1,3,33.33,1.0,0,0,8,lower_order,9.7,12.0,10.2,10.6,D,D,D,D,Utility Player,1.5,1.0,,,,,,,,,-0.86,0.0,,,1,,,,,,,,True
5451a2c1,B Chipli,Deccan Chargers,21,280,251,111.55,18.67,28,7,3,top_order,9.5,5.7,30.1,15.4,C,D,D,C+,Utility Player,5.81,0.49,1.34,,1.34,0.11,-0.11,0.42,0.99,-0.11,-0.26,0.25,0.01,-0.2,5,0.09,-1.01,0.24,0.73,0.18,Conditions-Proof,-0.08,False
0a8fce53,Mustafizur Rahman,Delhi Capitals,7,13,24,54.17,6.5,0,1,11,tail,9.4,12.7,15.6,12.6,D,D,D,C,Utility Player,2.43,0.71,,,,,,,,0.08,-0.72,0.24,,-0.48,5,-0.74,-0.8,0.0,1.0,,,,True
9ab63e7b,Mohammad Hafeez,Kolkata Knight Riders,8,64,83,77.11,9.14,7,2,6,lower_middle,9.3,19.8,1.3,10.2,D,D,C,D,Utility Player,6.38,0.61,,,,,,,,-0.53,-0.39,0.1,,,2,,-2.25,0.0,0.56,,,,True
b52ffbbd,FA Allen,Punjab Kings,3,14,19,73.68,7.0,1,0,6,lower_middle,9.1,14.1,11.0,11.4,D,D,D,D,Utility Player,0.33,0.05,,,,,,,,,-0.53,0.0,,,2,,,,,,,,True
f088b960,SN Khan,Royal Challengers Bangalore,36,585,448,130.58,22.5,63,14,6,lower_middle,9.1,8.4,50.3,23.1,C,D,D,B,Utility Player,5.06,0.41,0.73,,0.73,-0.52,0.52,0.69,1.62,0.02,-0.29,0.6,0.02,-0.93,12,-0.44,-0.88,0.24,0.79,0.03,Conditions-Proof,-0.1,False
8a668774,Shoaib Ahmed,Deccan Chargers,3,1,6,16.67,0.5,0,0,11,tail,9.1,11.2,6.6,9.0,D,D,D,D,Utility Player,2.0,1.0,,,,,,,,,-0.91,0.0,,,2,,,,,,,,True
2461eef2,PA Reddy,Sunrisers Hyderabad,10,164,160,102.5,16.4,15,2,1,top_order,9.0,3.2,26.9,13.2,D,D,D,C,Utility Player,4.1,0.26,,,,,,0.4,0.75,-0.06,-0.23,0.12,0.01,,1,,-1.08,0.29,0.66,0.23,Flat-Track Bully,,False
dd7e9b3b,YV Dhull,Delhi Capitals,3,16,23,69.57,5.33,1,0,4,upper_middle,8.9,8.3,5.7,7.7,D,D,D,D,Utility Player,7.67,1.0,,,,,,,,,-0.57,0.0,,,2,,-1.37,0.0,1.0,,,,True
3fca55af,S Sohal,Kings XI Punjab,20,368,292,126.03,18.4,34,18,1,top_order,8.9,54.6,26.2,30.3,C+,D,B,C,Utility Player,5.45,0.37,1.27,,1.27,0.14,-0.14,0.81,1.1,0.0,-0.23,0.48,0.02,,2,,-1.03,0.23,0.73,0.17,Flat-Track Bully,0.06,False
b2570b38,RV Gomez,Kochi Tuskers Kerala,9,50,51,98.04,10.0,5,1,7,lower_middle,8.8,17.1,3.8,10.0,D,D,C,D,Utility Player,4.22,0.75,,,,,,,,0.37,-0.36,0.1,,,0,,,,,,,,True
5b8c830e,KH Pandya,Mumbai Indians,114,1756,1326,132.43,21.68,153,65,7,lower_middle,8.8,22.0,75.1,36.6,C+,D,C,A,Strike Rotator,5.03,0.43,0.87,,0.87,-0.03,0.03,0.74,3.26,0.13,-0.26,1.13,0.01,-0.22,29,-0.2,-0.67,0.24,0.82,-0.13,Conditions-Proof,-0.15,False
3eac9d95,JDP Oram,Chennai Super Kings,11,106,108,98.15,13.25,6,5,6,lower_middle,8.7,13.3,21.0,14.5,D,D,D,C,Utility Player,4.27,0.44,0.25,,0.25,,,0.18,0.37,0.18,-0.32,0.21,0.02,,1,,-0.47,0.2,0.62,0.32,Flat-Track Bully,0.57,False
3d7e087f,SK Trivedi,Rajasthan Royals,14,42,59,71.19,6.0,3,1,11,tail,8.7,17.7,6.4,11.0,D,D,C,D,Utility Player,3.14,0.75,,,,-0.07,0.07,0.01,0.12,0.04,-0.52,0.41,0.03,-0.13,6,-0.08,-2.63,0.0,0.29,0.54,Flat-Track Bully,0.14,False
90edaaa9,S Rana,Royal Challengers Bangalore,8,91,81,112.35,22.75,9,1,6,lower_middle,8.6,9.2,55.7,24.6,C,D,D,B,Utility Player,5.0,0.49,,,,,,,,0.02,-0.21,0.44,,,3,,-0.46,0.33,0.49,,,,True
1399b39c,Anmolpreet Singh,Sunrisers Hyderabad,9,139,115,120.87,15.44,19,3,3,top_order,8.6,17.8,4.3,10.4,D,D,C,D,Utility Player,6.22,0.49,,,,,,,,-0.19,-0.34,0.04,,,4,,-1.12,0.27,0.7,,,,True
b2a79f17,B Laughlin,Rajasthan Royals,4,5,13,38.46,2.5,0,0,11,tail,8.4,11.5,7.7,9.2,D,D,D,D,Utility Player,2.5,0.77,,,,,,,,,-0.82,0.01,,,3,,-1.97,0.0,1.0,,,,True
9219eff0,JDS Neesham,Kings XI Punjab,10,92,93,98.92,10.22,6,2,7,lower_middle,8.4,5.7,17.3,10.6,D,D,D,C,Utility Player,5.6,0.6,,,,,,0.18,0.05,0.46,-0.39,0.11,0.01,0.05,5,-0.03,-1.5,0.0,0.59,-0.79,Tough-Track Star,-0.85,False
bff458c6,AA Bilakhia,Deccan Chargers,7,69,85,81.18,13.8,5,0,7,lower_middle,8.2,4.8,38.4,17.2,C,D,D,C+,Utility Player,6.29,0.52,,,,,,,,-0.46,-0.4,0.25,,,2,,-1.11,0.17,0.67,,,,True
d68e7f48,R Rampaul,Royal Challengers Bangalore,7,51,50,102.0,10.2,3,2,6,lower_middle,7.9,32.7,7.5,16.1,C,D,C+,D,Utility Player,5.86,0.82,,,,,,,,-0.29,-0.46,0.14,,,2,,-0.59,0.5,0.29,,,,True
98ae73b1,PP Chawla,Kings XI Punjab,86,624,563,110.83,11.56,56,20,8,lower_order,7.8,5.6,16.6,10.6,D,D,D,C,Utility Player,4.28,0.65,,,,0.05,-0.05,0.43,1.54,0.07,-0.42,0.79,0.01,-0.28,32,-0.21,-1.11,0.22,0.78,0.04,Conditions-Proof,0.05,False
40caa465,T Kohli,Rajasthan Royals,3,11,19,57.89,3.67,0,1,7,lower_middle,7.8,10.0,12.6,10.2,D,D,D,D,Utility Player,6.33,1.0,,,,,,,,,-0.58,0.0,,,0,,-2.86,0.0,1.0,,,,True
e2db2409,M Ashwin,Kings XI Punjab,12,35,50,70.0,3.89,2,1,8,lower_order,7.8,14.3,1.6,8.0,D,D,D,D,Utility Player,2.83,0.68,,,,-0.14,0.14,0.08,0.28,-0.08,-0.41,0.18,0.02,0.2,7,-0.08,-1.23,0.0,1.0,-0.05,Conditions-Proof,0.01,False
de8d3876,M Rawat,Rajasthan Royals,11,55,69,79.71,11.0,4,1,9,lower_order,7.7,8.6,42.4,19.6,C,D,D,C+,Utility Player,3.64,0.58,,,,,,0.07,0.07,0.13,-0.46,0.53,0.05,0.19,5,0.27,-1.09,0.0,0.29,0.25,Flat-Track Bully,0.22,False
bb18be76,SK Warne,Rajasthan Royals,27,198,214,92.52,11.0,14,6,8,lower_order,7.5,7.2,28.9,14.8,D,D,D,C,Utility Player,3.81,0.48,,,,0.03,-0.03,0.22,0.51,0.34,-0.4,0.63,0.02,0.01,11,0.03,-1.49,0.21,0.74,0.07,Conditions-Proof,0.17,False
b970a03f,M Klinger,Kochi Tuskers Kerala,4,73,77,94.81,18.25,9,0,1,top_order,7.4,3.9,35.9,15.8,C,D,D,C+,Utility Player,6.75,0.35,,,,,,,,,-0.34,0.14,,,0,,-0.36,0.0,0.58,,,,True
e1d1b294,HH Gibbs,Deccan Chargers,36,886,807,109.79,27.69,83,31,2,top_order,7.4,7.1,67.0,27.9,C,D,D,B+,Utility Player,7.47,0.33,0.83,,0.83,-0.1,0.1,0.35,0.68,0.11,-0.3,0.64,0.02,-0.42,6,-0.16,-0.92,0.09,0.81,-0.01,Conditions-Proof,-0.11,False
7daedf2f,KB Arun Karthik,Royal Challengers Bangalore,8,51,51,100.0,10.2,4,1,7,lower_middle,7.3,7.2,11.1,8.6,D,D,D,D,Utility Player,3.5,0.55,,,,,,,,-0.36,-0.38,0.01,,,3,,-0.8,0.0,1.0,,,,True
76388dc8,S Badree,Royal Challengers Bangalore,5,13,23,56.52,2.6,0,0,9,lower_order,7.2,9.6,1.7,6.2,D,D,D,D,Utility Player,2.4,0.52,,,,,,,,,-0.68,0.0,,,2,,-4.05,0.0,1.0,,,,True
a2f46292,KK Ahmed,Sunrisers Hyderabad,6,2,9,22.22,0.4,0,0,11,tail,7.1,8.2,2.6,6.0,D,D,D,D,Utility Player,1.5,1.0,,,,,,,,-0.12,-0.79,0.0,,-0.2,5,-0.3,,,,,,,True
7c3b3b78,VG Arora,Kolkata Knight Riders,9,9,24,37.5,2.25,0,0,10,tail,7.0,5.5,3.9,5.5,D,D,D,D,Utility Player,2.0,0.75,,,,,,,,-0.12,-0.62,0.07,,,2,,-4.47,0.0,1.0,,,,True
e32d22f6,Pankaj Singh,Royal Challengers Bangalore,5,7,12,58.33,3.5,0,0,9,lower_order,7.0,7.4,17.9,10.8,D,D,D,C,Utility Player,2.4,1.0,,,,,,,,,-0.64,0.13,,,3,,-4.05,0.0,1.0,,,,True
f986ca1a,HV Patel,Royal Challengers Bangalore,41,270,229,117.9,9.64,16,15,9,lower_order,6.9,43.4,15.2,22.1,C,D,C+,C,Utility Player,3.2,0.57,,,,0.03,-0.03,0.48,0.96,0.22,-0.41,0.84,0.02,-0.11,15,-0.22,-1.02,0.13,0.73,-0.02,Conditions-Proof,0.17,False
0a3d54b9,VR Aaron,Royal Challengers Bangalore,12,50,72,69.44,10.0,2,2,10,tail,6.8,19.8,45.9,24.2,C,D,C,B,Utility Player,5.75,0.96,,,,-0.28,0.28,0.04,,-0.36,-0.61,0.75,0.06,-0.24,6,-0.33,-0.54,0.0,0.29,0.26,Flat-Track Bully,0.33,False
e4a0deae,MJ Santner,Chennai Super Kings,19,110,104,105.77,13.75,6,6,8,lower_order,6.7,14.5,40.0,20.5,C,D,D,C+,Utility Player,2.89,0.53,,,,0.39,-0.39,0.3,0.32,0.46,-0.43,0.65,0.03,0.67,8,0.47,-1.75,0.0,0.68,-0.44,Tough-Track Star,-0.64,False
1a0c3177,P Awana,Kings XI Punjab,5,5,14,35.71,2.5,0,0,11,tail,6.6,9.1,4.8,6.8,D,D,D,D,Utility Player,2.8,1.0,,,,,,,,,-0.86,0.0,,,2,,,,,,,,True
c3d1402f,RP Singh,Deccan Chargers,28,52,76,68.42,3.71,2,1,10,tail,6.6,4.4,10.0,7.1,D,D,D,D,Utility Player,2.21,0.82,,,,-0.22,0.22,0.09,0.35,-0.41,-0.51,0.53,0.02,-0.32,14,-0.23,-2.46,0.0,0.5,0.24,Flat-Track Bully,0.14,False
aaa1b522,TL Suman,Deccan Chargers,39,676,575,117.57,21.12,55,26,3,top_order,6.6,9.5,44.2,20.7,C,D,D,C+,Utility Player,6.0,0.41,1.26,,1.26,-0.26,0.26,0.46,1.26,-0.14,-0.25,0.43,0.01,-0.44,12,0.03,-0.76,0.25,0.76,0.05,Conditions-Proof,-0.01,False
bb965e9a,PK Garg,Sunrisers Hyderabad,19,273,241,113.28,15.17,16,9,5,upper_middle,6.5,3.7,13.5,8.2,D,D,D,D,Utility Player,6.32,0.5,0.94,,0.94,-0.21,0.21,0.44,1.18,-0.08,-0.29,0.05,0.0,-0.53,8,0.05,-1.07,0.22,0.76,-0.01,Conditions-Proof,-0.03,False
cfad138c,CK Kapugedera,Chennai Super Kings,3,16,23,69.57,5.33,0,0,6,lower_middle,6.5,7.8,10.6,8.3,D,D,D,D,Utility Player,7.67,1.0,,,,,,,,,-0.67,0.0,,,1,,-1.42,0.0,1.0,,,,True
c995d726,CA Ingram,Delhi Capitals,15,205,180,113.89,17.08,22,5,5,upper_middle,6.3,7.8,27.1,14.0,D,D,D,C,Utility Player,3.87,0.32,0.77,,0.77,-0.14,0.14,0.37,0.66,-0.31,-0.22,0.11,0.01,,2,,-0.62,0.5,0.63,0.11,Conditions-Proof,0.32,False
b4f5c2d9,KL Nagarkoti,Kolkata Knight Riders,7,22,33,66.67,5.5,1,0,9,lower_order,6.2,7.6,10.6,8.2,D,D,D,D,Utility Player,4.14,0.88,,,,,,,,0.52,-0.59,0.08,,,3,,-2.42,0.0,0.29,,,,True
5b040b81,A Singh,Rajasthan Royals,5,2,10,20.0,0.5,0,0,9,lower_order,6.1,7.8,0.9,4.9,D,D,D,D,Utility Player,2.0,1.0,,,,,,,,,-0.84,0.0,,,3,,,,,,,,True
b2b50355,L Balaji,Chennai Super Kings,13,36,49,73.47,5.14,2,1,9,lower_order,5.7,7.9,3.6,5.8,D,D,D,D,Utility Player,3.46,0.92,,,,-0.33,0.33,0.06,0.19,-0.1,-0.49,0.15,0.01,,4,,,,,0.15,Conditions-Proof,0.11,False
30df8c66,Simarjeet Singh,Chennai Super Kings,6,10,15,66.67,3.33,0,0,9,lower_order,5.6,6.0,2.3,4.7,D,D,D,D,Utility Player,2.5,1.0,,,,,,,,0.75,-0.7,0.0,,,2,,,,,,,,True
d027ba9f,KS Williamson,Sunrisers Hyderabad,76,2132,1697,125.63,36.14,187,64,3,top_order,5.5,3.5,92.6,35.8,C+,D,D,A+,Classic Anchor,9.57,0.43,1.3,,1.3,-0.22,0.22,0.64,1.16,0.0,-0.28,1.35,0.02,-0.34,18,-0.1,-0.59,0.24,0.81,-0.01,Conditions-Proof,0.03,False
a97c8ec2,PWH de Silva,Royal Challengers Bangalore,19,81,88,92.05,5.4,7,1,8,lower_order,5.4,10.1,1.2,5.7,D,D,D,D,Utility Player,3.21,0.69,,,,0.12,-0.12,0.12,0.43,0.4,-0.5,0.18,0.01,-0.11,8,-0.31,-2.79,0.25,0.59,-0.22,Tough-Track Star,-0.31,False
245c97cb,TS Mills,Royal Challengers Bangalore,5,8,14,57.14,2.0,0,1,9,lower_order,5.4,10.6,0.5,5.5,D,D,D,D,Utility Player,2.4,0.86,,,,,,,,,-0.89,0.02,,,3,,,,,,,,True
57ee1fde,YS Chahal,Royal Challengers Bangalore,16,37,86,43.02,5.29,0,0,11,tail,5.3,3.2,33.5,14.1,D,D,D,C+,Utility Player,5.38,1.0,,,,-0.17,0.17,-0.03,-0.05,-0.58,-0.62,0.51,0.03,-0.03,10,-0.06,-2.58,0.0,0.45,0.01,Conditions-Proof,0.17,False
6b8eb6e5,S Sreesanth,Kings XI Punjab,12,34,55,61.82,8.5,6,0,10,tail,5.3,23.6,28.0,19.0,C,D,C,C,Utility Player,4.17,0.91,,,,0.19,-0.19,-0.06,0.22,-0.24,-0.75,0.53,0.04,0.48,5,0.19,-1.34,0.0,0.29,0.41,Flat-Track Bully,,False
0890552f,A Manohar,Gujarat Titans,20,292,235,124.26,15.37,23,14,7,lower_middle,5.3,31.0,11.3,16.2,C,D,C+,D,Utility Player,7.95,0.68,,,,-0.08,0.08,0.52,0.91,0.01,-0.37,0.32,0.02,-0.25,7,-0.09,-0.91,0.35,0.68,-0.35,Conditions-Proof,0.02,False
addbde6c,N Saini,Kings XI Punjab,10,140,141,99.29,14.0,16,0,3,top_order,5.3,2.1,9.3,5.7,D,D,D,D,Utility Player,4.4,0.31,1.01,,1.01,-0.26,0.26,0.15,0.34,-0.17,-0.35,0.0,0.0,,2,,-0.73,0.12,0.68,-0.12,Conditions-Proof,-0.56,False
d84378a4,M Kaif,Rajasthan Royals,22,259,250,103.6,14.39,22,6,5,upper_middle,5.2,6.4,6.2,6.2,D,D,D,D,Utility Player,7.23,0.64,,,,-0.05,0.05,0.18,0.37,-0.09,-0.32,0.04,0.0,0.1,7,-0.09,-1.22,0.2,0.74,0.15,Conditions-Proof,0.04,False
d7c6af50,DL Vettori,Royal Challengers Bangalore,16,121,113,107.08,15.12,11,2,7,lower_middle,5.1,2.5,56.3,21.5,C,D,D,B,Utility Player,4.88,0.69,,,,-0.12,0.12,0.35,0.58,0.54,-0.26,0.55,0.03,0.31,7,-0.06,-1.69,0.0,0.63,-0.19,Tough-Track Star,-0.64,False
e249fdaa,A Chopra,Kolkata Knight Riders,6,53,71,74.65,8.83,7,0,2,top_order,5.0,6.7,4.4,5.4,D,D,D,D,Utility Player,6.83,0.58,,,,,,,,0.4,-0.55,0.0,,,1,,-2.13,0.0,0.6,,,,True
efc04be7,Noor Ahmad,Chennai Super Kings,11,20,35,57.14,2.5,2,0,10,tail,5.0,9.7,2.1,5.6,D,D,D,D,Utility Player,2.0,0.63,,,,0.37,-0.37,-0.0,0.12,-0.22,-0.56,0.09,0.01,,4,,,,,-0.0,Conditions-Proof,-0.1,False
5bdcdb72,TM Dilshan,Delhi Daredevils,50,1153,1007,114.5,26.81,140,24,2,top_order,5.0,11.6,72.1,30.5,C+,D,D,B+,Accumulator,6.54,0.32,1.52,,1.52,-0.17,0.17,0.45,1.03,0.13,-0.3,0.73,0.01,-0.45,9,-0.22,-0.76,0.19,0.79,0.05,Conditions-Proof,0.11,False
acc1aeda,SP Jackson,Kolkata Knight Riders,8,61,57,107.02,10.17,5,1,6,lower_middle,5.0,7.5,7.5,6.8,D,D,D,D,Utility Player,6.25,0.88,,,,,,,,0.26,-0.43,0.0,,,2,,-0.3,0.0,1.0,,,,True
66b30f71,AB Dinda,Pune Warriors,16,26,48,54.17,2.6,2,0,11,tail,4.8,7.2,2.2,4.8,D,D,D,D,Utility Player,2.44,0.81,,,,0.01,-0.01,-0.07,-0.01,0.03,-0.66,0.21,0.01,0.02,9,0.0,-5.72,0.0,1.0,0.26,Flat-Track Bully,0.11,False
619aa81f,W Jaffer,Royal Challengers Bangalore,8,130,121,107.44,16.25,14,3,2,top_order,4.7,11.9,12.6,9.9,D,D,D,D,Utility Player,8.12,0.54,1.33,,1.33,,,,,0.12,-0.38,0.0,,,3,,-1.23,0.23,0.65,,,,True
4b57e452,M Vijay,Chennai Super Kings,105,2619,2149,121.87,26.19,247,91,1,top_order,4.7,5.7,78.3,31.4,C+,D,D,A,Strike Rotator,7.89,0.39,1.18,1.34,1.23,-0.14,0.14,0.49,1.17,0.07,-0.27,0.77,0.01,-0.46,24,-0.06,-0.73,0.21,0.85,0.03,Conditions-Proof,0.03,False
85e0cf10,M Prasidh Krishna,Kolkata Knight Riders,7,9,24,37.5,3.0,0,0,11,tail,4.6,6.1,18.9,9.9,D,D,D,C,Utility Player,3.43,1.0,,,,,,,,0.06,-0.74,0.23,,,4,,,,,,,,True
a818c1be,TA Boult,Rajasthan Royals,23,85,81,104.94,9.44,5,3,9,lower_order,4.5,6.4,41.4,17.5,C,D,D,C+,Utility Player,1.65,0.47,,,,-0.67,0.67,0.22,0.4,0.05,-0.44,0.66,0.03,-0.47,8,-0.48,0.2,0.5,0.29,-0.44,Tough-Track Star,-0.65,False
c38d3503,Shivam Mavi,Kolkata Knight Riders,11,51,56,91.07,5.67,4,2,9,lower_order,4.4,9.5,3.4,5.8,D,D,D,D,Utility Player,2.27,0.45,,,,,,0.01,0.02,0.29,-0.56,0.09,0.01,0.09,8,0.05,-2.14,0.0,0.29,-0.46,Tough-Track Star,-0.28,False
5d9a1a73,R Sharma,Pune Warriors,19,66,75,88.0,5.08,5,3,9,lower_order,4.3,7.1,0.7,4.1,D,D,D,D,Utility Player,2.63,0.67,,,,-0.45,0.45,0.09,0.65,-0.38,-0.57,0.13,0.01,-0.62,9,-0.41,-3.09,0.0,0.45,0.04,Conditions-Proof,-0.47,False
08548b13,PHKD Mendis,Sunrisers Hyderabad,5,92,69,133.33,23.0,7,2,5,upper_middle,4.3,3.2,27.2,11.7,D,D,D,C,Utility Player,5.4,0.39,,,,,,,,,-0.42,0.02,,,2,,0.27,0.5,0.56,,,,True
73ad96ed,DJ Hooda,Sunrisers Hyderabad,101,1497,1173,127.62,17.61,98,62,5,upper_middle,4.3,5.8,22.4,12.0,D,D,D,C,Utility Player,4.91,0.42,1.52,,1.52,-0.1,0.1,0.62,2.56,0.04,-0.29,0.28,0.0,0.18,34,0.04,-0.79,0.28,0.79,-0.05,Conditions-Proof,-0.11,False
6c6591ab,PP Ojha,Deccan Chargers,19,16,45,35.56,1.45,0,0,10,tail,4.2,3.1,3.2,3.5,D,D,D,D,Utility Player,2.26,0.96,,,,-0.28,0.28,-0.04,0.08,-0.15,-0.62,0.22,0.01,-0.17,8,-0.23,-1.97,0.0,1.0,-0.04,Conditions-Proof,-0.17,False
03806cf8,JR Hazlewood,Royal Challengers Bangalore,7,19,29,65.52,19.0,1,0,11,tail,4.2,6.4,69.7,26.8,C,D,D,B+,Utility Player,3.86,0.93,,,,,,,,0.01,-0.66,1.15,,,3,,,,,,,,True
f846de6a,MN Samuels,Pune Warriors,14,161,172,93.6,12.38,9,7,5,upper_middle,4.1,5.3,1.7,3.9,D,D,D,D,Utility Player,7.36,0.6,1.6,,1.6,-0.37,0.37,0.1,0.28,-0.23,-0.46,0.0,0.0,-0.21,5,-0.22,-1.09,0.23,0.69,-0.03,Conditions-Proof,0.12,False
5bb1a1c4,I Sharma,Kolkata Knight Riders,21,57,69,82.61,9.5,4,2,10,tail,4.1,6.9,31.8,14.4,D,D,D,C+,Utility Player,2.52,0.77,,,,-0.36,0.36,0.35,0.33,0.49,-0.54,0.58,0.03,-0.85,12,-0.81,,,,-0.08,Conditions-Proof,-0.27,False
2728e7e9,P Dogra,Rajasthan Royals,12,127,138,92.03,11.55,4,5,7,lower_middle,3.9,9.5,18.8,10.9,D,D,D,C,Utility Player,9.25,0.8,,,,,,0.12,0.16,0.04,-0.4,0.15,0.01,,2,,-0.85,0.12,0.7,0.44,Flat-Track Bully,0.31,False
df064e1a,Ravi Bishnoi,Lucknow Super Giants,16,45,66,68.18,4.5,2,2,9,lower_order,3.9,9.0,1.7,4.9,D,D,D,D,Utility Player,2.94,0.71,,,,-0.21,0.21,0.01,0.2,-0.19,-0.54,0.11,0.01,-0.13,9,-0.09,-1.98,0.0,0.29,0.02,Conditions-Proof,0.19,False
aedc3b7c,NS Naik,Kolkata Knight Riders,4,31,50,62.0,7.75,2,0,6,lower_middle,3.6,5.6,5.5,5.0,D,D,D,D,Utility Player,1.5,0.12,,,,,,,,,-0.73,0.0,,,2,,-1.8,0.0,0.47,,,,True
96fd40ae,A Nehra,Delhi Daredevils,17,41,62,66.13,5.86,3,1,10,tail,3.6,4.9,5.7,4.8,D,D,D,D,Utility Player,2.65,0.73,,,,0.04,-0.04,-0.09,0.1,0.41,-0.71,0.26,0.02,0.1,8,0.0,-1.97,0.0,0.29,-0.21,Tough-Track Star,-0.29,False
13c35c9e,TG Southee,Kolkata Knight Riders,19,120,107,112.15,9.23,8,4,9,lower_order,3.6,11.5,7.0,7.5,D,D,D,D,Utility Player,4.84,0.86,,,,0.0,-0.0,0.43,1.07,0.1,-0.58,0.31,0.02,-0.11,8,0.17,-0.78,0.25,0.59,0.16,Flat-Track Bully,0.36,False
d3a3e82d,AB Barath,Kings XI Punjab,3,42,42,100.0,21.0,5,1,1,top_order,3.5,18.1,35.3,19.0,C,D,C,C+,Utility Player,9.67,0.69,,,,,,,,,-0.37,0.1,,,1,,-0.4,0.33,0.49,,,,True
2e81a32d,B Kumar,Sunrisers Hyderabad,71,320,351,91.17,8.42,31,3,9,lower_order,3.5,3.6,16.1,8.1,D,D,D,C,Utility Player,3.9,0.79,,,,0.04,-0.04,0.23,1.35,0.14,-0.48,0.65,0.01,0.15,37,0.31,-1.34,0.05,0.74,-0.07,Conditions-Proof,-0.14,False
b0946605,AS Joseph,Gujarat Titans,5,27,32,84.38,27.0,3,0,10,tail,3.4,10.1,65.3,26.3,C,D,D,B+,Utility Player,3.8,0.59,,,,,,,,,-0.56,0.87,,,3,,0.2,1.0,1.0,,,,True
c69a7b5c,AS Raut,Rajasthan Royals,16,194,167,116.17,21.56,13,7,7,lower_middle,3.3,18.3,60.5,27.6,C,D,C,B+,Utility Player,4.31,0.41,,,,-0.04,0.04,0.42,0.81,0.47,-0.27,0.62,0.04,-0.65,6,-0.05,-0.62,0.38,0.7,-0.2,Tough-Track Star,-0.53,False
de4b0555,R Shukla,Delhi Daredevils,4,19,23,82.61,19.0,2,0,8,lower_order,3.1,6.9,48.3,19.5,C,D,D,B,Utility Player,3.25,0.57,,,,,,,,,-0.51,0.42,,,2,,,,,,,,True
3a60e0b5,WD Parnell,Pune Warriors,13,65,80,81.25,6.5,4,1,8,lower_order,2.9,7.5,10.5,7.1,D,D,D,D,Utility Player,5.15,0.84,,,,-0.42,0.42,0.1,0.17,0.22,-0.54,0.23,0.02,,4,,-1.45,0.2,0.58,-0.48,Tough-Track Star,-0.23,False
89f64c19,LMP Simmons,Mumbai Indians,29,1079,852,126.64,39.96,109,44,1,top_order,2.9,59.3,81.8,48.9,B,D,B,A,Classic Anchor,10.14,0.35,1.18,0.65,1.02,0.01,-0.01,0.35,1.03,-0.07,-0.29,1.3,0.04,,4,,-0.56,0.37,0.77,0.18,Flat-Track Bully,0.2,False
39086549,JR Philippe,Royal Challengers Bangalore,5,78,77,101.3,19.5,9,1,1,top_order,2.8,3.3,34.2,13.5,D,D,D,C+,Utility Player,11.4,0.74,,,,,,,,,-0.43,0.13,,,1,,-0.81,0.17,0.67,,,,True
b63e358a,RK Bhui,Sunrisers Hyderabad,4,10,26,38.46,2.5,0,0,1,top_order,2.8,3.2,0.3,2.1,D,D,D,D,Utility Player,4.25,0.65,,,,,,,,,-0.81,0.0,,,3,,-1.44,0.0,1.0,,,,True
7d415ea5,RT Ponting,Mumbai Indians,9,91,128,71.09,10.11,5,2,1,top_order,2.8,1.0,2.2,2.1,D,D,D,D,Utility Player,9.89,0.7,,,,,,,,-0.43,-0.63,0.0,,,1,,-1.83,0.0,0.72,,,,True
ad427b5c,Lalit Yadav,Delhi Capitals,21,305,290,105.17,19.06,27,7,6,lower_middle,2.7,1.2,50.0,18.3,C,D,D,B,Utility Player,8.29,0.6,1.9,,1.9,0.24,-0.24,0.27,0.36,0.4,-0.33,0.4,0.02,0.45,11,0.17,-0.71,0.32,0.75,-0.11,Conditions-Proof,-0.23,False
a1f1829d,K Goel,Kings XI Punjab,16,218,231,94.37,15.57,17,9,2,top_order,2.6,1.8,17.5,7.5,D,D,D,C,Utility Player,6.81,0.47,,,,-0.22,0.22,0.13,0.22,0.21,-0.44,0.08,0.01,-0.21,5,-0.22,-1.22,0.11,0.76,-0.12,Conditions-Proof,-0.02,False
3fb19989,MA Starc,Royal Challengers Bangalore,21,111,119,93.28,10.09,11,0,9,lower_order,2.5,2.6,51.7,19.1,C,D,D,B,Utility Player,3.95,0.7,,,,-0.08,0.08,0.18,0.39,0.09,-0.5,0.66,0.03,-0.18,9,-0.25,-1.46,0.14,0.66,-0.16,Conditions-Proof,0.03,False
605b7efa,MC Juneja,Delhi Daredevils,7,125,128,97.66,17.86,11,1,4,upper_middle,2.3,1.8,38.3,14.3,D,D,D,C+,Utility Player,4.43,0.24,1.02,,1.02,,,,,-0.37,-0.27,0.16,,,2,,-0.69,0.27,0.68,,,,True
725529bc,SC Ganguly,Kolkata Knight Riders,56,1349,1263,106.81,25.45,137,42,3,top_order,2.2,2.2,66.7,24.8,C,D,D,B+,Utility Player,8.07,0.36,1.05,,1.05,-0.01,0.01,0.34,0.76,-0.06,-0.33,0.53,0.01,0.04,9,0.07,-1.17,0.13,0.8,0.04,Conditions-Proof,-0.0,False
86dc8f2e,JH Kallis,Kolkata Knight Riders,95,2427,2222,109.23,28.89,255,44,1,top_order,2.1,1.3,87.8,32.2,C+,D,D,A+,Classic Anchor,7.46,0.32,1.38,,1.38,-0.0,0.0,0.29,0.38,-0.05,-0.29,0.93,0.01,-0.15,17,0.06,-0.94,0.1,0.85,0.12,Conditions-Proof,0.08,False
dded65e7,IR Jaggi,Deccan Chargers,7,76,97,78.35,15.2,6,0,5,upper_middle,2.0,1.5,24.3,9.4,D,D,D,C,Utility Player,8.29,0.6,,,,,,,,0.54,-0.45,0.04,,,1,,-1.55,0.12,0.61,,,,True
94253925,GH Vihari,Sunrisers Hyderabad,23,284,321,88.47,14.2,23,1,3,top_order,1.9,0.4,26.3,9.8,D,D,D,C,Utility Player,9.61,0.69,1.13,,1.13,0.08,-0.08,0.24,0.35,0.14,-0.35,0.17,0.01,-0.1,7,-0.28,-1.63,0.0,0.71,-0.27,Tough-Track Star,-0.12,False
9fc0ef64,PJ Sangwan,Delhi Daredevils,14,26,44,59.09,3.25,1,0,8,lower_order,1.9,3.3,1.4,2.2,D,D,D,D,Utility Player,3.07,0.98,,,,-0.18,0.18,-0.02,-0.05,-0.5,-0.63,0.0,0.0,-0.06,5,-0.06,-1.97,0.0,1.0,0.04,Conditions-Proof,-0.02,False
c15e2193,FY Fazal,Rajasthan Royals,11,183,173,105.78,18.3,22,1,3,top_order,1.8,1.2,45.6,16.4,C,D,D,B,Utility Player,7.36,0.47,,,,,,0.19,0.2,-0.16,-0.34,0.3,0.03,,3,,-0.59,0.17,0.72,-0.39,Tough-Track Star,-0.47,False
759ac88f,MM Sharma,Kings XI Punjab,30,125,136,91.91,7.35,9,4,9,lower_order,1.7,1.6,0.1,1.3,D,D,D,D,Utility Player,2.13,0.47,,,,-0.03,0.03,0.26,0.96,0.42,-0.76,0.01,0.0,0.06,13,-0.05,-1.83,0.33,0.47,-0.1,Conditions-Proof,-0.05,False
0c94f480,UBT Chand,Delhi Daredevils,20,300,300,100.0,15.0,32,9,3,top_order,1.6,4.3,1.6,2.8,D,D,D,D,Utility Player,5.4,0.36,3.0,,3.0,0.21,-0.21,0.09,0.21,-0.08,-0.44,0.0,0.0,0.01,6,-0.04,-1.45,0.14,0.76,0.27,Flat-Track Bully,0.13,False
9d80c5e1,S Nadeem,Delhi Daredevils,20,39,87,44.83,2.79,2,0,9,lower_order,1.4,3.1,0.3,1.7,D,D,D,D,Utility Player,3.7,0.85,,,,0.17,-0.17,-0.15,-0.11,0.56,-0.73,0.02,0.0,0.11,13,0.19,-3.15,0.0,0.45,0.38,Flat-Track Bully,0.21,False
2a2e6343,DT Christian,Deccan Chargers,41,460,398,115.58,14.84,23,19,6,lower_middle,1.4,0.8,16.9,6.8,D,D,D,C,Utility Player,5.51,0.57,,,,-0.04,0.04,0.49,1.33,0.04,-0.4,0.2,0.0,0.02,11,-0.03,-1.2,0.22,0.73,0.09,Conditions-Proof,0.42,False
5afd4539,MS Bisla,Kolkata Knight Riders,39,798,702,113.68,21.0,93,23,1,top_order,1.4,1.7,37.2,14.1,D,D,D,C+,Utility Player,7.28,0.4,1.34,,1.34,-0.09,0.09,0.32,0.61,-0.23,-0.34,0.26,0.01,0.3,8,0.16,-1.08,0.17,0.78,0.18,Flat-Track Bully,0.2,False
d4f9dbd4,CA Pujara,Royal Challengers Bangalore,22,390,391,99.74,20.53,50,4,1,top_order,1.3,1.1,48.0,17.2,C,D,D,B,Utility Player,9.09,0.51,1.25,,1.25,-0.03,0.03,0.23,0.58,-0.25,-0.34,0.32,0.01,0.28,5,0.1,-1.13,0.06,0.78,-0.08,Conditions-Proof,-0.12,False
de8cce37,VVS Laxman,Deccan Chargers,20,282,267,105.62,14.84,33,5,2,top_order,1.3,2.8,5.3,3.4,D,D,D,D,Utility Player,5.75,0.43,1.1,,1.1,0.18,-0.18,0.13,0.17,0.01,-0.43,0.0,0.0,,2,,-0.88,0.28,0.71,0.11,Conditions-Proof,0.29,False
8291f939,AL Menaria,Rajasthan Royals,23,401,356,112.64,19.1,24,18,4,upper_middle,1.0,9.4,30.2,13.9,D,D,D,C+,Utility Player,5.65,0.37,,,,0.13,-0.13,0.28,0.69,-0.03,-0.24,0.18,0.01,-0.11,5,-0.06,-0.95,0.16,0.78,-0.42,Tough-Track Star,-0.11,False
bd54eef5,N Jagadeesan,Kolkata Knight Riders,10,162,147,110.2,18.0,21,2,4,upper_middle,1.0,5.1,4.6,3.8,D,D,D,D,Utility Player,5.8,0.39,,,,,,0.06,0.1,-0.17,-0.46,0.0,0.0,,4,,-0.69,0.3,0.65,-0.06,Conditions-Proof,-0.05,False
c42aaf71,M Manhas,Pune Warriors,38,514,470,109.36,22.35,43,10,6,lower_middle,0.9,0.9,71.0,24.8,C,D,D,B+,Accumulator,5.08,0.41,0.61,,0.61,-0.03,0.03,0.36,0.87,-0.13,-0.28,0.67,0.02,-0.05,13,-0.12,-0.88,0.21,0.76,0.04,Conditions-Proof,0.08,False
7ca5e05d,RS Bopara,Kings XI Punjab,22,531,453,117.22,29.5,39,16,1,top_order,0.8,0.3,73.0,25.2,C,D,D,B+,Accumulator,15.09,0.73,1.23,,1.23,0.09,-0.09,0.17,0.31,0.35,-0.34,0.74,0.03,-0.03,7,0.09,-0.76,0.29,0.79,0.25,Flat-Track Bully,0.23,False
4ae1755b,HC Brook,Sunrisers Hyderabad,11,190,154,123.38,21.11,23,4,1,top_order,0.7,3.0,13.3,5.9,D,D,D,D,Utility Player,4.64,0.33,0.58,1.62,0.89,-0.14,0.14,0.13,0.33,0.24,-0.4,0.01,0.0,,3,,-0.63,0.27,0.66,-0.19,Tough-Track Star,-0.21,False
7dc35884,Shakib Al Hasan,Kolkata Knight Riders,52,795,639,124.41,19.39,73,21,5,upper_middle,0.5,2.5,50.2,18.4,C,D,D,B,Utility Player,5.21,0.42,1.08,,1.08,-0.01,0.01,0.49,0.92,-0.18,-0.31,0.3,0.01,-0.27,14,-0.17,-0.84,0.32,0.78,-0.04,Conditions-Proof,-0.08,False
c654af19,R McLaren,Mumbai Indians,13,159,171,92.98,19.88,14,1,7,lower_middle,0.5,0.1,58.1,19.8,C,D,D,B,Utility Player,4.08,0.31,2.69,,2.69,-0.08,0.08,0.09,0.19,-0.14,-0.51,0.5,0.04,,4,,-0.46,0.09,0.73,0.47,Flat-Track Bully,0.56,False
c3a96caf,Mandeep Singh,Kings XI Punjab,97,1706,1388,122.91,21.06,176,38,2,top_order,0.4,0.3,29.2,11.2,D,D,D,C,Utility Player,5.05,0.35,1.2,,1.2,0.03,-0.03,0.38,0.78,0.11,-0.34,0.25,0.0,-0.1,22,-0.1,-0.73,0.26,0.81,-0.03,Conditions-Proof,0.04,False
541f85c9,SP Goswami,Rajasthan Royals,21,293,295,99.32,14.65,32,3,2,top_order,0.2,0.5,2.0,1.2,D,D,D,D,Utility Player,4.38,0.31,1.14,,1.14,-0.22,0.22,0.14,0.34,0.23,-0.5,0.0,0.0,,3,,-1.0,0.17,0.78,-0.41,Tough-Track Star,-0.56,False
72861603,GC Smith,Rajasthan Royals,29,739,668,110.63,28.42,94,9,1,top_order,0.1,0.8,61.4,21.4,C,D,D,B+,Utility Player,8.03,0.35,1.52,,1.52,-0.25,0.25,0.26,0.42,-0.51,-0.42,0.47,0.02,,3,,-0.79,0.26,0.78,0.37,Flat-Track Bully,0.16,False
