bowler_id,bowler,country,matches,total_overs,total_wickets,career_economy,career_sr_bowl,phase_group,score_accuracy,score_control,score_threat,overall_score,overall_grade,grade_accuracy,grade_control,grade_threat,archetype,avg_wicket_quality_mean,bowled_lbw_pct,peak_composite_bowling,peak_window_composite,flat_track_index_bowl,war_bowling,war_bowling_rate,clutch_index_bowl,pressure_spells,avg_dominance_bowl,pct_dominant_bowl,bowl_first_index,bowl_second_index,condition_dependence_index_bowl,condition_dependence_tag_bowl,condition_spread_bowl,is_provisional_bowl
a12e1d51,SL Malinga,Mumbai Indians,122,471.17,188,7.4,15.04,pp_heavy,99.6,98.7,98.2,100.0,S,S,S,S,Death Specialist,0.85,0.39,0.73,1.03,-0.04,3.5,0.03,-0.19,15,-1.19,0.89,-0.04,0.04,0.04,Conditions-Proof,0.03,False
8fd1a8f5,DW Steyn,Sunrisers Hyderabad,95,363.67,105,7.1,20.78,pp_heavy,99.5,98.5,81.3,94.6,A+,S,S,A,Death Specialist,0.72,0.3,0.75,0.75,0.05,3.0,0.03,0.1,23,-1.11,0.85,0.09,-0.09,-0.07,Conditions-Proof,-0.05,False
4ba44e19,M Muralitharan,Chennai Super Kings,66,254.67,67,6.93,22.81,middle_heavy,99.3,99.1,91.5,98.1,S,S,S,A+,Death Specialist,0.77,0.33,0.85,0.92,-0.21,2.93,0.04,0.03,6,-1.08,0.87,-0.14,0.14,0.06,Conditions-Proof,0.05,False
462411b3,JJ Bumrah,Mumbai Indians,145,559.83,203,7.43,16.55,death_heavy,99.1,94.4,97.8,98.5,S,S,A+,S,Death Specialist,0.77,0.32,0.94,1.6,0.09,3.93,0.03,-0.36,20,-1.08,0.83,0.09,-0.09,0.14,Conditions-Proof,0.08,False
9d430b40,SP Narine,Kolkata Knight Riders,187,725.17,212,6.93,20.52,middle_heavy,98.9,99.8,96.7,99.9,S,S,S,S,Death Specialist,0.79,0.37,1.05,1.0,-0.03,3.67,0.02,-0.09,16,-0.94,0.83,-0.05,0.05,-0.03,Conditions-Proof,0.0,False
bd17b45f,STR Binny,Rajasthan Royals,63,99.0,28,7.71,21.21,middle_heavy,98.4,98.4,77.0,92.6,A+,S,S,A,Death Specialist,0.45,0.25,0.24,0.31,-0.16,2.54,0.04,-0.14,6,-0.58,0.69,0.21,-0.21,-0.04,Conditions-Proof,-0.08,False
0c2730df,A Kumble,Royal Challengers Bangalore,42,160.83,49,6.77,19.69,middle_heavy,98.0,97.6,93.6,97.7,S,S,S,A+,Death Specialist,0.79,0.24,0.91,0.5,0.0,2.99,0.07,0.06,7,-1.15,0.83,-0.0,0.0,-0.22,Flat-Track Leaker,-0.15,False
91a4a398,Z Khan,Royal Challengers Bangalore,99,366.67,119,7.8,18.49,pp_heavy,97.6,98.2,83.8,94.5,A+,S,S,A,Death Specialist,0.91,0.26,0.63,0.62,-0.12,2.88,0.03,-0.1,10,-0.89,0.83,0.05,-0.05,0.07,Conditions-Proof,0.01,False
bb18be76,SK Warne,Rajasthan Royals,54,199.0,60,7.36,19.9,middle_heavy,97.5,94.6,88.4,94.8,A+,S,A+,A+,Death Specialist,0.83,0.2,0.53,0.35,0.27,2.42,0.04,-0.23,8,-0.98,0.79,-0.15,0.15,-0.01,Conditions-Proof,0.02,False
8b5b6769,Harbhajan Singh,Mumbai Indians,160,569.33,161,7.2,21.22,middle_heavy,97.1,96.6,93.8,97.0,S,S,S,A+,Death Specialist,0.76,0.23,0.64,0.62,-0.02,3.05,0.02,-0.2,13,-0.93,0.85,-0.07,0.07,0.03,Conditions-Proof,-0.01,False
abfeb126,M Kartik,Kolkata Knight Riders,55,191.5,39,7.4,29.46,middle_heavy,96.7,93.5,48.1,80.6,A,S,A+,B,Spin Restrictor,0.69,0.18,0.4,0.5,-0.04,2.01,0.04,-0.15,11,-0.62,0.76,-0.04,0.04,0.12,Conditions-Proof,0.06,False
1dc12ab9,SK Raina,Chennai Super Kings,69,151.33,30,7.53,30.27,middle_heavy,96.6,97.1,36.3,77.9,A,S,S,C+,Spin Restrictor,0.39,0.17,0.18,0.6,-0.14,2.13,0.03,-0.07,14,-0.66,0.83,-0.36,0.36,-0.02,Conditions-Proof,-0.09,False
5d9a1a73,R Sharma,Pune Warriors,44,154.67,42,7.11,22.1,middle_heavy,95.9,95.9,88.5,94.5,A+,S,S,A+,Death Specialist,0.89,0.38,0.64,0.67,-0.1,2.49,0.06,0.05,7,-0.82,0.77,0.42,-0.42,-0.24,Flat-Track Leaker,-0.24,False
f0f628c7,MM Patel,Mumbai Indians,63,225.83,82,7.67,16.52,pp_heavy,95.8,95.1,94.2,96.1,S,S,S,A+,Death Specialist,0.8,0.2,0.49,0.45,0.15,2.67,0.04,-0.06,9,-0.76,0.73,0.08,-0.08,-0.13,Conditions-Proof,-0.08,False
32198ae0,MC Henriques,Sunrisers Hyderabad,60,158.33,46,8.22,20.65,middle_heavy,95.6,96.2,88.9,94.7,A+,S,S,A+,Death Specialist,0.67,0.13,0.13,0.67,0.06,2.44,0.04,0.09,12,-0.55,0.67,-0.2,0.2,0.11,Conditions-Proof,-0.0,False
6b19d823,A Mishra,Delhi Daredevils,162,561.83,183,7.46,18.42,middle_heavy,95.3,98.0,95.6,97.6,S,S,S,S,Death Specialist,0.82,0.22,0.62,1.01,-0.09,3.08,0.02,-0.01,23,-1.03,0.85,-0.05,0.05,0.0,Conditions-Proof,0.02,False
7dc35884,Shakib Al Hasan,Kolkata Knight Riders,70,247.33,71,7.54,20.9,middle_heavy,95.1,95.5,84.2,92.6,A+,S,S,A,Death Specialist,0.86,0.24,0.47,0.62,-0.07,2.39,0.03,0.09,5,-0.87,0.81,0.34,-0.34,-0.03,Conditions-Proof,-0.03,False
33a364a6,R Bhatia,Kolkata Knight Riders,91,272.67,82,7.55,19.95,middle_heavy,94.9,96.4,82.0,92.2,A+,A+,S,A,Death Specialist,0.67,0.3,0.28,0.23,0.03,2.46,0.03,-0.11,12,-0.7,0.75,0.16,-0.16,-0.02,Conditions-Proof,-0.08,False
c404f58a,DP Nannes,Delhi Daredevils,29,107.67,38,7.57,17.0,pp_heavy,94.2,92.1,83.3,90.8,A+,A+,A+,A,Death Specialist,0.9,0.18,0.75,0.58,0.11,2.68,0.09,,1,-0.89,0.78,0.01,-0.01,-0.06,Conditions-Proof,-0.11,False
8d2c70ad,Kuldeep Yadav,Delhi Capitals,96,344.0,106,8.15,19.47,middle_heavy,94.2,98.9,92.2,96.5,S,A+,S,A+,Death Specialist,0.76,0.19,0.71,0.68,0.07,2.76,0.03,0.0,5,-0.61,0.74,-0.1,0.1,-0.07,Conditions-Proof,-0.06,False
d7c6af50,DL Vettori,Royal Challengers Bangalore,34,129.5,34,6.9,22.85,middle_heavy,94.1,93.8,82.2,90.9,A+,A+,A+,A,Death Specialist,0.8,0.32,0.84,0.78,0.19,2.44,0.07,,3,-0.66,0.72,0.28,-0.28,0.28,Tough-Track Enforcer,0.33,False
dd09ff8e,B Lee,Kolkata Knight Riders,38,145.83,30,7.72,29.17,pp_heavy,94.0,91.0,4.6,64.1,B+,A+,A+,D,Spin Restrictor,0.74,0.2,0.23,0.83,-0.08,1.69,0.04,-0.08,6,-0.67,0.78,0.01,-0.01,-0.24,Flat-Track Leaker,-0.11,False
acee4cc4,Imran Tahir,Chennai Super Kings,59,219.33,86,7.88,15.3,middle_heavy,94.0,94.7,99.8,97.6,S,A+,A+,S,Death Specialist,0.89,0.27,0.63,0.63,-0.03,2.7,0.05,-0.13,7,-0.99,0.83,-0.1,0.1,-0.02,Conditions-Proof,0.02,False
5b7ab5a9,CV Varun,Kolkata Knight Riders,83,314.67,102,7.73,18.51,middle_heavy,93.5,92.9,99.3,96.7,S,A+,A+,S,Death Specialist,0.84,0.33,0.79,0.55,-0.05,2.73,0.03,-0.15,7,-0.92,0.81,-0.16,0.16,-0.19,Conditions-Proof,-0.04,False
6c6591ab,PP Ojha,Deccan Chargers,90,316.5,99,7.58,19.18,middle_heavy,93.3,90.9,93.3,93.3,A+,A+,A+,A+,Death Specialist,0.8,0.2,0.47,0.32,0.05,2.49,0.03,-0.09,11,-0.85,0.83,0.02,-0.02,-0.05,Conditions-Proof,-0.03,False
96fd40ae,A Nehra,Delhi Daredevils,88,318.0,121,7.98,15.77,pp_heavy,93.1,93.3,96.0,95.2,S,A+,A+,S,Death Specialist,0.91,0.23,0.52,0.36,0.06,2.71,0.03,-0.08,12,-0.86,0.74,0.04,-0.04,-0.04,Conditions-Proof,-0.05,False
3d7e087f,SK Trivedi,Rajasthan Royals,75,251.0,73,7.75,20.63,middle_heavy,92.9,84.6,75.3,85.1,A+,A+,A,A,Death Specialist,0.7,0.23,0.2,0.15,-0.08,2.06,0.03,-0.04,11,-0.73,0.79,-0.2,0.2,0.04,Conditions-Proof,0.02,False
5fa06777,IK Pathan,Delhi Daredevils,101,340.5,99,7.96,20.64,pp_heavy,92.7,95.8,64.4,85.4,A+,A+,S,B+,Utility Player,0.76,0.28,0.41,1.04,-0.01,2.41,0.02,0.03,20,-0.8,0.75,0.17,-0.17,0.07,Conditions-Proof,0.05,False
3c6ffae8,YK Pathan,Kolkata Knight Riders,82,191.17,46,7.55,24.93,middle_heavy,92.2,94.0,74.4,87.8,A+,A+,A+,B+,Death Specialist,0.51,0.33,0.17,0.51,-0.04,2.22,0.03,-0.11,8,-0.63,0.76,-0.07,0.07,0.06,Conditions-Proof,-0.06,False
e938e1bc,P Kumar,Kings XI Punjab,119,420.67,102,7.94,24.75,pp_heavy,91.8,90.2,35.6,73.2,B+,A+,A+,C+,Spin Restrictor,0.73,0.19,0.34,0.46,0.12,2.1,0.02,0.0,24,-0.82,0.81,-0.0,0.0,0.12,Conditions-Proof,0.14,False
2e171977,AR Patel,Delhi Capitals,160,553.5,137,7.48,24.24,middle_heavy,91.3,96.9,78.6,90.1,A+,A+,S,A,Death Specialist,0.75,0.32,0.75,0.86,0.01,2.62,0.02,0.02,13,-0.69,0.78,-0.06,0.06,-0.06,Conditions-Proof,-0.02,False
0a8fce53,Mustafizur Rahman,Sunrisers Hyderabad,60,227.33,74,8.27,18.43,death_heavy,90.9,73.1,79.9,81.9,A,A+,B+,A,Powerplay Enforcer,0.79,0.16,0.52,1.11,-0.05,2.44,0.04,-0.33,10,-0.69,0.7,0.28,-0.28,0.05,Conditions-Proof,-0.01,False
7c503806,J Botha,Rajasthan Royals,34,115.67,27,7.07,25.7,middle_heavy,90.8,78.8,63.5,78.3,A,A+,A,B+,Utility Player,0.73,0.48,0.15,0.42,-0.22,1.79,0.05,0.28,8,-0.67,0.76,-0.29,0.29,-0.35,Flat-Track Leaker,-0.48,False
56ab442f,NM Coulter-Nile,Delhi Daredevils,38,142.83,52,7.88,16.48,pp_heavy,90.8,81.0,68.1,80.5,A,A+,A,B+,Utility Player,0.78,0.21,0.43,0.53,0.03,1.94,0.05,-0.24,8,-0.76,0.81,0.45,-0.45,-0.13,Conditions-Proof,-0.2,False
85aae393,Iqbal Abdulla,Kolkata Knight Riders,48,153.33,45,7.34,20.44,middle_heavy,90.7,94.4,88.3,92.1,A+,A+,A+,A+,Death Specialist,0.74,0.24,0.5,0.61,-0.1,2.22,0.05,-0.03,8,-0.91,0.77,0.04,-0.04,0.05,Conditions-Proof,0.1,False
5bb5a915,M Morkel,Delhi Daredevils,70,271.5,88,7.87,18.51,pp_heavy,90.7,92.6,86.6,90.7,A+,A+,A+,A+,Death Specialist,0.92,0.22,0.52,0.3,-0.06,2.36,0.03,-0.29,6,-0.77,0.78,-0.02,0.02,0.23,Tough-Track Enforcer,0.09,False
b681e71e,GJ Maxwell,Kings XI Punjab,85,170.33,45,8.35,22.71,middle_heavy,90.0,96.7,92.0,94.1,A+,A+,S,A+,Death Specialist,0.54,0.31,0.22,0.52,0.14,2.54,0.03,-0.03,10,-0.43,0.66,0.01,-0.01,0.01,Conditions-Proof,-0.03,False
5f547c8b,Rashid Khan,Sunrisers Hyderabad,136,533.67,166,7.24,19.29,middle_heavy,89.8,92.7,92.9,92.6,A+,A+,A+,A+,Death Specialist,0.92,0.46,0.98,0.93,-0.14,2.61,0.02,0.1,9,-1.0,0.87,-0.02,0.02,-0.05,Conditions-Proof,-0.04,False
86dc8f2e,JH Kallis,Kolkata Knight Riders,89,290.33,74,8.09,23.54,middle_heavy,89.5,80.6,76.8,82.8,A,A+,A,A,Death Specialist,0.69,0.32,0.14,0.14,0.13,2.01,0.02,-0.05,12,-0.66,0.72,-0.21,0.21,-0.12,Conditions-Proof,0.01,False
4329fbb5,SR Watson,Rajasthan Royals,105,338.17,107,8.11,18.96,pp_heavy,89.3,91.3,53.5,78.7,A,A+,A+,B,Spin Restrictor,0.72,0.17,0.39,0.5,0.0,2.16,0.02,-0.12,12,-0.75,0.78,0.02,-0.02,0.04,Conditions-Proof,0.0,False
b2b50355,L Balaji,Kolkata Knight Riders,73,252.0,85,8.27,17.79,middle_heavy,88.9,70.8,87.7,82.9,A,A+,B+,A+,Powerplay Enforcer,0.8,0.24,0.1,0.52,0.02,1.96,0.03,-0.26,10,-0.67,0.74,0.15,-0.15,-0.06,Conditions-Proof,-0.05,False
05c2ca46,RE van der Merwe,Royal Challengers Bangalore,21,73.83,25,6.98,17.72,middle_heavy,88.6,84.3,82.2,85.4,A+,A+,A,A,Death Specialist,1.01,0.36,0.55,0.68,-0.08,2.11,0.1,-0.09,6,-0.9,0.84,-0.07,0.07,-0.01,Conditions-Proof,,False
495d42a5,R Ashwin,Chennai Super Kings,217,785.0,205,7.29,22.98,middle_heavy,88.6,89.8,76.6,85.5,A+,A+,A+,A,Death Specialist,0.8,0.23,0.73,0.95,-0.01,2.44,0.01,0.06,21,-0.86,0.82,-0.09,0.09,-0.07,Conditions-Proof,-0.02,False
2e8994e7,JP Duminy,Delhi Daredevils,49,113.0,23,7.5,29.48,middle_heavy,88.2,91.5,54.5,78.7,A,A+,A+,B,Spin Restrictor,0.45,0.3,0.21,0.6,-0.16,1.79,0.04,-0.04,11,-0.64,0.72,-0.07,0.07,-0.07,Conditions-Proof,-0.07,False
1c914163,Yuvraj Singh,Kings XI Punjab,73,144.83,39,7.53,22.28,middle_heavy,88.2,92.0,54.3,78.9,A,A+,A+,B,Spin Restrictor,0.37,0.28,0.05,0.43,-0.04,1.9,0.03,0.17,14,-0.86,0.77,-0.21,0.21,-0.13,Conditions-Proof,-0.2,False
e4a0deae,MJ Santner,Chennai Super Kings,31,100.5,26,7.4,23.19,middle_heavy,88.0,91.2,75.3,85.5,A+,A+,A+,A,Death Specialist,0.79,0.15,0.83,0.92,0.25,2.03,0.07,,2,-0.93,0.76,0.19,-0.19,-0.14,Conditions-Proof,-0.11,False
ab89348d,MF Maharoof,Delhi Daredevils,20,70.0,33,7.6,12.73,pp_heavy,87.9,86.2,90.1,88.6,A+,A+,A+,A+,Death Specialist,0.89,0.21,0.79,0.55,-0.17,2.43,0.12,,4,-0.86,0.82,0.18,-0.18,0.0,Conditions-Proof,-0.08,False
88fccd6c,SM Pollock,Mumbai Indians,13,46.0,13,6.67,21.23,pp_heavy,87.8,86.8,70.2,81.9,A,A+,A+,B+,Death Specialist,0.83,0.08,0.91,0.64,0.32,2.35,0.18,,0,-1.05,0.76,0.41,-0.41,-0.21,Flat-Track Leaker,-0.12,False
87e562a9,DJ Bravo,Chennai Super Kings,158,520.0,207,8.53,15.07,middle_heavy,87.8,77.1,94.7,87.5,A+,A+,A,A+,Death Specialist,0.81,0.14,0.22,0.1,0.06,2.41,0.02,-0.11,24,-0.83,0.76,-0.04,0.04,0.0,Conditions-Proof,0.06,False
12eddf28,RJ Harris,Kings XI Punjab,37,138.67,47,7.82,17.7,pp_heavy,87.6,87.6,81.2,85.7,A+,A+,A+,A,Death Specialist,0.79,0.26,0.47,0.13,-0.1,2.08,0.06,-0.33,7,-0.96,0.8,0.15,-0.15,-0.03,Conditions-Proof,-0.0,False
db584dad,CH Gayle,Royal Challengers Bangalore,38,92.33,19,8.18,29.16,middle_heavy,87.5,83.2,33.7,68.4,B+,A+,A,C+,Spin Restrictor,0.36,0.37,-0.08,0.63,0.08,1.56,0.04,-0.15,6,-0.59,0.7,-0.15,0.15,0.23,Tough-Track Enforcer,0.4,False
66b30f71,AB Dinda,Kolkata Knight Riders,75,252.67,82,8.32,18.49,pp_heavy,87.5,80.9,61.5,76.9,A,A+,A,B+,Utility Player,0.8,0.21,0.24,0.8,0.19,1.94,0.03,-0.05,17,-0.62,0.71,-0.16,0.16,-0.01,Conditions-Proof,-0.01,False
557153ca,KK Cooper,Rajasthan Royals,25,96.0,36,8.22,16.0,death_heavy,87.4,67.2,78.8,78.0,A,A+,B+,A,Powerplay Enforcer,0.8,0.33,0.41,0.42,-0.03,2.2,0.09,,2,-0.55,0.58,-0.42,0.42,0.13,Conditions-Proof,-0.13,False
ee7d0c82,GD McGrath,Delhi Daredevils,14,54.0,14,6.78,23.14,pp_heavy,87.4,89.3,57.9,78.6,A,A+,A+,B,Utility Player,0.87,0.14,1.21,1.08,0.0,2.38,0.17,,1,-1.15,0.8,-0.3,0.3,0.16,Tough-Track Enforcer,0.15,False
5b8c830e,KH Pandya,Mumbai Indians,132,399.67,97,7.57,24.72,middle_heavy,86.9,93.1,73.7,85.4,A+,A+,A+,B+,Death Specialist,0.55,0.22,0.46,0.34,0.0,2.24,0.02,-0.27,8,-0.65,0.8,0.18,-0.18,-0.03,Conditions-Proof,-0.05,False
99b202b3,A Chandila,Rajasthan Royals,12,39.0,11,6.28,21.27,pp_heavy,86.7,88.1,60.4,78.7,A,A+,A+,B+,Utility Player,0.7,0.0,0.89,0.82,0.2,2.28,0.19,,2,-0.96,0.82,-0.36,0.36,-0.44,Flat-Track Leaker,-0.18,False
64d43928,Sohail Tanvir,Rajasthan Royals,11,41.17,24,6.68,10.29,pp_heavy,86.7,84.2,88.1,86.6,A+,A+,A,A+,Death Specialist,0.68,0.46,1.06,0.75,-0.15,2.84,0.26,,2,-0.96,0.69,-0.17,0.17,-0.1,Conditions-Proof,0.04,False
81049310,J Yadav,Delhi Daredevils,20,65.0,9,6.88,43.33,middle_heavy,86.6,75.6,29.2,64.0,B+,A+,A,C,Spin Restrictor,0.54,0.22,0.27,0.52,-0.07,1.44,0.07,0.04,5,-0.73,0.8,-0.14,0.14,0.14,Conditions-Proof,0.11,False
c3d1402f,RP Singh,Deccan Chargers,82,295.83,100,8.17,17.75,pp_heavy,86.4,80.4,80.4,82.5,A,A+,A,A,Death Specialist,0.81,0.3,0.34,0.38,0.02,2.07,0.03,-0.22,8,-0.95,0.79,0.1,-0.1,0.06,Conditions-Proof,0.07,False
9d80c5e1,S Nadeem,Delhi Daredevils,70,235.83,54,7.63,26.2,middle_heavy,86.0,89.3,59.7,78.8,A,A+,A+,B,Utility Player,0.75,0.24,0.45,0.62,-0.08,1.84,0.03,-0.08,5,-0.64,0.82,0.19,-0.19,-0.0,Conditions-Proof,0.03,False
45c2196c,DE Bollinger,Chennai Super Kings,27,96.0,43,7.46,13.4,pp_heavy,85.8,89.4,91.1,89.4,A+,A+,A+,A+,Death Specialist,0.83,0.21,0.56,0.53,-0.25,2.37,0.09,-0.56,8,-0.86,0.79,0.41,-0.41,0.47,Tough-Track Enforcer,0.39,False
c3d35165,JA Morkel,Chennai Super Kings,87,287.17,96,8.39,17.95,pp_heavy,85.1,74.2,68.8,76.0,A,A+,B+,B+,Utility Player,0.85,0.25,0.14,0.03,-0.13,1.88,0.02,-0.29,13,-0.79,0.8,0.2,-0.2,0.03,Conditions-Proof,-0.03,False
7f048519,DJ Willey,Royal Challengers Bangalore,11,36.0,7,7.69,30.86,pp_heavy,84.7,87.4,51.6,74.8,B+,A,A+,B,Spin Restrictor,0.55,0.43,0.77,1.17,0.41,2.08,0.19,,0,-0.55,0.73,,,-0.47,Flat-Track Leaker,-0.34,False
af7dadf7,B Akhil,Royal Challengers Bangalore,13,31.33,7,7.85,26.86,middle_heavy,83.9,79.2,48.1,70.4,B+,A,A,B,Spin Restrictor,0.5,0.14,0.34,0.11,0.48,1.61,0.12,,2,-0.26,0.57,-0.67,0.67,-0.06,Conditions-Proof,,False
efc04be7,Noor Ahmad,Gujarat Titans,37,132.0,48,8.24,16.5,middle_heavy,82.9,88.5,96.2,90.3,A+,A,A+,S,Death Specialist,0.89,0.29,0.96,0.58,0.09,2.29,0.06,,3,-0.62,0.8,0.17,-0.17,0.11,Conditions-Proof,0.05,False
4c4fa80b,SMSM Senanayake,Kolkata Knight Riders,8,32.0,9,6.59,21.33,pp_heavy,82.8,80.1,65.4,76.1,A,A,A,B+,Utility Player,1.18,0.78,,,-0.12,1.92,,,1,-1.01,0.86,,,,,,False
85e0cf10,M Prasidh Krishna,Kolkata Knight Riders,66,250.83,80,8.96,18.81,pp_heavy,82.8,84.2,87.3,85.0,A+,A,A,A+,Death Specialist,0.86,0.18,0.33,0.91,0.39,2.07,0.03,-0.26,7,-0.62,0.72,-0.24,0.24,0.25,Tough-Track Enforcer,0.2,False
a818c1be,TA Boult,Mumbai Indians,119,447.83,151,8.5,17.79,pp_heavy,82.4,84.4,86.8,84.7,A,A,A,A+,Death Specialist,0.96,0.28,0.51,0.35,0.1,2.28,0.02,-0.04,8,-0.66,0.73,0.02,-0.02,-0.1,Conditions-Proof,-0.09,False
57ee1fde,YS Chahal,Royal Challengers Bangalore,172,631.83,229,8.09,16.55,middle_heavy,82.0,88.0,97.5,90.4,A+,A,A+,S,Death Specialist,0.94,0.24,0.71,0.69,0.02,2.57,0.01,0.05,16,-0.76,0.76,-0.2,0.2,0.02,Conditions-Proof,0.03,False
bb351c23,MM Ali,Chennai Super Kings,57,142.33,46,7.28,18.57,middle_heavy,81.9,85.7,95.8,88.9,A+,A,A+,S,Death Specialist,0.67,0.39,0.53,0.67,0.04,2.11,0.04,0.01,6,-0.95,0.78,-0.03,0.03,0.01,Conditions-Proof,-0.01,False
c05edf8e,Harpreet Brar,Punjab Kings,46,135.17,35,8.12,23.17,middle_heavy,81.8,84.5,86.1,84.2,A,A,A,A+,Death Specialist,0.59,0.37,0.49,0.72,-0.03,1.87,0.04,-0.35,5,-0.51,0.67,-0.23,0.23,0.29,Tough-Track Enforcer,0.41,False
c8179c68,SB Jakati,Chennai Super Kings,57,180.83,50,8.15,21.7,middle_heavy,81.7,80.8,75.9,79.5,A,A,A,A,Death Specialist,0.66,0.24,0.16,0.31,-0.03,1.73,0.03,-0.3,8,-0.43,0.71,0.03,-0.03,0.02,Conditions-Proof,-0.06,False
3edb58fc,AD Mascarenhas,Rajasthan Royals,13,51.33,19,7.11,16.21,pp_heavy,81.5,77.0,80.0,79.5,A,A,A,A,Death Specialist,0.97,0.21,0.78,0.33,0.17,1.96,0.15,,3,-0.96,0.64,0.23,-0.23,0.58,Tough-Track Enforcer,0.25,False
f708a0bc,GB Hogg,Kolkata Knight Riders,21,76.33,25,7.66,18.32,middle_heavy,81.5,81.0,84.3,82.3,A,A,A,A,Death Specialist,0.9,0.28,0.75,0.84,0.18,1.93,0.09,,4,-0.77,0.78,0.24,-0.24,-0.15,Flat-Track Leaker,-0.08,False
2ed569a0,RD Chahar,Mumbai Indians,78,278.33,76,7.81,21.97,middle_heavy,81.1,93.6,80.2,85.8,A+,A,A+,A,Death Specialist,0.77,0.2,0.61,0.63,0.07,2.04,0.03,0.19,5,-0.69,0.76,0.18,-0.18,-0.05,Conditions-Proof,-0.11,False
fb66ce1f,CH Morris,Delhi Daredevils,81,287.67,107,8.26,16.13,pp_heavy,80.8,76.4,81.1,79.4,A,A,A,A,Death Specialist,0.81,0.26,0.43,0.44,0.13,1.92,0.02,-0.37,11,-0.83,0.77,0.22,-0.22,-0.06,Conditions-Proof,-0.02,False
9a158001,Azhar Mahmood,Kings XI Punjab,23,89.5,31,7.9,17.32,middle_heavy,80.6,76.7,87.8,82.0,A,A,A,A+,Death Specialist,0.73,0.23,0.52,0.51,-0.1,1.9,0.08,-0.44,6,-0.6,0.71,-0.02,0.02,-0.02,Conditions-Proof,-0.06,False
6aed7e79,PV Tambe,Rajasthan Royals,33,110.0,28,7.87,23.57,middle_heavy,80.3,76.2,64.7,73.7,B+,A,A,B+,Utility Player,0.71,0.29,0.35,0.23,-0.14,1.55,0.05,,2,-0.52,0.76,0.15,-0.15,0.04,Conditions-Proof,0.05,False
983f2f61,Swapnil Singh,Royal Challengers Bengaluru,14,27.0,7,8.93,23.14,middle_heavy,79.6,79.1,71.0,76.6,A,A,A,B+,Death Specialist,0.47,0.29,0.44,0.43,0.57,1.7,0.12,,1,-0.11,0.5,0.69,-0.69,0.34,Tough-Track Enforcer,0.44,True
98ae73b1,PP Chawla,Kings XI Punjab,191,641.67,201,8.07,19.15,middle_heavy,79.5,90.0,98.9,90.9,A+,A,A+,S,Death Specialist,0.85,0.35,0.48,1.13,0.09,2.73,0.01,-0.1,24,-0.83,0.8,-0.03,0.03,0.08,Conditions-Proof,0.06,False
5b040b81,A Singh,Rajasthan Royals,23,78.83,31,8.11,15.26,pp_heavy,79.4,63.1,73.8,72.1,B+,A,B+,B+,Enforcer,0.86,0.23,0.06,0.4,-0.27,1.56,0.07,,4,-0.55,0.58,0.14,-0.14,0.03,Conditions-Proof,0.18,False
5d096f3d,RR Powar,Kings XI Punjab,26,71.0,15,7.58,28.4,middle_heavy,79.3,72.7,55.5,69.2,B+,A,B+,B,Utility Player,0.57,0.33,0.14,0.28,-0.33,1.4,0.05,0.03,7,-0.68,0.73,0.31,-0.31,0.28,Tough-Track Enforcer,0.31,False
f62772e5,P Negi,Royal Challengers Bangalore,42,119.33,38,7.99,18.84,middle_heavy,79.3,85.4,81.0,81.9,A,A,A+,A,Death Specialist,0.75,0.13,0.42,0.63,-0.1,1.78,0.04,0.45,5,-0.7,0.7,0.19,-0.19,0.06,Conditions-Proof,0.03,False
f19ccfad,Washington Sundar,Royal Challengers Bangalore,63,186.5,41,7.76,27.29,middle_heavy,79.1,81.3,32.5,64.3,B+,A,A,C+,Economical,0.6,0.17,0.48,1.04,-0.25,1.42,0.02,-0.17,5,-0.47,0.7,0.34,-0.34,-0.19,Flat-Track Leaker,-0.16,False
a7c226e1,FH Edwards,Deccan Chargers,6,23.33,6,6.86,23.33,pp_heavy,79.1,74.0,44.9,66.0,B+,A,B+,C+,Economical,0.92,0.33,,,-0.27,1.58,,,1,-0.38,0.5,,,,,,True
94253925,GH Vihari,Sunrisers Hyderabad,6,7.0,1,6.86,42.0,pp_heavy,78.8,74.4,12.2,55.1,B,A,B+,D,Economical,0.25,0.0,,,-0.19,1.32,,,0,,,,,,,,True
ce820073,Sandeep Sharma,Kings XI Punjab,136,507.5,163,8.15,18.68,pp_heavy,78.8,83.8,45.2,69.3,B+,A,A,B,Economical,0.89,0.27,0.61,0.62,-0.13,1.9,0.01,-0.06,17,-0.65,0.79,0.07,-0.07,-0.13,Conditions-Proof,-0.08,False
4ec07775,RN ten Doeschate,Kolkata Knight Riders,10,13.0,3,7.23,26.0,middle_heavy,78.6,75.5,32.8,62.3,B+,A,A,C+,Economical,0.36,0.0,0.08,-0.04,0.09,1.35,0.13,,0,-0.66,1.0,,,0.6,Tough-Track Enforcer,0.43,True
2e81a32d,B Kumar,Sunrisers Hyderabad,190,703.67,213,7.87,19.82,pp_heavy,78.2,90.4,53.4,74.5,B+,A,A+,B,Economical,0.81,0.25,0.68,0.74,0.0,2.17,0.01,-0.13,28,-0.88,0.81,0.01,-0.01,-0.02,Conditions-Proof,0.02,False
0994d0ae,V Shankar,Sunrisers Hyderabad,22,39.67,12,8.67,19.83,middle_heavy,77.6,75.5,60.2,71.1,B+,A,A,B+,Utility Player,0.63,0.08,-0.26,0.02,-0.12,1.48,0.07,,0,-0.15,0.71,0.06,-0.06,-0.08,Conditions-Proof,0.08,False
f233bbb4,ST Jayasuriya,Mumbai Indians,21,49.0,16,8.08,18.38,middle_heavy,77.6,73.5,51.8,67.6,B+,A,B+,B,Utility Player,0.43,0.12,-0.03,-0.17,-0.05,1.39,0.07,,1,-0.56,0.68,0.77,-0.77,-0.21,Conditions-Proof,-0.02,False
ef5da05c,AG Murtaza,Mumbai Indians,12,44.0,12,7.32,22.0,middle_heavy,77.3,67.3,70.8,71.8,B+,A,B+,B+,Utility Player,0.51,0.25,0.31,0.34,-0.3,1.47,0.12,,2,-0.88,0.79,-0.56,0.56,-0.45,Flat-Track Leaker,-0.53,False
b552a935,AC Thomas,Pune Warriors,15,52.5,16,7.92,19.69,pp_heavy,77.3,71.1,38.6,62.3,B+,A,B+,C+,Restrictive Spinner,1.03,0.06,0.36,0.11,0.52,1.35,0.09,,4,-0.78,0.79,-0.39,0.39,0.22,Tough-Track Enforcer,0.33,False
fe93fd9d,RA Jadeja,Chennai Super Kings,225,676.0,179,7.75,22.66,middle_heavy,77.1,85.5,71.9,78.2,A,A,A+,B+,Death Specialist,0.59,0.31,0.28,0.42,0.03,2.16,0.01,-0.3,26,-0.72,0.81,0.04,-0.04,0.09,Conditions-Proof,0.1,False
896d78ad,AD Mathews,Pune Warriors,44,131.83,28,8.31,28.25,middle_heavy,76.8,75.5,23.3,58.5,B,A,A,C,Restrictive Spinner,0.62,0.25,0.08,0.14,-0.09,1.2,0.03,0.02,6,-0.4,0.65,0.1,-0.1,-0.23,Flat-Track Leaker,-0.27,False
b57f8a9a,BJ Hodge,Kolkata Knight Riders,20,39.0,18,7.95,13.0,middle_heavy,76.4,71.8,87.1,78.6,A,A,B+,A+,Powerplay Enforcer,0.74,0.22,0.11,0.42,-0.09,1.75,0.09,,2,-0.88,0.8,-0.46,0.46,0.22,Conditions-Proof,-0.2,False
24d94623,Ankit Sharma,Deccan Chargers,21,61.17,12,7.41,30.58,middle_heavy,76.4,73.7,52.4,67.5,B+,A,B+,B,Utility Player,0.68,0.33,0.44,0.72,-0.34,1.38,0.07,,2,-0.93,0.86,-0.13,0.13,-0.26,Flat-Track Leaker,-0.07,False
4f629497,SE Bond,Kolkata Knight Riders,8,31.0,9,7.26,20.67,pp_heavy,76.3,75.8,43.1,65.1,B+,A,A,C+,Restrictive Spinner,0.99,0.22,,,-0.48,1.46,,,1,-0.46,0.64,,,,,,False
641ac5ff,IS Sodhi,Rajasthan Royals,8,30.17,9,6.76,20.11,middle_heavy,76.0,74.5,70.0,73.5,B+,A,B+,B+,All-Round Threat,1.11,0.22,,,-0.34,1.63,,,1,-0.85,0.82,,,,,,False
a757b0d8,KA Pollard,Mumbai Indians,107,248.0,81,8.87,18.37,middle_heavy,75.7,74.8,50.6,67.0,B+,A,B+,B,Utility Player,0.57,0.1,-0.29,-0.05,0.18,1.56,0.01,-0.16,13,-0.38,0.59,-0.11,0.11,0.08,Conditions-Proof,0.04,False
c18496e1,Bipul Sharma,Sunrisers Hyderabad,28,71.0,22,8.18,19.36,middle_heavy,75.5,79.1,64.9,73.2,B+,A,A,B+,Utility Player,0.77,0.14,0.25,0.35,0.34,1.53,0.05,,4,-0.28,0.63,0.08,-0.08,0.29,Tough-Track Enforcer,0.34,False
d68e7f48,R Rampaul,Royal Challengers Bangalore,12,44.67,17,7.14,15.76,pp_heavy,75.5,79.4,78.8,77.9,A,A,A,A,Death Specialist,1.11,0.12,0.92,0.61,-0.3,1.82,0.15,,3,-0.95,0.76,,,0.12,Conditions-Proof,0.01,False
e2db2409,M Ashwin,Kings XI Punjab,44,145.0,35,8.15,24.86,middle_heavy,75.5,77.6,63.3,72.1,B+,A,A,B+,Utility Player,0.7,0.31,0.43,0.66,0.06,1.5,0.03,-0.12,7,-0.57,0.65,-0.04,0.04,0.09,Conditions-Proof,0.03,False
bcce309e,WPUJC Vaas,Deccan Chargers,13,47.0,22,7.74,12.82,pp_heavy,75.2,78.9,88.1,81.0,A,A,A,A+,Death Specialist,1.13,0.23,1.01,0.52,0.58,2.11,0.16,,1,-1.04,0.78,,,-0.41,Flat-Track Leaker,-0.3,False
41eb4a4f,R Vinay Kumar,Royal Challengers Bangalore,104,354.5,127,8.58,16.75,middle_heavy,75.1,65.5,93.5,78.9,A,A,B+,A+,Powerplay Enforcer,0.79,0.15,0.22,0.09,0.04,1.93,0.02,-0.2,18,-0.5,0.63,-0.08,0.08,0.16,Tough-Track Enforcer,0.08,False
ba5e1069,R Ravindra,Chennai Super Kings,2,2.0,0,3.5,999.0,middle_heavy,74.9,70.3,30.4,58.5,B,B+,B+,C+,Utility Player,0.0,0.0,,,,1.43,,,0,,,,,,,,True
1a0c3177,P Awana,Kings XI Punjab,33,124.5,43,8.4,17.37,middle_heavy,74.5,55.5,88.3,73.1,B+,B+,B,A+,Powerplay Enforcer,0.92,0.19,0.29,0.24,-0.22,1.57,0.05,,4,-0.67,0.73,0.53,-0.53,-0.13,Conditions-Proof,-0.01,False
1e66c162,JD Unadkat,Rajasthan Royals,111,379.0,121,8.96,18.79,middle_heavy,74.4,72.8,83.1,76.8,A,B+,B+,A,Powerplay Enforcer,0.73,0.14,0.15,0.19,0.12,1.8,0.02,-0.04,20,-0.48,0.66,0.1,-0.1,0.06,Conditions-Proof,0.04,False
addfb70e,SW Tait,Rajasthan Royals,21,78.83,26,8.47,18.19,pp_heavy,74.1,51.7,55.5,60.4,B+,B+,B,B,Utility Player,0.66,0.19,0.24,0.46,-0.4,1.25,0.06,-0.46,5,-0.65,0.69,-0.03,0.03,0.12,Conditions-Proof,-0.03,False
957532de,S Aravind,Royal Challengers Bangalore,38,126.67,48,8.34,15.83,pp_heavy,74.1,72.3,82.7,76.4,A,B+,B+,A,Powerplay Enforcer,0.91,0.21,0.31,0.33,0.12,1.69,0.04,,3,-0.48,0.65,-0.12,0.12,-0.07,Conditions-Proof,-0.2,False
76388dc8,S Badree,Royal Challengers Bangalore,12,43.0,11,7.65,23.45,pp_heavy,73.7,68.6,58.1,66.8,B+,B+,B+,B,Utility Player,0.82,0.45,0.5,0.56,-0.2,1.38,0.11,,2,-0.88,0.76,-0.07,0.07,-0.21,Flat-Track Leaker,-0.45,False
469ea22b,KMDN Kulasekara,Chennai Super Kings,5,17.0,6,7.18,17.0,pp_heavy,73.6,74.2,51.3,66.4,B+,B+,B+,B,Utility Player,1.26,0.17,,,,1.51,,,0,-1.02,0.8,,,,,,True
7ca5e05d,RS Bopara,Kings XI Punjab,14,34.33,13,8.77,15.85,middle_heavy,73.4,74.4,77.2,75.0,A,B+,B+,A,Powerplay Enforcer,0.78,0.15,0.62,0.74,0.2,1.59,0.11,,3,-0.45,0.67,-0.39,0.39,-0.02,Conditions-Proof,-0.34,False
bd77eb62,A Symonds,Deccan Chargers,30,87.83,23,7.9,22.91,middle_heavy,73.4,71.5,63.5,69.5,B+,B+,B+,B+,Utility Player,0.67,0.17,0.09,0.1,-0.17,1.38,0.05,,2,-0.56,0.81,0.68,-0.68,0.08,Conditions-Proof,0.05,False
a386e91b,PD Collingwood,Delhi Daredevils,6,14.83,5,6.81,17.8,middle_heavy,73.2,69.4,47.3,63.3,B+,B+,B+,B,Utility Player,0.56,0.2,,,-0.25,1.31,,,1,-0.49,0.5,,,,,,True
5574750c,JC Archer,Rajasthan Royals,52,203.0,61,8.15,19.97,pp_heavy,72.8,91.1,55.5,73.7,B+,B+,A+,B,Utility Player,0.92,0.28,1.0,1.02,-0.26,1.69,0.03,,3,-0.96,0.76,0.22,-0.22,-0.28,Conditions-Proof,-0.04,False
b2ae53f5,T Thushara,Chennai Super Kings,6,22.5,10,7.29,13.5,pp_heavy,72.7,68.4,69.9,70.3,B+,B+,B+,B+,Utility Player,1.11,0.1,,,,1.55,,,2,-1.27,0.86,,,,,,True
9fc0ef64,PJ Sangwan,Delhi Daredevils,42,142.67,44,8.88,19.45,middle_heavy,72.7,60.0,86.3,73.1,B+,B+,B+,A+,Powerplay Enforcer,0.89,0.14,0.06,0.14,0.02,1.5,0.04,,4,-0.49,0.63,0.1,-0.1,0.31,Tough-Track Enforcer,0.23,False
872b03f7,A Badoni,Lucknow Super Giants,7,5.83,4,8.57,8.75,middle_heavy,72.2,79.4,84.1,78.6,A,B+,A,A,Powerplay Enforcer,0.45,0.5,,,0.36,1.98,,,1,,,,,,,,True
ce794613,T Natarajan,Sunrisers Hyderabad,63,227.0,77,9.05,17.69,middle_heavy,72.1,71.9,90.4,78.7,A,B+,B+,A+,Powerplay Enforcer,0.85,0.27,0.33,0.56,0.2,1.73,0.03,-0.44,6,-0.38,0.64,0.12,-0.12,0.26,Tough-Track Enforcer,0.18,False
b822e99c,NB Singh,Gujarat Lions,2,4.0,1,4.5,24.0,pp_heavy,72.0,75.2,48.2,65.1,B+,B+,A,B,Utility Player,0.75,0.0,,,,1.66,,,0,-0.87,1.0,,,,,,True
f24c6701,M Theekshana,Chennai Super Kings,38,146.0,36,8.4,24.33,middle_heavy,71.3,72.1,70.6,71.3,B+,B+,B+,B+,All-Round Threat,0.69,0.36,0.59,0.61,0.13,1.42,0.04,,2,-0.31,0.63,-0.15,0.15,0.3,Tough-Track Enforcer,0.1,False
ea0cdc12,BAW Mendis,Kolkata Knight Riders,10,40.67,9,7.52,27.11,middle_heavy,71.2,68.3,37.8,59.1,B,B+,B+,C+,Utility Player,0.82,0.11,0.87,0.66,0.03,1.1,0.11,,1,-0.44,0.7,-0.02,0.02,0.04,Conditions-Proof,-0.35,False
f842c2cf,MJ Clarke,Pune Warriors,5,11.0,3,6.55,22.0,middle_heavy,71.2,72.2,52.6,65.3,B+,B+,B+,B,Utility Player,0.8,0.33,,,,1.39,,,1,-0.94,0.8,,,,,,True
13fc5c6d,DS Rathi,Lucknow Super Giants,13,52.0,14,8.37,22.29,middle_heavy,71.1,75.7,60.8,69.2,B+,B+,A,B+,Utility Player,1.0,0.14,1.33,1.12,-0.32,1.43,0.11,,0,-0.46,0.79,,,-0.13,Conditions-Proof,,False
39f01cdb,KP Pietersen,Royal Challengers Bangalore,13,29.0,9,7.52,19.33,middle_heavy,71.0,79.0,67.3,72.4,B+,B+,A,B+,Utility Player,0.77,0.22,0.52,0.61,-0.27,1.5,0.12,,0,-0.41,0.71,,,0.35,Conditions-Proof,0.04,True
20a941bb,M Ntini,Chennai Super Kings,9,35.0,8,7.34,26.25,pp_heavy,71.0,75.6,59.8,68.8,B+,B+,A,B,Utility Player,0.59,0.5,,,-0.34,1.5,,,1,-0.71,0.75,,,,,,False
f5180fe6,MG Johnson,Kings XI Punjab,54,205.83,66,8.45,18.71,pp_heavy,70.2,59.7,74.0,68.0,B+,B+,B,B+,Enforcer,0.86,0.2,0.3,0.16,-0.33,1.46,0.03,0.15,7,-0.73,0.74,-0.05,0.05,0.09,Conditions-Proof,0.03,False
ba607b88,V Kohli,Royal Challengers Bangalore,26,41.83,5,8.87,50.2,middle_heavy,70.1,71.0,3.7,48.3,B,B+,B+,D,Utility Player,0.2,0.2,-0.31,0.13,-0.05,0.86,0.03,,1,0.17,0.52,0.19,-0.19,-0.22,Flat-Track Leaker,-0.16,False
4125d931,J Suchith,Mumbai Indians,21,70.0,20,8.63,21.0,middle_heavy,69.8,59.5,78.2,69.2,B+,B+,B,A,Enforcer,0.98,0.2,0.13,-0.06,-0.25,1.37,0.07,,0,-0.48,0.7,0.54,-0.54,-0.58,Flat-Track Leaker,-0.35,False
e0407c01,IC Pandey,Chennai Super Kings,24,77.0,19,7.91,24.32,pp_heavy,69.5,76.2,45.9,63.9,B+,B+,A,B,Utility Player,0.84,0.21,0.27,-0.03,0.1,1.36,0.06,,2,-0.56,0.75,-0.02,0.02,-0.03,Conditions-Proof,-0.02,False
dec8e038,J Theron,Kings XI Punjab,10,36.83,13,8.44,17.0,death_heavy,69.5,56.2,62.5,62.7,B+,B+,B,B+,Utility Player,0.98,0.46,0.59,0.4,0.07,1.51,0.15,,1,-0.29,0.68,0.1,-0.1,0.07,Conditions-Proof,0.06,False
012829ff,JW Hastings,Kolkata Knight Riders,3,9.67,3,6.83,19.33,pp_heavy,69.4,69.3,57.0,65.2,B+,B+,B+,B,Utility Player,0.75,0.33,,,,1.48,,,0,-0.18,0.5,,,,,,True
808f425a,JP Faulkner,Rajasthan Royals,60,206.33,76,8.96,16.29,middle_heavy,69.0,48.1,90.2,69.6,B+,B+,B,A+,Strike Bowler,0.8,0.26,0.11,0.74,-0.08,1.5,0.02,0.14,6,-0.68,0.65,-0.27,0.27,-0.0,Conditions-Proof,0.06,False
d2a989fc,DS Kulkarni,Rajasthan Royals,92,297.83,91,8.44,19.64,pp_heavy,68.6,67.0,48.6,61.4,B+,B+,B+,B,Utility Player,0.78,0.15,0.31,0.56,0.01,1.46,0.02,-0.17,11,-0.66,0.78,-0.19,0.19,-0.09,Conditions-Proof,-0.05,False
51a3c5ef,MJ McClenaghan,Mumbai Indians,56,212.33,75,8.66,16.99,pp_heavy,68.4,71.1,76.4,72.0,B+,B+,B+,A,Enforcer,0.96,0.16,0.32,0.29,-0.02,1.57,0.03,,4,-0.65,0.78,-0.0,0.0,0.07,Conditions-Proof,0.03,False
f3171936,BW Hilfenhaus,Chennai Super Kings,17,62.0,23,8.02,16.17,pp_heavy,68.3,66.9,77.8,71.0,B+,B+,B+,A,Enforcer,1.13,0.26,0.42,0.38,-0.26,1.5,0.09,,2,-1.11,0.79,0.09,-0.09,0.06,Conditions-Proof,0.11,False
d014d5ac,SE Rutherford,Delhi Capitals,6,6.83,1,8.78,41.0,middle_heavy,68.2,64.2,13.2,48.5,B,B+,B+,D,Utility Player,0.23,0.0,,,0.94,0.83,,,0,0.16,0.5,,,,,,True
d1c94b25,CK Langeveldt,Kolkata Knight Riders,7,26.0,13,7.65,12.0,pp_heavy,68.0,68.1,78.7,71.6,B+,B+,B+,A,Enforcer,1.3,0.15,,,-0.29,1.63,,,0,-1.25,0.75,,,,,,True
4c5d73db,CR Woakes,Kolkata Knight Riders,21,73.33,31,9.19,14.19,pp_heavy,67.7,80.7,85.1,77.8,A,B+,A,A+,Strike Bowler,0.91,0.19,0.47,-0.07,0.07,1.81,0.09,,1,-0.12,0.57,-0.45,0.45,-0.28,Flat-Track Leaker,-0.25,False
9eb1455b,NT Ellis,Punjab Kings,17,63.0,20,8.78,18.9,middle_heavy,67.5,59.1,62.7,63.1,B+,B+,B,B+,Utility Player,0.87,0.25,0.52,0.12,0.22,1.17,0.07,,4,-0.26,0.54,-0.58,0.58,0.12,Conditions-Proof,-0.01,False
f5f18a18,S Randiv,Chennai Super Kings,8,29.0,8,7.69,21.75,middle_heavy,67.3,62.1,51.6,60.3,B+,B+,B+,B,Utility Player,0.81,0.0,,,-0.35,1.11,,,1,-0.34,0.64,,,,,,True
f24ca2ba,C Nanda,Mumbai Indians,3,8.0,2,7.25,24.0,middle_heavy,67.3,60.6,36.9,54.9,B,B+,B+,C+,Utility Player,0.97,0.0,,,,0.99,,,0,-0.26,0.6,,,,,,True
5bdcdb72,TM Dilshan,Delhi Daredevils,25,45.17,5,8.15,54.2,middle_heavy,67.0,68.5,1.9,45.8,B,B+,B+,D,Utility Player,0.24,0.2,-0.34,0.34,-0.36,0.81,0.03,,2,-0.22,0.56,-0.13,0.13,-0.15,Conditions-Proof,-0.2,False
8cf9814c,Mohammed Shami,Gujarat Titans,119,435.67,150,8.8,17.43,pp_heavy,67.0,55.2,81.9,68.0,B+,B+,B,A,Strike Bowler,0.9,0.27,0.41,0.34,0.08,1.7,0.01,-0.14,15,-0.61,0.69,0.02,-0.02,0.05,Conditions-Proof,0.09,False
7d3937ed,DJ Thornely,Mumbai Indians,4,7.0,3,5.71,14.0,middle_heavy,66.2,61.3,59.6,62.4,B+,B+,B+,B,Utility Player,0.6,0.0,,,,1.21,,,0,0.44,0.0,,,,,,True
342d8ade,CRD Fernando,Mumbai Indians,10,39.0,19,7.85,12.32,middle_heavy,66.0,54.7,84.3,68.3,B+,B+,B,A,Strike Bowler,0.95,0.16,0.56,0.01,0.15,1.46,0.15,,1,-0.37,0.67,,,0.31,Tough-Track Enforcer,0.15,False
90edaaa9,S Rana,Royal Challengers Bangalore,3,2.67,0,6.75,999.0,middle_heavy,65.8,66.5,13.1,48.5,B,B+,B+,D,Utility Player,0.0,0.0,,,,0.95,,,1,0.09,0.0,,,,,,True
6eb146d2,Gurkeerat Singh,Kings XI Punjab,6,13.0,5,7.46,15.6,middle_heavy,65.7,64.5,66.3,65.5,B+,B+,B+,B+,Utility Player,0.68,0.2,,,-0.28,1.25,,,1,-1.05,0.6,,,,,,True
2a72fd4f,Harmeet Singh,Deccan Chargers,27,87.5,30,8.15,17.5,middle_heavy,65.6,43.3,79.2,62.7,B+,B+,C+,A,Enforcer,0.71,0.33,-0.15,0.18,-0.34,1.22,0.05,-0.35,5,-0.42,0.71,0.49,-0.49,-0.25,Flat-Track Leaker,-1.07,False
3dba85c2,WA Mota,Kings XI Punjab,7,12.0,4,8.17,18.0,middle_heavy,65.4,48.2,38.2,50.6,B,B+,B,C+,Utility Player,0.71,0.0,,,,0.82,,,2,0.13,0.5,,,,,,True
f18ba07f,Ankit Soni,Gujarat Lions,6,18.17,4,7.98,27.25,middle_heavy,65.2,64.3,48.5,59.3,B,B+,B+,B,Utility Player,0.39,0.25,,,,1.08,,,0,-0.67,0.6,,,,,,True
9a46c4e5,GD Phillips,Rajasthan Royals,4,5.0,2,8.0,15.0,middle_heavy,65.0,65.2,52.8,61.0,B+,B+,B+,B,Utility Player,0.72,0.0,,,,1.17,,,0,-0.66,1.0,,,,,,True
a45a5e8d,AM Nayar,Mumbai Indians,19,38.17,9,8.46,25.44,middle_heavy,64.8,69.0,22.3,52.0,B,B+,B+,C,Utility Player,0.46,0.11,-0.1,0.07,-0.24,0.94,0.05,,2,-0.36,0.56,-0.48,0.48,-0.3,Flat-Track Leaker,-0.42,False
fb2d1dda,N Rana,Kolkata Knight Riders,26,32.0,10,8.47,19.2,middle_heavy,64.8,83.7,49.2,65.9,B+,B+,A,B,Utility Player,0.36,0.4,0.22,1.23,-0.32,1.34,0.05,,4,-0.44,0.83,0.7,-0.7,0.09,Conditions-Proof,0.32,False
13c35c9e,TG Southee,Kolkata Knight Riders,54,201.0,57,8.83,21.16,pp_heavy,64.8,41.6,57.4,54.6,B,B+,C+,B,Utility Player,0.69,0.18,0.04,0.09,-0.19,1.18,0.02,0.07,5,-0.49,0.64,-0.02,0.02,0.0,Conditions-Proof,0.08,False
dc4686e6,BA Bhatt,Kings XI Punjab,15,49.33,13,8.27,22.77,middle_heavy,64.3,61.4,60.9,62.2,B+,B+,B+,B+,Utility Player,0.51,0.23,0.07,-0.17,-0.07,1.14,0.08,,4,-0.21,0.56,-0.34,0.34,0.0,Conditions-Proof,-0.0,False
e4cdf230,AS Roy,Kolkata Knight Riders,10,26.67,8,8.17,20.0,middle_heavy,64.2,64.0,64.2,64.1,B+,B+,B+,B+,Utility Player,0.74,0.12,0.2,-0.08,-0.09,1.17,0.12,,2,-0.17,0.5,,,-0.03,Conditions-Proof,-0.05,True
dc9dd038,Sachin Baby,Royal Challengers Bangalore,2,1.67,3,4.8,3.33,middle_heavy,64.1,65.4,81.8,70.4,B+,B+,B+,A,Strike Bowler,0.6,0.0,,,,2.04,,,0,,,,,,,,True
d2340a43,Anand Rajan,Deccan Chargers,8,24.83,10,8.3,14.9,middle_heavy,64.0,50.2,68.5,60.9,B+,B+,B,B+,Utility Player,0.94,0.2,,,-0.45,1.09,,,3,-0.97,0.73,,,,,,True
0dc00542,Shahid Afridi,Deccan Chargers,10,30.0,9,7.9,20.0,middle_heavy,64.0,67.5,67.6,66.4,B+,B+,B+,B+,Utility Player,0.63,0.33,0.57,0.63,-0.19,1.23,0.12,,0,-0.63,0.54,-0.69,0.69,-0.0,Conditions-Proof,-0.16,False
244048f6,Arshdeep Singh,Punjab Kings,81,285.67,106,9.19,16.17,pp_heavy,63.9,69.1,83.3,72.1,B+,B+,B+,A,Strike Bowler,0.91,0.18,0.42,0.1,0.07,1.68,0.02,-0.13,12,-0.55,0.71,-0.07,0.07,0.18,Tough-Track Enforcer,0.13,False
57efa3be,SB Styris,Deccan Chargers,11,36.0,9,7.72,24.0,middle_heavy,63.9,68.9,45.9,59.6,B,B+,B+,B,Utility Player,0.54,0.0,0.38,0.25,0.03,1.08,0.1,,1,-0.6,0.73,-0.09,0.09,-0.53,Flat-Track Leaker,-0.23,False
f846de6a,MN Samuels,Pune Warriors,11,35.67,10,7.99,21.4,middle_heavy,63.8,57.9,56.3,59.3,B,B+,B,B,Utility Player,0.81,0.2,0.21,0.58,-0.07,1.05,0.1,,2,-0.32,0.58,-0.44,0.44,0.24,Tough-Track Enforcer,0.18,False
6b8eb6e5,S Sreesanth,Kings XI Punjab,44,146.67,43,8.33,20.47,pp_heavy,63.6,43.9,68.1,58.5,B,B+,C+,B+,Utility Player,0.8,0.26,0.15,0.42,0.03,1.23,0.03,,4,-0.68,0.71,0.46,-0.46,0.02,Conditions-Proof,0.03,False
2f9d0389,LH Ferguson,Kolkata Knight Riders,49,171.0,63,9.11,16.29,middle_heavy,63.1,49.6,96.2,70.8,B+,B+,B,S,Strike Bowler,0.85,0.24,0.22,0.29,-0.15,1.53,0.03,,4,-0.33,0.64,-0.28,0.28,-0.09,Conditions-Proof,-0.14,False
034b4b7d,VRV Singh,Kings XI Punjab,18,60.0,16,9.15,22.5,middle_heavy,62.5,32.0,39.6,44.7,C+,B+,C+,C+,Utility Player,0.57,0.25,-0.13,-0.12,-0.22,0.76,0.04,,3,-0.1,0.52,-0.38,0.38,-0.26,Flat-Track Leaker,-0.09,False
2c76b512,DJ Muthuswami,Delhi Daredevils,6,14.0,4,7.71,21.0,pp_heavy,62.5,65.7,59.5,62.6,B+,B+,B+,B,Utility Player,0.62,0.25,,,0.24,1.2,,,1,0.04,0.67,,,,,,True
dcf81436,S Kaul,Sunrisers Hyderabad,55,201.5,63,8.79,19.19,middle_heavy,62.1,48.8,71.7,60.9,B+,B+,B,B+,Utility Player,0.79,0.22,0.08,0.27,-0.13,1.19,0.02,-0.17,13,-0.41,0.6,-0.09,0.09,-0.04,Conditions-Proof,0.01,False
c42aaf71,M Manhas,Pune Warriors,3,7.0,0,6.0,999.0,middle_heavy,61.9,59.4,12.6,44.6,C+,B+,B,D,Utility Player,0.0,0.0,,,,0.74,,,1,-0.78,1.0,,,,,,True
0a476045,S Dhawan,Deccan Chargers,6,8.0,4,9.0,12.0,middle_heavy,61.8,66.8,74.9,67.8,B+,B+,B+,B+,Enforcer,0.98,0.25,,,-0.42,1.35,,,0,-2.19,1.0,,,,,,True
e412cb64,HF Gurney,Kolkata Knight Riders,8,27.0,7,8.85,23.14,pp_heavy,61.4,58.7,15.1,45.1,B,B+,B,C,Utility Player,0.84,0.29,,,0.2,0.74,,,2,0.1,0.56,,,,,,True
91ffa6c6,JD Ryder,Pune Warriors,16,39.33,11,7.98,21.45,middle_heavy,61.4,57.6,40.4,53.1,B,B+,B,C+,Utility Player,0.64,0.18,-0.31,0.35,-0.24,0.9,0.06,,4,-0.19,0.62,0.29,-0.29,-0.34,Flat-Track Leaker,-0.54,False
f986ca1a,HV Patel,Royal Challengers Bangalore,116,404.0,168,9.03,14.43,middle_heavy,61.2,51.5,98.0,71.5,B+,B+,B,S,Strike Bowler,0.87,0.17,0.36,0.22,0.01,1.8,0.02,-0.01,11,-0.68,0.71,-0.03,0.03,0.01,Conditions-Proof,-0.07,False
16dfcc19,Umar Gul,Kolkata Knight Riders,6,22.5,14,8.8,9.64,middle_heavy,61.0,48.8,85.3,65.1,B+,B+,B,A+,Strike Bowler,1.32,0.5,,,0.34,1.56,,,1,-0.58,0.71,,,,,,True
a1f1829d,K Goel,Kings XI Punjab,6,11.0,0,8.55,999.0,middle_heavy,60.8,59.7,4.4,41.6,C+,B+,B,D,Utility Player,0.0,0.0,,,0.31,0.66,,,2,-0.21,0.4,,,,,,True
5f26df4f,VS Malik,Kings XI Punjab,13,34.17,6,7.84,34.17,pp_heavy,60.5,65.5,17.0,47.7,B,B+,B+,C,Utility Player,0.57,0.17,0.13,-0.31,-0.22,0.87,0.07,,3,-0.67,0.88,0.56,-0.56,0.14,Conditions-Proof,-0.19,False
b56dc5f7,BE Hendricks,Kings XI Punjab,7,25.0,11,9.56,13.64,pp_heavy,60.4,34.1,56.0,50.2,B,B+,C+,B,Utility Player,1.01,0.09,,,0.15,0.86,,,2,-0.24,0.5,,,,,,True
73c18486,KR Mayers,Lucknow Super Giants,6,7.0,0,8.43,999.0,pp_heavy,60.4,69.9,1.1,43.8,C+,B+,B+,D,Utility Player,0.0,0.0,,,-0.37,0.87,,,0,-0.62,0.67,,,,,,True
b8d490fd,AJ Finch,Pune Warriors,5,7.17,1,9.35,43.0,middle_heavy,59.9,37.7,12.7,36.8,C+,B,C+,D,Utility Player,0.3,0.0,,,,0.44,,,2,-1.11,1.0,,,,,,True
03806cf8,JR Hazlewood,Royal Challengers Bangalore,39,144.5,58,8.44,14.95,pp_heavy,59.6,76.4,95.8,78.3,A,B,A,S,Strike Bowler,0.88,0.1,0.66,0.86,-0.08,1.86,0.05,-0.27,8,-0.95,0.65,-0.12,0.12,0.0,Conditions-Proof,-0.01,False
23eeb873,DL Chahar,Chennai Super Kings,95,319.17,91,8.21,21.04,pp_heavy,59.3,69.0,66.4,64.9,B+,B,B+,B+,Utility Player,0.81,0.24,0.34,0.25,0.18,1.55,0.02,-0.08,7,-0.76,0.79,-0.01,0.01,0.16,Tough-Track Enforcer,0.16,False
44aac2f0,Arjun Tendulkar,Mumbai Indians,5,12.17,4,9.62,18.25,pp_heavy,59.3,57.7,51.1,56.0,B,B,B,B,Utility Player,0.72,0.25,,,,0.99,,,0,-1.43,0.67,,,,,,True
c7a995d3,R Sai Kishore,Gujarat Titans,25,73.5,32,8.91,13.78,middle_heavy,58.7,65.3,86.8,70.4,B+,B,B+,A+,Strike Bowler,0.94,0.12,0.41,0.24,0.08,1.46,0.06,,1,-0.44,0.61,-0.03,0.03,-0.02,Conditions-Proof,-0.02,False
29e95537,AM Rahane,Mumbai Indians,1,1.0,1,5.0,6.0,middle_heavy,58.6,49.2,59.9,55.9,B,B,B,B,Utility Player,0.8,1.0,,,,1.04,,,0,,,,,,,,True
a90e53ec,MW Short,Punjab Kings,3,4.0,0,6.25,999.0,pp_heavy,58.2,70.1,11.0,46.4,B,B,B+,D,Utility Player,0.0,0.0,,,,0.91,,,0,-1.18,1.0,,,,,,True
c38d3503,Shivam Mavi,Kolkata Knight Riders,32,108.17,33,8.86,19.67,pp_heavy,58.1,21.3,11.9,30.4,C+,B,C,D,Utility Player,0.92,0.18,-0.09,0.19,-0.22,0.63,0.02,-0.16,5,-0.73,0.74,-0.04,0.04,0.01,Conditions-Proof,0.11,False
9170ff49,Parvez Rasool,Sunrisers Hyderabad,11,33.0,4,8.27,49.5,middle_heavy,57.9,53.1,5.9,39.0,C+,B,B,D,Utility Player,0.48,0.25,0.0,-0.24,-0.35,0.54,0.05,,1,-0.45,0.69,0.25,-0.25,-0.27,Flat-Track Leaker,-0.25,False
75224f22,KMA Paul,Delhi Capitals,8,27.17,10,8.8,16.3,middle_heavy,57.7,29.7,54.0,47.1,B,B,C,B,Utility Player,0.57,0.0,,,0.48,0.73,,,1,-0.78,0.82,,,,,,True
26989d80,Shashank Singh,Punjab Kings,4,5.0,1,10.4,30.0,middle_heavy,57.3,59.0,31.7,49.3,B,B,B,C+,Utility Player,0.38,0.0,,,,0.72,,,1,-0.16,0.5,,,,,,True
0a4ebc61,T Henderson,Rajasthan Royals,2,6.0,1,6.83,36.0,middle_heavy,57.3,48.3,23.8,43.1,C+,B,B,C,Utility Player,0.6,0.0,,,,0.52,,,1,-0.38,0.5,,,,,,True
4180d897,JE Taylor,Pune Warriors,5,19.5,6,8.56,19.5,death_heavy,57.2,45.8,43.5,48.8,B,B,B,C+,Utility Player,0.63,0.0,,,,0.96,,,1,-0.82,0.86,,,,,,True
d92e42f5,KP Appanna,Royal Challengers Bangalore,13,36.0,11,8.08,19.64,middle_heavy,57.1,53.7,51.5,54.1,B,B,B,B,Utility Player,0.68,0.18,-0.03,0.04,-0.35,0.89,0.07,,0,-0.73,0.7,0.05,-0.05,-0.24,Flat-Track Leaker,-0.23,False
0f12f9df,NLTC Perera,Sunrisers Hyderabad,36,116.33,37,8.86,18.86,middle_heavy,57.1,25.4,57.1,46.5,B,B,C,B,Utility Player,0.65,0.19,-0.33,-0.31,-0.08,0.88,0.02,0.13,10,-0.47,0.66,0.11,-0.11,-0.26,Flat-Track Leaker,-0.23,False
f752db61,JL Pattinson,Mumbai Indians,10,35.5,11,9.04,19.36,pp_heavy,57.1,33.0,48.8,46.3,B,B,C+,B,Utility Player,0.74,0.27,0.16,0.27,0.12,0.77,0.08,,0,-0.39,0.67,,,0.07,Conditions-Proof,,False
dfc4d8b5,KW Richardson,Rajasthan Royals,15,55.83,21,8.58,15.95,pp_heavy,57.0,55.2,54.5,55.6,B,B,B,B,Utility Player,1.07,0.14,0.36,0.24,0.3,1.02,0.07,,4,-0.32,0.76,-0.36,0.36,0.12,Conditions-Proof,0.08,False
16043342,AB McDonald,Delhi Daredevils,10,31.0,14,8.48,13.29,middle_heavy,56.9,53.4,80.3,63.5,B+,B,B,A,Strike Bowler,0.86,0.43,0.19,0.17,-0.0,1.22,0.12,,1,-0.29,0.6,,,-0.39,Flat-Track Leaker,,False
18e6906e,A Choudhary,Royal Challengers Bangalore,5,16.83,5,8.55,20.2,middle_heavy,56.5,51.5,48.6,52.2,B,B,B,B,Utility Player,1.12,0.0,,,,0.78,,,1,0.4,0.33,,,,,,True
8291f939,AL Menaria,Rajasthan Royals,12,18.33,3,7.85,36.67,middle_heavy,56.4,43.7,15.0,38.4,C+,B,C+,C,Utility Player,0.24,0.0,-0.61,-0.27,0.3,0.54,0.05,,2,-1.11,0.78,0.51,-0.51,-0.2,Conditions-Proof,,True
26ff4c29,RJ Peterson,Mumbai Indians,4,8.0,3,8.75,16.0,middle_heavy,56.4,50.0,63.1,56.5,B,B,B,B+,Utility Player,0.35,0.0,,,,0.92,,,0,0.49,0.33,,,,,,True
260fd380,AM Salvi,Delhi Daredevils,7,25.0,7,8.2,21.43,pp_heavy,56.3,45.1,29.1,43.5,C+,B,B,C,Utility Player,0.84,0.14,,,0.31,0.63,,,1,-1.07,0.92,,,,,,True
29d72eb2,AA Chavan,Rajasthan Royals,13,41.33,8,8.2,31.0,pp_heavy,56.2,57.4,24.2,45.9,B,B,B,C,Utility Player,0.58,0.38,-0.01,-0.01,-0.01,0.78,0.06,,3,-0.48,0.72,-0.01,0.01,0.15,Conditions-Proof,0.01,False
c695b423,PH Solanki,Chennai Super Kings,2,6.0,2,6.5,18.0,middle_heavy,56.1,54.9,44.1,51.7,B,B,B,C+,Utility Player,0.62,0.0,,,,0.79,,,1,-1.15,1.0,,,,,,True
8361e524,SSB Magala,Chennai Super Kings,2,6.0,1,8.67,36.0,middle_heavy,56.0,43.6,14.3,38.0,C+,B,C+,D,Utility Player,0.35,0.0,,,,0.44,,,0,0.41,0.67,,,,,,True
08548b13,PHKD Mendis,Sunrisers Hyderabad,4,7.0,2,8.57,21.0,middle_heavy,55.9,59.4,46.4,53.9,B,B,B,B,Utility Player,0.6,0.5,,,,0.86,,,0,-0.4,0.33,,,,,,True
0b60eb09,KA Maharaj,Rajasthan Royals,2,6.0,2,6.5,18.0,middle_heavy,55.7,56.0,45.4,52.4,B,B,B,B,Utility Player,0.68,0.0,,,,0.82,,,0,-0.3,0.5,,,,,,True
6581d753,JM Kemp,Chennai Super Kings,5,7.33,3,7.91,14.67,middle_heavy,55.7,40.0,67.0,54.2,B,B,C+,B+,Utility Player,0.21,0.33,,,,0.87,,,0,0.34,0.0,,,,,,True
fd835ab3,DJ Hussey,Kolkata Knight Riders,26,52.83,10,9.18,31.7,middle_heavy,55.6,45.8,13.7,38.4,C+,B,B,D,Utility Player,0.33,0.1,-0.42,-0.19,-0.08,0.63,0.02,,3,-0.11,0.64,-0.16,0.16,-0.16,Flat-Track Leaker,-0.12,False
030f3089,K Yadav,Rajasthan Royals,3,9.0,2,9.44,27.0,middle_heavy,55.3,50.1,29.5,45.0,B,B,B,C,Utility Player,0.73,0.0,,,,0.53,,,1,-0.08,0.67,,,,,,True
2a2e6343,DT Christian,Deccan Chargers,49,147.17,40,8.28,22.08,middle_heavy,55.1,30.9,47.1,44.4,C+,B,C+,B,Utility Player,0.7,0.28,0.02,0.31,0.01,0.86,0.02,-0.27,7,-0.76,0.72,0.24,-0.24,0.06,Conditions-Proof,0.21,False
df064e1a,Ravi Bishnoi,Lucknow Super Giants,76,272.17,77,8.31,21.21,middle_heavy,55.0,66.4,80.9,67.4,B+,B,B+,A,Strike Bowler,0.8,0.27,0.52,0.61,-0.02,1.42,0.02,0.4,5,-0.63,0.76,0.18,-0.18,-0.13,Conditions-Proof,-0.09,False
acd4f5dc,DP Vijaykumar,Deccan Chargers,9,25.33,4,8.09,38.0,pp_heavy,54.4,60.6,3.3,39.4,C+,B,B+,D,Utility Player,0.66,0.0,,,0.27,0.66,,,0,-0.52,0.58,,,,,,True
a457cfb5,Mayank Dagar,Royal Challengers Bengaluru,8,22.83,2,8.98,68.5,middle_heavy,54.4,58.3,19.9,44.2,C+,B,B,C,Utility Player,0.38,0.5,,,-0.54,0.63,,,1,0.08,0.58,,,,,,True
eaa76d3c,C Green,Mumbai Indians,29,73.17,20,9.23,21.95,middle_heavy,54.3,64.3,57.8,58.8,B,B,B+,B,Utility Player,0.58,0.05,0.19,-0.09,-0.1,1.08,0.04,,2,-0.3,0.68,-0.24,0.24,0.11,Conditions-Proof,-0.03,False
2b6e6dec,AC Gilchrist,Kings XI Punjab,1,0.17,1,0.0,1.0,death_heavy,54.0,53.2,55.3,54.2,B,B,B,B,Utility Player,0.7,0.0,,,,1.04,,,0,,,,,,,,True
63bff7f9,SM Harwood,Rajasthan Royals,3,10.0,3,7.4,20.0,middle_heavy,53.9,22.5,44.4,40.3,C+,B,C,C+,Utility Player,0.77,0.0,,,,0.48,,,0,0.23,0.5,,,,,,True
b2570b38,RV Gomez,Kochi Tuskers Kerala,9,16.0,6,8.12,16.0,middle_heavy,53.9,58.6,74.5,62.3,B+,B,B,B+,Utility Player,0.71,0.5,,,-0.3,1.12,,,2,-0.57,0.67,,,,,,True
a97c8ec2,PWH de Silva,Royal Challengers Bangalore,37,133.0,47,8.53,16.98,middle_heavy,53.7,80.4,87.7,74.2,B+,B,A,A+,Strike Bowler,0.92,0.28,0.67,0.3,0.23,1.58,0.04,,3,-0.61,0.69,0.51,-0.51,0.28,Tough-Track Enforcer,0.23,False
2f49c897,Mohammed Siraj,Royal Challengers Bangalore,108,383.33,112,8.96,20.54,pp_heavy,53.7,71.3,61.7,62.2,B+,B,B+,B+,Utility Player,0.78,0.3,0.33,0.35,0.07,1.55,0.01,-0.13,14,-0.71,0.76,0.22,-0.22,0.0,Conditions-Proof,0.08,False
3a60e0b5,WD Parnell,Pune Warriors,33,120.5,40,8.03,18.08,pp_heavy,53.6,65.6,63.9,61.0,B+,B,B+,B+,Utility Player,0.87,0.2,0.42,0.3,0.15,1.24,0.04,0.01,6,-0.73,0.73,0.17,-0.17,-0.11,Conditions-Proof,0.04,False
26a85969,R Dhawan,Kings XI Punjab,36,110.33,27,8.36,24.52,middle_heavy,53.4,59.1,46.0,52.8,B,B,B,B,Utility Player,0.64,0.3,0.2,0.18,-0.06,0.96,0.03,,4,-0.48,0.63,0.07,-0.07,0.15,Tough-Track Enforcer,0.1,False
a03bba42,T Shamsi,Royal Challengers Bangalore,5,20.0,3,9.25,40.0,middle_heavy,53.2,53.4,3.8,36.8,C+,B,B,D,Utility Player,0.9,0.0,,,,0.49,,,0,-0.16,0.4,,,,,,True
c64c2443,J Syed Mohammad,Royal Challengers Bangalore,11,32.0,10,8.94,19.2,middle_heavy,53.1,47.0,50.0,50.0,B,B,B,B,Utility Player,0.88,0.1,0.03,-0.17,-0.06,0.79,0.07,,0,-0.19,0.46,,,-0.23,Flat-Track Leaker,-0.23,False
64839cb3,M Pathirana,Chennai Super Kings,32,117.0,53,8.95,13.25,middle_heavy,53.1,43.3,92.3,63.6,B+,B,C+,A+,Strike Bowler,0.87,0.26,0.49,0.35,0.11,1.37,0.04,-0.33,6,-0.88,0.8,0.15,-0.15,0.23,Tough-Track Enforcer,0.12,False
d167edd3,SM Boland,Rising Pune Supergiants,2,7.0,3,8.0,14.0,pp_heavy,53.1,52.5,44.7,50.1,B,B,B,C+,Utility Player,0.62,0.0,,,,0.74,,,0,-1.43,1.0,,,,,,True
fffa744b,Naman Dhir,Mumbai Indians,5,8.67,1,8.77,52.0,middle_heavy,52.3,30.1,3.1,28.5,C,B,C+,D,Utility Player,0.16,0.0,,,,0.29,,,1,0.26,0.25,,,,,,True
c0c411cb,Naveen-ul-Haq,Lucknow Super Giants,17,64.5,26,9.33,14.88,pp_heavy,52.2,27.0,66.9,48.7,B,B,C,B+,Utility Player,0.75,0.19,0.37,0.29,0.12,0.92,0.05,,0,-0.35,0.67,0.39,-0.39,-0.32,Flat-Track Leaker,-0.23,False
0f721006,JO Holder,Sunrisers Hyderabad,46,165.83,59,8.98,16.86,middle_heavy,51.8,25.5,76.5,51.3,B,B,C,A,Utility Player,0.73,0.14,0.04,-0.1,0.01,1.02,0.02,,4,-0.47,0.67,0.38,-0.38,-0.21,Flat-Track Leaker,-0.09,False
c24a2c5d,S Tyagi,Chennai Super Kings,14,34.83,6,8.73,34.83,pp_heavy,51.7,55.9,26.3,44.6,C+,B,B,C,Utility Player,0.5,0.33,-0.15,0.69,-0.03,0.76,0.05,,2,-0.32,0.65,-0.64,0.64,0.11,Conditions-Proof,0.14,False
5673a3fc,NL McCullum,Pune Warriors,2,5.0,0,7.0,999.0,middle_heavy,51.6,54.1,23.0,42.9,C+,B,B,C,Utility Player,0.0,0.0,,,,0.5,,,0,-1.04,1.0,,,,,,True
6834d1f2,B Stanlake,Sunrisers Hyderabad,6,24.0,7,8.33,20.57,pp_heavy,51.4,49.1,51.3,50.6,B,B,B,B,Utility Player,0.82,0.14,,,-0.24,0.81,,,0,-0.49,0.58,,,,,,True
fcc21ace,A Kamboj,Chennai Super Kings,11,31.5,10,9.14,18.9,pp_heavy,51.3,72.6,74.7,66.2,B+,B,B+,B+,Utility Player,1.0,0.6,0.58,0.13,0.21,1.36,0.12,,1,-0.2,0.57,-0.76,0.76,-0.07,Conditions-Proof,0.07,False
ded9240e,PJ Cummins,Sunrisers Hyderabad,72,269.5,82,9.04,19.72,pp_heavy,51.2,73.3,63.7,62.7,B+,B,B+,B+,Utility Player,0.85,0.23,0.46,0.95,0.04,1.44,0.02,-0.31,5,-0.48,0.69,-0.33,0.33,0.16,Conditions-Proof,-0.01,False
626c5379,R Sathish,Mumbai Indians,14,23.17,6,10.06,23.17,middle_heavy,51.1,29.3,16.3,32.2,C+,B,C,C,Utility Player,0.38,0.17,-0.62,-0.24,-0.49,0.46,0.03,,3,0.84,0.5,,,-0.44,Flat-Track Leaker,-0.32,True
8d92a2c3,MA Wood,Lucknow Super Giants,5,20.0,11,9.6,10.91,middle_heavy,50.9,40.7,82.1,57.9,B,B,C+,A,Strike Bowler,0.82,0.27,,,,1.17,,,0,-0.63,0.75,,,,,,True
864c199e,AC Voges,Rajasthan Royals,7,9.0,1,8.44,54.0,middle_heavy,50.8,52.4,7.1,36.8,C+,B,B,D,Utility Player,0.11,0.0,,,0.14,0.46,,,2,-0.34,1.0,,,,,,True
caf69bf7,DR Sams,Mumbai Indians,16,60.0,15,8.8,24.0,pp_heavy,50.7,33.2,24.9,36.3,C+,B,C+,C,Utility Player,0.77,0.07,0.25,-0.07,0.25,0.61,0.04,,1,-0.19,0.67,0.33,-0.33,-0.29,Flat-Track Leaker,-0.31,False
fa463154,AB Agarkar,Kolkata Knight Riders,42,130.33,33,9.01,23.7,middle_heavy,50.7,43.2,41.7,45.2,B,B,C+,C+,Utility Player,0.65,0.15,-0.14,0.33,0.02,0.84,0.02,-0.22,9,-0.19,0.63,-0.43,0.43,0.18,Tough-Track Enforcer,0.24,False
11614d87,D Pretorius,Chennai Super Kings,7,25.0,7,9.68,21.43,middle_heavy,50.5,25.0,34.1,36.5,C+,B,C,C+,Utility Player,0.69,0.14,,,0.39,0.44,,,0,0.05,0.54,,,,,,True
a343262c,JE Root,Rajasthan Royals,1,2.0,0,7.5,999.0,middle_heavy,50.5,48.3,21.9,40.2,C+,B,B,C,Utility Player,0.0,0.0,,,,0.41,,,0,-0.3,1.0,,,,,,True
b0482a1d,Tilak Varma,Mumbai Indians,4,3.67,0,7.64,999.0,middle_heavy,50.4,62.5,7.3,40.1,C+,B,B+,D,Utility Player,0.0,0.0,,,,0.57,,,1,,,,,,,,True
1558d83b,GS Sandhu,Delhi Daredevils,2,8.0,1,10.75,48.0,death_heavy,50.4,38.6,26.2,38.4,C+,B,C+,C,Utility Player,0.5,0.0,,,,0.45,,,0,1.01,0.0,,,,,,True
dddca1d6,SB Wagh,Pune Warriors,8,17.0,5,8.65,20.4,pp_heavy,50.3,51.3,42.6,48.1,B,B,B,C+,Utility Player,0.52,0.0,,,-0.46,0.75,,,1,-0.94,0.78,,,,,,True
d7a57f75,D du Preez,Royal Challengers Bangalore,2,7.0,4,8.0,10.5,pp_heavy,50.1,35.8,59.8,48.6,B,B,C+,B,Utility Player,1.28,0.0,,,,0.71,,,1,-0.21,0.67,,,,,,True
c69a7b5c,AS Raut,Rajasthan Royals,5,5.0,0,9.0,999.0,middle_heavy,49.7,47.7,1.9,33.1,C+,B,B,D,Utility Player,0.0,0.0,,,,0.4,,,0,,,,,,,,True
6042bf26,NJ Rimmington,Kings XI Punjab,1,3.0,0,6.67,999.0,pp_heavy,49.6,50.9,29.0,43.2,C+,B,B,C,Utility Player,0.0,0.0,,,,0.46,,,1,-1.37,1.0,,,,,,True
798cc28e,KM Asif,Rajasthan Royals,7,22.17,7,10.47,19.0,middle_heavy,49.4,25.3,44.3,39.7,C+,B,C,C+,Utility Player,1.0,0.0,,,0.48,0.53,,,0,-0.02,0.57,,,,,,True
0c432afb,P Parameswaran,Kochi Tuskers Kerala,8,25.67,9,8.81,17.11,middle_heavy,49.2,18.4,60.4,42.7,C+,B,C,B+,Utility Player,0.69,0.11,,,-0.41,0.62,,,2,-0.12,0.5,,,,,,True
9a963804,LE Plunkett,Delhi Daredevils,7,25.0,4,9.12,37.5,middle_heavy,48.6,46.6,14.4,36.5,C+,B,B,D,Utility Player,0.37,0.25,,,0.17,0.41,,,0,-0.58,0.5,,,,,,True
a1d053dd,SS Cottrell,Kings XI Punjab,6,20.0,6,8.85,20.0,pp_heavy,48.5,50.3,50.3,49.7,B,B,B,B,Utility Player,0.85,0.17,,,-0.58,0.78,,,0,0.35,0.4,,,,,,True
9a0146b3,P Sahu,Kings XI Punjab,5,17.5,3,8.69,35.0,middle_heavy,48.5,52.6,30.4,43.8,C+,B,B,C+,Utility Player,0.6,0.33,,,,0.53,,,2,-0.19,0.5,,,,,,True
90de905a,K Gowtham,Rajasthan Royals,35,98.0,22,8.42,26.73,middle_heavy,48.4,60.6,60.6,56.5,B,B,B+,B+,Utility Player,0.69,0.23,0.14,0.37,0.02,1.05,0.03,,4,-0.46,0.66,-0.03,0.03,-0.31,Flat-Track Leaker,-0.42,False
9219eff0,JDS Neesham,Kings XI Punjab,13,36.0,8,9.5,27.0,middle_heavy,48.4,44.9,42.2,45.2,B,B,C+,C+,Utility Player,0.53,0.12,-0.42,-0.26,-0.07,0.69,0.05,,1,0.05,0.38,0.24,-0.24,0.14,Conditions-Proof,0.23,False
60500956,RV Patel,Delhi Capitals,1,3.0,0,7.33,999.0,middle_heavy,48.2,44.6,26.9,39.9,C+,B,C+,C,Utility Player,0.0,0.0,,,,0.34,,,0,-0.34,0.5,,,,,,True
2498e163,JR Hopes,Kings XI Punjab,20,60.0,14,9.37,25.71,middle_heavy,47.7,61.0,18.3,42.3,C+,B,B+,C,Utility Player,0.74,0.14,0.07,0.32,-0.48,0.71,0.04,,1,-0.06,0.4,0.09,-0.09,0.63,Tough-Track Enforcer,0.55,False
c03c6200,DJG Sammy,Sunrisers Hyderabad,19,39.33,14,9.0,16.86,middle_heavy,47.0,42.2,70.9,53.4,B,B,C+,B+,Utility Player,0.41,0.36,-0.36,-0.01,0.09,0.94,0.05,,3,-0.06,0.42,-0.6,0.6,-0.35,Flat-Track Leaker,-0.28,False
759ac88f,MM Sharma,Chennai Super Kings,119,400.5,149,8.83,16.13,pp_heavy,46.8,47.4,38.5,44.2,C+,B,B,C+,Utility Player,0.74,0.17,0.31,0.73,0.02,1.15,0.01,-0.28,17,-0.43,0.62,-0.02,0.02,-0.12,Conditions-Proof,-0.1,False
cf0ccafa,M Siddharth,Lucknow Super Giants,5,16.0,3,8.75,32.0,pp_heavy,46.4,60.0,29.5,45.3,B,B,B+,C,Utility Player,0.52,0.33,,,,0.66,,,0,-0.22,0.38,,,,,,True
9440ef41,Suyash Sharma,Royal Challengers Bengaluru,27,93.0,20,8.98,27.9,middle_heavy,46.4,65.0,59.3,56.9,B,B,B+,B,Utility Player,0.44,0.5,0.34,0.87,-0.15,1.06,0.04,,1,-0.19,0.56,-0.17,0.17,-0.07,Conditions-Proof,0.25,False
62af8546,Mohammad Nabi,Sunrisers Hyderabad,23,69.5,15,7.58,27.8,middle_heavy,46.0,81.8,44.3,57.4,B,B,A,C+,Utility Player,0.59,0.2,0.4,0.68,-0.3,1.12,0.05,,2,-0.48,0.73,0.57,-0.57,0.16,Tough-Track Enforcer,0.12,False
6f49cc6e,Shivam Sharma,Kings XI Punjab,5,19.0,4,8.68,28.5,middle_heavy,46.0,54.5,44.0,48.2,B,B,B,C+,Utility Player,0.76,0.5,,,,0.68,,,1,-0.63,0.5,,,,,,True
b410bd3d,S Lamichhane,Delhi Capitals,9,35.0,14,8.49,15.0,middle_heavy,46.0,44.4,79.0,56.5,B,B,C+,A,Utility Player,1.14,0.21,,,-0.16,1.04,,,1,-0.92,0.69,,,,,,False
7a8bd078,S Gopal,Rajasthan Royals,51,165.17,53,8.22,18.7,middle_heavy,45.9,87.7,87.1,73.8,B+,B,A+,A+,Strike Bowler,0.87,0.15,0.7,0.77,0.05,1.59,0.03,-0.08,5,-0.49,0.69,-0.17,0.17,0.06,Conditions-Proof,-0.02,False
0af3426f,SS Mundhe,Pune Warriors,1,1.0,1,6.0,6.0,pp_heavy,45.8,45.4,59.1,50.1,B,B,B,B,Utility Player,1.5,0.0,,,,0.77,,,0,,,,,,,,True
1da489ff,S Kaushik,Gujarat Lions,10,34.0,6,8.94,34.0,middle_heavy,45.0,48.8,24.8,39.5,C+,B,B,C,Utility Player,0.4,0.0,0.16,-0.09,0.04,0.53,0.05,,2,-0.59,0.57,-0.85,0.85,-0.4,Flat-Track Leaker,-0.35,False
fef92afc,SC Kuggeleijn,Chennai Super Kings,2,8.0,2,8.88,24.0,death_heavy,45.0,34.6,36.0,38.5,C+,B,C+,C+,Utility Player,0.68,0.0,,,,0.47,,,0,0.17,0.5,,,,,,True
aaa1b522,TL Suman,Deccan Chargers,11,25.0,7,7.92,21.43,middle_heavy,44.9,45.9,17.9,36.2,C+,C+,B,C,Utility Player,0.57,0.0,-0.39,-0.38,-0.18,0.49,0.04,,0,-0.17,0.64,,,-0.17,Conditions-Proof,0.07,True
bae11797,Y Gnaneswara Rao,Kochi Tuskers Kerala,1,1.0,0,7.0,999.0,middle_heavy,44.9,39.6,29.6,38.0,C+,C+,C+,C,Utility Player,0.0,0.0,,,,0.23,,,0,,,,,,,,True
725529bc,SC Ganguly,Kolkata Knight Riders,20,46.0,12,8.04,23.0,middle_heavy,44.9,52.4,42.8,46.7,B,C+,B,C+,Utility Player,0.33,0.33,-0.4,0.36,0.46,0.77,0.04,-0.06,5,-0.65,0.6,-0.76,0.76,0.2,Tough-Track Enforcer,0.35,False
ddc0828d,A Flintoff,Chennai Super Kings,3,11.0,2,9.64,33.0,middle_heavy,44.8,34.7,20.8,33.4,C+,C+,C+,C,Utility Player,0.63,0.0,,,,0.22,,,0,1.08,0.5,,,,,,True
10a91f35,Shoaib Akhtar,Kolkata Knight Riders,3,7.0,5,7.71,8.4,pp_heavy,44.5,38.4,76.2,53.0,B,C+,C+,A,Utility Player,0.97,0.2,,,,1.02,,,3,-0.36,0.67,,,,,,True
611926bc,GR Napier,Mumbai Indians,1,4.0,1,7.0,24.0,middle_heavy,44.2,40.5,34.9,39.9,C+,C+,C+,C+,Utility Player,1.2,0.0,,,,0.3,,,0,-1.66,1.0,,,,,,True
172dff15,C Bosch,Mumbai Indians,2,7.0,1,8.0,42.0,middle_heavy,43.9,38.5,40.2,40.9,C+,C+,C+,C+,Utility Player,0.35,1.0,,,,0.39,,,0,-0.96,0.67,,,,,,True
271f83cd,SA Yadav,Kolkata Knight Riders,1,1.0,0,8.0,999.0,pp_heavy,43.7,41.0,21.7,35.5,C+,C+,C+,C,Utility Player,0.0,0.0,,,,0.26,,,0,,,,,,,,True
9868bc75,BMAJ Mendis,Delhi Daredevils,2,5.0,1,7.2,30.0,middle_heavy,43.5,51.1,33.2,42.6,C+,C+,B,C+,Utility Player,0.75,0.0,,,,0.43,,,1,0.03,0.5,,,,,,True
e342e5fb,CR Brathwaite,Delhi Daredevils,16,42.33,16,9.07,15.88,middle_heavy,43.2,40.4,67.7,50.4,B,C+,C+,B+,Utility Player,0.75,0.12,0.05,-0.13,-0.66,0.85,0.05,0.2,5,0.01,0.53,-0.21,0.21,0.21,Tough-Track Enforcer,0.13,False
d872f52a,LA Carseldine,Rajasthan Royals,1,1.0,1,6.0,6.0,pp_heavy,43.1,41.2,58.2,47.5,B,C+,C+,B,Utility Player,1.2,0.0,,,,0.68,,,0,,,,,,,,True
5750bcb4,E Malinga,Sunrisers Hyderabad,7,26.67,14,9.15,11.43,middle_heavy,43.0,45.8,81.5,56.8,B,C+,B,A,Strike Bowler,1.1,0.14,,,-0.0,1.11,,,0,0.37,0.36,,,,,,True
1a156c88,DJM Short,Rajasthan Royals,2,3.0,1,7.67,18.0,middle_heavy,43.0,52.4,44.5,46.6,B,C+,B,C+,Utility Player,0.75,0.0,,,,0.6,,,1,-1.02,1.0,,,,,,True
7c7d63a2,AJ Tye,Kings XI Punjab,30,114.0,48,8.82,14.25,middle_heavy,43.0,31.0,86.1,53.5,B,C+,C+,A+,Strike Bowler,0.77,0.12,0.61,1.15,0.03,1.1,0.04,,2,-0.61,0.58,0.38,-0.38,0.24,Tough-Track Enforcer,0.2,False
9061a703,J Little,Gujarat Titans,11,38.0,13,8.97,17.54,middle_heavy,43.0,28.6,71.0,47.5,B,C+,C,B+,Utility Player,0.8,0.23,0.25,-0.01,0.64,0.78,0.07,,0,-0.49,0.67,0.36,-0.36,-0.09,Conditions-Proof,-0.03,False
39a2dfa8,R Tewatia,Rajasthan Royals,52,140.5,36,7.95,23.42,middle_heavy,42.6,81.5,50.1,58.1,B,C+,A,B,Utility Player,0.57,0.11,0.4,1.02,-0.22,1.19,0.02,,4,-0.67,0.77,0.03,-0.03,-0.12,Conditions-Proof,-0.04,False
a316d663,GC Viljoen,Kings XI Punjab,6,23.0,8,9.96,17.25,middle_heavy,42.3,33.6,60.9,45.6,B,C+,C+,B+,Utility Player,1.09,0.25,,,-0.44,0.65,,,0,0.11,0.5,,,,,,True
4b57e452,M Vijay,Kings XI Punjab,4,6.0,0,8.17,999.0,middle_heavy,42.3,42.1,6.8,30.4,C+,C+,C+,D,Utility Player,0.0,0.0,,,,0.29,,,0,-0.48,1.0,,,,,,True
25eeb281,PC Valthaty,Kings XI Punjab,10,25.17,7,8.23,21.57,middle_heavy,42.3,49.8,32.4,41.5,C+,C+,B,C+,Utility Player,0.47,0.29,-0.2,-0.26,0.75,0.57,0.06,,2,-0.28,0.56,-0.01,0.01,0.09,Conditions-Proof,0.28,True
529eb9e0,OC McCoy,Rajasthan Royals,8,26.83,11,9.5,14.64,middle_heavy,42.1,33.6,56.8,44.2,C+,C+,C+,B,Utility Player,0.72,0.27,,,0.15,0.64,,,1,0.07,0.2,,,,,,True
4bd09374,Akash Madhwal,Mumbai Indians,17,58.67,26,10.19,13.54,middle_heavy,41.9,23.0,85.0,50.0,B,C+,C,A+,Strike Bowler,0.69,0.42,0.44,0.7,-0.52,1.03,0.06,,2,-0.25,0.46,-0.84,0.84,-0.61,Flat-Track Leaker,-0.7,False
4b4d1957,PM Sarvesh Kumar,Deccan Chargers,2,5.0,1,8.4,30.0,middle_heavy,41.9,48.6,38.2,42.9,C+,C+,B,C+,Utility Player,0.75,0.0,,,,0.45,,,0,0.16,0.0,,,,,,True
249abedf,Jalaj S Saxena,Punjab Kings,1,3.0,0,9.0,999.0,middle_heavy,41.6,42.5,27.8,37.3,C+,C+,C+,C,Utility Player,0.0,0.0,,,,0.23,,,0,0.25,0.0,,,,,,True
9ff100a6,RS Gavaskar,Kolkata Knight Riders,1,1.0,0,8.0,999.0,middle_heavy,41.4,36.9,25.4,34.6,C+,C+,C+,C,Utility Player,0.0,0.0,,,,0.16,,,0,,,,,,,,True
2af1b6d2,AN Ahmed,Mumbai Indians,17,57.33,15,8.98,22.93,pp_heavy,41.3,25.8,5.2,24.1,C,C+,C,D,Utility Player,0.73,0.27,-0.23,-0.04,-0.18,0.38,0.02,,1,-0.35,0.68,0.1,-0.1,-0.12,Conditions-Proof,-0.0,False
eef2536f,Avesh Khan,Lucknow Super Giants,75,269.83,94,9.25,17.22,pp_heavy,41.0,45.6,39.7,42.1,C+,C+,B,C+,Utility Player,0.84,0.21,0.2,0.15,-0.05,1.0,0.01,0.06,9,-0.36,0.64,-0.03,0.03,-0.09,Conditions-Proof,0.01,False
ffe699c0,CJ Jordan,Kings XI Punjab,34,112.33,36,9.89,18.72,middle_heavy,41.0,11.1,41.0,31.0,C+,C+,D,C+,Utility Player,0.75,0.17,-0.13,-0.36,-0.16,0.53,0.02,-0.31,9,-0.19,0.51,0.35,-0.35,-0.07,Conditions-Proof,-0.12,False
b1451597,LR Shukla,Kolkata Knight Riders,27,52.33,17,8.75,18.47,middle_heavy,40.9,37.8,62.5,47.1,B,C+,C+,B+,Utility Player,0.53,0.41,-0.4,-0.09,-0.16,0.85,0.03,-0.17,6,-0.67,0.74,0.2,-0.2,-0.04,Conditions-Proof,0.33,False
94eac556,CJ McKay,Mumbai Indians,2,7.0,1,8.57,42.0,middle_heavy,40.8,35.1,21.4,32.4,C+,C+,C+,C,Utility Player,0.75,0.0,,,,0.16,,,1,0.52,0.25,,,,,,True
ee1b6c27,N Thushara,Mumbai Indians,8,30.0,9,9.63,20.0,pp_heavy,40.7,55.0,41.1,45.6,B,C+,B,C+,Utility Player,0.88,0.33,,,-0.36,0.7,,,1,-0.24,0.54,,,,,,False
c6097d68,O Thomas,Rajasthan Royals,4,10.0,5,8.5,12.0,pp_heavy,40.6,43.2,49.3,44.4,C+,C+,C+,B,Utility Player,0.79,0.0,,,,0.61,,,1,-1.31,0.75,,,,,,True
f29185a1,Abhishek Sharma,Sunrisers Hyderabad,32,56.0,11,9.09,30.55,middle_heavy,39.9,66.9,25.6,44.1,C+,C+,B+,C,Utility Player,0.31,0.27,-0.1,0.3,0.12,0.8,0.03,,2,0.42,0.33,0.28,-0.28,0.16,Conditions-Proof,-0.12,False
f088b960,SN Khan,Kings XI Punjab,1,0.33,0,18.0,999.0,death_heavy,39.7,34.5,26.5,33.6,C+,C+,C+,C,Utility Player,0.0,0.0,,,,0.15,,,1,,,,,,,,True
54e52590,Vijaykumar Vyshak,Royal Challengers Bangalore,16,55.5,21,10.4,15.86,middle_heavy,39.6,30.5,68.7,46.3,B,C+,C+,B+,Utility Player,0.91,0.1,0.43,0.13,-0.32,0.78,0.05,,0,0.14,0.52,-0.18,0.18,-0.22,Conditions-Proof,,False
2815fe50,AA Jhunjhunwala,Rajasthan Royals,10,14.17,1,9.18,85.0,middle_heavy,39.3,52.1,26.4,39.3,C+,C+,B,C,Utility Player,0.11,1.0,-0.38,-0.43,0.05,0.52,0.05,,1,-0.38,0.5,,,0.18,Conditions-Proof,-0.1,True
04a418e8,R Parag,Rajasthan Royals,30,49.17,9,9.72,32.78,middle_heavy,39.2,67.7,2.4,36.4,C+,C+,B+,D,Utility Player,0.4,0.0,-0.57,0.45,0.35,0.6,0.02,,2,0.03,0.29,0.97,-0.97,0.46,Tough-Track Enforcer,0.6,False
c654af19,R McLaren,Mumbai Indians,18,59.0,14,9.46,25.29,pp_heavy,39.2,20.9,5.8,22.0,C,C+,C,D,Utility Player,0.69,0.29,-0.22,-0.2,0.24,0.35,0.02,,2,-0.26,0.56,-0.07,0.07,0.46,Tough-Track Enforcer,0.58,False
19b9f399,CJ Green,Kolkata Knight Riders,1,2.83,0,8.47,999.0,pp_heavy,39.1,43.8,19.5,34.1,C+,C+,C+,C,Utility Player,0.0,0.0,,,,0.24,,,0,-0.2,1.0,,,,,,True
c15e2193,FY Fazal,Rajasthan Royals,2,2.0,1,10.0,12.0,middle_heavy,39.1,33.2,37.0,36.4,C+,C+,C+,C+,Utility Player,0.55,0.0,,,,0.25,,,1,,,,,,,,True
7210d461,Yash Dayal,Royal Challengers Bengaluru,43,145.17,45,9.73,19.36,pp_heavy,38.9,27.6,20.5,29.0,C,C+,C,C,Utility Player,0.82,0.16,0.08,0.11,0.3,0.68,0.02,,3,-0.18,0.58,0.04,-0.04,0.16,Tough-Track Enforcer,0.32,False
2e9fdf9b,DAJ Bracewell,Delhi Daredevils,1,4.0,3,8.0,8.0,middle_heavy,38.9,39.8,57.4,45.4,B,C+,C+,B,Utility Player,0.87,0.33,,,,0.57,,,0,0.59,0.0,,,,,,True
266849c1,R Goyal,Mumbai Indians,1,4.0,0,8.5,999.0,middle_heavy,38.8,38.9,24.4,34.0,C+,C+,C+,C,Utility Player,0.0,0.0,,,,0.15,,,1,-0.1,1.0,,,,,,True
af2c687b,C Munro,Kolkata Knight Riders,2,2.0,0,7.5,999.0,middle_heavy,38.5,51.6,20.1,36.7,C+,C+,B,C,Utility Player,0.0,0.0,,,,0.31,,,0,,,,,,,,True
85ec8e33,SS Iyer,Kolkata Knight Riders,1,1.0,0,7.0,999.0,death_heavy,38.2,46.2,33.6,39.3,C+,C+,B,C+,Utility Player,0.0,0.0,,,,0.37,,,1,,,,,,,,True
fdcb08c2,A Uniyal,Rajasthan Royals,2,6.0,3,11.17,12.0,death_heavy,38.2,35.3,45.1,39.5,C+,C+,C+,B,Utility Player,0.57,0.33,,,,0.52,,,1,1.62,0.0,,,,,,True
9ab63e7b,Mohammad Hafeez,Kolkata Knight Riders,4,10.0,2,7.1,30.0,middle_heavy,38.0,34.8,28.9,33.9,C+,C+,C+,C,Utility Player,0.55,0.5,,,,0.25,,,1,-0.58,0.75,,,,,,True
81c36ee9,M Jansen,Sunrisers Hyderabad,35,122.17,38,9.66,19.29,pp_heavy,37.9,31.1,54.1,41.0,C+,C+,C+,B,Utility Player,0.86,0.21,0.09,0.23,0.01,0.87,0.02,,3,-0.28,0.57,0.43,-0.43,-0.14,Conditions-Proof,-0.09,False
e03b66ec,Mohammad Asif,Delhi Daredevils,8,32.0,9,9.59,21.33,pp_heavy,37.9,28.9,23.7,30.2,C+,C+,C,C,Utility Player,0.84,0.22,,,0.42,0.36,,,0,0.32,0.38,,,,,,False
80b2fb19,Prince Yadav,Lucknow Super Giants,6,22.83,5,9.9,27.4,middle_heavy,37.9,43.5,44.4,41.9,C+,C+,C+,C+,Utility Player,0.71,0.6,,,,0.53,,,0,0.32,0.33,,,,,,True
b483905d,Akash Singh,Chennai Super Kings,10,34.17,9,9.54,22.78,pp_heavy,37.7,63.3,50.6,50.5,B,C+,B+,B,Utility Player,0.98,0.33,0.47,0.05,-0.02,0.89,0.09,,0,0.25,0.4,-0.17,0.17,0.05,Conditions-Proof,-0.43,False
4933f499,JP Behrendorff,Mumbai Indians,17,61.0,22,9.23,16.64,pp_heavy,37.7,51.2,67.1,52.0,B,C+,B,B+,Utility Player,0.89,0.09,0.44,0.03,0.03,0.97,0.06,,2,-0.3,0.58,0.22,-0.22,0.04,Conditions-Proof,-0.07,False
caa89a48,SS Sarkar,Kolkata Knight Riders,2,4.17,1,8.16,25.0,middle_heavy,37.5,22.1,24.8,28.1,C,C+,C,C,Utility Player,0.4,1.0,,,,0.07,,,1,-1.11,1.0,,,,,,True
d4d929b0,V Kaverappa,Punjab Kings,1,4.0,2,9.0,12.0,pp_heavy,37.4,44.0,52.5,44.6,C+,C+,C+,B,Utility Player,1.45,0.0,,,,0.56,,,0,0.02,0.0,,,,,,True
fe763256,Y Venugopal Rao,Deccan Chargers,20,36.0,7,9.39,30.86,middle_heavy,37.3,36.3,12.3,28.6,C,C+,C+,D,Utility Player,0.31,0.29,-0.44,-0.15,-0.09,0.41,0.02,,0,-0.06,0.56,0.32,-0.32,0.14,Conditions-Proof,0.16,False
03a83c50,V Viyaskanth,Sunrisers Hyderabad,3,10.0,1,9.0,60.0,middle_heavy,37.3,55.3,13.2,35.3,C+,C+,B,D,Utility Player,0.5,0.0,,,,0.36,,,0,-0.54,0.75,,,,,,True
b720a5d6,DB Ravi Teja,Deccan Chargers,2,3.0,1,9.33,18.0,middle_heavy,36.9,43.9,34.9,38.6,C+,C+,C+,C+,Utility Player,0.7,0.0,,,,0.3,,,0,-0.01,1.0,,,,,,True
249d60c9,AU Rashid,Sunrisers Hyderabad,3,10.0,2,9.1,30.0,middle_heavy,36.3,48.3,59.3,48.0,B,C+,B,B,Utility Player,0.42,1.0,,,,0.67,,,1,-0.32,0.67,,,,,,True
0bf15e52,Harmeet Singh,Rajasthan Royals,1,4.0,1,8.5,24.0,pp_heavy,36.1,35.6,33.9,35.2,C+,C+,C+,C+,Utility Player,1.4,0.0,,,,0.14,,,0,-0.41,0.33,,,,,,True
9caf69a1,WG Jacks,Mumbai Indians,13,23.0,8,9.61,17.25,middle_heavy,35.8,36.0,62.2,44.7,C+,C+,C+,B+,Utility Player,0.63,0.12,-0.14,0.28,0.14,0.71,0.05,,0,-0.45,0.71,,,0.6,Tough-Track Enforcer,1.12,True
ed5a5510,P Dubey,Delhi Capitals,5,13.0,2,8.62,39.0,middle_heavy,35.8,56.0,33.2,41.7,C+,C+,B,C+,Utility Player,0.46,0.0,,,,0.5,,,1,0.1,0.43,,,,,,True
f6d8a7ab,K Kartikeya,Mumbai Indians,16,47.0,12,8.77,23.5,middle_heavy,34.9,68.7,60.5,54.7,B,C+,B+,B+,Utility Player,0.69,0.5,0.47,0.32,0.07,0.96,0.06,,0,-0.03,0.48,0.3,-0.3,0.47,Tough-Track Enforcer,0.28,False
c28e9f12,Tejas Baroka,Gujarat Lions,1,3.5,0,9.43,999.0,middle_heavy,34.8,35.8,25.7,32.1,C+,C+,C+,C,Utility Player,0.0,0.0,,,,0.06,,,1,0.12,0.5,,,,,,True
fb5f69e4,M Tiwari,Delhi Capitals,1,1.0,0,14.0,999.0,middle_heavy,34.6,31.2,15.9,27.2,C,C+,C+,C,Utility Player,0.0,0.0,,,,0.01,,,0,,,,,,,,True
b2b23612,RG More,Chennai Super Kings,2,5.83,1,10.8,35.0,middle_heavy,34.5,25.9,12.6,24.3,C,C+,C,D,Utility Player,0.6,0.0,,,,0.03,,,1,0.29,0.0,,,,,,True
402f8494,RJ Gleeson,Chennai Super Kings,3,11.33,2,9.79,34.0,middle_heavy,33.9,30.0,32.8,32.2,C+,C+,C+,C+,Utility Player,1.0,0.5,,,,0.18,,,0,-0.56,0.67,,,,,,True
0164b064,MG Neser,Kings XI Punjab,1,4.0,0,15.5,999.0,death_heavy,33.7,31.4,29.4,31.5,C+,C+,C+,C,Utility Player,0.0,0.0,,,,0.06,,,0,2.11,0.0,,,,,,True
1647bd37,Karanveer Singh,Kings XI Punjab,9,34.0,14,9.5,14.57,middle_heavy,33.6,21.2,72.8,42.5,C+,C+,C,B+,Utility Player,0.93,0.07,,,-0.34,0.68,,,0,-0.56,0.61,,,,,,False
b69e69ed,AA Noffke,Royal Challengers Bangalore,1,4.0,1,10.25,24.0,middle_heavy,33.4,25.1,32.7,30.4,C+,C+,C,C+,Utility Player,1.2,0.0,,,,0.03,,,0,0.95,0.0,,,,,,True
e0351c86,DNT Zoysa,Deccan Chargers,3,11.0,2,9.09,33.0,pp_heavy,33.4,39.5,9.5,27.5,C,C+,C+,D,Utility Player,0.73,0.0,,,,0.2,,,0,-0.12,0.8,,,,,,True
0604ef16,SB Bangar,Deccan Chargers,9,25.0,6,8.84,25.0,middle_heavy,33.2,33.0,33.0,33.1,C+,C+,C+,C+,Utility Player,0.59,0.17,,,-0.51,0.37,,,1,-0.32,0.75,,,,,,True
e38bce7a,MG Bracewell,Royal Challengers Bangalore,5,11.0,6,8.64,11.0,middle_heavy,33.0,43.0,73.3,49.8,B,C+,C+,B+,Utility Player,0.97,0.0,,,,0.8,,,0,0.31,0.5,,,,,,True
0d232ffd,MA Khote,Mumbai Indians,2,5.0,2,10.4,15.0,middle_heavy,32.9,33.7,39.0,35.2,C+,C+,C+,C+,Utility Player,0.57,0.0,,,,0.21,,,0,-0.51,0.5,,,,,,True
5f4e9e8f,RR Raje,Mumbai Indians,10,23.17,7,9.24,19.86,middle_heavy,32.9,16.8,42.8,30.8,C+,C+,C,C+,Utility Player,0.46,0.29,-0.96,-0.7,-0.22,0.36,0.04,,1,-0.46,0.55,0.37,-0.37,0.24,Tough-Track Enforcer,0.24,True
fb24e76c,Monu Kumar,Chennai Super Kings,1,2.0,0,10.0,999.0,pp_heavy,32.8,20.6,15.3,22.9,C,C+,C,C,Utility Player,0.0,0.0,,,,0.0,,,0,,,,,,,,True
c3c92b42,RS Hangargekar,Chennai Super Kings,2,6.0,3,10.0,12.0,middle_heavy,32.5,24.8,52.6,36.6,C+,C+,C,B,Utility Player,0.67,0.0,,,,0.34,,,0,-1.09,1.0,,,,,,True
26d041c4,Sikandar Raza,Punjab Kings,7,14.0,3,10.43,28.0,middle_heavy,32.0,31.4,30.2,31.2,C+,C+,C+,C+,Utility Player,0.57,0.33,,,0.36,0.29,,,0,0.35,0.25,,,,,,True
16605a1b,AA Kazi,Royal Challengers Bangalore,1,2.0,1,10.5,12.0,middle_heavy,31.9,27.5,36.9,32.1,C+,C+,C,C+,Utility Player,1.2,0.0,,,,0.1,,,0,-0.3,1.0,,,,,,True
64775749,RP Meredith,Mumbai Indians,18,64.67,21,9.6,18.48,middle_heavy,31.5,25.3,59.2,38.7,C+,C+,C,B,Utility Player,0.9,0.1,0.02,-0.25,0.14,0.66,0.04,,1,-0.28,0.57,-0.12,0.12,0.03,Conditions-Proof,0.15,False
39f82db3,DJ Harris,Deccan Chargers,2,3.0,0,8.67,999.0,middle_heavy,31.4,47.7,10.5,29.9,C,C+,B,D,Utility Player,0.0,0.0,,,,0.19,,,0,,,,,,,,True
8dc152d1,D Jansen,Mumbai Indians,1,4.0,1,13.25,24.0,death_heavy,31.4,31.5,31.8,31.6,C+,C+,C+,C+,Utility Player,1.0,0.0,,,,0.08,,,0,1.59,0.0,,,,,,True
670709ec,SB Joshi,Royal Challengers Bangalore,4,9.17,1,8.95,55.0,middle_heavy,31.0,45.8,13.7,30.2,C+,C+,B,D,Utility Player,0.38,0.0,,,,0.22,,,1,-0.47,0.6,,,,,,True
1cb14aa4,CJ Dala,Delhi Daredevils,1,3.0,0,11.33,999.0,middle_heavy,30.9,21.4,27.0,26.4,C,C+,C,C,Utility Player,0.0,0.0,,,,0.0,,,0,0.28,0.5,,,,,,True
844e79d1,D Brevis,Mumbai Indians,1,0.5,1,16.0,3.0,death_heavy,30.6,35.7,45.4,37.2,C+,C+,C+,B,Utility Player,1.4,1.0,,,,0.34,,,1,,,,,,,,True
d2c2b2d5,SR Tendulkar,Mumbai Indians,4,6.0,0,9.83,999.0,middle_heavy,30.5,12.6,0.9,14.7,D,C+,D,D,Utility Player,0.0,0.0,,,,0.04,,,1,1.23,0.33,,,,,,True
9f77963a,Gulbadin Naib,Delhi Capitals,1,1.0,0,12.0,999.0,middle_heavy,30.3,24.8,21.0,25.4,C,C+,C,C,Utility Player,0.0,0.0,,,,0.0,,,0,,,,,,,,True
35205dfc,DR Smith,Gujarat Lions,46,89.83,27,9.18,19.96,middle_heavy,30.2,34.2,66.6,43.7,C+,C+,C+,B+,Utility Player,0.46,0.37,-0.4,0.29,0.06,0.89,0.02,,2,-0.32,0.52,0.59,-0.59,-0.06,Conditions-Proof,-0.03,False
30a45b23,SPD Smith,Pune Warriors,1,0.33,0,15.0,999.0,death_heavy,30.1,36.0,27.2,31.1,C+,C+,C+,C,Utility Player,0.0,0.0,,,,0.06,,,1,,,,,,,,True
b51f72a5,SS Agarwal,Gujarat Lions,1,4.0,1,10.5,24.0,middle_heavy,29.9,33.6,33.7,32.4,C+,C,C+,C+,Utility Player,1.5,0.0,,,,0.07,,,0,-0.39,0.5,,,,,,True
7dcb9bc9,M Shahrukh Khan,Gujarat Titans,3,3.0,1,9.67,18.0,middle_heavy,29.8,46.0,34.9,36.9,C+,C,B,C+,Utility Player,0.4,0.0,,,,0.31,,,0,,,,,,,,True
d3611425,LI Meriwala,Delhi Capitals,1,3.0,1,10.67,18.0,pp_heavy,29.7,23.7,34.1,29.2,C,C,C,C+,Utility Player,1.5,0.0,,,,0.05,,,0,-0.07,0.5,,,,,,True
1c2a64cd,A Ashish Reddy,Sunrisers Hyderabad,20,43.67,19,9.16,13.79,middle_heavy,29.6,27.1,82.1,46.3,B,C,C,A,Strike Bowler,0.82,0.47,-0.37,-0.07,-0.26,0.93,0.05,-0.03,5,-0.02,0.62,0.19,-0.19,-0.19,Flat-Track Leaker,-0.17,False
f834dcfc,L Ngidi,Chennai Super Kings,16,62.0,32,8.73,11.62,pp_heavy,29.5,43.0,87.7,53.7,B,C,C+,A+,Strike Bowler,1.19,0.19,0.93,1.02,-0.11,1.22,0.08,,2,-0.75,0.68,0.12,-0.12,-0.33,Flat-Track Leaker,-0.18,False
2cdce1be,C Sakariya,Rajasthan Royals,20,74.0,20,8.77,22.2,pp_heavy,29.4,24.3,7.1,20.3,C,C,C,D,Utility Player,0.86,0.1,0.54,0.38,0.07,0.33,0.02,,1,-0.77,0.69,0.02,-0.02,0.48,Tough-Track Enforcer,0.29,False
1ac746c8,Atharva Taide,Punjab Kings,1,0.17,0,24.0,999.0,death_heavy,29.4,29.6,25.0,28.0,C,C,C,C,Utility Player,0.0,0.0,,,,0.0,,,1,,,,,,,,True
77255a9e,RA Tripathi,Rising Pune Supergiant,1,1.0,0,12.0,999.0,middle_heavy,29.3,37.4,16.1,27.6,C,C,C+,C,Utility Player,0.0,0.0,,,,0.07,,,0,,,,,,,,True
e84ac20c,MJ Henry,Lucknow Super Giants,6,17.0,3,10.76,34.0,pp_heavy,29.2,36.6,2.9,22.9,C,C,C+,D,Utility Player,0.47,0.0,,,-0.07,0.23,,,0,0.18,0.6,,,,,,True
b2a79f17,B Laughlin,Rajasthan Royals,9,28.0,10,10.14,16.8,middle_heavy,29.1,16.3,45.6,30.3,C+,C,C,B,Utility Player,0.72,0.1,,,0.19,0.37,,,2,0.23,0.43,,,,,,True
86ae8ef2,MB Parmar,Kolkata Knight Riders,1,3.0,0,11.0,999.0,middle_heavy,29.0,25.7,22.1,25.6,C,C,C,C,Utility Player,0.0,0.0,,,,0.0,,,0,0.81,0.0,,,,,,True
aad0c365,Nithish Kumar Reddy,Sunrisers Hyderabad,12,23.17,8,11.01,17.38,middle_heavy,29.0,48.5,54.2,43.9,C+,C,B,B,Utility Player,0.45,0.12,0.09,-0.04,0.12,0.69,0.06,,0,0.49,0.25,,,0.07,Conditions-Proof,,True
4d7f517e,AJ Hosein,Sunrisers Hyderabad,1,4.0,1,10.25,24.0,pp_heavy,28.8,36.5,27.5,30.9,C+,C,C+,C,Utility Player,1.4,0.0,,,,0.06,,,0,0.15,0.5,,,,,,True
752f7486,Ishan Kishan,Sunrisers Hyderabad,1,0.17,0,24.0,999.0,death_heavy,28.7,30.6,26.3,28.5,C,C,C+,C,Utility Player,0.0,0.0,,,,0.0,,,1,,,,,,,,True
d1a60072,N Wadhera,Mumbai Indians,2,2.83,0,7.76,999.0,middle_heavy,28.6,53.4,11.9,31.3,C+,C,B,D,Utility Player,0.0,0.0,,,,0.26,,,1,-1.01,1.0,,,,,,True
be869ccf,GHS Garton,Royal Challengers Bangalore,5,15.0,3,9.07,30.0,pp_heavy,28.6,18.8,5.9,17.8,C,C,C,D,Utility Player,0.84,0.0,,,,0.08,,,1,-0.57,0.8,,,,,,True
fdf7491e,IC Porel,Punjab Kings,1,4.0,1,10.5,24.0,pp_heavy,28.5,29.4,28.3,28.7,C,C,C,C,Utility Player,1.4,0.0,,,,0.0,,,0,0.24,0.5,,,,,,True
ac5ae4af,I Udana,Royal Challengers Bangalore,10,29.0,8,9.86,21.75,middle_heavy,28.5,20.7,33.0,27.4,C,C,C,C+,Utility Player,0.76,0.25,-0.4,-0.57,0.5,0.31,0.03,,2,-0.22,0.56,,,0.0,Conditions-Proof,-0.23,True
2049f3a0,SJ Srivastava,Kings XI Punjab,14,47.0,15,9.45,18.8,pp_heavy,28.4,20.3,34.6,27.8,C,C,C,C+,Utility Player,0.89,0.07,0.02,-0.29,0.6,0.46,0.03,,2,-0.32,0.65,-0.03,0.03,-0.06,Conditions-Proof,0.01,False
25228673,Harsh Dubey,Sunrisers Hyderabad,3,10.0,5,9.8,12.0,middle_heavy,28.3,45.7,65.5,46.5,B,C,B,B+,Utility Player,1.31,0.4,,,,0.66,,,0,0.16,0.6,,,,,,True
dcce6f09,DA Warner,Sunrisers Hyderabad,1,0.17,0,12.0,999.0,middle_heavy,28.1,18.4,14.6,20.4,C,C,C,D,Utility Player,0.0,0.0,,,,0.0,,,0,,,,,,,,True
da934ee8,MK Lomror,Rajasthan Royals,11,15.0,2,8.47,45.0,middle_heavy,28.1,56.1,9.6,31.3,C+,C,B,D,Utility Player,0.2,0.0,-0.02,0.53,-0.48,0.38,0.03,,1,-0.32,0.4,,,-0.5,Flat-Track Leaker,-0.09,True
facb9086,SD Chitnis,Mumbai Indians,2,6.0,2,10.33,18.0,middle_heavy,28.1,35.2,42.7,35.3,C+,C,C+,C+,Utility Player,0.68,0.0,,,,0.26,,,0,-0.07,0.67,,,,,,True
890de8cb,Gagandeep Singh,Kings XI Punjab,4,14.0,3,10.14,28.0,middle_heavy,28.0,10.9,24.6,21.2,C,C,D,C,Utility Player,0.92,0.33,,,,0.07,,,0,0.31,0.0,,,,,,True
740742ef,RG Sharma,Deccan Chargers,32,56.5,16,8.18,21.19,middle_heavy,28.0,19.9,11.1,19.7,C,C,C,D,Utility Player,0.36,0.31,-0.27,0.55,0.04,0.34,0.01,,3,-0.51,0.68,-0.12,0.12,0.04,Conditions-Proof,-0.3,False
69be866a,Anureet Singh,Kings XI Punjab,22,68.67,21,9.26,19.62,pp_heavy,27.9,26.5,18.3,24.2,C,C,C,C,Utility Player,0.73,0.29,-0.03,0.17,0.27,0.5,0.02,,4,-0.35,0.54,0.54,-0.54,0.08,Conditions-Proof,0.08,False
cc1e8c68,UT Yadav,Kolkata Knight Riders,147,509.33,163,8.72,18.75,pp_heavy,27.6,52.5,62.8,47.6,B,C,B,B+,Utility Player,0.77,0.21,0.21,0.57,0.1,1.34,0.01,-0.24,16,-0.77,0.77,0.16,-0.16,0.11,Conditions-Proof,0.03,False
27e71d47,K Upadhyay,Pune Warriors,3,9.0,0,9.0,999.0,pp_heavy,27.6,35.1,5.4,22.7,C,C,C+,D,Utility Player,0.0,0.0,,,,0.12,,,0,-0.01,0.6,,,,,,True
93a17209,VY Mahesh,Delhi Daredevils,17,56.5,22,9.04,15.41,middle_heavy,26.8,18.1,79.4,41.4,C+,C,C,A,Utility Player,0.86,0.23,-0.21,0.21,0.01,0.78,0.05,,3,-0.54,0.68,0.58,-0.58,0.45,Tough-Track Enforcer,0.46,False
64c34cd0,Shoaib Malik,Delhi Daredevils,5,8.5,2,10.24,25.5,middle_heavy,26.3,29.5,16.3,24.0,C,C,C,C,Utility Player,0.46,0.0,,,,0.1,,,1,-0.12,0.5,,,,,,True
78eb4223,KAJ Roach,Deccan Chargers,2,8.0,0,10.0,999.0,pp_heavy,26.2,24.2,8.5,19.6,C,C,C,D,Utility Player,0.0,0.0,,,,0.0,,,0,0.72,0.33,,,,,,True
d4eef961,M de Lange,Kolkata Knight Riders,5,18.0,6,9.5,18.0,pp_heavy,26.1,12.2,31.6,23.3,C,C,D,C+,Utility Player,0.75,0.33,,,,0.17,,,2,-0.22,0.56,,,,,,True
8ba8195d,V Sehwag,Delhi Daredevils,15,22.67,6,10.41,22.67,middle_heavy,25.9,15.8,41.8,27.8,C,C,C,C+,Utility Player,0.32,0.33,-0.98,-0.83,-0.29,0.39,0.03,,3,0.04,0.6,0.96,-0.96,-0.53,Flat-Track Leaker,-0.86,True
12314277,Arshad Khan (2),Lucknow Super Giants,1,2.0,0,12.5,999.0,middle_heavy,25.7,27.0,30.1,27.6,C,C,C,C+,Utility Player,0.0,0.0,,,,0.0,,,0,0.23,0.46,,,,,,True
2503e881,A Nel,Mumbai Indians,1,3.0,1,10.33,18.0,pp_heavy,25.6,32.3,33.3,30.4,C+,C,C+,C+,Utility Player,1.5,0.0,,,,0.05,,,1,-0.63,1.0,,,,,,True
d718440b,V Pratap Singh,Deccan Chargers,9,34.0,12,8.82,17.0,pp_heavy,25.4,14.4,36.9,25.6,C,C,D,C+,Utility Player,1.15,0.17,,,-0.22,0.3,,,3,-0.46,0.64,,,,,,False
5b16a806,A Dananjaya,Mumbai Indians,1,4.0,0,11.75,999.0,middle_heavy,25.4,28.7,23.3,25.8,C,C,C,C,Utility Player,0.0,0.0,,,,0.0,,,0,1.22,0.0,,,,,,True
14f96089,A Zampa,Rajasthan Royals,22,77.83,32,8.43,14.59,middle_heavy,25.3,47.4,79.1,50.6,B,C,B,A,Utility Player,0.98,0.16,0.57,1.04,-0.09,0.97,0.04,,3,-0.75,0.7,0.33,-0.33,0.07,Conditions-Proof,0.12,False
8a668774,Shoaib Ahmed,Deccan Chargers,7,17.0,5,9.06,20.4,middle_heavy,25.0,15.3,50.8,30.4,C+,C,C,B,Utility Player,0.61,0.4,,,,0.37,,,0,-0.71,0.71,,,,,,True
c27b5a0e,PVSN Raju,Mumbai Indians,2,4.0,2,13.5,12.0,death_heavy,25.0,28.0,33.6,28.9,C,C,C,C+,Utility Player,0.38,0.0,,,,0.2,,,0,1.87,0.0,,,,,,True
c3a96caf,Mandeep Singh,Kings XI Punjab,2,2.0,0,13.0,999.0,middle_heavy,24.8,19.9,8.5,17.7,C,C,C,D,Utility Player,0.0,0.0,,,,0.0,,,0,,,,,,,,True
edb3d4f8,KC Cariappa,Kings XI Punjab,11,36.0,8,9.69,27.0,middle_heavy,24.7,16.6,29.4,23.6,C,C,C,C,Utility Player,0.69,0.25,-0.22,-0.12,0.34,0.24,0.02,,0,0.13,0.43,0.18,-0.18,-0.5,Flat-Track Leaker,-0.63,False
50c6bc2b,LS Livingstone,Punjab Kings,27,52.0,13,9.06,24.0,middle_heavy,24.7,49.5,22.6,32.3,C+,C,B,C,Utility Player,0.36,0.15,-0.48,-0.32,-0.01,0.56,0.02,,1,-0.17,0.5,0.28,-0.28,0.04,Conditions-Proof,0.05,False
89f64c19,LMP Simmons,Mumbai Indians,1,3.0,1,11.33,18.0,middle_heavy,24.4,22.9,35.8,27.7,C,C,C,C+,Utility Player,1.5,1.0,,,,0.08,,,1,0.46,0.0,,,,,,True
465aa633,N Burger,Rajasthan Royals,5,17.0,7,8.94,14.57,pp_heavy,24.4,33.9,61.7,40.0,C+,C,C+,B+,Utility Player,1.27,0.29,,,,0.57,,,1,-0.32,0.83,,,,,,True
2e78f685,KR Sen,Rajasthan Royals,12,40.17,14,9.86,17.21,middle_heavy,24.1,11.7,72.1,36.0,C+,C,D,B+,Utility Player,0.8,0.36,-0.14,-0.26,-0.19,0.6,0.05,,1,0.1,0.47,,,-0.44,Flat-Track Leaker,-0.27,False
cf73ad76,JEC Franklin,Mumbai Indians,15,25.17,9,8.94,16.78,middle_heavy,23.8,19.4,44.8,29.3,C,C,C,C+,Utility Player,0.58,0.11,-0.77,-1.05,-0.11,0.43,0.03,,2,0.09,0.4,,,0.37,Tough-Track Enforcer,0.32,True
e62dd25d,K Rabada,Delhi Capitals,84,318.5,128,8.84,14.93,pp_heavy,23.8,36.3,66.1,42.1,C+,C,C+,B+,Utility Player,0.96,0.15,0.42,0.33,-0.17,1.09,0.01,-0.34,10,-0.88,0.77,-0.19,0.19,0.04,Conditions-Proof,0.03,False
9d704f6f,SZ Mulani,Mumbai Indians,2,5.0,0,11.4,999.0,middle_heavy,23.5,19.4,11.6,18.2,C,C,C,D,Utility Player,0.0,0.0,,,,0.0,,,0,0.81,0.33,,,,,,True
67af6f81,RW Price,Mumbai Indians,1,3.0,0,11.0,999.0,middle_heavy,23.3,30.1,18.3,23.9,C,C,C+,C,Utility Player,0.0,0.0,,,,0.0,,,0,0.91,0.0,,,,,,True
8b9704ae,L Ablish,Kings XI Punjab,3,7.0,5,10.86,8.4,middle_heavy,23.3,14.6,69.3,35.7,C+,C,D,B+,Utility Player,0.49,0.4,,,,0.53,,,0,0.56,0.0,,,,,,True
970ddd24,Suryansh Shedge,Punjab Kings,1,3.0,0,13.33,999.0,middle_heavy,22.9,23.2,15.5,20.5,C,C,C,C,Utility Player,0.0,0.0,,,,0.0,,,0,0.68,0.5,,,,,,True
b52ffbbd,FA Allen,Punjab Kings,4,15.0,2,9.07,45.0,middle_heavy,22.8,36.3,21.1,26.7,C,C,C+,C,Utility Player,0.75,0.5,,,,0.1,,,1,0.3,0.29,,,,,,True
eade4650,DJ Mitchell,Rajasthan Royals,4,8.0,1,12.12,48.0,middle_heavy,22.7,18.6,7.7,16.3,C,C,C,D,Utility Player,0.3,0.0,,,,0.0,,,0,1.18,0.0,,,,,,True
ae78bc32,MS Gony,Chennai Super Kings,44,148.0,39,8.9,22.77,pp_heavy,22.6,16.8,25.7,21.7,C,C,C,C,Utility Player,0.85,0.33,-0.2,0.37,-0.06,0.55,0.01,-0.16,6,-0.51,0.74,0.14,-0.14,-0.16,Flat-Track Leaker,-0.12,False
5ffc0565,V Nigam,Delhi Capitals,13,39.0,12,9.26,19.5,middle_heavy,22.4,27.1,66.7,38.7,C+,C,C,B+,Utility Player,0.73,0.25,0.15,-0.2,-0.03,0.64,0.05,,0,0.07,0.4,-0.04,0.04,0.0,Conditions-Proof,,False
33ffc3dd,R Sanjay Yadav,Mumbai Indians,1,2.0,0,11.5,999.0,pp_heavy,21.9,20.2,22.9,21.7,C,C,C,C,Utility Player,0.0,0.0,,,,0.0,,,0,0.09,0.0,,,,,,True
3ae3f034,AUK Pathan,Royal Challengers Bangalore,3,6.5,0,9.69,999.0,middle_heavy,21.8,26.9,6.9,18.5,C,C,C,D,Utility Player,0.0,0.0,,,,0.01,,,1,-0.08,0.67,,,,,,True
6c19c6e5,YBK Jaiswal,Rajasthan Royals,1,0.17,0,36.0,999.0,death_heavy,21.4,13.8,21.5,18.9,C,C,D,C,Utility Player,0.0,0.0,,,,0.0,,,1,,,,,,,,True
ce4cc4d5,R Ninan,Royal Challengers Bangalore,2,6.0,3,10.83,12.0,middle_heavy,21.2,31.2,50.6,34.3,C+,C,C+,B,Utility Player,1.48,0.0,,,,0.32,,,0,0.67,0.0,,,,,,True
27af6414,BJ Rohrer,Delhi Daredevils,1,1.0,0,12.0,999.0,middle_heavy,21.1,26.0,19.2,22.1,C,C,C,C,Utility Player,0.0,0.0,,,,0.0,,,0,,,,,,,,True
b1ad996b,MP Yadav,Lucknow Super Giants,6,20.17,10,9.32,12.1,middle_heavy,20.8,29.2,80.8,43.6,C+,C,C,A,Strike Bowler,0.77,0.3,,,0.13,0.83,,,0,-0.74,0.56,,,,,,True
1be70c88,LPC Silva,Deccan Chargers,1,1.0,0,21.0,999.0,death_heavy,20.8,31.7,25.3,25.9,C,C,C+,C,Utility Player,0.0,0.0,,,,0.0,,,1,,,,,,,,True
8998a68f,Sumit Kumar,Delhi Capitals,2,3.33,0,11.4,999.0,middle_heavy,20.6,37.5,13.3,23.8,C,C,C+,D,Utility Player,0.0,0.0,,,,0.08,,,1,1.01,0.0,,,,,,True
441c72ae,P Ray Barman,Royal Challengers Bangalore,1,4.0,0,14.0,999.0,middle_heavy,20.5,22.1,17.9,20.2,C,C,C,C,Utility Player,0.0,0.0,,,,0.0,,,0,1.31,0.0,,,,,,True
b4f5c2d9,KL Nagarkoti,Kolkata Knight Riders,11,30.0,5,9.57,36.0,middle_heavy,20.3,27.8,6.3,18.1,C,C,C,D,Utility Player,0.41,0.0,-0.34,-0.37,-0.42,0.14,0.01,,1,0.11,0.38,-0.4,0.4,-0.1,Conditions-Proof,-0.17,False
d027ba9f,KS Williamson,Sunrisers Hyderabad,2,3.0,0,10.33,999.0,middle_heavy,20.3,38.8,10.1,23.1,C,C,C+,D,Utility Player,0.0,0.0,,,,0.1,,,0,1.03,0.0,,,,,,True
21ac077a,RR Bose,Kings XI Punjab,1,2.0,0,12.0,999.0,pp_heavy,20.2,19.0,17.5,18.9,C,C,C,C,Utility Player,0.0,0.0,,,,0.0,,,0,0.91,0.0,,,,,,True
6a26221c,AK Markram,Sunrisers Hyderabad,19,31.17,6,8.82,31.17,middle_heavy,19.9,62.7,23.7,35.4,C+,C,B+,C,Utility Player,0.37,0.33,-0.0,-0.05,-0.09,0.58,0.03,-0.05,5,0.05,0.5,-0.37,0.37,-0.03,Conditions-Proof,-0.03,False
1ee08e9a,JA Richardson,Punjab Kings,4,15.0,3,10.8,30.0,middle_heavy,19.9,29.4,42.9,30.7,C+,C,C,C+,Utility Player,0.64,0.67,,,,0.27,,,1,0.23,0.67,,,,,,True
756389bd,S Vidyut,Chennai Super Kings,1,2.0,1,11.0,12.0,middle_heavy,19.7,22.6,41.4,27.9,C,C,C,C+,Utility Player,1.5,0.0,,,,0.17,,,1,,,,,,,,True
cedc1d9a,P Suyal,Mumbai Indians,5,16.0,2,9.62,48.0,pp_heavy,19.7,13.8,5.1,12.9,D,C,D,D,Utility Player,0.5,0.0,,,,0.02,,,1,-0.08,0.6,,,,,,True
aa8d28ae,D Wiese,Royal Challengers Bangalore,15,49.33,17,9.06,17.41,middle_heavy,19.7,15.0,43.3,26.0,C,C,C,C+,Utility Player,0.74,0.12,0.39,0.33,-0.32,0.35,0.02,,1,-0.12,0.61,0.23,-0.23,0.18,Conditions-Proof,0.05,False
7c390b03,RA Shaikh,Mumbai Indians,1,1.0,0,11.0,999.0,pp_heavy,19.7,30.5,14.0,21.4,C,C,C+,D,Utility Player,0.0,0.0,,,,0.0,,,0,,,,,,,,True
94bc776b,D Kalyankrishna,Deccan Chargers,3,8.0,2,11.0,24.0,middle_heavy,19.6,27.8,25.7,24.4,C,C,C,C,Utility Player,0.93,0.0,,,,0.04,,,0,0.62,0.25,,,,,,True
0a3d54b9,VR Aaron,Royal Challengers Bangalore,50,165.67,46,9.22,21.61,middle_heavy,19.6,8.7,55.9,28.1,C,C,D,B,Utility Player,0.7,0.15,-0.14,0.85,0.01,0.57,0.01,-0.28,7,-0.49,0.68,0.25,-0.25,-0.11,Conditions-Proof,-0.05,False
350bb1b1,AF Milne,Royal Challengers Bangalore,10,34.5,9,9.83,23.0,pp_heavy,19.5,20.1,20.3,20.0,C,C,C,C,Utility Player,0.58,0.11,-0.32,-0.59,0.35,0.23,0.02,,1,-0.05,0.58,,,0.06,Conditions-Proof,0.12,False
c33d8116,Mohsin Khan,Lucknow Super Giants,23,81.0,27,8.62,18.0,pp_heavy,19.5,45.5,42.5,35.8,C+,C,B,C+,Utility Player,0.94,0.11,0.57,1.06,-0.15,0.7,0.03,,0,-0.56,0.75,-0.39,0.39,0.05,Conditions-Proof,0.1,False
dbe50b21,HH Pandya,Mumbai Indians,107,271.33,84,9.36,19.38,middle_heavy,19.1,18.5,76.0,37.9,C+,C,C,A,Utility Player,0.61,0.1,-0.05,0.22,-0.08,0.95,0.01,-0.15,8,-0.34,0.62,0.02,-0.02,0.06,Conditions-Proof,0.14,False
a2f46292,KK Ahmed,Delhi Capitals,71,259.33,94,9.15,16.55,pp_heavy,18.9,48.5,78.4,48.6,B,C,B,A,Utility Player,0.89,0.11,0.35,0.2,0.04,1.19,0.02,-0.07,6,-0.48,0.66,0.03,-0.03,-0.03,Conditions-Proof,0.05,False
cfa4bd2b,Y Prithvi Raj,Kolkata Knight Riders,2,5.0,1,11.4,30.0,middle_heavy,18.8,12.6,38.5,23.3,C,C,D,C+,Utility Player,0.75,1.0,,,,0.14,,,0,0.39,0.33,,,,,,True
4353bba5,YA Abdulla,Kings XI Punjab,11,34.83,15,8.93,13.93,pp_heavy,18.8,15.9,72.6,35.8,C+,C,C,B+,Utility Player,0.67,0.33,-0.06,-0.4,-0.06,0.63,0.06,-0.24,5,-0.25,0.59,0.23,-0.23,-0.49,Flat-Track Leaker,-0.36,False
52294a79,H Sharma,Royal Challengers Bangalore,2,5.0,0,12.4,999.0,middle_heavy,18.7,21.2,7.7,15.9,C,C,C,D,Utility Player,0.0,0.0,,,,0.0,,,0,0.95,0.33,,,,,,True
3b53243a,XC Bartlett,Punjab Kings,4,10.0,2,9.6,30.0,pp_heavy,18.7,21.0,18.6,19.4,C,C,C,C,Utility Player,0.68,0.0,,,,0.0,,,1,0.41,0.43,,,,,,True
5bb1a1c4,I Sharma,Delhi Capitals,117,403.17,100,8.59,24.19,pp_heavy,18.5,10.2,34.1,20.9,C,C,D,C+,Utility Player,0.74,0.27,0.09,0.39,-0.06,0.67,0.01,0.04,21,-0.58,0.75,-0.07,0.07,-0.02,Conditions-Proof,-0.0,False
cd8d2859,DG Nalkande,Gujarat Titans,6,14.0,6,10.71,14.0,middle_heavy,18.1,27.3,51.9,32.4,C+,C,C,B,Utility Player,0.72,0.0,,,0.53,0.38,,,1,0.01,0.71,,,,,,True
36619795,Zeeshan Ansari,Sunrisers Hyderabad,10,33.83,8,9.87,25.38,middle_heavy,17.8,48.6,35.3,33.9,C+,C,B,C+,Utility Player,0.66,0.12,0.22,0.13,0.25,0.44,0.04,,0,0.31,0.26,,,0.68,Tough-Track Enforcer,0.43,False
378daa89,Aman Hakim Khan,Kolkata Knight Riders,1,1.0,0,13.0,999.0,middle_heavy,17.7,25.3,19.7,20.9,C,C,C,C,Utility Player,0.0,0.0,,,,0.0,,,0,,,,,,,,True
2e11c706,BCJ Cutting,Mumbai Indians,17,46.83,12,9.18,23.42,middle_heavy,17.4,33.5,28.8,26.6,C,C,C+,C,Utility Player,0.57,0.25,-0.32,0.33,0.11,0.38,0.02,,3,-0.11,0.45,-0.2,0.2,-0.07,Conditions-Proof,-0.06,False
888e32bf,Abdur Razzak,Royal Challengers Bangalore,1,2.0,0,14.5,999.0,middle_heavy,17.1,14.7,24.2,18.7,C,C,D,C,Utility Player,0.0,0.0,,,,0.0,,,0,2.13,0.0,,,,,,True
0264c10e,D Salunkhe,Rajasthan Royals,5,7.83,1,10.21,47.0,middle_heavy,17.1,30.3,11.1,19.5,C,C,C+,D,Utility Player,0.24,0.0,,,,0.06,,,1,0.48,0.5,,,,,,True
ade90de7,S Midhun,Rajasthan Royals,1,2.0,0,14.5,999.0,middle_heavy,17.0,16.6,20.2,17.9,C,C,C,C,Utility Player,0.0,0.0,,,,0.0,,,1,,,,,,,,True
97290faf,S Joseph,Lucknow Super Giants,1,4.0,0,12.75,999.0,pp_heavy,16.8,12.9,16.8,15.5,C,C,D,C,Utility Player,0.0,0.0,,,,0.0,,,0,-0.37,0.5,,,,,,True
cfad138c,CK Kapugedera,Chennai Super Kings,3,2.83,0,17.29,999.0,middle_heavy,16.7,3.2,0.6,6.8,D,C,D,D,Utility Player,0.0,0.0,,,,0.0,,,0,,,,,,,,True
e86754b2,TK Curran,Rajasthan Royals,13,39.67,13,10.89,18.31,middle_heavy,16.6,10.5,27.7,18.3,C,C,D,C,Utility Player,0.75,0.08,-0.83,-0.73,0.08,0.19,0.01,,3,0.48,0.32,1.04,-1.04,-0.23,Flat-Track Leaker,-0.48,False
6ad3a659,P Amarnath,Chennai Super Kings,6,22.0,7,10.95,18.86,middle_heavy,16.6,13.4,39.1,23.0,C,C,D,C+,Utility Player,1.05,0.14,,,0.36,0.2,,,0,0.34,0.42,,,,,,True
650d5e49,R Powell,Delhi Capitals,2,3.0,1,11.67,18.0,middle_heavy,16.4,18.1,40.6,25.0,C,C,C,C+,Utility Player,0.6,1.0,,,,0.16,,,0,0.34,0.0,,,,,,True
6ef60d3a,Kamran Khan,Rajasthan Royals,9,27.67,14,8.96,11.86,pp_heavy,15.7,21.0,77.2,38.0,C+,C,C,A,Utility Player,0.73,0.29,0.02,0.32,-0.05,0.71,,,2,-0.66,0.5,,,0.16,Tough-Track Enforcer,0.07,True
b0946605,AS Joseph,Gujarat Titans,22,72.33,22,9.77,19.73,middle_heavy,15.4,14.8,53.8,28.0,C,C,D,B,Utility Player,0.63,0.27,-0.18,-0.08,0.01,0.47,0.02,,2,-0.23,0.52,0.24,-0.24,-0.29,Flat-Track Leaker,-0.27,False
8f6dd463,Azmatullah Omarzai,Punjab Kings,15,48.0,12,9.92,24.0,pp_heavy,15.2,46.4,16.2,25.9,C,C,B,C,Utility Player,0.67,0.17,0.33,0.11,0.14,0.42,0.03,,1,0.08,0.5,0.18,-0.18,-0.39,Flat-Track Leaker,-0.22,False
94d7f855,C de Grandhomme,Royal Challengers Bangalore,19,36.0,7,8.97,30.86,middle_heavy,15.0,35.6,2.2,17.6,C,C,C+,D,Utility Player,0.3,0.14,-0.65,-0.42,0.15,0.2,0.01,,3,0.31,0.43,0.19,-0.19,-0.18,Flat-Track Leaker,-0.17,False
d621b427,Musheer Khan,Punjab Kings,1,2.0,1,13.5,12.0,middle_heavy,15.0,22.4,36.5,24.6,C,C,C,C+,Utility Player,1.4,0.0,,,,0.09,,,1,,,,,,,,True
9a5f2863,Mohit Rathee,Punjab Kings,1,2.0,0,14.5,999.0,middle_heavy,14.8,14.1,18.8,15.9,C,D,D,C,Utility Player,0.0,0.0,,,,0.0,,,0,1.76,0.0,,,,,,True
c96f6ac5,PWA Mulder,Sunrisers Hyderabad,1,1.0,0,16.0,999.0,middle_heavy,14.6,15.6,17.0,15.7,C,D,C,C,Utility Player,0.0,0.0,,,,0.0,,,0,,,,,,,,True
a1d95bd8,LB Williams,Delhi Capitals,2,6.0,1,12.33,36.0,pp_heavy,14.6,8.0,15.3,12.6,D,D,D,C,Utility Player,0.7,0.0,,,,0.0,,,0,0.25,0.67,,,,,,True
62175638,Karim Janat,Gujarat Titans,1,1.0,0,30.0,999.0,middle_heavy,14.3,2.5,8.8,8.5,D,D,D,D,Utility Player,0.0,0.0,,,,0.0,,,0,5.7,0.0,,,,,,True
ee3dfa89,Sunny Gupta,Delhi Daredevils,1,3.0,0,15.67,999.0,middle_heavy,14.1,17.0,14.4,15.2,C,D,C,D,Utility Player,0.0,0.0,,,,0.0,,,0,2.14,0.0,,,,,,True
798934ea,C Ganapathy,Chennai Super Kings,1,1.0,0,13.0,999.0,middle_heavy,14.0,19.5,18.1,17.2,C,D,C,C,Utility Player,0.0,0.0,,,,0.0,,,0,,,,,,,,True
ad427b5c,Lalit Yadav,Delhi Capitals,19,48.0,11,8.96,26.18,middle_heavy,13.9,12.8,18.3,15.0,C,D,D,C,Utility Player,0.61,0.27,-0.15,0.19,0.11,0.17,0.01,,1,0.01,0.48,-0.57,0.57,-0.14,Conditions-Proof,-0.16,False
1abb78f8,SN Thakur,Chennai Super Kings,102,345.0,115,9.52,18.0,middle_heavy,13.8,14.7,74.6,34.4,C+,D,D,B+,Utility Player,0.74,0.1,-0.04,-0.12,-0.06,0.84,0.01,0.01,12,-0.42,0.66,-0.06,0.06,-0.01,Conditions-Proof,0.06,False
cb9b8664,W O'Rourke,Lucknow Super Giants,3,10.33,6,12.77,10.33,pp_heavy,13.6,11.0,59.8,28.1,C,D,D,B,Utility Player,1.34,0.17,,,,0.4,,,0,1.1,0.5,,,,,,True
dbc50253,AP Dole,Rajasthan Royals,3,11.0,5,10.36,13.2,pp_heavy,13.6,9.5,48.1,23.7,C,D,D,B,Utility Player,1.28,0.4,,,,0.27,,,0,-0.19,0.8,,,,,,True
a9fd84fb,M Markande,Mumbai Indians,37,120.0,37,9.01,19.46,middle_heavy,13.5,64.6,86.3,54.9,B,D,B+,A+,Strike Bowler,0.75,0.41,0.29,0.63,0.03,1.14,0.03,,1,-0.36,0.6,-0.1,0.1,-0.1,Conditions-Proof,-0.24,False
531f0278,K Santokie,Mumbai Indians,2,8.0,3,11.38,16.0,pp_heavy,13.3,9.2,24.0,15.5,C,D,D,C,Utility Player,1.17,0.0,,,,0.0,,,0,0.86,0.25,,,,,,True
46a9bea1,TU Deshpande,Chennai Super Kings,46,160.83,55,10.05,17.55,pp_heavy,13.0,10.2,40.4,21.2,C,D,D,C+,Utility Player,0.74,0.11,-0.0,-0.17,0.11,0.49,0.01,,4,-0.06,0.6,0.25,-0.25,-0.12,Conditions-Proof,-0.19,False
2f3817ce,TP Sudhindra,Deccan Chargers,3,11.67,1,11.74,70.0,middle_heavy,12.9,16.4,9.3,12.9,D,D,C,D,Utility Player,0.5,0.0,,,,0.0,,,0,0.87,0.14,,,,,,True
50758325,B Geeves,Delhi Daredevils,2,8.0,2,11.38,24.0,pp_heavy,12.9,10.5,14.9,12.8,D,D,D,D,Utility Player,1.3,0.0,,,,0.0,,,0,0.97,0.0,,,,,,True
99258814,Gurnoor Brar,Punjab Kings,1,3.0,0,14.0,999.0,pp_heavy,12.9,13.4,20.8,15.7,C,D,D,C,Utility Player,0.0,0.0,,,,0.0,,,0,-0.28,0.5,,,,,,True
3d8feaf8,MR Marsh,Delhi Capitals,34,93.33,37,8.6,15.14,middle_heavy,12.7,13.9,74.8,33.8,C+,D,D,B+,Utility Player,0.78,0.11,0.03,0.42,-0.12,0.65,0.02,,2,-0.59,0.64,0.24,-0.24,0.08,Conditions-Proof,0.16,False
a24be938,VR Iyer,Kolkata Knight Riders,9,13.5,3,10.74,27.0,middle_heavy,12.6,1.7,0.2,4.8,D,D,D,D,Utility Player,0.27,0.0,,,-0.48,0.0,,,2,-0.26,0.67,,,,,,True
6ec424a9,ND Doshi,Rajasthan Royals,4,9.33,2,8.46,28.0,middle_heavy,12.6,18.1,38.5,23.1,C,D,C,C+,Utility Player,0.57,0.5,,,,0.17,,,1,-0.78,0.67,,,,,,True
38f2c66c,VS Yeligati,Mumbai Indians,2,5.0,0,12.2,999.0,middle_heavy,12.5,12.5,9.4,11.5,D,D,D,D,Utility Player,0.0,0.0,,,,0.0,,,0,0.52,0.0,,,,,,True
119678fd,KV Sharma,Sunrisers Hyderabad,87,264.17,89,8.57,17.81,middle_heavy,12.2,30.1,83.7,42.0,C+,D,C+,A,Strike Bowler,0.77,0.18,0.17,0.37,-0.15,1.02,0.01,-0.16,14,-0.47,0.68,0.05,-0.05,-0.06,Conditions-Proof,-0.0,False
be24ead0,Ramandeep Singh,Mumbai Indians,4,6.67,6,9.6,6.67,middle_heavy,12.1,49.3,71.7,44.4,C+,D,B,B+,Utility Player,0.67,0.0,,,,0.77,,,1,-0.66,1.0,,,,,,True
3204c99f,G Coetzee,Mumbai Indians,14,45.5,15,10.77,18.2,middle_heavy,12.1,10.9,44.9,22.6,C,D,D,C+,Utility Player,0.76,0.07,-0.2,-0.19,0.05,0.29,0.02,,1,0.52,0.27,0.07,-0.07,0.29,Tough-Track Enforcer,0.29,False
5451a2c1,B Chipli,Deccan Chargers,1,1.0,0,20.0,999.0,middle_heavy,12.0,7.6,13.4,11.0,D,D,D,D,Utility Player,0.0,0.0,,,,0.0,,,0,2.78,0.0,,,,,,True
025c4400,MJ Suthar,Gujarat Titans,1,2.0,0,13.0,999.0,pp_heavy,11.6,21.3,17.7,16.9,C,D,C,C,Utility Player,0.0,0.0,,,,0.0,,,0,0.63,0.0,,,,,,True
9f961c14,Joginder Sharma,Chennai Super Kings,15,42.67,13,9.87,19.69,middle_heavy,11.6,22.0,45.8,26.5,C,D,C,B,Utility Player,0.78,0.31,-0.21,-0.03,0.31,0.37,0.02,,0,0.19,0.4,0.2,-0.2,0.45,Tough-Track Enforcer,0.43,False
1e030637,V Puthur,Mumbai Indians,5,12.0,6,9.08,12.0,middle_heavy,11.4,34.7,62.5,36.2,C+,D,C+,B+,Utility Player,0.91,0.0,,,,0.51,,,0,1.04,0.0,,,,,,True
0c9652b0,HR Shokeen,Mumbai Indians,13,34.0,5,9.41,40.8,middle_heavy,11.1,8.9,8.5,9.5,D,D,D,D,Utility Player,0.32,0.0,-0.62,-0.52,0.13,0.0,0.0,,0,-0.18,0.6,0.86,-0.86,0.07,Conditions-Proof,-0.06,False
85b3fab2,T Stubbs,Delhi Capitals,5,6.0,4,11.5,9.0,middle_heavy,10.8,4.3,66.2,27.1,C,D,D,B+,Utility Player,0.63,0.0,,,,0.46,,,1,4.06,0.0,,,,,,True
871e9faf,Basil Thampi,Gujarat Lions,25,86.83,26,9.93,20.04,middle_heavy,10.6,4.4,61.4,25.5,C,D,D,B+,Utility Player,0.68,0.31,-0.23,0.04,0.11,0.45,0.02,0.4,6,-0.02,0.45,-0.83,0.83,-0.08,Conditions-Proof,-0.06,False
e186f49c,Mashrafe Mortaza,Kolkata Knight Riders,1,4.0,1,14.75,24.0,pp_heavy,10.1,8.9,13.5,10.8,D,D,D,D,Utility Player,1.2,0.0,,,,0.0,,,1,1.67,0.0,,,,,,True
943fd425,I Malhotra,Deccan Chargers,1,1.0,0,23.0,999.0,middle_heavy,9.8,4.8,10.1,8.2,D,D,D,D,Utility Player,0.0,0.0,,,,0.0,,,0,3.87,0.0,,,,,,True
81c08fa3,Umran Malik,Sunrisers Hyderabad,26,82.17,31,9.55,15.9,middle_heavy,9.8,6.3,87.5,34.8,C+,D,D,A+,Strike Bowler,0.74,0.35,-0.1,0.06,-0.35,0.77,0.03,,3,-0.49,0.62,0.26,-0.26,-0.2,Flat-Track Leaker,-0.26,False
e9c7f0d0,Fazalhaq Farooqi,Sunrisers Hyderabad,12,42.33,6,10.39,42.33,pp_heavy,9.8,7.9,1.3,6.3,D,D,D,D,Utility Player,0.46,0.5,0.16,0.45,-0.44,0.0,0.0,,1,0.1,0.42,,,-0.26,Flat-Track Leaker,-0.36,False
21d4e29b,NA Saini,Rajasthan Royals,1,2.0,0,17.5,999.0,middle_heavy,9.7,5.7,17.3,10.9,D,D,D,C,Utility Player,0.0,0.15,,,,0.0,,,0,-0.15,0.55,,,,,,True
1b7b0fa7,Vivrant Sharma,Sunrisers Hyderabad,2,3.0,0,12.33,999.0,middle_heavy,9.6,16.4,11.3,12.4,D,D,C,D,Utility Player,0.0,0.0,,,,0.0,,,0,0.7,0.0,,,,,,True
e087956b,BA Stokes,Rajasthan Royals,38,114.83,31,8.91,22.23,middle_heavy,9.5,6.3,14.1,10.0,D,D,D,D,Utility Player,0.59,0.23,0.04,0.49,0.34,0.15,0.0,-0.25,5,-0.36,0.66,-0.14,0.14,-0.04,Conditions-Proof,0.01,False
6821ac10,JJ van der Wath,Royal Challengers Bangalore,3,12.0,3,11.17,24.0,pp_heavy,9.5,9.5,23.5,14.2,D,D,D,C,Utility Player,0.82,0.0,,,,0.0,,,0,-0.04,0.6,,,,,,True
7c3b3b78,VG Arora,Kolkata Knight Riders,32,106.33,39,9.68,16.36,pp_heavy,9.5,7.6,61.6,26.2,C,D,D,B+,Utility Player,0.86,0.15,0.02,-0.32,-0.07,0.51,0.02,,4,-0.23,0.56,0.32,-0.32,0.24,Tough-Track Enforcer,0.06,False
d45c29b1,Ashwani Kumar,Mumbai Indians,7,20.5,11,11.41,11.18,middle_heavy,9.2,7.2,71.4,29.3,C,D,D,B+,Utility Player,0.97,0.27,,,-0.22,0.52,,,0,0.14,0.57,,,,,,True
68c56d09,KA Jamieson,Royal Challengers Bangalore,13,43.0,14,9.72,18.43,pp_heavy,9.1,22.2,56.3,29.2,C,D,C,B,Utility Player,0.96,0.21,-0.03,-0.39,0.36,0.48,0.04,,2,-0.36,0.72,0.55,-0.55,0.66,Tough-Track Enforcer,0.43,False
21d4e29b,Navdeep Saini,Royal Challengers Bangalore,31,108.67,26,8.91,25.08,pp_heavy,9.1,13.1,11.2,11.1,D,D,D,D,Utility Player,0.66,0.15,-0.05,0.2,0.17,0.21,0.01,-0.21,6,-0.15,0.55,-0.32,0.32,0.33,Tough-Track Enforcer,0.16,False
3355b542,F du Plessis,Chennai Super Kings,1,1.0,0,16.0,999.0,middle_heavy,8.9,11.1,11.3,10.4,D,D,D,D,Utility Player,0.0,0.0,,,,0.0,,,0,,,,,,,,True
662c47a6,Y Nagar,Delhi Daredevils,8,11.0,4,11.36,16.5,middle_heavy,8.9,10.7,34.1,17.9,C,D,D,C+,Utility Player,0.46,0.0,,,0.04,0.17,,,1,0.66,0.5,,,,,,True
73ad96ed,DJ Hooda,Sunrisers Hyderabad,34,63.17,10,8.71,37.9,middle_heavy,8.3,11.5,0.4,6.7,D,D,D,D,Utility Player,0.37,0.1,-0.36,0.21,0.02,0.0,0.0,,3,-0.23,0.68,0.48,-0.48,0.06,Conditions-Proof,0.1,False
245c97cb,TS Mills,Mumbai Indians,10,34.83,11,10.02,19.0,middle_heavy,8.1,6.4,54.7,23.1,C,D,D,B,Utility Player,0.88,0.27,-0.17,-0.35,-0.35,0.37,0.04,,0,0.21,0.36,0.13,-0.13,0.04,Conditions-Proof,0.01,False
77b1aa15,Harshit Rana,Kolkata Knight Riders,32,108.17,42,9.68,15.45,pp_heavy,7.9,17.4,78.3,34.5,C+,D,C,A,Utility Player,0.88,0.17,0.25,0.1,0.17,0.74,0.02,,1,-0.2,0.53,-0.16,0.16,0.08,Conditions-Proof,-0.01,False
1a2676c5,SA Abbott,Royal Challengers Bangalore,3,9.0,1,11.56,54.0,pp_heavy,7.9,7.6,6.2,7.2,D,D,D,D,Utility Player,0.47,0.0,,,,0.0,,,0,0.83,0.0,,,,,,True
e32d22f6,Pankaj Singh,Rajasthan Royals,17,50.0,11,9.44,27.27,pp_heavy,7.7,8.5,6.9,7.7,D,D,D,D,Utility Player,0.49,0.18,-0.37,-0.03,0.01,0.0,0.0,,2,-0.33,0.52,-0.48,0.48,0.38,Tough-Track Enforcer,0.37,False
a9da7784,KJ Abbott,Kings XI Punjab,5,16.0,2,11.38,48.0,pp_heavy,7.6,6.5,2.3,5.5,D,D,D,D,Utility Player,0.56,0.5,,,,0.0,,,1,1.02,0.38,,,,,,True
d8b2f218,BB Sran,Sunrisers Hyderabad,24,80.5,20,9.53,24.15,pp_heavy,7.6,3.1,1.5,4.1,D,D,D,D,Utility Player,0.77,0.1,-0.37,-0.33,-0.01,0.01,0.0,,1,-0.3,0.6,0.01,-0.01,-0.05,Conditions-Proof,0.04,False
7d3720ba,RR Bhatkal,Royal Challengers Bangalore,1,2.0,0,17.5,999.0,pp_heavy,7.5,5.1,7.7,6.8,D,D,D,D,Utility Player,0.0,0.0,,,,0.0,,,0,,,,,,,,True
8abdf100,CJ Anderson,Mumbai Indians,22,49.5,14,10.61,21.21,middle_heavy,7.2,18.5,30.2,18.6,C,D,C,C+,Utility Player,0.66,0.07,-0.51,-0.46,0.23,0.26,0.01,,2,0.19,0.44,0.04,-0.04,0.38,Tough-Track Enforcer,0.5,False
66cf56a5,A Mithun,Royal Challengers Bangalore,16,48.0,8,9.94,36.0,middle_heavy,7.2,4.8,4.0,5.3,D,D,D,D,Utility Player,0.43,0.25,-0.91,-0.97,0.48,0.0,0.0,,2,0.03,0.43,0.13,-0.13,0.24,Tough-Track Enforcer,0.3,False
fa2f1dde,K Khejroliya,Royal Challengers Bangalore,8,23.17,6,10.79,23.17,middle_heavy,6.4,8.5,33.2,16.0,C,D,D,C+,Utility Player,0.5,0.33,,,-0.47,0.16,,,2,0.03,0.5,,,,,,True
7d92277a,Mujeeb Ur Rahman,Kings XI Punjab,20,74.33,21,8.42,21.24,middle_heavy,6.3,1.2,66.3,24.6,C,D,D,B+,Utility Player,0.78,0.24,0.47,0.8,0.07,0.47,0.02,,0,-0.79,0.71,-0.32,0.32,-0.11,Conditions-Proof,-0.06,False
b61a3e1a,LRPL Taylor,Royal Challengers Bangalore,2,2.0,0,12.0,999.0,middle_heavy,6.3,22.5,7.0,11.9,D,D,C,D,Utility Player,0.0,0.0,,,,0.0,,,0,,,,,,,,True
99ed60f8,JPR Scantlebury-Searles,Kolkata Knight Riders,3,7.0,2,12.71,21.0,middle_heavy,6.1,11.2,18.8,12.0,D,D,D,C,Utility Player,0.83,0.0,,,,0.0,,,0,1.7,0.0,,,,,,True
d7b3a420,Jaskaran Singh,Deccan Chargers,7,17.0,6,10.24,17.0,pp_heavy,6.1,4.7,26.1,12.3,D,D,D,C,Utility Player,0.64,0.17,,,-0.33,0.09,,,1,-0.32,0.4,,,,,,True
2cffab74,Mukesh Kumar,Delhi Capitals,32,106.0,45,10.55,14.13,pp_heavy,5.9,6.1,69.6,27.2,C,D,D,B+,Utility Player,0.96,0.2,0.06,-0.18,-0.11,0.51,0.02,,3,-0.11,0.5,0.22,-0.22,0.05,Conditions-Proof,-0.1,False
fb693839,S Ladda,Delhi Daredevils,9,23.0,5,9.78,27.6,middle_heavy,5.7,16.9,22.0,14.9,D,D,C,C,Utility Player,0.48,0.2,,,0.62,0.09,,,0,-0.06,0.75,,,,,,True
3eac9d95,JDP Oram,Chennai Super Kings,14,39.5,13,9.16,18.23,pp_heavy,5.7,18.8,11.5,12.0,D,D,C,D,Utility Player,0.51,0.0,-0.46,-0.02,0.62,0.11,0.01,,4,0.07,0.5,0.66,-0.66,0.13,Conditions-Proof,0.13,False
8db7f47f,RJW Topley,Royal Challengers Bengaluru,6,20.0,5,11.1,24.0,pp_heavy,5.7,12.2,24.7,14.2,D,D,D,C,Utility Player,0.95,0.2,,,0.17,0.06,,,0,0.64,0.33,,,,,,True
4b31f3a3,Yash Thakur,Lucknow Super Giants,21,73.83,28,10.59,15.82,middle_heavy,5.0,6.5,57.1,22.9,C,D,D,B,Utility Player,0.81,0.14,0.02,0.06,-0.37,0.41,0.02,,2,-0.01,0.52,0.03,-0.03,-0.17,Flat-Track Leaker,-0.16,False
ddb00822,P Prasanth,Kochi Tuskers Kerala,1,1.0,0,18.0,999.0,middle_heavy,4.9,6.7,18.6,10.1,D,D,D,C,Utility Player,0.0,0.0,,,,0.0,,,0,1.95,0.0,,,,,,True
65b6943c,L Wood,Mumbai Indians,2,6.0,1,15.67,36.0,pp_heavy,4.8,2.8,4.4,4.0,D,D,D,D,Utility Player,0.7,0.0,,,,0.0,,,0,2.63,0.0,,,,,,True
d0513f63,CL White,Sunrisers Hyderabad,6,7.0,1,12.29,42.0,middle_heavy,4.8,3.9,4.8,4.5,D,D,D,D,Utility Player,0.2,0.0,,,-0.39,0.0,,,3,2.2,0.0,,,,,,True
b8527c3d,Rasikh Salam,Delhi Capitals,13,38.5,10,10.7,23.1,middle_heavy,4.5,9.3,39.0,17.6,C,D,D,C+,Utility Player,0.43,0.2,-0.11,-0.38,-0.29,0.24,0.02,,1,0.1,0.36,0.16,-0.16,0.33,Tough-Track Enforcer,,False
26e5cabf,MK Tiwary,Kolkata Knight Riders,6,7.0,1,11.86,42.0,middle_heavy,4.5,10.7,4.6,6.6,D,D,D,D,Utility Player,0.18,0.0,,,-0.23,0.0,,,0,,,,,,,,True
107c26fb,KT Maphaka,Rajasthan Royals,4,11.0,2,13.45,33.0,pp_heavy,4.1,6.6,8.3,6.3,D,D,D,D,Utility Player,0.72,0.0,,,,0.0,,,1,1.66,0.33,,,,,,True
23cca426,OF Smith,Punjab Kings,6,15.0,7,11.93,12.86,middle_heavy,4.0,5.1,60.3,23.1,C,D,D,B+,Utility Player,0.76,0.0,,,-0.37,0.4,,,3,0.52,0.43,,,,,,True
d9273ee7,MP Stoinis,Delhi Capitals,71,148.0,46,9.98,19.3,middle_heavy,4.0,8.5,46.3,19.6,C,D,D,B,Utility Player,0.57,0.13,-0.34,-0.14,-0.21,0.4,0.01,0.0,7,-0.03,0.58,-0.01,0.01,0.04,Conditions-Proof,0.04,False
de4b0555,R Shukla,Delhi Daredevils,7,20.0,7,10.85,17.14,pp_heavy,3.9,3.8,32.8,13.5,D,D,D,C+,Utility Player,0.96,0.43,,,0.83,0.14,,,2,0.33,0.38,,,,,,True
cca50cd6,LJ Wright,Pune Warriors,6,11.83,2,10.56,35.5,middle_heavy,3.8,17.5,9.0,10.1,D,D,C,D,Utility Player,0.45,0.0,,,0.96,0.0,,,0,0.54,0.6,,,,,,True
f9e6e7ef,Shahbaz Ahmed,Royal Challengers Bangalore,45,98.0,22,9.72,26.73,middle_heavy,3.8,10.6,11.9,8.8,D,D,D,D,Utility Player,0.45,0.14,-0.36,0.44,-0.14,0.12,0.0,,1,0.08,0.49,-0.0,0.0,0.05,Conditions-Proof,0.26,False
64a4c383,S Sriram,Delhi Daredevils,2,3.0,0,16.33,999.0,middle_heavy,3.5,2.1,3.5,3.0,D,D,D,D,Utility Player,0.0,0.0,,,,0.0,,,0,1.59,0.0,,,,,,True
acdc62f5,A Nortje,Delhi Capitals,48,182.67,63,9.31,17.4,pp_heavy,3.3,2.7,49.3,18.4,C,D,D,B,Utility Player,0.95,0.29,0.19,0.16,-0.1,0.38,0.01,-0.16,7,-0.47,0.66,-0.03,0.03,-0.01,Conditions-Proof,0.01,False
327b58d3,PVD Chameera,Lucknow Super Giants,19,64.0,15,10.0,25.6,pp_heavy,3.1,4.5,0.5,2.7,D,D,D,D,Utility Player,0.7,0.07,-0.1,0.12,-0.33,0.0,0.0,,2,-0.21,0.54,-0.67,0.67,-0.24,Flat-Track Leaker,-0.44,False
83c3e8e3,SH Johnson,Gujarat Titans,9,27.33,5,10.57,32.8,pp_heavy,3.1,13.4,2.9,6.5,D,D,D,D,Utility Player,0.49,0.2,,,-0.12,0.0,,,3,-0.03,0.62,,,,,,True
12314277,Arshad Khan,Gujarat Titans,18,43.33,12,11.58,21.67,pp_heavy,2.8,3.3,4.5,3.5,D,D,D,D,Utility Player,0.82,0.0,-0.6,-0.23,0.28,0.0,0.0,,1,0.23,0.46,-0.05,0.05,0.18,Tough-Track Enforcer,0.64,False
e94915e6,SM Curran,Punjab Kings,63,208.83,63,9.86,19.89,pp_heavy,2.7,7.4,2.9,4.3,D,D,D,D,Utility Player,0.69,0.19,-0.04,0.02,0.04,0.02,0.0,0.01,6,-0.2,0.55,0.14,-0.14,-0.18,Flat-Track Leaker,-0.13,False
0a67aec0,Akash Deep,Royal Challengers Bangalore,14,46.33,11,11.96,25.27,middle_heavy,2.6,2.1,18.9,7.9,D,D,D,C,Utility Player,0.67,0.18,-0.75,-0.89,-0.32,0.11,0.01,,1,0.54,0.29,-0.08,0.08,0.32,Tough-Track Enforcer,0.69,False
5d2eea49,Kartik Tyagi,Rajasthan Royals,20,70.33,16,10.24,26.38,middle_heavy,2.2,1.4,6.7,3.4,D,D,D,D,Utility Player,0.84,0.06,-0.41,-0.05,-0.31,0.0,0.0,,2,0.04,0.39,0.22,-0.22,0.28,Tough-Track Enforcer,0.2,False
c5aef772,R Shepherd,Royal Challengers Bengaluru,15,35.0,12,11.89,17.5,middle_heavy,2.2,3.6,40.7,15.5,C,D,D,C+,Utility Player,0.6,0.08,-0.86,-1.14,-0.4,0.26,0.02,,0,0.6,0.28,0.92,-0.92,0.19,Conditions-Proof,,False
3fb19989,MA Starc,Royal Challengers Bangalore,50,177.33,78,8.95,13.64,pp_heavy,2.2,1.1,92.7,32.8,C+,D,D,A+,Strike Bowler,0.79,0.37,0.24,0.28,-0.4,0.82,0.02,-0.21,7,-0.47,0.6,0.33,-0.33,-0.03,Conditions-Proof,-0.08,False
db31895a,AS Rajpoot,Kings XI Punjab,29,88.17,24,9.57,22.04,pp_heavy,1.9,2.7,1.7,2.1,D,D,D,D,Utility Player,0.62,0.21,-0.29,-0.09,-0.19,0.0,0.0,-0.31,5,-0.34,0.64,-0.06,0.06,0.16,Tough-Track Enforcer,0.19,False
4885bbe6,Yudhvir Singh,Lucknow Super Giants,9,23.0,8,11.17,17.25,pp_heavy,1.6,1.6,46.0,16.4,C,D,D,B,Utility Player,0.8,0.25,,,-0.47,0.28,,,0,0.17,0.38,,,,,,True
bbd41817,AD Russell,Kolkata Knight Riders,121,301.0,133,9.66,13.58,middle_heavy,1.5,5.6,95.3,35.2,C+,D,D,S,Strike Bowler,0.73,0.11,-0.11,0.07,-0.23,1.0,0.01,-0.38,16,-0.57,0.65,0.24,-0.24,0.05,Conditions-Proof,0.07,False
287686fd,S Narwal,Rajasthan Royals,6,17.67,6,11.49,17.67,pp_heavy,1.4,0.8,31.2,11.1,D,D,D,C+,Utility Player,0.41,0.17,,,-0.12,0.12,,,1,-0.21,0.5,,,,,,True
a4e37e47,S Dube,Royal Challengers Bangalore,15,20.67,6,10.79,20.67,middle_heavy,1.2,0.4,2.8,1.5,D,D,D,D,Utility Player,0.24,0.17,-1.01,0.69,-0.33,0.0,0.0,0.06,5,0.39,0.25,0.96,-0.96,-0.23,Conditions-Proof,-0.03,True
59559bc2,J Overton,Chennai Super Kings,3,6.0,0,14.0,999.0,pp_heavy,0.9,1.8,0.8,1.2,D,D,D,D,Utility Player,0.0,0.0,,,,0.0,,,0,1.17,0.0,,,,,,True
765a4731,Mukesh Choudhary,Chennai Super Kings,16,52.5,17,9.96,18.53,pp_heavy,0.8,0.6,37.7,13.0,D,D,D,C+,Utility Player,0.77,0.35,-0.37,-0.14,-0.42,0.24,0.01,,2,0.1,0.36,0.16,-0.16,0.05,Conditions-Proof,-0.04,False
12b610c2,TM Head,Royal Challengers Bangalore,6,9.67,3,11.69,19.33,middle_heavy,0.6,0.3,5.3,2.1,D,D,D,D,Utility Player,0.32,0.0,,,-0.41,0.0,,,1,0.89,0.33,,,,,,True
cdc6bdba,S Sandeep Warrier,Gujarat Titans,10,28.0,8,9.18,21.0,pp_heavy,0.4,1.4,49.2,17.0,C,D,D,B,Utility Player,0.58,0.12,-0.02,-1.03,0.12,0.31,0.03,,2,-0.28,0.67,-0.14,0.14,0.41,Tough-Track Enforcer,0.63,True
8e514b4c,Abdul Samad,Sunrisers Hyderabad,6,9.33,2,12.75,28.0,middle_heavy,0.3,3.6,8.6,4.2,D,D,D,D,Utility Player,0.4,0.0,,,0.23,0.0,,,1,1.32,0.4,,,,,,True
30df8c66,Simarjeet Singh,Chennai Super Kings,14,40.0,12,10.28,20.0,pp_heavy,0.2,0.2,7.9,2.8,D,D,D,D,Utility Player,0.65,0.0,-0.72,0.14,-0.26,0.0,0.0,,2,0.18,0.47,-0.24,0.24,-0.33,Flat-Track Leaker,-0.6,False
